checked_at,AA149,AA16,AA179,AA234,AA76,AS20,AS41,B6115,B6116,B615,B6215,B6216,B6316,DL363,DL405,DL606,DL668,DL669
2026-08-18 16:05:25,394.00,484.00,394.00,394.00,189.00,276.00,315.00,169.00,244.00,314.00,320.00,304.00,330.00,394.00,394.00,394.00,394.00,499.00
2026-08-18 16:15:01,394.00,484.00,394.00,394.00,189.00,276.00,315.00,169.00,244.00,314.00,320.00,304.00,330.00,394.00,394.00,394.00,394.00,499.00
2026-08-18 16:25:03,394.00,484.00,394.00,394.00,189.00,276.00,315.00,169.00,244.00,314.00,320.00,304.00,330.00,394.00,394.00,394.00,394.00,499.00
2026-08-18 16:33:14,394.00,484.00,394.00,394.00,189.00,276.00,315.00,169.00,244.00,314.00,320.00,304.00,330.00,394.00,394.00,394.00,394.00,499.00
2026-08-18 16:39:28,394.00,484.00,394.00,394.00,189.00,276.00,315.00,169.00,244.00,314.00,320.00,304.00,330.00,394.00,394.00,394.00,394.00,499.00
2026-08-18 16:45:47,394.00,484.00,394.00,394.00,189.00,276.00,315.00,169.00,244.00,314.00,320.00,304.00,330.00,394.00,394.00,394.00,394.00,499.00
2026-08-18 16:55:18,394.00,484.00,394.00,394.00,189.00,276.00,315.00,169.00,244.00,314.00,320.00,304.00,330.00,394.00,394.00,394.00,394.00,499.00
2026-08-18 17:03:33,394.00,484.00,394.00,394.00,189.00,276.00,315.00,169.00,244.00,314.00,320.00,304.00,330.00,394.00,394.00,394.00,394.00,499.00
2026-08-18 17:09:34,394.00,484.00,394.00,394.00,189.00,276.00,315.00,169.00,244.00,314.00,320.00,304.00,330.00,394.00,394.00,394.00,394.00,499.00
2026-08-18 17:15:37,394.00,484.00,394.00,394.00,189.00,276.00,315.00,169.00,244.00,314.00,320.00,304.00,330.00,394.00,394.00,394.00,394.00,499.00
2026-08-18 17:25:20,394.00,484.00,394.00,394.00,189.00,276.00,315.00,169.00,244.00,314.00,320.00,304.00,330.00,394.00,394.00,394.00,394.00,499.00
2026-08-18 17:35:03,394.00,484.00,394.00,394.00,189.00,276.00,315.00,169.00,244.00,314.00,320.00,304.00,330.00,394.00,394.00,394.00,394.00,499.00
2026-08-18 17:45:06,304.00,484.00,394.00,394.00,189.00,276.00,315.00,169.00,244.00,314.00,320.00,304.00,330.00,394.00,394.00,394.00,394.00,499.00
2026-08-18 17:54:48,304.00,484.00,394.00,394.00,189.00,276.00,315.00,169.00,244.00,314.00,320.00,304.00,330.00,394.00,394.00,394.00,394.00,499.00
2026-08-18 18:05:15,304.00,484.00,394.00,394.00,189.00,276.00,315.00,169.00,244.00,314.00,320.00,304.00,330.00,394.00,394.00,394.00,394.00,499.00
2026-08-18 18:15:05,304.00,484.00,394.00,394.00,189.00,276.00,315.00,169.00,244.00,314.00,320.00,304.00,330.00,394.00,394.00,394.00,394.00,499.00
2026-08-18 18:25:03,304.00,484.00,394.00,394.00,189.00,276.00,315.00,169.00,244.00,359.00,359.00,304.00,330.00,394.00,394.00,394.00,394.00,499.00
2026-08-18 18:35:13,304.00,394.00,394.00,394.00,189.00,276.00,298.00,169.00,244.00,169.00,320.00,304.00,330.00,394.00,394.00,394.00,394.00,499.00
2026-08-18 18:45:15,304.00,484.00,394.00,394.00,189.00,276.00,298.00,169.00,244.00,169.00,320.00,304.00,330.00,394.00,394.00,394.00,394.00,499.00
2026-08-18 18:55:10,304.00,484.00,394.00,394.00,189.00,276.00,298.00,169.00,244.00,169.00,320.00,304.00,359.00,394.00,394.00,394.00,394.00,499.00
2026-08-18 19:05:17,304.00,484.00,394.00,394.00,189.00,276.00,298.00,169.00,244.00,169.00,313.00,304.00,359.00,394.00,394.00,394.00,394.00,499.00
2026-08-18 19:15:14,304.00,484.00,394.00,394.00,189.00,276.00,298.00,169.00,244.00,169.00,313.00,304.00,330.00,394.00,394.00,394.00,394.00,499.00
2026-08-18 19:25:19,304.00,484.00,394.00,394.00,189.00,276.00,298.00,169.00,244.00,169.00,313.00,304.00,330.00,394.00,394.00,394.00,394.00,499.00
2026-08-18 19:35:22,304.00,484.00,394.00,394.00,189.00,276.00,298.00,169.00,244.00,169.00,313.00,304.00,330.00,394.00,394.00,394.00,394.00,499.00
2026-08-18 19:45:08,304.00,484.00,394.00,394.00,189.00,276.00,298.00,169.00,244.00,169.00,313.00,304.00,330.00,394.00,394.00,394.00,394.00,499.00
2026-08-18 19:55:11,304.00,484.00,394.00,394.00,189.00,276.00,298.00,169.00,244.00,169.00,313.00,304.00,330.00,394.00,394.00,394.00,394.00,499.00
2026-08-18 20:05:19,304.00,484.00,394.00,394.00,189.00,276.00,298.00,169.00,244.00,169.00,313.00,304.00,330.00,394.00,394.00,394.00,394.00,499.00
2026-08-18 20:15:27,304.00,484.00,394.00,394.00,189.00,276.00,298.00,169.00,244.00,169.00,313.00,304.00,330.00,394.00,394.00,394.00,394.00,499.00
2026-08-18 20:25:35,304.00,484.00,394.00,394.00,189.00,276.00,298.00,169.00,244.00,169.00,313.00,304.00,330.00,394.00,394.00,394.00,394.00,499.00
2026-08-18 20:35:32,304.00,484.00,394.00,394.00,189.00,276.00,298.00,169.00,244.00,169.00,313.00,304.00,330.00,394.00,394.00,394.00,394.00,499.00
2026-08-18 20:45:11,304.00,484.00,394.00,394.00,189.00,276.00,298.00,169.00,244.00,169.00,313.00,304.00,330.00,394.00,394.00,394.00,394.00,499.00
2026-08-18 20:54:59,304.00,484.00,394.00,394.00,189.00,276.00,298.00,169.00,244.00,169.00,313.00,304.00,330.00,394.00,394.00,394.00,394.00,499.00
2026-08-18 21:05:33,304.00,484.00,394.00,394.00,189.00,276.00,298.00,169.00,244.00,169.00,313.00,304.00,330.00,394.00,394.00,394.00,394.00,499.00
2026-08-18 21:15:02,304.00,484.00,394.00,394.00,189.00,276.00,298.00,169.00,244.00,169.00,313.00,304.00,330.00,394.00,394.00,394.00,394.00,499.00
2026-08-18 21:25:13,304.00,484.00,394.00,394.00,189.00,276.00,298.00,169.00,244.00,169.00,313.00,304.00,330.00,394.00,394.00,394.00,394.00,499.00
2026-08-18 21:35:22,304.00,484.00,394.00,394.00,189.00,276.00,298.00,169.00,244.00,169.00,313.00,304.00,330.00,394.00,394.00,394.00,394.00,499.00
2026-08-18 21:45:17,304.00,484.00,394.00,394.00,189.00,276.00,298.00,169.00,244.00,169.00,313.00,304.00,330.00,394.00,394.00,394.00,394.00,499.00
2026-08-18 21:55:11,304.00,484.00,394.00,394.00,189.00,276.00,298.00,169.00,244.00,169.00,313.00,304.00,359.00,394.00,394.00,394.00,394.00,499.00
2026-08-18 22:05:18,304.00,484.00,394.00,394.00,189.00,276.00,298.00,169.00,244.00,169.00,313.00,304.00,330.00,394.00,394.00,394.00,394.00,499.00
2026-08-18 22:15:12,304.00,484.00,394.00,394.00,189.00,276.00,298.00,169.00,244.00,169.00,313.00,304.00,330.00,394.00,394.00,394.00,394.00,499.00
2026-08-18 22:25:03,304.00,484.00,394.00,394.00,189.00,276.00,298.00,169.00,244.00,169.00,313.00,304.00,330.00,394.00,394.00,394.00,394.00,499.00
2026-08-18 22:35:17,304.00,484.00,394.00,394.00,189.00,276.00,298.00,169.00,244.00,169.00,313.00,304.00,330.00,394.00,394.00,394.00,394.00,499.00
2026-08-18 22:45:36,304.00,484.00,394.00,394.00,189.00,276.00,298.00,169.00,244.00,169.00,313.00,304.00,330.00,394.00,394.00,394.00,394.00,499.00
2026-08-18 22:55:16,304.00,484.00,394.00,394.00,189.00,276.00,298.00,169.00,244.00,169.00,313.00,304.00,330.00,394.00,394.00,394.00,394.00,499.00
2026-08-18 23:05:26,304.00,484.00,394.00,394.00,189.00,276.00,298.00,169.00,244.00,169.00,313.00,304.00,311.00,394.00,394.00,394.00,394.00,499.00
2026-08-18 23:15:01,304.00,484.00,394.00,394.00,189.00,276.00,298.00,169.00,244.00,169.00,313.00,304.00,311.00,394.00,394.00,394.00,394.00,499.00
2026-08-18 23:25:52,304.00,484.00,394.00,394.00,189.00,276.00,298.00,169.00,244.00,169.00,313.00,304.00,311.00,394.00,394.00,394.00,394.00,499.00
2026-08-18 23:35:24,304.00,484.00,394.00,394.00,189.00,276.00,298.00,169.00,244.00,169.00,313.00,304.00,311.00,394.00,394.00,394.00,394.00,499.00
2026-08-18 23:45:20,304.00,484.00,394.00,394.00,189.00,276.00,298.00,169.00,244.00,169.00,313.00,304.00,311.00,394.00,394.00,394.00,394.00,499.00
2026-08-18 23:55:15,304.00,484.00,394.00,394.00,189.00,276.00,298.00,169.00,244.00,169.00,313.00,304.00,311.00,394.00,394.00,394.00,394.00,499.00
2026-08-19 00:05:17,304.00,484.00,394.00,394.00,189.00,276.00,298.00,169.00,244.00,169.00,313.00,304.00,311.00,394.00,394.00,394.00,394.00,499.00
2026-08-19 00:15:12,304.00,484.00,394.00,394.00,189.00,276.00,298.00,169.00,244.00,169.00,313.00,304.00,311.00,394.00,394.00,394.00,394.00,499.00
2026-08-19 00:25:13,304.00,484.00,394.00,394.00,189.00,276.00,298.00,169.00,244.00,169.00,313.00,304.00,359.00,394.00,394.00,394.00,394.00,499.00
2026-08-19 00:35:15,304.00,,394.00,,189.00,,298.00,169.00,,169.00,313.00,,,394.00,,,394.00,499.00
2026-08-19 00:45:17,304.00,484.00,394.00,394.00,189.00,276.00,298.00,169.00,244.00,169.00,313.00,304.00,311.00,394.00,394.00,394.00,394.00,499.00
2026-08-19 00:55:17,304.00,484.00,394.00,394.00,189.00,276.00,298.00,169.00,244.00,169.00,313.00,304.00,311.00,394.00,394.00,394.00,394.00,499.00
2026-08-19 01:05:34,304.00,484.00,394.00,394.00,189.00,276.00,298.00,169.00,244.00,169.00,313.00,304.00,311.00,394.00,394.00,394.00,394.00,499.00
2026-08-19 01:15:13,304.00,484.00,394.00,394.00,189.00,276.00,298.00,169.00,244.00,169.00,359.00,304.00,311.00,394.00,394.00,394.00,394.00,499.00
2026-08-19 01:25:24,304.00,484.00,394.00,394.00,189.00,276.00,298.00,169.00,244.00,169.00,313.00,304.00,311.00,394.00,394.00,394.00,394.00,499.00
2026-08-19 01:35:27,304.00,484.00,394.00,394.00,189.00,276.00,298.00,169.00,244.00,169.00,313.00,304.00,311.00,394.00,394.00,394.00,394.00,499.00
2026-08-19 01:45:10,304.00,484.00,394.00,394.00,189.00,276.00,298.00,169.00,244.00,169.00,313.00,304.00,311.00,394.00,394.00,394.00,394.00,499.00
2026-08-19 01:55:20,304.00,484.00,394.00,394.00,189.00,276.00,298.00,169.00,244.00,169.00,313.00,304.00,311.00,394.00,394.00,394.00,394.00,499.00
2026-08-19 02:05:29,304.00,484.00,394.00,394.00,189.00,276.00,298.00,169.00,244.00,169.00,313.00,304.00,311.00,394.00,394.00,394.00,394.00,499.00
2026-08-19 02:15:40,304.00,484.00,394.00,394.00,189.00,276.00,298.00,169.00,244.00,169.00,313.00,304.00,311.00,394.00,394.00,394.00,394.00,499.00
2026-08-19 02:25:43,304.00,484.00,394.00,394.00,189.00,276.00,298.00,169.00,244.00,169.00,313.00,304.00,311.00,394.00,394.00,394.00,394.00,499.00
2026-08-19 02:35:23,304.00,484.00,394.00,394.00,189.00,276.00,298.00,169.00,244.00,169.00,313.00,304.00,311.00,394.00,394.00,394.00,394.00,499.00
2026-08-19 02:45:45,304.00,484.00,394.00,394.00,189.00,276.00,298.00,169.00,244.00,169.00,313.00,304.00,311.00,394.00,394.00,394.00,394.00,499.00
2026-08-19 02:55:35,304.00,484.00,394.00,394.00,189.00,276.00,298.00,169.00,244.00,169.00,313.00,304.00,311.00,394.00,394.00,394.00,394.00,499.00
2026-08-19 03:05:31,304.00,484.00,394.00,394.00,189.00,276.00,298.00,169.00,244.00,169.00,313.00,304.00,311.00,394.00,394.00,394.00,394.00,499.00
2026-08-19 03:15:27,304.00,,394.00,,189.00,,298.00,169.00,,169.00,313.00,,,394.00,,,394.00,499.00
2026-08-19 03:25:25,304.00,484.00,394.00,394.00,189.00,276.00,298.00,169.00,244.00,169.00,313.00,304.00,311.00,394.00,394.00,394.00,394.00,499.00
2026-08-19 03:35:38,304.00,484.00,394.00,394.00,189.00,276.00,298.00,169.00,244.00,169.00,313.00,304.00,311.00,394.00,394.00,394.00,394.00,499.00
2026-08-19 03:45:32,304.00,484.00,394.00,394.00,189.00,276.00,298.00,169.00,244.00,169.00,313.00,304.00,311.00,394.00,394.00,394.00,394.00,499.00
2026-08-19 03:55:28,304.00,484.00,394.00,394.00,189.00,276.00,298.00,169.00,244.00,169.00,313.00,304.00,311.00,394.00,394.00,394.00,394.00,499.00
2026-08-19 04:05:38,304.00,484.00,394.00,394.00,189.00,276.00,298.00,179.00,244.00,179.00,313.00,304.00,311.00,394.00,394.00,394.00,394.00,499.00
2026-08-19 04:15:22,304.00,484.00,394.00,394.00,189.00,276.00,298.00,179.00,244.00,179.00,313.00,304.00,311.00,394.00,394.00,394.00,394.00,499.00
2026-08-19 04:25:31,304.00,484.00,394.00,394.00,189.00,276.00,298.00,179.00,244.00,179.00,313.00,304.00,311.00,394.00,394.00,394.00,394.00,499.00
2026-08-19 04:35:45,304.00,484.00,394.00,394.00,189.00,276.00,298.00,179.00,244.00,179.00,359.00,304.00,311.00,394.00,394.00,394.00,394.00,499.00
2026-08-19 04:45:17,304.00,484.00,394.00,394.00,189.00,276.00,298.00,179.00,244.00,179.00,313.00,304.00,311.00,394.00,394.00,394.00,394.00,499.00
2026-08-19 04:55:31,304.00,484.00,394.00,394.00,189.00,276.00,298.00,179.00,244.00,179.00,313.00,304.00,311.00,394.00,394.00,394.00,394.00,499.00
2026-08-19 05:05:21,304.00,484.00,,,,276.00,298.00,179.00,244.00,179.00,313.00,304.00,311.00,394.00,394.00,394.00,394.00,499.00
2026-08-19 05:15:22,304.00,484.00,394.00,394.00,190.00,276.00,298.00,179.00,244.00,179.00,313.00,304.00,311.00,394.00,394.00,394.00,394.00,499.00
2026-08-19 05:25:13,304.00,484.00,394.00,394.00,190.00,276.00,298.00,179.00,244.00,179.00,313.00,304.00,311.00,394.00,394.00,394.00,394.00,499.00
2026-08-19 05:35:23,304.00,484.00,394.00,394.00,190.00,276.00,298.00,179.00,244.00,179.00,313.00,304.00,311.00,394.00,394.00,394.00,394.00,499.00
2026-08-19 05:45:12,304.00,484.00,394.00,394.00,190.00,276.00,298.00,179.00,244.00,179.00,313.00,304.00,311.00,394.00,394.00,394.00,394.00,499.00
2026-08-19 05:55:22,304.00,484.00,394.00,394.00,190.00,276.00,298.00,179.00,244.00,179.00,313.00,304.00,311.00,394.00,394.00,394.00,394.00,499.00
2026-08-19 06:05:22,304.00,484.00,394.00,394.00,190.00,276.00,298.00,179.00,244.00,179.00,359.00,304.00,311.00,394.00,394.00,394.00,394.00,499.00
2026-08-19 06:15:18,304.00,484.00,394.00,394.00,190.00,276.00,298.00,179.00,244.00,179.00,313.00,304.00,311.00,394.00,394.00,394.00,394.00,499.00
2026-08-19 06:25:18,304.00,484.00,394.00,394.00,190.00,276.00,298.00,179.00,244.00,179.00,313.00,304.00,311.00,394.00,394.00,394.00,394.00,499.00
2026-08-19 06:35:23,304.00,484.00,394.00,394.00,190.00,276.00,298.00,179.00,269.00,179.00,244.00,304.00,304.00,394.00,394.00,394.00,394.00,499.00
2026-08-19 06:45:16,304.00,484.00,394.00,394.00,190.00,276.00,298.00,179.00,269.00,199.00,244.00,304.00,304.00,394.00,394.00,394.00,394.00,499.00
2026-08-19 06:55:23,304.00,484.00,394.00,394.00,190.00,276.00,298.00,179.00,269.00,199.00,244.00,304.00,304.00,394.00,394.00,394.00,394.00,499.00
2026-08-19 07:05:24,304.00,484.00,394.00,394.00,190.00,276.00,324.00,179.00,269.00,199.00,244.00,304.00,304.00,394.00,394.00,394.00,394.00,499.00
2026-08-19 07:15:33,304.00,484.00,394.00,394.00,190.00,269.00,324.00,179.00,269.00,199.00,244.00,304.00,304.00,394.00,394.00,394.00,394.00,499.00
2026-08-19 07:25:31,304.00,484.00,394.00,394.00,190.00,269.00,324.00,179.00,269.00,199.00,244.00,304.00,304.00,394.00,394.00,394.00,394.00,499.00
2026-08-19 07:35:29,304.00,484.00,394.00,394.00,190.00,269.00,324.00,179.00,269.00,199.00,244.00,304.00,304.00,394.00,394.00,394.00,394.00,499.00
2026-08-19 07:45:17,304.00,484.00,394.00,394.00,190.00,269.00,324.00,179.00,269.00,199.00,244.00,304.00,304.00,394.00,394.00,394.00,394.00,499.00
2026-08-19 07:55:29,304.00,484.00,394.00,394.00,190.00,269.00,324.00,179.00,269.00,199.00,244.00,304.00,304.00,394.00,394.00,394.00,394.00,499.00
2026-08-19 08:05:31,304.00,484.00,394.00,394.00,190.00,269.00,324.00,179.00,269.00,199.00,244.00,304.00,304.00,394.00,394.00,394.00,394.00,499.00
2026-08-19 08:15:25,304.00,484.00,394.00,394.00,190.00,269.00,324.00,179.00,269.00,199.00,244.00,304.00,304.00,394.00,394.00,394.00,394.00,499.00
2026-08-19 08:25:17,304.00,484.00,394.00,394.00,190.00,269.00,324.00,179.00,269.00,199.00,244.00,304.00,304.00,394.00,394.00,394.00,394.00,499.00
2026-08-19 08:35:34,304.00,484.00,394.00,394.00,190.00,269.00,324.00,179.00,269.00,199.00,244.00,304.00,304.00,394.00,394.00,394.00,394.00,499.00
2026-08-19 08:45:24,304.00,484.00,394.00,394.00,190.00,269.00,324.00,179.00,269.00,199.00,244.00,304.00,304.00,394.00,394.00,394.00,394.00,499.00
2026-08-19 08:55:26,304.00,484.00,394.00,394.00,190.00,269.00,324.00,179.00,269.00,199.00,244.00,304.00,304.00,394.00,394.00,394.00,394.00,499.00
2026-08-19 09:05:33,304.00,484.00,394.00,394.00,190.00,269.00,324.00,179.00,269.00,199.00,244.00,304.00,304.00,394.00,394.00,394.00,394.00,499.00
2026-08-19 09:15:17,304.00,484.00,394.00,394.00,190.00,269.00,324.00,179.00,269.00,199.00,244.00,304.00,304.00,394.00,394.00,394.00,394.00,499.00
2026-08-19 09:25:22,304.00,484.00,394.00,394.00,190.00,269.00,324.00,179.00,269.00,199.00,244.00,304.00,304.00,394.00,394.00,394.00,394.00,499.00
2026-08-19 09:35:23,304.00,484.00,394.00,394.00,190.00,269.00,324.00,179.00,269.00,199.00,244.00,304.00,304.00,394.00,394.00,394.00,394.00,499.00
2026-08-19 09:45:22,304.00,484.00,394.00,394.00,190.00,269.00,324.00,179.00,269.00,199.00,244.00,304.00,304.00,394.00,394.00,394.00,394.00,499.00
2026-08-19 09:55:21,304.00,484.00,394.00,394.00,190.00,269.00,324.00,179.00,269.00,199.00,244.00,304.00,304.00,394.00,394.00,394.00,394.00,499.00
2026-08-19 10:05:31,304.00,484.00,394.00,394.00,190.00,269.00,324.00,179.00,269.00,199.00,244.00,304.00,304.00,394.00,394.00,394.00,394.00,499.00
2026-08-19 10:15:22,304.00,484.00,394.00,394.00,190.00,269.00,324.00,179.00,269.00,199.00,244.00,304.00,304.00,394.00,394.00,394.00,394.00,499.00
2026-08-19 10:25:13,304.00,484.00,394.00,394.00,190.00,269.00,324.00,179.00,269.00,199.00,244.00,304.00,304.00,394.00,394.00,394.00,394.00,499.00
2026-08-19 10:35:20,304.00,484.00,394.00,394.00,190.00,269.00,324.00,179.00,269.00,199.00,244.00,304.00,304.00,394.00,394.00,394.00,394.00,499.00
2026-08-19 10:45:20,304.00,484.00,394.00,394.00,190.00,269.00,324.00,179.00,269.00,199.00,244.00,304.00,304.00,394.00,394.00,394.00,394.00,499.00
2026-08-19 10:55:14,304.00,484.00,394.00,394.00,190.00,269.00,324.00,179.00,269.00,199.00,244.00,304.00,304.00,394.00,394.00,394.00,394.00,499.00
2026-08-19 11:05:24,304.00,484.00,394.00,394.00,190.00,269.00,324.00,179.00,269.00,199.00,244.00,304.00,304.00,394.00,394.00,394.00,394.00,499.00
2026-08-19 11:15:19,304.00,484.00,394.00,394.00,190.00,269.00,324.00,179.00,269.00,199.00,244.00,304.00,304.00,394.00,394.00,394.00,394.00,499.00
2026-08-19 11:25:34,304.00,484.00,394.00,394.00,190.00,269.00,324.00,179.00,269.00,199.00,244.00,304.00,304.00,394.00,394.00,394.00,394.00,499.00
2026-08-19 11:35:17,304.00,484.00,394.00,394.00,190.00,269.00,324.00,179.00,269.00,199.00,244.00,304.00,304.00,394.00,394.00,394.00,394.00,499.00
2026-08-19 11:45:15,304.00,484.00,394.00,394.00,179.00,269.00,324.00,179.00,269.00,199.00,244.00,304.00,304.00,394.00,394.00,394.00,394.00,499.00
2026-08-19 11:55:31,304.00,484.00,394.00,394.00,179.00,269.00,324.00,179.00,269.00,199.00,244.00,304.00,304.00,394.00,394.00,394.00,394.00,499.00
2026-08-19 12:05:23,304.00,484.00,394.00,394.00,179.00,269.00,324.00,179.00,269.00,199.00,244.00,304.00,304.00,394.00,394.00,394.00,394.00,499.00
2026-08-19 12:15:21,304.00,484.00,394.00,394.00,179.00,269.00,324.00,179.00,269.00,199.00,244.00,304.00,304.00,394.00,394.00,394.00,394.00,499.00
2026-08-19 12:25:38,394.00,484.00,394.00,394.00,179.00,269.00,324.00,179.00,269.00,199.00,244.00,304.00,304.00,394.00,394.00,394.00,394.00,499.00
2026-08-19 12:35:49,394.00,484.00,394.00,394.00,179.00,269.00,324.00,179.00,269.00,199.00,244.00,304.00,304.00,394.00,394.00,394.00,394.00,499.00
2026-08-19 12:45:35,394.00,484.00,394.00,394.00,179.00,269.00,324.00,179.00,269.00,199.00,244.00,304.00,304.00,394.00,394.00,394.00,394.00,499.00
2026-08-19 12:55:14,394.00,484.00,394.00,394.00,179.00,269.00,324.00,179.00,269.00,199.00,244.00,304.00,304.00,394.00,394.00,394.00,394.00,499.00
2026-08-19 13:05:30,394.00,484.00,394.00,394.00,179.00,269.00,324.00,179.00,244.00,199.00,304.00,304.00,304.00,394.00,394.00,394.00,394.00,499.00
2026-08-19 13:15:35,394.00,484.00,394.00,394.00,179.00,269.00,324.00,179.00,244.00,359.00,304.00,304.00,304.00,394.00,394.00,394.00,394.00,499.00
2026-08-19 13:25:30,394.00,484.00,394.00,394.00,179.00,269.00,324.00,179.00,244.00,359.00,304.00,304.00,304.00,394.00,394.00,394.00,394.00,499.00
2026-08-19 13:35:35,394.00,484.00,394.00,394.00,179.00,269.00,324.00,179.00,244.00,359.00,304.00,304.00,304.00,394.00,394.00,394.00,394.00,499.00
2026-08-19 13:45:31,394.00,484.00,394.00,394.00,179.00,269.00,324.00,179.00,244.00,359.00,304.00,304.00,304.00,394.00,394.00,394.00,394.00,499.00
2026-08-19 13:55:32,394.00,394.00,394.00,394.00,179.00,269.00,324.00,179.00,244.00,359.00,304.00,304.00,304.00,394.00,394.00,394.00,394.00,499.00
2026-08-19 14:05:42,394.00,394.00,394.00,394.00,179.00,269.00,324.00,179.00,244.00,314.00,304.00,296.00,304.00,394.00,394.00,394.00,394.00,499.00
2026-08-19 14:15:31,394.00,394.00,394.00,394.00,179.00,269.00,324.00,179.00,244.00,314.00,304.00,296.00,304.00,394.00,394.00,394.00,394.00,499.00
2026-08-19 14:25:35,394.00,394.00,394.00,394.00,179.00,269.00,324.00,179.00,244.00,314.00,304.00,304.00,304.00,394.00,394.00,394.00,394.00,469.00
2026-08-19 14:35:28,394.00,394.00,394.00,394.00,179.00,269.00,324.00,179.00,244.00,314.00,304.00,296.00,304.00,394.00,394.00,394.00,394.00,469.00
2026-08-19 14:45:32,394.00,394.00,394.00,394.00,179.00,269.00,324.00,179.00,244.00,314.00,304.00,296.00,304.00,394.00,394.00,394.00,394.00,469.00
2026-08-19 14:55:22,394.00,394.00,394.00,394.00,179.00,269.00,324.00,179.00,244.00,314.00,304.00,296.00,304.00,394.00,394.00,394.00,394.00,469.00
2026-08-19 15:05:43,394.00,394.00,394.00,394.00,179.00,269.00,324.00,179.00,244.00,314.00,304.00,296.00,304.00,394.00,394.00,394.00,394.00,469.00
2026-08-19 15:15:40,394.00,394.00,394.00,394.00,179.00,269.00,324.00,179.00,244.00,314.00,304.00,296.00,304.00,394.00,394.00,394.00,394.00,469.00
2026-08-19 15:25:29,394.00,394.00,394.00,394.00,179.00,269.00,324.00,179.00,244.00,314.00,304.00,296.00,304.00,394.00,394.00,394.00,394.00,469.00
2026-08-19 15:36:05,394.00,394.00,394.00,394.00,179.00,269.00,324.00,179.00,244.00,314.00,304.00,296.00,304.00,394.00,394.00,394.00,394.00,469.00
2026-08-19 15:45:44,394.00,394.00,394.00,394.00,179.00,269.00,324.00,179.00,244.00,314.00,304.00,296.00,304.00,394.00,394.00,394.00,394.00,469.00
2026-08-19 15:55:40,394.00,394.00,394.00,394.00,179.00,269.00,324.00,179.00,244.00,314.00,304.00,296.00,304.00,394.00,394.00,394.00,394.00,469.00
2026-08-19 16:05:43,394.00,394.00,394.00,394.00,179.00,269.00,324.00,179.00,244.00,314.00,304.00,296.00,304.00,394.00,394.00,394.00,394.00,469.00
2026-08-19 16:15:33,394.00,394.00,394.00,394.00,179.00,269.00,324.00,179.00,244.00,359.00,304.00,296.00,304.00,394.00,394.00,394.00,394.00,469.00
2026-08-19 16:25:39,394.00,394.00,394.00,394.00,179.00,269.00,324.00,179.00,244.00,314.00,304.00,296.00,304.00,394.00,394.00,394.00,394.00,469.00
2026-08-19 16:35:39,394.00,394.00,394.00,394.00,179.00,269.00,324.00,179.00,244.00,314.00,304.00,296.00,304.00,394.00,394.00,394.00,394.00,469.00
2026-08-19 16:45:32,394.00,394.00,394.00,394.00,179.00,269.00,324.00,179.00,244.00,314.00,304.00,296.00,304.00,394.00,394.00,394.00,394.00,469.00
2026-08-19 16:55:57,394.00,394.00,394.00,394.00,179.00,269.00,324.00,179.00,244.00,314.00,304.00,296.00,304.00,394.00,394.00,394.00,394.00,469.00
2026-08-19 17:05:46,394.00,394.00,394.00,394.00,179.00,269.00,324.00,179.00,244.00,314.00,304.00,296.00,304.00,394.00,394.00,394.00,394.00,469.00
2026-08-19 17:15:37,394.00,394.00,394.00,394.00,179.00,269.00,324.00,179.00,244.00,314.00,304.00,296.00,304.00,394.00,394.00,394.00,394.00,469.00
2026-08-19 17:25:36,394.00,394.00,394.00,394.00,179.00,269.00,324.00,179.00,244.00,314.00,304.00,296.00,304.00,394.00,394.00,394.00,394.00,469.00
2026-08-19 17:35:49,394.00,394.00,394.00,394.00,179.00,269.00,324.00,179.00,244.00,314.00,304.00,296.00,304.00,394.00,394.00,394.00,394.00,469.00
2026-08-19 17:45:40,394.00,394.00,394.00,394.00,179.00,269.00,324.00,179.00,244.00,314.00,304.00,296.00,304.00,394.00,394.00,394.00,394.00,469.00
2026-08-19 17:55:31,394.00,394.00,394.00,394.00,179.00,269.00,324.00,179.00,244.00,359.00,304.00,304.00,304.00,394.00,394.00,394.00,394.00,469.00
2026-08-19 18:05:44,394.00,394.00,394.00,394.00,179.00,269.00,324.00,179.00,244.00,314.00,304.00,359.00,304.00,394.00,394.00,394.00,394.00,469.00
2026-08-19 18:15:37,394.00,394.00,394.00,394.00,179.00,269.00,324.00,179.00,244.00,359.00,304.00,359.00,304.00,394.00,394.00,394.00,394.00,469.00
2026-08-19 18:25:40,394.00,394.00,394.00,394.00,179.00,269.00,324.00,179.00,244.00,314.00,304.00,359.00,304.00,394.00,394.00,394.00,394.00,469.00
2026-08-19 18:35:35,394.00,394.00,394.00,394.00,179.00,269.00,324.00,179.00,244.00,314.00,304.00,359.00,304.00,394.00,394.00,394.00,394.00,469.00
2026-08-19 18:45:39,394.00,394.00,394.00,394.00,179.00,269.00,324.00,179.00,244.00,314.00,304.00,359.00,304.00,394.00,394.00,394.00,394.00,469.00
2026-08-19 18:55:36,394.00,394.00,394.00,394.00,179.00,269.00,324.00,179.00,244.00,314.00,304.00,359.00,304.00,394.00,394.00,394.00,394.00,469.00
2026-08-19 19:05:37,394.00,394.00,394.00,394.00,179.00,269.00,324.00,179.00,244.00,314.00,304.00,359.00,304.00,394.00,394.00,394.00,394.00,469.00
2026-08-19 19:15:36,394.00,394.00,394.00,394.00,179.00,269.00,324.00,179.00,244.00,314.00,304.00,359.00,304.00,394.00,394.00,394.00,394.00,469.00
2026-08-19 19:25:39,394.00,394.00,394.00,394.00,179.00,269.00,324.00,179.00,244.00,314.00,304.00,359.00,304.00,394.00,394.00,394.00,394.00,469.00
2026-08-19 19:35:49,394.00,394.00,394.00,394.00,179.00,269.00,324.00,179.00,244.00,314.00,304.00,330.00,304.00,394.00,394.00,394.00,394.00,469.00
2026-08-19 19:45:33,394.00,394.00,394.00,394.00,179.00,269.00,324.00,179.00,244.00,314.00,304.00,330.00,304.00,394.00,394.00,394.00,394.00,469.00
2026-08-19 19:55:32,394.00,394.00,394.00,394.00,179.00,269.00,324.00,179.00,244.00,314.00,304.00,359.00,304.00,394.00,394.00,394.00,394.00,469.00
2026-08-19 20:05:43,394.00,394.00,394.00,394.00,179.00,269.00,324.00,179.00,244.00,314.00,304.00,330.00,304.00,394.00,394.00,394.00,394.00,469.00
2026-08-19 20:15:53,394.00,394.00,394.00,394.00,179.00,269.00,324.00,179.00,244.00,314.00,304.00,330.00,304.00,394.00,394.00,394.00,394.00,469.00
2026-08-19 20:25:32,394.00,394.00,394.00,394.00,179.00,269.00,324.00,179.00,244.00,314.00,304.00,330.00,304.00,394.00,394.00,394.00,394.00,469.00
2026-08-19 20:35:51,394.00,394.00,394.00,394.00,179.00,269.00,324.00,179.00,244.00,314.00,304.00,330.00,304.00,394.00,394.00,394.00,394.00,469.00
2026-08-19 20:45:43,394.00,394.00,394.00,394.00,179.00,269.00,324.00,179.00,244.00,314.00,304.00,330.00,304.00,394.00,394.00,394.00,394.00,469.00
2026-08-19 20:55:55,394.00,394.00,394.00,394.00,179.00,269.00,324.00,179.00,244.00,314.00,304.00,330.00,304.00,394.00,394.00,394.00,394.00,469.00
2026-08-19 21:06:12,,394.00,,394.00,,269.00,,,244.00,,,330.00,304.00,,394.00,394.00,394.00,
2026-08-19 21:15:33,394.00,394.00,394.00,394.00,179.00,269.00,324.00,179.00,244.00,359.00,304.00,330.00,304.00,394.00,394.00,394.00,394.00,469.00
2026-08-19 21:25:29,394.00,394.00,394.00,394.00,179.00,269.00,324.00,179.00,244.00,314.00,304.00,330.00,304.00,394.00,394.00,394.00,394.00,469.00
2026-08-19 21:35:45,394.00,394.00,394.00,394.00,179.00,269.00,324.00,179.00,244.00,314.00,304.00,330.00,304.00,394.00,394.00,394.00,394.00,469.00
2026-08-19 21:45:47,394.00,394.00,394.00,394.00,179.00,269.00,324.00,179.00,244.00,304.00,304.00,330.00,304.00,394.00,394.00,394.00,394.00,469.00
2026-08-19 21:55:38,394.00,394.00,394.00,394.00,179.00,269.00,324.00,179.00,244.00,304.00,304.00,330.00,304.00,394.00,394.00,394.00,394.00,469.00
2026-08-19 22:05:52,394.00,394.00,394.00,394.00,179.00,269.00,324.00,179.00,244.00,304.00,304.00,330.00,304.00,394.00,394.00,394.00,394.00,469.00
2026-08-19 22:15:33,394.00,394.00,394.00,394.00,179.00,269.00,324.00,179.00,244.00,304.00,304.00,330.00,304.00,394.00,394.00,394.00,394.00,469.00
2026-08-19 22:25:38,394.00,394.00,394.00,394.00,179.00,269.00,324.00,179.00,244.00,304.00,304.00,330.00,304.00,394.00,394.00,394.00,394.00,469.00
2026-08-19 22:35:49,394.00,394.00,394.00,394.00,179.00,269.00,324.00,179.00,244.00,304.00,304.00,330.00,304.00,394.00,394.00,394.00,394.00,469.00
2026-08-19 22:45:34,394.00,394.00,394.00,394.00,179.00,269.00,324.00,179.00,244.00,304.00,304.00,330.00,304.00,394.00,394.00,394.00,394.00,469.00
2026-08-19 22:55:34,394.00,394.00,394.00,394.00,179.00,269.00,324.00,179.00,244.00,304.00,298.00,331.00,304.00,394.00,394.00,394.00,394.00,469.00
2026-08-19 23:05:38,394.00,394.00,394.00,394.00,179.00,269.00,324.00,179.00,244.00,304.00,298.00,331.00,304.00,394.00,394.00,394.00,394.00,469.00
2026-08-19 23:15:54,394.00,394.00,394.00,394.00,179.00,269.00,324.00,179.00,244.00,304.00,298.00,331.00,304.00,394.00,394.00,394.00,394.00,469.00
2026-08-19 23:25:28,394.00,394.00,394.00,394.00,179.00,269.00,324.00,179.00,244.00,304.00,298.00,331.00,304.00,394.00,394.00,394.00,394.00,469.00
2026-08-19 23:35:45,394.00,394.00,394.00,394.00,179.00,269.00,324.00,179.00,244.00,304.00,298.00,331.00,304.00,394.00,394.00,394.00,394.00,469.00
2026-08-19 23:45:29,394.00,394.00,394.00,394.00,179.00,269.00,324.00,179.00,244.00,304.00,298.00,331.00,304.00,394.00,394.00,394.00,394.00,469.00
2026-08-19 23:55:42,394.00,394.00,394.00,394.00,179.00,269.00,324.00,179.00,244.00,304.00,298.00,331.00,304.00,394.00,394.00,394.00,394.00,469.00
2026-08-20 00:06:09,394.00,394.00,394.00,394.00,179.00,269.00,324.00,179.00,244.00,304.00,298.00,359.00,304.00,394.00,394.00,394.00,394.00,469.00
2026-08-20 00:15:41,394.00,394.00,394.00,394.00,179.00,269.00,324.00,179.00,244.00,304.00,298.00,331.00,304.00,394.00,394.00,394.00,394.00,469.00
2026-08-20 00:25:50,394.00,394.00,394.00,394.00,179.00,269.00,324.00,179.00,244.00,304.00,298.00,331.00,304.00,394.00,394.00,394.00,394.00,469.00
2026-08-20 00:35:39,394.00,394.00,394.00,394.00,179.00,269.00,324.00,179.00,244.00,304.00,298.00,331.00,304.00,394.00,394.00,394.00,394.00,469.00
2026-08-20 00:45:39,394.00,394.00,394.00,394.00,179.00,269.00,324.00,179.00,244.00,304.00,298.00,331.00,304.00,394.00,394.00,394.00,394.00,469.00
2026-08-20 00:55:39,394.00,394.00,394.00,394.00,179.00,269.00,324.00,179.00,244.00,304.00,298.00,359.00,304.00,394.00,394.00,394.00,394.00,469.00
2026-08-20 01:05:56,394.00,394.00,394.00,394.00,179.00,269.00,324.00,179.00,244.00,304.00,298.00,331.00,304.00,394.00,394.00,394.00,394.00,469.00
2026-08-20 01:16:00,394.00,394.00,394.00,394.00,179.00,269.00,324.00,179.00,244.00,304.00,298.00,331.00,304.00,394.00,394.00,394.00,394.00,469.00
2026-08-20 01:25:44,394.00,394.00,394.00,394.00,179.00,269.00,324.00,179.00,244.00,304.00,298.00,331.00,304.00,394.00,394.00,394.00,394.00,469.00
2026-08-20 01:35:37,394.00,394.00,394.00,394.00,179.00,269.00,324.00,179.00,244.00,304.00,298.00,331.00,304.00,394.00,394.00,394.00,394.00,469.00
2026-08-20 01:45:34,394.00,394.00,394.00,394.00,179.00,269.00,324.00,179.00,244.00,304.00,298.00,331.00,304.00,394.00,394.00,394.00,394.00,469.00
2026-08-20 01:55:45,394.00,394.00,394.00,394.00,179.00,269.00,324.00,179.00,244.00,304.00,298.00,331.00,304.00,394.00,394.00,394.00,394.00,469.00
2026-08-20 02:06:05,394.00,394.00,394.00,394.00,179.00,269.00,324.00,179.00,244.00,304.00,298.00,331.00,304.00,394.00,394.00,394.00,394.00,469.00
2026-08-20 02:16:05,394.00,394.00,394.00,394.00,179.00,269.00,324.00,179.00,244.00,304.00,298.00,331.00,304.00,394.00,394.00,394.00,394.00,469.00
2026-08-20 02:25:47,394.00,394.00,394.00,394.00,179.00,269.00,324.00,179.00,244.00,304.00,298.00,331.00,304.00,394.00,394.00,394.00,394.00,469.00
2026-08-20 02:35:56,394.00,394.00,394.00,394.00,179.00,269.00,324.00,179.00,244.00,304.00,298.00,331.00,304.00,394.00,394.00,394.00,394.00,469.00
2026-08-20 02:45:48,394.00,394.00,394.00,394.00,179.00,269.00,324.00,179.00,244.00,304.00,298.00,331.00,304.00,394.00,394.00,394.00,394.00,469.00
2026-08-20 02:55:37,394.00,394.00,394.00,394.00,179.00,269.00,324.00,179.00,244.00,304.00,298.00,331.00,304.00,394.00,394.00,394.00,394.00,469.00
2026-08-20 03:05:50,394.00,394.00,394.00,394.00,179.00,269.00,324.00,179.00,244.00,304.00,298.00,331.00,304.00,394.00,394.00,394.00,394.00,469.00
2026-08-20 03:15:45,394.00,394.00,394.00,394.00,179.00,269.00,324.00,179.00,244.00,304.00,298.00,331.00,304.00,394.00,394.00,394.00,394.00,469.00
2026-08-20 03:25:31,394.00,394.00,394.00,394.00,179.00,269.00,324.00,179.00,244.00,304.00,298.00,331.00,304.00,394.00,394.00,394.00,394.00,469.00
2026-08-20 03:35:57,394.00,394.00,394.00,394.00,179.00,269.00,324.00,179.00,244.00,304.00,298.00,331.00,304.00,394.00,394.00,394.00,394.00,469.00
2026-08-20 03:45:45,394.00,394.00,394.00,394.00,179.00,269.00,324.00,179.00,244.00,304.00,298.00,331.00,304.00,394.00,394.00,394.00,394.00,469.00
2026-08-20 03:55:36,394.00,394.00,394.00,394.00,179.00,269.00,324.00,179.00,244.00,304.00,298.00,331.00,304.00,394.00,394.00,394.00,394.00,469.00
2026-08-20 04:05:57,394.00,394.00,394.00,394.00,179.00,269.00,324.00,179.00,244.00,304.00,298.00,331.00,304.00,394.00,394.00,394.00,394.00,469.00
2026-08-20 04:15:43,394.00,394.00,394.00,394.00,179.00,269.00,324.00,179.00,244.00,304.00,298.00,331.00,304.00,394.00,394.00,394.00,394.00,469.00
2026-08-20 04:25:50,394.00,394.00,394.00,394.00,179.00,269.00,324.00,179.00,244.00,304.00,298.00,331.00,304.00,394.00,394.00,394.00,394.00,469.00
2026-08-20 04:35:38,394.00,394.00,394.00,394.00,179.00,269.00,324.00,179.00,244.00,304.00,304.00,331.00,304.00,394.00,394.00,394.00,394.00,469.00
2026-08-20 04:45:44,394.00,394.00,394.00,394.00,179.00,269.00,324.00,179.00,244.00,304.00,298.00,331.00,304.00,394.00,394.00,394.00,394.00,469.00
2026-08-20 04:55:44,394.00,394.00,394.00,394.00,179.00,269.00,324.00,179.00,244.00,304.00,298.00,331.00,304.00,394.00,394.00,394.00,394.00,469.00
2026-08-20 05:05:46,394.00,394.00,394.00,394.00,179.00,269.00,324.00,179.00,244.00,304.00,304.00,331.00,304.00,394.00,394.00,394.00,394.00,469.00
2026-08-20 05:15:37,394.00,394.00,394.00,394.00,179.00,269.00,324.00,179.00,244.00,304.00,298.00,331.00,304.00,394.00,394.00,394.00,394.00,469.00
2026-08-20 05:25:40,394.00,394.00,394.00,394.00,179.00,269.00,324.00,179.00,244.00,304.00,298.00,331.00,304.00,394.00,394.00,394.00,394.00,469.00
2026-08-20 05:35:48,394.00,394.00,394.00,394.00,179.00,269.00,324.00,179.00,244.00,304.00,298.00,331.00,304.00,394.00,394.00,394.00,394.00,469.00
2026-08-20 05:45:40,394.00,394.00,394.00,394.00,179.00,269.00,324.00,179.00,244.00,304.00,298.00,331.00,304.00,394.00,394.00,394.00,394.00,469.00
2026-08-20 05:55:25,394.00,394.00,394.00,394.00,179.00,269.00,324.00,179.00,244.00,304.00,298.00,331.00,304.00,394.00,394.00,394.00,394.00,469.00
2026-08-20 06:06:02,394.00,394.00,394.00,394.00,179.00,269.00,324.00,179.00,244.00,304.00,298.00,331.00,304.00,394.00,394.00,394.00,394.00,469.00
2026-08-20 06:15:32,394.00,394.00,394.00,394.00,179.00,269.00,324.00,179.00,244.00,304.00,298.00,331.00,304.00,394.00,394.00,394.00,394.00,469.00
2026-08-20 06:25:26,394.00,394.00,394.00,394.00,179.00,269.00,324.00,179.00,244.00,304.00,298.00,359.00,304.00,394.00,394.00,394.00,394.00,469.00
2026-08-20 06:35:41,394.00,394.00,394.00,394.00,179.00,269.00,324.00,179.00,304.00,244.00,269.00,304.00,359.00,394.00,394.00,394.00,394.00,469.00
2026-08-20 06:45:39,394.00,394.00,394.00,394.00,179.00,269.00,324.00,179.00,304.00,244.00,269.00,304.00,359.00,394.00,394.00,394.00,394.00,469.00
2026-08-20 06:55:36,394.00,394.00,394.00,394.00,179.00,269.00,324.00,179.00,304.00,199.00,269.00,304.00,359.00,394.00,394.00,394.00,394.00,469.00
2026-08-20 07:05:47,394.00,394.00,394.00,394.00,179.00,269.00,324.00,179.00,304.00,199.00,269.00,304.00,359.00,394.00,394.00,394.00,394.00,469.00
2026-08-20 07:15:41,394.00,394.00,394.00,394.00,179.00,269.00,324.00,179.00,304.00,199.00,269.00,304.00,359.00,394.00,394.00,394.00,394.00,469.00
2026-08-20 07:25:36,394.00,394.00,394.00,394.00,179.00,277.00,312.00,179.00,304.00,199.00,269.00,304.00,359.00,394.00,394.00,394.00,394.00,469.00
2026-08-20 07:35:47,394.00,394.00,394.00,394.00,179.00,277.00,312.00,179.00,304.00,199.00,269.00,304.00,359.00,394.00,394.00,394.00,394.00,469.00
2026-08-20 07:45:42,394.00,394.00,394.00,394.00,179.00,277.00,312.00,179.00,304.00,199.00,269.00,304.00,359.00,394.00,394.00,394.00,394.00,469.00
2026-08-20 07:55:41,394.00,394.00,394.00,394.00,179.00,277.00,312.00,179.00,304.00,199.00,269.00,304.00,359.00,394.00,394.00,394.00,394.00,469.00
2026-08-20 08:05:42,394.00,394.00,394.00,394.00,179.00,277.00,312.00,179.00,304.00,244.00,269.00,304.00,359.00,394.00,394.00,394.00,394.00,469.00
2026-08-20 08:15:34,394.00,394.00,394.00,394.00,179.00,277.00,312.00,179.00,304.00,244.00,269.00,304.00,359.00,394.00,394.00,394.00,394.00,469.00
2026-08-20 08:25:40,394.00,394.00,394.00,394.00,179.00,277.00,312.00,179.00,304.00,244.00,269.00,304.00,359.00,394.00,394.00,394.00,394.00,469.00
2026-08-20 08:35:43,394.00,394.00,394.00,394.00,179.00,277.00,312.00,179.00,304.00,244.00,269.00,304.00,359.00,394.00,394.00,394.00,394.00,469.00
2026-08-20 08:45:37,394.00,394.00,394.00,394.00,179.00,277.00,312.00,179.00,304.00,244.00,269.00,304.00,359.00,394.00,394.00,394.00,394.00,469.00
2026-08-20 08:55:42,394.00,394.00,394.00,394.00,179.00,277.00,312.00,179.00,304.00,244.00,269.00,304.00,359.00,394.00,394.00,394.00,394.00,469.00
2026-08-20 09:05:47,394.00,394.00,394.00,394.00,179.00,277.00,312.00,179.00,304.00,244.00,269.00,304.00,359.00,394.00,394.00,394.00,394.00,469.00
2026-08-20 09:15:40,394.00,394.00,394.00,394.00,179.00,277.00,312.00,179.00,304.00,244.00,269.00,304.00,359.00,394.00,394.00,394.00,394.00,469.00
2026-08-20 09:25:32,394.00,394.00,394.00,394.00,179.00,277.00,312.00,179.00,304.00,244.00,269.00,304.00,359.00,394.00,394.00,394.00,394.00,469.00
2026-08-20 09:35:43,394.00,394.00,394.00,394.00,179.00,277.00,312.00,179.00,304.00,244.00,269.00,304.00,359.00,394.00,394.00,394.00,394.00,469.00
2026-08-20 09:45:26,394.00,394.00,394.00,394.00,179.00,277.00,312.00,179.00,304.00,244.00,269.00,304.00,359.00,394.00,394.00,394.00,394.00,469.00
2026-08-20 09:55:48,394.00,394.00,394.00,394.00,179.00,277.00,314.00,179.00,304.00,244.00,269.00,304.00,359.00,394.00,394.00,394.00,394.00,469.00
2026-08-20 10:05:40,394.00,394.00,394.00,394.00,179.00,277.00,314.00,179.00,304.00,244.00,269.00,304.00,359.00,394.00,394.00,394.00,394.00,469.00
2026-08-20 10:15:22,394.00,394.00,394.00,394.00,179.00,277.00,314.00,179.00,304.00,244.00,269.00,304.00,359.00,394.00,394.00,394.00,394.00,469.00
2026-08-20 10:25:40,394.00,394.00,394.00,394.00,179.00,277.00,314.00,179.00,304.00,244.00,269.00,304.00,359.00,394.00,394.00,394.00,394.00,469.00
2026-08-20 10:35:53,394.00,394.00,394.00,394.00,179.00,277.00,314.00,179.00,304.00,244.00,269.00,304.00,359.00,394.00,394.00,394.00,394.00,469.00
2026-08-20 10:45:52,394.00,394.00,394.00,394.00,179.00,277.00,314.00,179.00,304.00,244.00,269.00,304.00,359.00,394.00,394.00,394.00,394.00,469.00
2026-08-20 10:55:47,394.00,394.00,394.00,394.00,179.00,277.00,314.00,179.00,304.00,244.00,269.00,304.00,359.00,394.00,394.00,394.00,394.00,469.00
2026-08-20 11:06:04,394.00,394.00,394.00,394.00,179.00,277.00,314.00,179.00,304.00,244.00,269.00,304.00,359.00,394.00,394.00,394.00,394.00,469.00
2026-08-20 11:15:42,394.00,394.00,394.00,394.00,179.00,277.00,314.00,179.00,304.00,244.00,269.00,304.00,359.00,394.00,394.00,394.00,394.00,469.00
2026-08-20 11:25:50,394.00,394.00,394.00,394.00,179.00,277.00,314.00,179.00,304.00,244.00,269.00,304.00,359.00,394.00,394.00,394.00,394.00,469.00
2026-08-20 11:35:57,394.00,394.00,394.00,394.00,179.00,277.00,314.00,179.00,304.00,244.00,269.00,304.00,359.00,394.00,394.00,394.00,394.00,469.00
2026-08-20 11:46:05,394.00,394.00,394.00,394.00,179.00,277.00,314.00,179.00,304.00,244.00,269.00,304.00,359.00,394.00,394.00,394.00,394.00,469.00
2026-08-20 11:56:07,394.00,394.00,394.00,394.00,179.00,277.00,314.00,179.00,304.00,244.00,269.00,304.00,359.00,394.00,394.00,394.00,394.00,469.00
2026-08-20 12:06:13,394.00,,394.00,,179.00,,314.00,179.00,,244.00,269.00,,,394.00,,,394.00,469.00
2026-08-20 12:15:58,394.00,394.00,394.00,394.00,179.00,277.00,314.00,179.00,304.00,244.00,269.00,304.00,359.00,394.00,394.00,394.00,394.00,469.00
2026-08-20 12:25:53,394.00,394.00,394.00,394.00,179.00,277.00,314.00,179.00,304.00,244.00,269.00,304.00,359.00,394.00,394.00,394.00,394.00,469.00
2026-08-20 12:35:51,394.00,394.00,394.00,626.00,179.00,277.00,314.00,179.00,304.00,244.00,269.00,304.00,359.00,394.00,394.00,394.00,394.00,469.00
2026-08-20 12:46:12,,394.00,,626.00,,277.00,,,304.00,,,304.00,359.00,,394.00,394.00,394.00,
2026-08-20 12:55:53,394.00,394.00,394.00,626.00,179.00,277.00,314.00,179.00,304.00,244.00,269.00,304.00,359.00,394.00,394.00,394.00,394.00,469.00
2026-08-20 13:06:33,394.00,394.00,394.00,626.00,179.00,277.00,314.00,179.00,269.00,304.00,359.00,304.00,359.00,394.00,394.00,394.00,394.00,469.00
2026-08-20 13:15:59,394.00,394.00,394.00,626.00,179.00,277.00,314.00,179.00,269.00,304.00,359.00,304.00,359.00,394.00,394.00,394.00,394.00,469.00
2026-08-20 13:25:55,394.00,394.00,394.00,626.00,179.00,277.00,314.00,179.00,269.00,304.00,359.00,304.00,359.00,394.00,394.00,394.00,394.00,469.00
2026-08-20 13:35:58,394.00,394.00,394.00,626.00,179.00,277.00,314.00,179.00,269.00,304.00,359.00,304.00,359.00,394.00,394.00,394.00,394.00,469.00
2026-08-20 13:45:48,394.00,394.00,394.00,626.00,179.00,277.00,314.00,179.00,269.00,304.00,359.00,304.00,359.00,394.00,394.00,394.00,394.00,469.00
2026-08-20 13:56:09,394.00,394.00,394.00,626.00,179.00,277.00,314.00,179.00,269.00,304.00,329.00,289.00,310.00,394.00,394.00,394.00,394.00,469.00
2026-08-20 14:06:10,394.00,394.00,394.00,626.00,179.00,277.00,314.00,179.00,269.00,304.00,329.00,289.00,310.00,394.00,394.00,394.00,394.00,469.00
2026-08-20 14:15:50,394.00,394.00,394.00,626.00,179.00,277.00,314.00,179.00,269.00,304.00,329.00,289.00,310.00,394.00,394.00,394.00,394.00,469.00
2026-08-20 14:25:53,394.00,394.00,394.00,626.00,179.00,277.00,314.00,179.00,269.00,304.00,329.00,289.00,310.00,394.00,394.00,394.00,394.00,469.00
2026-08-20 14:35:54,394.00,394.00,394.00,626.00,179.00,277.00,314.00,179.00,269.00,304.00,329.00,289.00,310.00,394.00,394.00,394.00,394.00,469.00
2026-08-20 14:46:04,394.00,394.00,394.00,626.00,179.00,277.00,314.00,179.00,269.00,304.00,329.00,289.00,310.00,394.00,394.00,394.00,394.00,469.00
2026-08-20 14:56:15,394.00,394.00,394.00,626.00,179.00,277.00,314.00,179.00,269.00,304.00,329.00,289.00,310.00,394.00,394.00,394.00,394.00,469.00
2026-08-20 15:05:50,394.00,394.00,394.00,626.00,179.00,277.00,314.00,179.00,269.00,304.00,329.00,289.00,310.00,394.00,394.00,394.00,394.00,469.00
2026-08-20 15:15:55,394.00,394.00,394.00,626.00,179.00,269.00,314.00,179.00,269.00,304.00,329.00,289.00,310.00,394.00,394.00,394.00,394.00,469.00
2026-08-20 15:26:02,394.00,394.00,394.00,626.00,179.00,269.00,321.00,179.00,269.00,304.00,329.00,289.00,310.00,394.00,394.00,394.00,394.00,469.00
2026-08-20 15:36:25,394.00,394.00,394.00,626.00,179.00,269.00,321.00,179.00,269.00,304.00,329.00,289.00,310.00,394.00,394.00,394.00,394.00,469.00
2026-08-20 15:45:52,394.00,394.00,394.00,626.00,179.00,269.00,321.00,179.00,269.00,304.00,329.00,289.00,310.00,394.00,394.00,394.00,394.00,469.00
2026-08-20 15:55:58,394.00,394.00,394.00,626.00,179.00,269.00,321.00,179.00,269.00,304.00,329.00,289.00,310.00,394.00,394.00,394.00,394.00,469.00
2026-08-20 16:05:48,394.00,394.00,394.00,626.00,179.00,269.00,321.00,179.00,269.00,304.00,329.00,289.00,310.00,394.00,394.00,394.00,394.00,469.00
2026-08-20 16:16:14,394.00,394.00,394.00,626.00,179.00,269.00,321.00,179.00,269.00,304.00,329.00,289.00,310.00,394.00,394.00,394.00,394.00,469.00
2026-08-20 16:25:59,394.00,394.00,394.00,626.00,179.00,269.00,321.00,179.00,269.00,304.00,329.00,289.00,310.00,394.00,394.00,394.00,394.00,469.00
2026-08-20 16:36:04,394.00,394.00,394.00,626.00,179.00,269.00,309.00,179.00,269.00,304.00,329.00,289.00,310.00,394.00,394.00,394.00,394.00,469.00
2026-08-20 16:46:13,394.00,394.00,394.00,626.00,179.00,269.00,309.00,179.00,269.00,304.00,329.00,289.00,310.00,394.00,394.00,394.00,394.00,469.00
2026-08-20 16:55:58,394.00,394.00,394.00,626.00,179.00,269.00,309.00,179.00,269.00,304.00,329.00,289.00,310.00,394.00,394.00,394.00,394.00,469.00
2026-08-20 17:06:05,394.00,394.00,394.00,626.00,179.00,269.00,309.00,179.00,269.00,304.00,329.00,289.00,310.00,394.00,394.00,394.00,394.00,469.00
2026-08-20 17:21:08,394.00,394.00,394.00,626.00,179.00,269.00,309.00,179.00,269.00,304.00,329.00,289.00,310.00,394.00,394.00,394.00,394.00,469.00
2026-08-20 17:28:07,394.00,394.00,394.00,626.00,179.00,269.00,309.00,179.00,269.00,304.00,329.00,289.00,310.00,394.00,394.00,394.00,394.00,469.00
2026-08-20 17:35:48,394.00,394.00,394.00,626.00,179.00,269.00,309.00,179.00,269.00,304.00,359.00,289.00,310.00,394.00,394.00,394.00,394.00,469.00
2026-08-20 17:46:12,394.00,394.00,394.00,626.00,179.00,269.00,309.00,179.00,269.00,304.00,329.00,289.00,310.00,394.00,394.00,394.00,394.00,469.00
2026-08-20 17:56:03,394.00,,394.00,,179.00,,309.00,179.00,,304.00,329.00,,,394.00,,,394.00,469.00
2026-08-20 18:06:14,394.00,394.00,394.00,626.00,179.00,269.00,309.00,179.00,269.00,304.00,329.00,289.00,310.00,394.00,394.00,394.00,394.00,469.00
2026-08-20 18:15:49,394.00,394.00,394.00,626.00,179.00,269.00,309.00,179.00,269.00,304.00,329.00,289.00,310.00,394.00,394.00,394.00,394.00,469.00
2026-08-20 18:25:57,394.00,394.00,394.00,626.00,179.00,269.00,309.00,179.00,269.00,304.00,329.00,289.00,310.00,394.00,394.00,394.00,394.00,469.00
2026-08-20 18:36:11,394.00,394.00,394.00,626.00,179.00,269.00,309.00,179.00,269.00,304.00,329.00,304.00,359.00,394.00,394.00,394.00,394.00,469.00
2026-08-20 18:46:04,394.00,394.00,394.00,626.00,179.00,269.00,309.00,179.00,269.00,304.00,329.00,289.00,310.00,394.00,394.00,394.00,394.00,469.00
2026-08-20 18:56:14,394.00,394.00,394.00,626.00,179.00,269.00,309.00,179.00,269.00,304.00,329.00,289.00,310.00,394.00,394.00,394.00,394.00,469.00
2026-08-20 19:06:28,394.00,394.00,394.00,626.00,179.00,269.00,309.00,179.00,269.00,304.00,329.00,289.00,310.00,394.00,394.00,394.00,394.00,469.00
2026-08-20 19:16:10,394.00,394.00,394.00,626.00,179.00,269.00,309.00,179.00,269.00,304.00,329.00,289.00,310.00,394.00,394.00,394.00,394.00,469.00
2026-08-20 19:26:16,394.00,394.00,394.00,626.00,179.00,269.00,309.00,179.00,269.00,304.00,334.00,289.00,310.00,394.00,394.00,394.00,394.00,469.00
2026-08-20 19:36:21,394.00,394.00,394.00,626.00,179.00,269.00,309.00,179.00,269.00,304.00,334.00,289.00,310.00,394.00,394.00,394.00,394.00,469.00
2026-08-20 19:46:14,394.00,394.00,394.00,626.00,179.00,269.00,309.00,179.00,269.00,304.00,334.00,289.00,310.00,394.00,394.00,394.00,394.00,469.00
2026-08-20 19:56:14,394.00,394.00,394.00,626.00,179.00,271.00,309.00,179.00,269.00,304.00,359.00,289.00,310.00,394.00,394.00,394.00,394.00,469.00
2026-08-20 20:06:17,394.00,394.00,394.00,626.00,179.00,271.00,309.00,179.00,269.00,304.00,334.00,289.00,310.00,394.00,394.00,394.00,394.00,469.00
2026-08-20 20:16:04,394.00,394.00,394.00,626.00,179.00,271.00,309.00,179.00,269.00,304.00,334.00,289.00,310.00,394.00,394.00,394.00,394.00,469.00
2026-08-20 20:25:47,394.00,394.00,394.00,626.00,179.00,271.00,309.00,179.00,269.00,304.00,334.00,289.00,310.00,394.00,394.00,394.00,394.00,469.00
2026-08-20 20:36:07,394.00,394.00,394.00,626.00,179.00,271.00,309.00,179.00,269.00,304.00,334.00,289.00,310.00,394.00,394.00,394.00,394.00,469.00
2026-08-20 20:46:08,394.00,394.00,394.00,626.00,179.00,271.00,309.00,179.00,269.00,304.00,334.00,289.00,310.00,394.00,394.00,394.00,394.00,469.00
2026-08-20 20:56:05,394.00,394.00,394.00,626.00,179.00,271.00,309.00,179.00,269.00,304.00,334.00,289.00,310.00,394.00,394.00,394.00,394.00,469.00
2026-08-20 21:06:09,394.00,394.00,394.00,626.00,179.00,271.00,309.00,179.00,269.00,304.00,334.00,289.00,310.00,394.00,394.00,394.00,394.00,469.00
2026-08-20 21:16:01,394.00,394.00,394.00,626.00,179.00,271.00,309.00,179.00,269.00,304.00,334.00,289.00,310.00,394.00,394.00,394.00,394.00,469.00
2026-08-20 21:26:18,394.00,394.00,394.00,626.00,179.00,271.00,309.00,179.00,269.00,304.00,334.00,304.00,359.00,394.00,394.00,394.00,394.00,469.00
2026-08-20 21:36:09,394.00,394.00,394.00,626.00,179.00,271.00,309.00,179.00,269.00,304.00,334.00,289.00,310.00,394.00,394.00,394.00,394.00,469.00
2026-08-20 21:46:09,394.00,394.00,394.00,626.00,179.00,271.00,309.00,179.00,269.00,304.00,334.00,289.00,310.00,394.00,394.00,394.00,394.00,469.00
2026-08-20 21:56:06,394.00,394.00,394.00,626.00,179.00,271.00,309.00,179.00,269.00,304.00,334.00,289.00,310.00,394.00,394.00,394.00,394.00,469.00
2026-08-20 22:06:08,394.00,394.00,394.00,626.00,179.00,271.00,309.00,179.00,269.00,304.00,334.00,289.00,310.00,394.00,394.00,394.00,394.00,469.00
2026-08-20 22:16:11,394.00,394.00,394.00,626.00,179.00,271.00,309.00,179.00,269.00,304.00,334.00,289.00,310.00,394.00,394.00,394.00,394.00,494.00
2026-08-20 22:26:16,394.00,394.00,394.00,626.00,179.00,279.00,309.00,179.00,269.00,304.00,334.00,289.00,310.00,394.00,394.00,394.00,394.00,494.00
2026-08-20 22:36:22,394.00,394.00,394.00,626.00,179.00,279.00,309.00,179.00,269.00,304.00,334.00,289.00,310.00,394.00,394.00,394.00,394.00,494.00
2026-08-20 22:45:58,394.00,394.00,394.00,626.00,179.00,279.00,309.00,179.00,269.00,304.00,334.00,289.00,310.00,394.00,394.00,394.00,394.00,494.00
2026-08-20 22:55:51,394.00,394.00,394.00,626.00,179.00,279.00,309.00,179.00,269.00,304.00,334.00,289.00,310.00,394.00,394.00,394.00,394.00,494.00
2026-08-20 23:06:20,394.00,394.00,394.00,626.00,179.00,279.00,309.00,179.00,269.00,304.00,334.00,289.00,310.00,394.00,394.00,394.00,394.00,494.00
2026-08-20 23:16:09,394.00,394.00,394.00,626.00,179.00,279.00,309.00,179.00,269.00,304.00,334.00,289.00,310.00,394.00,394.00,394.00,394.00,494.00
2026-08-20 23:25:56,394.00,394.00,394.00,626.00,179.00,279.00,309.00,179.00,269.00,304.00,334.00,289.00,310.00,394.00,394.00,394.00,394.00,494.00
2026-08-20 23:36:18,394.00,394.00,394.00,626.00,179.00,279.00,309.00,179.00,269.00,304.00,334.00,289.00,310.00,394.00,394.00,394.00,394.00,494.00
2026-08-20 23:46:27,394.00,394.00,394.00,626.00,179.00,279.00,309.00,179.00,269.00,304.00,334.00,289.00,310.00,394.00,394.00,394.00,394.00,494.00
2026-08-20 23:56:08,394.00,394.00,394.00,626.00,179.00,279.00,309.00,179.00,269.00,304.00,334.00,289.00,310.00,394.00,394.00,394.00,394.00,494.00
2026-08-21 00:06:45,394.00,394.00,394.00,626.00,179.00,279.00,309.00,179.00,269.00,304.00,359.00,289.00,310.00,394.00,394.00,394.00,394.00,494.00
2026-08-21 00:16:17,394.00,394.00,394.00,626.00,179.00,279.00,309.00,179.00,269.00,304.00,334.00,289.00,310.00,394.00,394.00,394.00,394.00,494.00
2026-08-21 00:26:41,394.00,394.00,394.00,626.00,179.00,279.00,309.00,179.00,269.00,304.00,359.00,289.00,310.00,394.00,394.00,394.00,394.00,494.00
2026-08-21 00:36:39,394.00,394.00,394.00,626.00,179.00,279.00,309.00,179.00,269.00,304.00,334.00,289.00,310.00,394.00,394.00,394.00,394.00,494.00
2026-08-21 00:56:20,394.00,394.00,394.00,626.00,179.00,279.00,309.00,179.00,269.00,304.00,334.00,289.00,310.00,394.00,394.00,394.00,394.00,494.00
2026-08-21 01:06:24,394.00,394.00,394.00,626.00,179.00,279.00,309.00,179.00,269.00,304.00,334.00,289.00,310.00,394.00,394.00,394.00,394.00,494.00
2026-08-21 01:16:23,394.00,394.00,394.00,626.00,179.00,279.00,309.00,179.00,269.00,304.00,334.00,289.00,310.00,394.00,394.00,394.00,394.00,494.00
2026-08-21 01:26:01,394.00,394.00,394.00,626.00,179.00,279.00,309.00,179.00,269.00,304.00,334.00,289.00,310.00,394.00,394.00,394.00,394.00,494.00
2026-08-21 01:36:19,394.00,394.00,394.00,626.00,179.00,279.00,309.00,179.00,269.00,304.00,334.00,289.00,310.00,394.00,394.00,394.00,394.00,494.00
2026-08-21 01:46:00,394.00,394.00,394.00,626.00,179.00,279.00,309.00,179.00,269.00,304.00,334.00,289.00,310.00,394.00,394.00,394.00,394.00,494.00
2026-08-21 01:56:12,394.00,394.00,394.00,626.00,179.00,279.00,309.00,179.00,269.00,304.00,334.00,289.00,310.00,394.00,394.00,394.00,394.00,494.00
2026-08-21 02:06:17,394.00,394.00,394.00,626.00,179.00,279.00,309.00,179.00,269.00,304.00,334.00,289.00,310.00,394.00,394.00,394.00,394.00,494.00
2026-08-21 02:15:59,394.00,394.00,394.00,626.00,179.00,279.00,309.00,179.00,269.00,304.00,334.00,289.00,310.00,394.00,394.00,394.00,394.00,494.00
2026-08-21 02:26:27,394.00,,394.00,,179.00,,309.00,179.00,,304.00,359.00,,,394.00,,,179.00,494.00
2026-08-21 02:36:34,394.00,394.00,394.00,626.00,179.00,279.00,309.00,179.00,269.00,304.00,334.00,304.00,359.00,394.00,394.00,394.00,394.00,494.00
2026-08-21 02:46:33,394.00,394.00,394.00,626.00,179.00,279.00,309.00,179.00,269.00,304.00,334.00,304.00,359.00,394.00,394.00,394.00,394.00,494.00
2026-08-21 02:56:24,394.00,394.00,394.00,626.00,179.00,279.00,309.00,179.00,269.00,304.00,334.00,289.00,310.00,394.00,394.00,394.00,394.00,494.00
2026-08-21 03:06:26,394.00,394.00,394.00,626.00,179.00,279.00,309.00,179.00,269.00,304.00,334.00,289.00,310.00,394.00,394.00,394.00,394.00,494.00
2026-08-21 03:16:21,394.00,394.00,394.00,626.00,179.00,279.00,309.00,179.00,269.00,304.00,334.00,289.00,310.00,394.00,394.00,394.00,394.00,494.00
2026-08-21 03:26:18,394.00,394.00,394.00,626.00,179.00,279.00,309.00,179.00,269.00,304.00,334.00,289.00,310.00,394.00,394.00,394.00,394.00,494.00
2026-08-21 03:36:09,394.00,394.00,394.00,626.00,179.00,279.00,309.00,179.00,269.00,304.00,334.00,289.00,310.00,394.00,394.00,394.00,394.00,494.00
2026-08-21 03:46:16,394.00,394.00,394.00,626.00,179.00,279.00,309.00,179.00,269.00,304.00,334.00,289.00,310.00,394.00,394.00,394.00,394.00,494.00
2026-08-21 03:56:11,394.00,394.00,394.00,626.00,179.00,279.00,309.00,179.00,269.00,304.00,334.00,289.00,310.00,394.00,394.00,394.00,394.00,494.00
2026-08-21 04:06:31,394.00,394.00,394.00,626.00,179.00,279.00,309.00,179.00,269.00,304.00,334.00,289.00,310.00,394.00,394.00,394.00,394.00,494.00
2026-08-21 04:16:02,394.00,394.00,394.00,626.00,179.00,279.00,309.00,179.00,269.00,304.00,334.00,289.00,310.00,394.00,394.00,394.00,394.00,494.00
2026-08-21 04:26:04,394.00,394.00,394.00,626.00,179.00,279.00,309.00,179.00,269.00,304.00,334.00,289.00,310.00,394.00,394.00,394.00,394.00,494.00
2026-08-21 04:35:53,394.00,394.00,394.00,626.00,179.00,279.00,309.00,179.00,269.00,304.00,334.00,289.00,310.00,394.00,394.00,394.00,394.00,494.00
2026-08-21 04:46:15,394.00,394.00,394.00,626.00,179.00,279.00,309.00,179.00,269.00,304.00,334.00,289.00,310.00,394.00,394.00,394.00,394.00,494.00
2026-08-21 04:56:28,394.00,394.00,394.00,626.00,179.00,279.00,309.00,179.00,269.00,304.00,334.00,289.00,310.00,394.00,394.00,394.00,394.00,494.00
2026-08-21 05:06:25,394.00,394.00,394.00,626.00,179.00,279.00,309.00,179.00,269.00,304.00,334.00,289.00,310.00,394.00,394.00,394.00,394.00,494.00
2026-08-21 05:16:12,394.00,394.00,394.00,626.00,179.00,276.00,309.00,179.00,269.00,304.00,334.00,289.00,310.00,394.00,394.00,394.00,394.00,494.00
2026-08-21 05:26:18,394.00,394.00,394.00,626.00,179.00,276.00,309.00,179.00,269.00,304.00,334.00,289.00,310.00,394.00,394.00,394.00,394.00,494.00
2026-08-21 05:36:07,394.00,394.00,394.00,626.00,179.00,276.00,309.00,179.00,269.00,304.00,334.00,289.00,310.00,394.00,394.00,394.00,394.00,494.00
2026-08-21 05:46:00,394.00,394.00,394.00,626.00,179.00,276.00,309.00,179.00,269.00,304.00,334.00,289.00,310.00,394.00,394.00,394.00,394.00,494.00
2026-08-21 05:56:18,394.00,394.00,394.00,626.00,179.00,276.00,309.00,179.00,269.00,304.00,334.00,289.00,310.00,394.00,394.00,394.00,394.00,494.00
2026-08-21 06:05:52,394.00,394.00,394.00,626.00,179.00,276.00,309.00,179.00,269.00,304.00,334.00,289.00,310.00,394.00,394.00,394.00,394.00,494.00
2026-08-21 06:16:17,394.00,394.00,394.00,626.00,179.00,276.00,309.00,179.00,269.00,304.00,334.00,289.00,310.00,394.00,394.00,394.00,394.00,494.00
2026-08-21 06:26:01,394.00,394.00,394.00,626.00,179.00,276.00,309.00,179.00,269.00,304.00,334.00,289.00,310.00,394.00,394.00,394.00,394.00,494.00
2026-08-21 06:36:21,394.00,394.00,394.00,626.00,179.00,276.00,309.00,179.00,269.00,304.00,269.00,289.00,310.00,394.00,394.00,394.00,394.00,394.00
2026-08-21 06:46:09,394.00,394.00,394.00,626.00,179.00,276.00,309.00,179.00,304.00,304.00,269.00,289.00,310.00,394.00,394.00,394.00,394.00,394.00
2026-08-21 06:56:10,394.00,394.00,394.00,626.00,179.00,276.00,309.00,179.00,304.00,199.00,269.00,289.00,304.00,394.00,394.00,394.00,394.00,394.00
2026-08-21 07:06:35,394.00,394.00,394.00,626.00,179.00,276.00,309.00,179.00,304.00,199.00,269.00,289.00,304.00,394.00,394.00,394.00,394.00,394.00
2026-08-21 07:16:21,394.00,394.00,394.00,626.00,179.00,324.00,309.00,179.00,304.00,199.00,269.00,289.00,304.00,394.00,394.00,394.00,394.00,394.00
2026-08-21 07:26:19,394.00,394.00,394.00,626.00,179.00,324.00,324.00,179.00,304.00,199.00,269.00,289.00,304.00,394.00,394.00,394.00,394.00,394.00
2026-08-21 07:36:15,394.00,394.00,394.00,626.00,179.00,269.00,324.00,179.00,304.00,199.00,269.00,289.00,304.00,394.00,394.00,394.00,394.00,394.00
2026-08-21 07:45:50,394.00,394.00,394.00,626.00,179.00,269.00,324.00,179.00,304.00,199.00,269.00,289.00,304.00,394.00,394.00,394.00,394.00,394.00
2026-08-21 07:56:09,394.00,394.00,394.00,626.00,179.00,269.00,324.00,179.00,304.00,199.00,269.00,289.00,304.00,394.00,394.00,394.00,394.00,394.00
2026-08-21 08:06:13,394.00,394.00,394.00,626.00,179.00,269.00,324.00,179.00,304.00,199.00,269.00,289.00,304.00,394.00,394.00,394.00,394.00,394.00
2026-08-21 08:16:13,394.00,394.00,394.00,626.00,179.00,269.00,324.00,179.00,304.00,199.00,269.00,289.00,304.00,394.00,394.00,394.00,394.00,394.00
2026-08-21 08:26:13,394.00,394.00,394.00,626.00,179.00,269.00,324.00,179.00,304.00,199.00,269.00,289.00,304.00,394.00,394.00,394.00,394.00,394.00
2026-08-21 08:36:19,394.00,394.00,394.00,626.00,179.00,269.00,324.00,179.00,304.00,199.00,269.00,289.00,304.00,394.00,394.00,394.00,394.00,394.00
2026-08-21 08:46:09,394.00,394.00,394.00,626.00,179.00,269.00,324.00,179.00,304.00,199.00,269.00,289.00,304.00,394.00,394.00,394.00,394.00,394.00
2026-08-21 08:56:11,394.00,394.00,394.00,626.00,179.00,324.00,324.00,179.00,304.00,199.00,269.00,289.00,304.00,394.00,394.00,394.00,394.00,394.00
2026-08-21 09:06:05,394.00,394.00,394.00,626.00,179.00,324.00,324.00,179.00,304.00,199.00,269.00,289.00,304.00,394.00,394.00,394.00,394.00,394.00
2026-08-21 09:16:17,394.00,394.00,394.00,626.00,179.00,324.00,324.00,179.00,304.00,199.00,269.00,289.00,304.00,394.00,394.00,394.00,394.00,394.00
2026-08-21 09:26:22,394.00,394.00,394.00,626.00,179.00,324.00,324.00,179.00,304.00,199.00,269.00,289.00,304.00,394.00,394.00,394.00,394.00,394.00
2026-08-21 09:36:16,394.00,394.00,394.00,626.00,179.00,324.00,324.00,179.00,304.00,199.00,269.00,289.00,304.00,394.00,394.00,394.00,394.00,394.00
2026-08-21 09:46:14,394.00,394.00,394.00,626.00,179.00,324.00,324.00,179.00,304.00,199.00,269.00,289.00,304.00,394.00,394.00,394.00,394.00,394.00
2026-08-21 09:55:55,394.00,394.00,394.00,626.00,179.00,324.00,324.00,179.00,304.00,199.00,269.00,289.00,304.00,394.00,394.00,394.00,394.00,394.00
2026-08-21 10:06:22,394.00,394.00,394.00,626.00,179.00,324.00,324.00,179.00,304.00,199.00,269.00,289.00,304.00,394.00,394.00,394.00,394.00,394.00
2026-08-21 10:16:14,394.00,394.00,394.00,626.00,179.00,324.00,324.00,179.00,304.00,199.00,269.00,289.00,304.00,394.00,394.00,394.00,394.00,394.00
2026-08-21 10:26:19,394.00,394.00,394.00,626.00,179.00,324.00,324.00,179.00,304.00,199.00,269.00,289.00,304.00,394.00,394.00,394.00,394.00,394.00
2026-08-21 10:36:27,394.00,394.00,394.00,626.00,179.00,324.00,324.00,179.00,304.00,199.00,269.00,289.00,304.00,394.00,394.00,394.00,394.00,394.00
2026-08-21 10:46:15,394.00,394.00,394.00,626.00,179.00,324.00,324.00,179.00,304.00,199.00,269.00,289.00,304.00,394.00,394.00,394.00,394.00,394.00
2026-08-21 10:57:09,394.00,394.00,394.00,626.00,179.00,324.00,324.00,179.00,304.00,199.00,269.00,289.00,304.00,394.00,394.00,394.00,394.00,394.00
2026-08-21 11:06:49,394.00,394.00,394.00,626.00,179.00,324.00,324.00,179.00,304.00,199.00,269.00,289.00,304.00,394.00,394.00,394.00,394.00,394.00
2026-08-21 11:16:07,394.00,394.00,394.00,626.00,179.00,324.00,324.00,179.00,304.00,199.00,269.00,289.00,304.00,394.00,394.00,394.00,394.00,394.00
2026-08-21 11:26:15,394.00,394.00,394.00,626.00,179.00,324.00,324.00,179.00,304.00,199.00,269.00,289.00,304.00,394.00,394.00,394.00,394.00,394.00
2026-08-21 11:36:05,304.00,394.00,394.00,626.00,179.00,324.00,324.00,179.00,304.00,199.00,269.00,289.00,304.00,394.00,394.00,394.00,394.00,394.00
2026-08-21 11:46:23,304.00,394.00,394.00,626.00,179.00,324.00,324.00,179.00,304.00,199.00,269.00,289.00,304.00,394.00,394.00,394.00,394.00,394.00
2026-08-21 11:56:07,304.00,394.00,394.00,626.00,179.00,324.00,324.00,179.00,304.00,199.00,269.00,289.00,304.00,394.00,394.00,394.00,394.00,394.00
2026-08-21 12:06:27,304.00,394.00,394.00,626.00,179.00,324.00,324.00,179.00,304.00,199.00,269.00,289.00,304.00,394.00,394.00,394.00,394.00,394.00
2026-08-21 12:16:28,304.00,394.00,394.00,626.00,179.00,324.00,324.00,179.00,304.00,199.00,269.00,289.00,304.00,394.00,394.00,394.00,394.00,394.00
2026-08-21 12:26:16,304.00,394.00,394.00,626.00,179.00,324.00,324.00,179.00,304.00,199.00,269.00,289.00,304.00,394.00,394.00,394.00,394.00,394.00
2026-08-21 12:35:59,304.00,394.00,394.00,626.00,179.00,324.00,324.00,179.00,304.00,199.00,269.00,289.00,304.00,394.00,394.00,394.00,394.00,394.00
2026-08-21 12:46:32,304.00,394.00,394.00,394.00,179.00,324.00,324.00,179.00,304.00,199.00,269.00,289.00,304.00,394.00,394.00,394.00,394.00,394.00
2026-08-21 12:55:54,304.00,394.00,394.00,394.00,179.00,324.00,324.00,179.00,304.00,199.00,269.00,289.00,304.00,394.00,394.00,394.00,394.00,394.00
2026-08-21 13:06:16,304.00,394.00,394.00,394.00,179.00,324.00,324.00,179.00,244.00,199.00,269.00,359.00,304.00,394.00,394.00,394.00,394.00,394.00
2026-08-21 13:16:09,304.00,394.00,394.00,394.00,179.00,324.00,324.00,179.00,244.00,199.00,269.00,359.00,304.00,394.00,394.00,394.00,394.00,394.00
2026-08-21 13:26:13,304.00,394.00,394.00,394.00,179.00,324.00,324.00,179.00,244.00,244.00,304.00,359.00,304.00,394.00,394.00,394.00,394.00,394.00
2026-08-21 13:36:21,304.00,394.00,394.00,394.00,179.00,324.00,324.00,179.00,244.00,244.00,304.00,359.00,304.00,394.00,394.00,394.00,394.00,394.00
2026-08-21 13:46:19,304.00,394.00,394.00,394.00,179.00,324.00,324.00,179.00,244.00,244.00,304.00,359.00,304.00,394.00,394.00,394.00,394.00,394.00
2026-08-21 13:56:37,,394.00,,394.00,,324.00,,,244.00,,,359.00,304.00,,394.00,394.00,394.00,
2026-08-21 14:06:36,304.00,394.00,394.00,394.00,179.00,324.00,324.00,179.00,244.00,244.00,304.00,359.00,304.00,394.00,394.00,394.00,394.00,394.00
2026-08-21 14:16:15,304.00,394.00,394.00,394.00,179.00,324.00,324.00,179.00,244.00,244.00,304.00,359.00,304.00,394.00,394.00,394.00,394.00,394.00
2026-08-21 14:26:22,359.00,394.00,449.00,394.00,179.00,324.00,324.00,179.00,244.00,244.00,304.00,359.00,304.00,394.00,394.00,394.00,394.00,394.00
2026-08-21 14:36:15,359.00,394.00,449.00,394.00,179.00,324.00,324.00,179.00,244.00,244.00,304.00,359.00,304.00,394.00,394.00,394.00,394.00,394.00
2026-08-21 14:46:29,359.00,394.00,449.00,394.00,179.00,324.00,324.00,179.00,244.00,244.00,304.00,359.00,304.00,394.00,394.00,394.00,394.00,394.00
2026-08-21 14:55:54,359.00,449.00,449.00,449.00,179.00,324.00,324.00,179.00,244.00,244.00,304.00,359.00,304.00,394.00,394.00,394.00,394.00,394.00
2026-08-21 15:05:54,359.00,449.00,449.00,449.00,179.00,324.00,324.00,179.00,244.00,244.00,304.00,359.00,304.00,394.00,394.00,394.00,394.00,394.00
2026-08-21 15:16:00,359.00,449.00,449.00,449.00,179.00,324.00,324.00,179.00,244.00,244.00,304.00,359.00,304.00,394.00,394.00,394.00,394.00,394.00
2026-08-21 15:26:23,359.00,449.00,449.00,449.00,179.00,324.00,324.00,179.00,244.00,244.00,304.00,359.00,304.00,394.00,394.00,394.00,394.00,394.00
2026-08-21 15:36:23,359.00,449.00,449.00,449.00,179.00,324.00,324.00,179.00,244.00,244.00,304.00,359.00,304.00,394.00,394.00,394.00,394.00,394.00
2026-08-21 15:46:36,359.00,449.00,449.00,449.00,179.00,324.00,324.00,179.00,244.00,244.00,304.00,359.00,304.00,394.00,394.00,394.00,394.00,394.00
2026-08-21 15:56:24,359.00,449.00,449.00,449.00,179.00,324.00,324.00,179.00,244.00,244.00,304.00,359.00,304.00,394.00,394.00,394.00,394.00,394.00
2026-08-21 16:06:47,359.00,449.00,449.00,449.00,179.00,324.00,324.00,179.00,244.00,244.00,304.00,359.00,304.00,394.00,394.00,394.00,394.00,394.00
2026-08-21 16:16:34,329.00,329.00,329.00,449.00,179.00,269.00,324.00,179.00,244.00,244.00,304.00,359.00,304.00,394.00,394.00,394.00,394.00,394.00
2026-08-21 16:25:54,329.00,329.00,329.00,449.00,179.00,269.00,324.00,179.00,244.00,244.00,304.00,359.00,304.00,394.00,394.00,394.00,394.00,394.00
2026-08-21 16:36:22,329.00,329.00,329.00,449.00,179.00,269.00,324.00,179.00,244.00,244.00,304.00,359.00,304.00,394.00,394.00,394.00,394.00,394.00
2026-08-21 16:46:20,329.00,,329.00,,179.00,,324.00,179.00,,244.00,304.00,,,394.00,,,179.00,394.00
2026-08-21 16:56:15,329.00,329.00,329.00,449.00,179.00,269.00,324.00,179.00,244.00,244.00,304.00,359.00,304.00,394.00,394.00,394.00,394.00,394.00
2026-08-21 17:05:51,329.00,329.00,329.00,449.00,179.00,269.00,324.00,179.00,244.00,244.00,304.00,359.00,304.00,394.00,394.00,394.00,394.00,394.00
2026-08-21 17:16:18,329.00,329.00,329.00,449.00,179.00,269.00,324.00,179.00,244.00,244.00,304.00,359.00,304.00,394.00,394.00,394.00,394.00,394.00
2026-08-21 17:26:19,329.00,329.00,329.00,449.00,179.00,269.00,324.00,179.00,244.00,244.00,304.00,359.00,304.00,394.00,394.00,394.00,394.00,394.00
2026-08-21 17:36:36,329.00,362.00,329.00,484.00,179.00,269.00,324.00,179.00,244.00,244.00,304.00,359.00,304.00,394.00,394.00,394.00,394.00,394.00
2026-08-21 17:46:02,362.00,362.00,362.00,484.00,179.00,269.00,324.00,179.00,244.00,244.00,304.00,359.00,304.00,394.00,394.00,394.00,394.00,394.00
2026-08-21 17:56:43,362.00,362.00,362.00,484.00,179.00,269.00,324.00,179.00,244.00,244.00,304.00,359.00,304.00,394.00,394.00,394.00,394.00,394.00
2026-08-21 18:06:48,362.00,362.00,362.00,484.00,179.00,269.00,324.00,179.00,244.00,244.00,304.00,304.00,359.00,394.00,394.00,394.00,394.00,394.00
2026-08-21 18:16:25,362.00,362.00,362.00,484.00,179.00,269.00,324.00,179.00,244.00,244.00,304.00,304.00,359.00,394.00,394.00,394.00,394.00,394.00
2026-08-21 18:26:24,362.00,362.00,362.00,484.00,179.00,269.00,324.00,179.00,244.00,244.00,304.00,304.00,359.00,394.00,394.00,394.00,394.00,394.00
2026-08-21 18:36:33,362.00,362.00,362.00,484.00,179.00,269.00,324.00,179.00,244.00,244.00,304.00,304.00,359.00,394.00,394.00,394.00,394.00,394.00
2026-08-21 18:46:22,362.00,362.00,362.00,484.00,179.00,269.00,324.00,179.00,244.00,244.00,304.00,304.00,359.00,394.00,394.00,394.00,394.00,394.00
2026-08-21 18:56:26,362.00,362.00,362.00,584.00,179.00,269.00,324.00,179.00,244.00,244.00,304.00,304.00,359.00,394.00,394.00,394.00,394.00,394.00
2026-08-21 19:06:09,362.00,362.00,362.00,584.00,179.00,269.00,324.00,179.00,244.00,244.00,304.00,304.00,359.00,394.00,394.00,394.00,394.00,394.00
2026-08-21 19:16:20,362.00,362.00,362.00,584.00,179.00,269.00,324.00,179.00,244.00,244.00,304.00,304.00,359.00,394.00,394.00,394.00,394.00,394.00
2026-08-21 19:26:07,362.00,362.00,362.00,584.00,179.00,269.00,324.00,179.00,244.00,244.00,304.00,304.00,359.00,394.00,394.00,394.00,394.00,394.00
2026-08-21 19:36:23,362.00,362.00,362.00,584.00,179.00,324.00,324.00,179.00,244.00,244.00,304.00,304.00,359.00,394.00,394.00,394.00,394.00,394.00
2026-08-21 19:46:21,362.00,362.00,362.00,584.00,179.00,324.00,324.00,179.00,244.00,244.00,304.00,304.00,359.00,394.00,394.00,394.00,394.00,394.00
2026-08-21 19:56:21,362.00,362.00,362.00,584.00,179.00,324.00,324.00,179.00,244.00,244.00,304.00,304.00,359.00,394.00,394.00,394.00,394.00,394.00
2026-08-21 20:06:32,362.00,362.00,362.00,584.00,179.00,324.00,324.00,179.00,244.00,244.00,304.00,304.00,359.00,394.00,394.00,394.00,394.00,394.00
2026-08-21 20:15:46,362.00,362.00,362.00,584.00,179.00,269.00,324.00,179.00,244.00,244.00,304.00,304.00,359.00,394.00,394.00,394.00,394.00,394.00
2026-08-21 20:26:29,362.00,362.00,362.00,584.00,179.00,269.00,324.00,179.00,244.00,244.00,304.00,304.00,359.00,394.00,394.00,394.00,394.00,394.00
2026-08-21 20:36:35,362.00,362.00,362.00,584.00,179.00,269.00,324.00,179.00,244.00,244.00,304.00,304.00,359.00,394.00,394.00,394.00,394.00,394.00
2026-08-21 20:46:36,362.00,362.00,362.00,584.00,179.00,269.00,324.00,179.00,244.00,244.00,304.00,304.00,359.00,394.00,394.00,394.00,394.00,394.00
2026-08-21 20:56:27,362.00,,362.00,,179.00,,324.00,179.00,,244.00,304.00,,,394.00,,,179.00,394.00
2026-08-21 21:06:34,362.00,362.00,362.00,584.00,179.00,269.00,324.00,179.00,244.00,244.00,304.00,304.00,359.00,394.00,394.00,394.00,394.00,394.00
2026-08-21 21:16:37,362.00,362.00,362.00,584.00,179.00,269.00,324.00,179.00,244.00,244.00,304.00,304.00,359.00,394.00,394.00,394.00,394.00,394.00
2026-08-21 21:26:16,362.00,362.00,362.00,584.00,179.00,269.00,324.00,179.00,244.00,244.00,304.00,304.00,359.00,394.00,394.00,394.00,394.00,394.00
2026-08-21 21:36:39,362.00,362.00,362.00,584.00,179.00,269.00,324.00,179.00,244.00,244.00,304.00,304.00,359.00,394.00,394.00,394.00,394.00,394.00
2026-08-21 21:46:22,362.00,362.00,362.00,584.00,179.00,269.00,324.00,179.00,244.00,244.00,304.00,304.00,359.00,394.00,394.00,394.00,394.00,394.00
2026-08-21 21:56:29,362.00,362.00,362.00,584.00,179.00,269.00,324.00,179.00,244.00,244.00,304.00,304.00,359.00,394.00,394.00,394.00,394.00,394.00
2026-08-21 22:06:50,362.00,362.00,362.00,584.00,179.00,269.00,324.00,179.00,244.00,244.00,304.00,304.00,359.00,394.00,394.00,394.00,394.00,394.00
2026-08-21 22:16:14,362.00,362.00,362.00,584.00,179.00,269.00,324.00,179.00,244.00,244.00,304.00,304.00,359.00,394.00,394.00,394.00,394.00,394.00
2026-08-21 22:26:30,362.00,362.00,362.00,584.00,179.00,269.00,324.00,179.00,244.00,244.00,304.00,304.00,359.00,394.00,394.00,394.00,394.00,394.00
2026-08-21 22:36:12,362.00,362.00,362.00,584.00,179.00,269.00,324.00,179.00,244.00,244.00,304.00,304.00,359.00,394.00,394.00,394.00,394.00,394.00
2026-08-21 22:46:38,362.00,362.00,362.00,584.00,179.00,269.00,324.00,179.00,244.00,244.00,304.00,304.00,359.00,394.00,394.00,394.00,394.00,394.00
2026-08-21 22:56:25,362.00,362.00,362.00,584.00,179.00,269.00,324.00,179.00,244.00,244.00,304.00,304.00,359.00,394.00,394.00,394.00,394.00,394.00
2026-08-21 23:06:50,362.00,362.00,362.00,584.00,179.00,269.00,324.00,179.00,244.00,244.00,304.00,304.00,359.00,394.00,394.00,394.00,394.00,394.00
2026-08-21 23:16:23,362.00,362.00,362.00,584.00,179.00,269.00,324.00,179.00,244.00,244.00,304.00,304.00,359.00,394.00,394.00,394.00,394.00,394.00
2026-08-21 23:26:25,362.00,362.00,362.00,584.00,179.00,269.00,324.00,179.00,244.00,244.00,304.00,304.00,359.00,394.00,394.00,394.00,394.00,394.00
2026-08-21 23:36:30,362.00,362.00,362.00,584.00,179.00,269.00,324.00,179.00,244.00,244.00,304.00,304.00,359.00,394.00,394.00,394.00,394.00,394.00
2026-08-21 23:46:26,362.00,362.00,362.00,584.00,179.00,269.00,324.00,179.00,244.00,244.00,304.00,304.00,359.00,394.00,394.00,394.00,394.00,394.00
2026-08-21 23:56:21,362.00,362.00,362.00,584.00,179.00,269.00,324.00,179.00,244.00,244.00,304.00,304.00,359.00,394.00,394.00,394.00,394.00,394.00
2026-08-22 00:06:44,362.00,362.00,362.00,584.00,179.00,269.00,324.00,179.00,244.00,244.00,304.00,304.00,359.00,394.00,394.00,394.00,394.00,394.00
2026-08-22 00:15:46,362.00,362.00,362.00,584.00,179.00,269.00,324.00,179.00,244.00,244.00,304.00,304.00,359.00,394.00,394.00,394.00,394.00,394.00
2026-08-22 00:26:28,362.00,362.00,362.00,584.00,179.00,269.00,324.00,179.00,244.00,244.00,304.00,304.00,359.00,394.00,394.00,394.00,394.00,394.00
2026-08-22 00:36:44,362.00,362.00,362.00,584.00,179.00,269.00,324.00,179.00,244.00,244.00,304.00,304.00,359.00,394.00,394.00,394.00,394.00,394.00
2026-08-22 00:46:24,362.00,362.00,362.00,584.00,179.00,269.00,324.00,179.00,244.00,244.00,304.00,304.00,359.00,394.00,394.00,394.00,394.00,394.00
2026-08-22 00:56:05,362.00,362.00,362.00,584.00,179.00,269.00,324.00,179.00,244.00,244.00,304.00,304.00,359.00,394.00,394.00,394.00,394.00,394.00
2026-08-22 01:06:29,362.00,362.00,362.00,584.00,179.00,269.00,324.00,179.00,244.00,244.00,304.00,304.00,359.00,394.00,394.00,394.00,394.00,394.00
2026-08-22 01:16:21,362.00,362.00,362.00,584.00,179.00,269.00,324.00,179.00,244.00,244.00,304.00,304.00,359.00,394.00,394.00,394.00,394.00,394.00
2026-08-22 01:26:36,362.00,362.00,362.00,584.00,179.00,269.00,324.00,179.00,244.00,244.00,304.00,304.00,359.00,394.00,394.00,394.00,394.00,394.00
2026-08-22 01:36:32,362.00,362.00,362.00,584.00,179.00,269.00,324.00,179.00,244.00,244.00,304.00,304.00,359.00,394.00,394.00,394.00,394.00,394.00
2026-08-22 01:46:43,362.00,362.00,362.00,584.00,179.00,269.00,324.00,179.00,244.00,244.00,304.00,304.00,359.00,394.00,394.00,394.00,394.00,394.00
2026-08-22 01:56:34,362.00,362.00,362.00,584.00,179.00,269.00,324.00,179.00,244.00,244.00,304.00,304.00,359.00,394.00,394.00,394.00,394.00,394.00
2026-08-22 02:06:58,,362.00,,584.00,,269.00,,,244.00,,,304.00,359.00,,394.00,394.00,394.00,
2026-08-22 02:16:24,362.00,362.00,362.00,584.00,179.00,269.00,324.00,179.00,244.00,244.00,304.00,304.00,359.00,394.00,394.00,394.00,394.00,394.00
2026-08-22 02:26:47,362.00,362.00,362.00,584.00,179.00,269.00,324.00,179.00,244.00,244.00,304.00,304.00,359.00,394.00,394.00,394.00,394.00,394.00
2026-08-22 02:36:43,362.00,362.00,362.00,584.00,179.00,269.00,324.00,179.00,244.00,244.00,304.00,304.00,359.00,394.00,394.00,394.00,394.00,394.00
2026-08-22 02:46:40,362.00,362.00,362.00,584.00,179.00,269.00,324.00,179.00,244.00,244.00,304.00,304.00,359.00,394.00,394.00,394.00,394.00,394.00
2026-08-22 02:56:14,362.00,362.00,362.00,584.00,179.00,269.00,324.00,179.00,244.00,244.00,304.00,304.00,359.00,394.00,394.00,394.00,394.00,394.00
2026-08-22 03:06:11,362.00,362.00,362.00,584.00,179.00,269.00,324.00,179.00,244.00,244.00,304.00,304.00,359.00,394.00,394.00,394.00,394.00,394.00
2026-08-22 03:16:39,362.00,362.00,362.00,584.00,179.00,269.00,324.00,179.00,244.00,244.00,304.00,304.00,359.00,394.00,394.00,394.00,394.00,394.00
2026-08-22 03:26:37,362.00,362.00,362.00,584.00,179.00,269.00,324.00,179.00,244.00,244.00,304.00,304.00,359.00,394.00,394.00,394.00,394.00,394.00
2026-08-22 03:36:38,362.00,362.00,362.00,584.00,179.00,269.00,324.00,179.00,244.00,244.00,304.00,304.00,359.00,394.00,394.00,394.00,394.00,394.00
2026-08-22 03:46:19,362.00,362.00,362.00,584.00,179.00,269.00,324.00,179.00,244.00,244.00,304.00,304.00,359.00,394.00,394.00,394.00,394.00,394.00
2026-08-22 03:56:40,362.00,362.00,362.00,584.00,179.00,324.00,324.00,179.00,244.00,244.00,304.00,304.00,359.00,394.00,394.00,394.00,394.00,394.00
2026-08-22 04:06:37,362.00,362.00,362.00,584.00,179.00,324.00,324.00,179.00,244.00,244.00,304.00,304.00,359.00,394.00,394.00,394.00,394.00,394.00
2026-08-22 04:16:36,362.00,362.00,362.00,584.00,179.00,324.00,324.00,179.00,244.00,244.00,304.00,304.00,359.00,394.00,394.00,394.00,394.00,394.00
2026-08-22 04:26:26,362.00,362.00,362.00,584.00,179.00,269.00,324.00,179.00,244.00,244.00,304.00,304.00,359.00,394.00,394.00,394.00,394.00,394.00
2026-08-22 04:36:29,362.00,362.00,362.00,584.00,179.00,269.00,324.00,179.00,244.00,244.00,304.00,304.00,359.00,394.00,394.00,394.00,394.00,394.00
2026-08-22 04:46:27,362.00,362.00,362.00,584.00,179.00,269.00,324.00,179.00,244.00,244.00,304.00,304.00,359.00,394.00,394.00,394.00,394.00,394.00
2026-08-22 04:56:33,362.00,362.00,362.00,584.00,179.00,269.00,324.00,179.00,244.00,244.00,304.00,304.00,359.00,394.00,394.00,394.00,394.00,394.00
2026-08-22 05:06:36,362.00,362.00,362.00,584.00,179.00,269.00,324.00,179.00,244.00,244.00,304.00,304.00,359.00,394.00,394.00,394.00,394.00,394.00
2026-08-22 05:16:37,362.00,362.00,362.00,584.00,179.00,269.00,324.00,179.00,244.00,244.00,304.00,304.00,359.00,394.00,394.00,394.00,394.00,394.00
2026-08-22 05:26:42,362.00,362.00,362.00,584.00,179.00,269.00,324.00,179.00,244.00,244.00,304.00,304.00,359.00,394.00,394.00,394.00,394.00,394.00
2026-08-22 05:35:47,362.00,362.00,362.00,584.00,179.00,269.00,324.00,179.00,244.00,244.00,304.00,304.00,359.00,394.00,394.00,394.00,394.00,394.00
2026-08-22 05:46:41,362.00,362.00,362.00,584.00,179.00,269.00,324.00,179.00,244.00,244.00,304.00,304.00,359.00,394.00,394.00,394.00,394.00,394.00
2026-08-22 05:56:05,362.00,362.00,362.00,584.00,179.00,269.00,324.00,179.00,244.00,244.00,304.00,304.00,359.00,394.00,394.00,394.00,394.00,394.00
2026-08-22 06:06:35,362.00,362.00,362.00,584.00,179.00,269.00,324.00,179.00,244.00,244.00,304.00,304.00,359.00,394.00,394.00,394.00,394.00,394.00
2026-08-22 06:16:50,362.00,362.00,362.00,584.00,179.00,269.00,324.00,179.00,244.00,244.00,304.00,304.00,359.00,394.00,394.00,394.00,394.00,394.00
2026-08-22 06:26:43,362.00,362.00,362.00,584.00,179.00,269.00,324.00,179.00,244.00,244.00,304.00,304.00,359.00,394.00,394.00,394.00,394.00,394.00
2026-08-22 06:36:48,362.00,362.00,362.00,584.00,179.00,269.00,324.00,179.00,244.00,244.00,304.00,304.00,359.00,394.00,394.00,394.00,394.00,394.00
2026-08-22 06:46:22,362.00,362.00,362.00,584.00,179.00,269.00,324.00,179.00,304.00,244.00,304.00,304.00,304.00,394.00,394.00,394.00,394.00,394.00
2026-08-22 06:55:54,362.00,362.00,362.00,584.00,179.00,269.00,324.00,179.00,304.00,199.00,269.00,304.00,304.00,394.00,394.00,394.00,394.00,394.00
2026-08-22 07:07:02,,362.00,,584.00,,324.00,,,304.00,,,304.00,304.00,,394.00,394.00,394.00,
2026-08-22 07:16:34,362.00,362.00,362.00,584.00,179.00,324.00,324.00,179.00,304.00,199.00,269.00,304.00,304.00,394.00,394.00,394.00,394.00,394.00
2026-08-22 07:26:46,362.00,362.00,362.00,584.00,179.00,324.00,324.00,179.00,304.00,199.00,269.00,304.00,304.00,394.00,394.00,394.00,394.00,394.00
2026-08-22 07:36:46,362.00,362.00,362.00,584.00,179.00,282.00,310.00,179.00,304.00,199.00,269.00,304.00,304.00,394.00,394.00,394.00,394.00,394.00
2026-08-22 07:46:50,362.00,362.00,362.00,584.00,179.00,282.00,310.00,179.00,304.00,199.00,269.00,304.00,304.00,394.00,394.00,394.00,394.00,394.00
2026-08-22 07:56:41,362.00,362.00,362.00,584.00,179.00,282.00,310.00,179.00,304.00,199.00,269.00,304.00,304.00,394.00,394.00,394.00,394.00,394.00
2026-08-22 08:06:51,362.00,362.00,362.00,584.00,179.00,282.00,310.00,179.00,304.00,199.00,269.00,304.00,304.00,394.00,394.00,394.00,394.00,394.00
2026-08-22 08:16:38,362.00,362.00,362.00,584.00,179.00,282.00,310.00,179.00,304.00,199.00,269.00,304.00,304.00,394.00,394.00,394.00,394.00,394.00
2026-08-22 08:26:50,362.00,362.00,362.00,584.00,179.00,282.00,310.00,179.00,304.00,199.00,269.00,304.00,304.00,394.00,394.00,394.00,394.00,394.00
2026-08-22 08:36:52,362.00,362.00,362.00,584.00,179.00,282.00,310.00,179.00,304.00,199.00,269.00,304.00,304.00,394.00,394.00,394.00,394.00,394.00
2026-08-22 08:46:37,362.00,362.00,362.00,584.00,179.00,282.00,310.00,179.00,304.00,199.00,269.00,304.00,304.00,394.00,394.00,394.00,394.00,394.00
2026-08-22 08:56:14,362.00,362.00,362.00,584.00,179.00,282.00,310.00,179.00,304.00,199.00,269.00,304.00,304.00,394.00,394.00,394.00,394.00,394.00
2026-08-22 09:06:52,362.00,362.00,362.00,584.00,179.00,282.00,310.00,179.00,304.00,199.00,269.00,304.00,304.00,394.00,394.00,394.00,394.00,394.00
2026-08-22 09:16:16,362.00,362.00,362.00,584.00,179.00,282.00,310.00,179.00,304.00,199.00,269.00,304.00,304.00,394.00,394.00,394.00,394.00,394.00
2026-08-22 09:26:47,362.00,362.00,362.00,584.00,179.00,282.00,310.00,179.00,304.00,199.00,269.00,304.00,304.00,394.00,394.00,394.00,394.00,394.00
2026-08-22 09:36:40,362.00,362.00,362.00,584.00,179.00,283.00,311.00,179.00,304.00,199.00,269.00,304.00,304.00,394.00,394.00,394.00,394.00,394.00
2026-08-22 09:46:43,362.00,362.00,362.00,584.00,179.00,283.00,311.00,179.00,304.00,199.00,269.00,304.00,304.00,394.00,394.00,394.00,394.00,394.00
2026-08-22 09:56:02,362.00,362.00,362.00,584.00,179.00,283.00,311.00,179.00,304.00,199.00,269.00,304.00,304.00,394.00,394.00,394.00,394.00,394.00
2026-08-22 10:06:32,362.00,362.00,362.00,584.00,179.00,283.00,311.00,179.00,304.00,199.00,269.00,304.00,304.00,394.00,394.00,394.00,394.00,394.00
2026-08-22 10:26:38,362.00,362.00,362.00,584.00,179.00,283.00,311.00,179.00,304.00,199.00,269.00,304.00,304.00,394.00,394.00,394.00,394.00,394.00
2026-08-22 10:36:55,362.00,362.00,362.00,584.00,179.00,283.00,311.00,179.00,304.00,199.00,269.00,304.00,304.00,394.00,394.00,394.00,394.00,394.00
2026-08-22 10:46:46,362.00,362.00,362.00,584.00,179.00,283.00,311.00,179.00,304.00,199.00,269.00,304.00,304.00,394.00,394.00,394.00,394.00,394.00
2026-08-22 10:56:42,362.00,362.00,362.00,584.00,179.00,283.00,311.00,179.00,304.00,199.00,269.00,304.00,304.00,394.00,394.00,394.00,394.00,394.00
2026-08-22 11:06:42,362.00,362.00,362.00,584.00,179.00,283.00,311.00,179.00,304.00,199.00,269.00,304.00,304.00,394.00,394.00,394.00,394.00,394.00
2026-08-22 11:16:42,362.00,362.00,362.00,584.00,179.00,283.00,311.00,179.00,304.00,199.00,269.00,304.00,304.00,394.00,394.00,394.00,394.00,394.00
2026-08-22 11:26:30,362.00,362.00,362.00,584.00,179.00,283.00,311.00,179.00,304.00,199.00,269.00,304.00,304.00,394.00,394.00,394.00,394.00,394.00
2026-08-22 11:36:50,362.00,362.00,362.00,584.00,179.00,283.00,311.00,179.00,304.00,199.00,269.00,304.00,304.00,394.00,394.00,394.00,394.00,394.00
2026-08-22 11:46:42,362.00,362.00,362.00,584.00,179.00,283.00,311.00,179.00,304.00,199.00,269.00,304.00,304.00,394.00,394.00,394.00,394.00,394.00
2026-08-22 11:56:40,362.00,362.00,362.00,584.00,179.00,283.00,311.00,179.00,304.00,199.00,269.00,304.00,304.00,394.00,394.00,394.00,394.00,394.00
2026-08-22 12:06:52,362.00,362.00,362.00,584.00,179.00,283.00,311.00,179.00,304.00,199.00,269.00,304.00,304.00,394.00,394.00,394.00,394.00,394.00
2026-08-22 12:16:09,362.00,362.00,362.00,584.00,179.00,283.00,311.00,179.00,304.00,199.00,269.00,304.00,304.00,394.00,394.00,394.00,394.00,394.00
2026-08-22 12:26:08,362.00,362.00,362.00,584.00,179.00,283.00,311.00,179.00,304.00,199.00,269.00,304.00,304.00,394.00,394.00,394.00,394.00,394.00
2026-08-22 12:36:52,362.00,,362.00,,179.00,,311.00,179.00,,199.00,269.00,,,394.00,,,179.00,394.00
2026-08-22 12:46:33,362.00,362.00,362.00,584.00,179.00,283.00,311.00,179.00,304.00,199.00,269.00,304.00,304.00,394.00,394.00,394.00,394.00,394.00
2026-08-22 12:56:49,362.00,362.00,362.00,584.00,179.00,283.00,311.00,179.00,304.00,199.00,269.00,304.00,304.00,394.00,394.00,394.00,394.00,394.00
2026-08-22 13:06:29,362.00,362.00,362.00,584.00,179.00,283.00,311.00,179.00,269.00,199.00,269.00,304.00,304.00,394.00,394.00,394.00,394.00,394.00
2026-08-22 13:16:20,362.00,626.00,362.00,584.00,179.00,283.00,311.00,179.00,269.00,199.00,269.00,304.00,304.00,394.00,394.00,394.00,394.00,394.00
2026-08-22 13:26:48,362.00,626.00,362.00,584.00,179.00,283.00,311.00,179.00,269.00,244.00,304.00,304.00,304.00,394.00,394.00,394.00,394.00,394.00
2026-08-22 13:36:44,362.00,626.00,362.00,584.00,179.00,283.00,311.00,179.00,269.00,244.00,304.00,304.00,304.00,394.00,394.00,394.00,394.00,394.00
2026-08-22 13:46:10,362.00,626.00,362.00,584.00,179.00,283.00,311.00,179.00,269.00,244.00,304.00,304.00,304.00,394.00,394.00,394.00,394.00,394.00
2026-08-22 13:56:30,362.00,626.00,362.00,584.00,179.00,283.00,311.00,179.00,269.00,244.00,304.00,304.00,304.00,394.00,394.00,394.00,394.00,394.00
2026-08-22 14:06:47,362.00,626.00,362.00,584.00,179.00,283.00,311.00,179.00,269.00,244.00,304.00,304.00,304.00,394.00,394.00,394.00,394.00,394.00
2026-08-22 14:16:40,362.00,626.00,362.00,584.00,179.00,283.00,311.00,179.00,269.00,244.00,304.00,304.00,304.00,394.00,394.00,394.00,394.00,394.00
2026-08-22 14:26:41,362.00,626.00,362.00,584.00,179.00,283.00,311.00,179.00,269.00,244.00,304.00,304.00,304.00,394.00,394.00,394.00,394.00,394.00
2026-08-22 14:36:48,362.00,626.00,362.00,584.00,179.00,283.00,311.00,179.00,269.00,244.00,304.00,304.00,304.00,394.00,394.00,394.00,394.00,394.00
2026-08-22 14:46:39,362.00,626.00,362.00,584.00,179.00,283.00,311.00,179.00,269.00,244.00,304.00,304.00,304.00,394.00,394.00,394.00,394.00,394.00
2026-08-22 14:56:46,362.00,626.00,362.00,584.00,179.00,283.00,311.00,179.00,269.00,244.00,304.00,304.00,304.00,394.00,394.00,394.00,394.00,394.00
2026-08-22 15:06:31,362.00,,362.00,,179.00,,311.00,179.00,,244.00,304.00,,,394.00,,,179.00,394.00
2026-08-22 15:16:28,362.00,626.00,362.00,584.00,179.00,283.00,311.00,179.00,269.00,244.00,304.00,304.00,304.00,394.00,394.00,394.00,394.00,394.00
2026-08-22 15:27:01,362.00,626.00,362.00,584.00,179.00,277.00,311.00,179.00,269.00,244.00,304.00,304.00,304.00,394.00,394.00,394.00,394.00,394.00
2026-08-22 15:36:40,362.00,626.00,362.00,584.00,179.00,280.00,311.00,179.00,269.00,244.00,304.00,304.00,304.00,394.00,394.00,394.00,394.00,394.00
2026-08-22 15:46:58,362.00,626.00,362.00,584.00,179.00,280.00,311.00,179.00,269.00,244.00,304.00,304.00,304.00,394.00,394.00,394.00,394.00,394.00
2026-08-22 15:56:29,362.00,626.00,362.00,584.00,179.00,284.00,311.00,179.00,269.00,244.00,304.00,304.00,304.00,394.00,394.00,394.00,394.00,394.00
2026-08-22 16:06:49,,626.00,,584.00,,284.00,,,269.00,,,304.00,304.00,,394.00,394.00,394.00,
2026-08-22 16:16:35,362.00,626.00,362.00,584.00,179.00,284.00,311.00,179.00,269.00,244.00,304.00,304.00,304.00,394.00,394.00,394.00,394.00,394.00
2026-08-22 16:26:34,362.00,,362.00,,179.00,,311.00,179.00,,244.00,304.00,,,394.00,,,179.00,394.00
2026-08-22 16:36:59,362.00,626.00,362.00,584.00,179.00,284.00,311.00,179.00,269.00,244.00,304.00,304.00,304.00,394.00,394.00,394.00,394.00,394.00
2026-08-22 16:45:51,362.00,626.00,362.00,584.00,179.00,284.00,311.00,179.00,269.00,244.00,304.00,304.00,304.00,394.00,394.00,394.00,394.00,394.00
2026-08-22 16:56:13,362.00,626.00,362.00,584.00,179.00,284.00,311.00,179.00,269.00,244.00,304.00,304.00,304.00,394.00,394.00,394.00,394.00,394.00
2026-08-22 17:16:19,362.00,626.00,362.00,584.00,179.00,284.00,311.00,179.00,269.00,244.00,304.00,304.00,304.00,394.00,394.00,394.00,394.00,394.00
2026-08-22 17:26:49,362.00,626.00,362.00,584.00,179.00,284.00,311.00,179.00,269.00,244.00,304.00,304.00,304.00,394.00,394.00,394.00,394.00,394.00
2026-08-22 17:36:44,362.00,626.00,362.00,584.00,179.00,284.00,311.00,179.00,269.00,244.00,304.00,304.00,304.00,394.00,394.00,394.00,394.00,394.00
2026-08-22 17:46:32,362.00,626.00,362.00,584.00,179.00,284.00,311.00,179.00,269.00,244.00,304.00,304.00,304.00,394.00,394.00,394.00,394.00,394.00
2026-08-22 17:56:54,362.00,626.00,362.00,584.00,179.00,284.00,311.00,179.00,269.00,244.00,304.00,304.00,304.00,394.00,394.00,394.00,394.00,394.00
2026-08-22 18:06:56,362.00,626.00,362.00,584.00,179.00,292.00,303.00,179.00,269.00,244.00,304.00,304.00,304.00,394.00,394.00,394.00,394.00,394.00
2026-08-22 18:16:56,362.00,626.00,362.00,584.00,179.00,292.00,303.00,179.00,269.00,244.00,304.00,304.00,304.00,394.00,394.00,394.00,394.00,394.00
2026-08-22 18:26:44,362.00,626.00,362.00,584.00,179.00,292.00,303.00,179.00,269.00,244.00,304.00,304.00,304.00,394.00,394.00,394.00,394.00,394.00
2026-08-22 18:37:02,,626.00,,584.00,,292.00,,,269.00,,,304.00,304.00,,394.00,394.00,394.00,
2026-08-22 18:46:57,362.00,626.00,362.00,584.00,179.00,292.00,303.00,179.00,269.00,244.00,304.00,304.00,304.00,394.00,394.00,394.00,394.00,394.00
2026-08-22 18:56:46,362.00,626.00,362.00,584.00,179.00,292.00,303.00,179.00,269.00,244.00,304.00,304.00,304.00,394.00,394.00,394.00,394.00,394.00
2026-08-22 19:07:08,,626.00,,584.00,,292.00,,,269.00,,,304.00,304.00,,394.00,394.00,394.00,
2026-08-22 19:26:35,362.00,626.00,362.00,584.00,179.00,292.00,303.00,179.00,269.00,244.00,304.00,304.00,304.00,394.00,394.00,394.00,394.00,394.00
2026-08-22 19:36:55,362.00,626.00,362.00,584.00,179.00,292.00,303.00,179.00,269.00,244.00,304.00,304.00,304.00,394.00,394.00,394.00,394.00,394.00
2026-08-22 19:46:45,362.00,,362.00,,179.00,,303.00,179.00,,244.00,304.00,,,394.00,,,179.00,394.00
2026-08-22 19:56:41,362.00,626.00,362.00,584.00,179.00,292.00,303.00,179.00,269.00,244.00,304.00,304.00,304.00,394.00,394.00,394.00,394.00,394.00
2026-08-22 20:07:01,362.00,626.00,362.00,584.00,179.00,292.00,303.00,179.00,269.00,244.00,304.00,304.00,304.00,394.00,394.00,394.00,394.00,394.00
2026-08-22 20:16:58,362.00,626.00,362.00,584.00,179.00,292.00,295.00,179.00,269.00,244.00,304.00,304.00,304.00,394.00,394.00,394.00,394.00,394.00
2026-08-22 20:27:12,362.00,626.00,362.00,584.00,179.00,292.00,295.00,179.00,269.00,244.00,304.00,304.00,304.00,394.00,394.00,394.00,394.00,394.00
2026-08-22 20:36:48,362.00,626.00,362.00,584.00,179.00,292.00,295.00,179.00,269.00,244.00,304.00,304.00,304.00,394.00,394.00,394.00,394.00,394.00
2026-08-22 20:46:34,362.00,626.00,362.00,584.00,179.00,292.00,295.00,179.00,269.00,244.00,304.00,304.00,304.00,394.00,394.00,394.00,394.00,394.00
2026-08-22 20:56:56,362.00,626.00,362.00,584.00,179.00,292.00,295.00,179.00,269.00,244.00,304.00,304.00,304.00,394.00,394.00,394.00,394.00,394.00
2026-08-22 21:06:48,362.00,626.00,362.00,584.00,179.00,292.00,295.00,179.00,269.00,244.00,304.00,304.00,304.00,394.00,394.00,394.00,394.00,394.00
2026-08-22 21:16:34,362.00,626.00,362.00,584.00,179.00,292.00,295.00,179.00,269.00,244.00,304.00,304.00,304.00,394.00,394.00,394.00,394.00,394.00
2026-08-22 21:26:20,362.00,626.00,362.00,584.00,179.00,292.00,295.00,179.00,269.00,244.00,304.00,304.00,304.00,394.00,394.00,394.00,394.00,394.00
2026-08-22 21:36:46,362.00,626.00,362.00,584.00,179.00,292.00,295.00,179.00,269.00,244.00,304.00,304.00,304.00,394.00,394.00,394.00,394.00,394.00
2026-08-22 21:46:36,362.00,626.00,362.00,584.00,179.00,292.00,295.00,179.00,269.00,244.00,304.00,304.00,304.00,394.00,394.00,394.00,394.00,394.00
2026-08-22 21:56:40,362.00,626.00,362.00,584.00,179.00,292.00,295.00,179.00,269.00,244.00,304.00,304.00,304.00,394.00,394.00,394.00,394.00,394.00
2026-08-22 22:06:39,362.00,626.00,362.00,584.00,179.00,292.00,295.00,179.00,269.00,244.00,304.00,304.00,304.00,394.00,394.00,394.00,394.00,394.00
2026-08-22 22:16:32,362.00,626.00,362.00,584.00,179.00,301.00,295.00,179.00,269.00,244.00,304.00,304.00,304.00,394.00,394.00,394.00,394.00,394.00
2026-08-22 22:26:56,362.00,626.00,362.00,584.00,179.00,301.00,295.00,179.00,269.00,244.00,304.00,304.00,304.00,394.00,394.00,394.00,394.00,394.00
2026-08-22 22:36:43,362.00,626.00,362.00,584.00,179.00,301.00,295.00,179.00,269.00,244.00,304.00,304.00,304.00,394.00,394.00,394.00,394.00,394.00
2026-08-22 22:46:36,362.00,626.00,362.00,584.00,179.00,301.00,295.00,179.00,269.00,244.00,304.00,304.00,304.00,394.00,394.00,394.00,394.00,394.00
2026-08-22 22:56:14,362.00,626.00,362.00,584.00,179.00,301.00,295.00,179.00,269.00,244.00,304.00,304.00,304.00,394.00,394.00,394.00,394.00,394.00
2026-08-22 23:06:22,362.00,626.00,362.00,584.00,179.00,300.00,295.00,179.00,269.00,244.00,304.00,304.00,304.00,394.00,394.00,394.00,394.00,394.00
2026-08-22 23:16:44,,626.00,,584.00,,300.00,,,269.00,,,304.00,304.00,,394.00,394.00,394.00,
2026-08-22 23:27:04,362.00,,362.00,,179.00,,295.00,179.00,,244.00,304.00,,,394.00,,,179.00,394.00
2026-08-22 23:36:50,362.00,626.00,362.00,584.00,179.00,300.00,295.00,179.00,269.00,244.00,304.00,304.00,304.00,394.00,394.00,394.00,394.00,394.00
2026-08-22 23:46:55,362.00,,362.00,,179.00,,295.00,179.00,,244.00,304.00,,,394.00,,,179.00,394.00
2026-08-22 23:56:10,362.00,626.00,362.00,584.00,179.00,300.00,295.00,179.00,269.00,244.00,304.00,304.00,304.00,394.00,394.00,394.00,394.00,394.00
2026-08-23 00:07:02,362.00,626.00,362.00,584.00,179.00,300.00,295.00,179.00,269.00,244.00,304.00,304.00,304.00,394.00,394.00,394.00,394.00,394.00
2026-08-23 00:16:53,362.00,626.00,362.00,584.00,179.00,300.00,295.00,179.00,269.00,244.00,304.00,304.00,304.00,394.00,394.00,394.00,394.00,394.00
2026-08-23 00:26:46,362.00,626.00,362.00,584.00,179.00,300.00,295.00,179.00,269.00,244.00,304.00,304.00,304.00,394.00,394.00,394.00,394.00,394.00
2026-08-23 00:36:26,362.00,626.00,362.00,584.00,179.00,300.00,295.00,179.00,269.00,244.00,304.00,304.00,304.00,394.00,394.00,394.00,394.00,394.00
2026-08-23 00:46:56,362.00,626.00,362.00,584.00,179.00,300.00,295.00,179.00,269.00,244.00,304.00,304.00,304.00,394.00,394.00,394.00,394.00,394.00
2026-08-23 01:07:10,362.00,626.00,362.00,584.00,179.00,300.00,295.00,179.00,269.00,244.00,304.00,304.00,304.00,394.00,394.00,394.00,394.00,394.00
2026-08-23 01:16:59,362.00,626.00,362.00,584.00,179.00,300.00,295.00,179.00,269.00,199.00,304.00,304.00,304.00,394.00,394.00,394.00,394.00,394.00
2026-08-23 01:27:16,362.00,626.00,362.00,584.00,179.00,300.00,295.00,179.00,269.00,199.00,304.00,304.00,304.00,394.00,394.00,394.00,394.00,394.00
2026-08-23 01:37:08,362.00,626.00,362.00,584.00,179.00,300.00,295.00,179.00,269.00,199.00,304.00,304.00,304.00,394.00,394.00,394.00,394.00,394.00
2026-08-23 01:46:48,362.00,626.00,362.00,584.00,179.00,324.00,295.00,179.00,304.00,199.00,304.00,304.00,304.00,394.00,394.00,394.00,394.00,394.00
2026-08-23 01:57:01,362.00,626.00,362.00,584.00,179.00,324.00,295.00,179.00,304.00,199.00,304.00,304.00,304.00,394.00,394.00,394.00,394.00,394.00
2026-08-23 02:07:10,362.00,626.00,362.00,584.00,179.00,324.00,295.00,179.00,304.00,199.00,304.00,304.00,304.00,394.00,394.00,394.00,394.00,394.00
2026-08-23 02:16:04,362.00,626.00,362.00,584.00,179.00,324.00,295.00,179.00,304.00,199.00,304.00,304.00,304.00,394.00,394.00,394.00,394.00,394.00
2026-08-23 02:26:37,362.00,626.00,362.00,584.00,179.00,324.00,295.00,179.00,304.00,199.00,304.00,304.00,304.00,394.00,394.00,394.00,394.00,394.00
2026-08-23 02:37:08,362.00,626.00,362.00,584.00,179.00,324.00,295.00,179.00,304.00,199.00,304.00,304.00,304.00,394.00,394.00,394.00,394.00,394.00
2026-08-23 02:46:52,362.00,626.00,362.00,584.00,179.00,324.00,295.00,179.00,304.00,199.00,304.00,304.00,304.00,394.00,394.00,394.00,394.00,394.00
2026-08-23 02:56:28,362.00,626.00,362.00,584.00,179.00,324.00,295.00,179.00,304.00,199.00,304.00,304.00,304.00,394.00,394.00,394.00,394.00,394.00
2026-08-23 03:07:12,362.00,626.00,362.00,584.00,179.00,324.00,295.00,179.00,304.00,199.00,304.00,304.00,304.00,394.00,394.00,394.00,394.00,394.00
2026-08-23 03:17:04,362.00,626.00,362.00,584.00,179.00,324.00,295.00,179.00,304.00,199.00,304.00,304.00,304.00,394.00,394.00,394.00,394.00,394.00
2026-08-23 03:27:06,362.00,626.00,362.00,584.00,179.00,324.00,295.00,179.00,304.00,199.00,304.00,304.00,304.00,394.00,394.00,394.00,394.00,394.00
2026-08-23 03:36:41,362.00,626.00,362.00,584.00,179.00,324.00,295.00,179.00,304.00,199.00,304.00,304.00,304.00,394.00,394.00,394.00,394.00,394.00
2026-08-23 03:46:23,362.00,626.00,362.00,584.00,179.00,324.00,295.00,179.00,304.00,199.00,304.00,304.00,304.00,394.00,394.00,394.00,394.00,394.00
2026-08-23 03:57:01,362.00,626.00,362.00,584.00,179.00,324.00,295.00,179.00,304.00,199.00,304.00,304.00,304.00,394.00,394.00,394.00,394.00,394.00
2026-08-23 04:07:11,362.00,626.00,362.00,584.00,179.00,324.00,295.00,179.00,304.00,199.00,304.00,304.00,304.00,394.00,394.00,394.00,394.00,394.00
2026-08-23 04:17:01,362.00,626.00,362.00,584.00,179.00,324.00,295.00,179.00,304.00,199.00,304.00,304.00,304.00,394.00,394.00,394.00,394.00,394.00
2026-08-23 04:26:37,362.00,626.00,362.00,584.00,179.00,324.00,295.00,179.00,304.00,199.00,304.00,304.00,304.00,394.00,394.00,394.00,394.00,394.00
2026-08-23 04:37:11,362.00,626.00,362.00,584.00,179.00,324.00,295.00,179.00,304.00,199.00,304.00,304.00,304.00,394.00,394.00,394.00,394.00,394.00
2026-08-23 04:46:04,362.00,626.00,362.00,584.00,179.00,324.00,295.00,179.00,304.00,199.00,304.00,304.00,304.00,394.00,394.00,394.00,394.00,394.00
2026-08-23 04:56:48,362.00,626.00,362.00,584.00,179.00,324.00,295.00,179.00,304.00,199.00,304.00,304.00,304.00,394.00,394.00,394.00,394.00,394.00
2026-08-23 05:07:05,362.00,626.00,362.00,584.00,179.00,324.00,295.00,179.00,304.00,199.00,304.00,304.00,304.00,394.00,394.00,394.00,394.00,394.00
2026-08-23 05:17:10,362.00,626.00,362.00,584.00,179.00,324.00,295.00,179.00,304.00,199.00,304.00,304.00,304.00,394.00,394.00,394.00,394.00,394.00
2026-08-23 05:26:56,362.00,626.00,362.00,584.00,179.00,324.00,295.00,179.00,304.00,199.00,304.00,304.00,304.00,394.00,394.00,394.00,394.00,394.00
2026-08-23 05:37:08,362.00,626.00,362.00,584.00,179.00,324.00,291.00,179.00,304.00,199.00,304.00,304.00,304.00,394.00,394.00,394.00,394.00,394.00
2026-08-23 05:47:14,362.00,626.00,362.00,584.00,179.00,324.00,291.00,179.00,304.00,199.00,304.00,304.00,304.00,394.00,394.00,394.00,394.00,394.00
2026-08-23 05:57:03,362.00,626.00,362.00,584.00,179.00,324.00,291.00,179.00,304.00,199.00,304.00,304.00,304.00,394.00,394.00,394.00,394.00,394.00
2026-08-23 06:07:13,362.00,626.00,362.00,584.00,179.00,324.00,291.00,179.00,304.00,199.00,304.00,304.00,304.00,394.00,394.00,394.00,394.00,394.00
2026-08-23 06:17:00,362.00,626.00,362.00,584.00,179.00,324.00,291.00,179.00,304.00,199.00,304.00,304.00,304.00,394.00,394.00,394.00,394.00,394.00
2026-08-23 06:27:45,362.00,626.00,362.00,584.00,179.00,324.00,291.00,179.00,304.00,199.00,304.00,304.00,304.00,394.00,394.00,394.00,394.00,394.00
2026-08-23 06:37:00,362.00,626.00,362.00,584.00,179.00,324.00,291.00,179.00,304.00,199.00,269.00,304.00,304.00,394.00,394.00,394.00,394.00,394.00
2026-08-23 06:47:02,362.00,626.00,362.00,584.00,179.00,324.00,291.00,179.00,304.00,199.00,269.00,304.00,304.00,394.00,394.00,394.00,394.00,394.00
2026-08-23 06:56:56,362.00,626.00,362.00,584.00,179.00,324.00,291.00,179.00,304.00,199.00,269.00,304.00,304.00,394.00,394.00,394.00,394.00,394.00
2026-08-23 07:07:20,362.00,626.00,362.00,584.00,179.00,324.00,291.00,179.00,304.00,199.00,269.00,304.00,304.00,394.00,394.00,394.00,394.00,394.00
2026-08-23 07:17:06,362.00,626.00,362.00,584.00,179.00,324.00,291.00,179.00,304.00,199.00,269.00,304.00,304.00,394.00,394.00,394.00,394.00,394.00
2026-08-23 07:27:05,362.00,626.00,362.00,584.00,179.00,324.00,291.00,179.00,304.00,199.00,269.00,304.00,304.00,394.00,394.00,394.00,394.00,394.00
2026-08-23 07:36:41,362.00,626.00,362.00,584.00,179.00,324.00,324.00,179.00,304.00,199.00,269.00,304.00,304.00,394.00,394.00,394.00,394.00,394.00
2026-08-23 07:47:33,362.00,626.00,362.00,584.00,179.00,324.00,324.00,179.00,304.00,199.00,269.00,304.00,304.00,394.00,394.00,394.00,394.00,394.00
2026-08-23 07:56:19,362.00,626.00,362.00,584.00,179.00,324.00,324.00,179.00,304.00,199.00,269.00,304.00,304.00,394.00,394.00,394.00,394.00,394.00
2026-08-23 08:07:27,362.00,626.00,362.00,584.00,179.00,324.00,324.00,179.00,304.00,199.00,269.00,304.00,304.00,394.00,394.00,394.00,394.00,394.00
2026-08-23 08:17:23,362.00,626.00,362.00,584.00,179.00,324.00,324.00,179.00,304.00,199.00,269.00,304.00,304.00,394.00,394.00,394.00,394.00,394.00
2026-08-23 08:26:42,362.00,626.00,362.00,584.00,179.00,324.00,324.00,179.00,304.00,199.00,269.00,304.00,304.00,394.00,394.00,394.00,394.00,394.00
2026-08-23 08:37:06,362.00,626.00,362.00,584.00,179.00,324.00,324.00,179.00,304.00,199.00,269.00,304.00,304.00,394.00,394.00,394.00,394.00,394.00
2026-08-23 08:46:20,362.00,626.00,362.00,584.00,179.00,324.00,324.00,179.00,304.00,199.00,269.00,304.00,304.00,394.00,394.00,394.00,394.00,394.00
2026-08-23 08:57:07,362.00,626.00,362.00,584.00,179.00,324.00,324.00,179.00,304.00,199.00,269.00,304.00,304.00,394.00,394.00,394.00,394.00,394.00
2026-08-23 09:07:14,362.00,626.00,362.00,584.00,179.00,324.00,324.00,179.00,304.00,199.00,269.00,304.00,304.00,394.00,394.00,394.00,394.00,394.00
2026-08-23 09:17:13,362.00,626.00,362.00,584.00,179.00,324.00,324.00,179.00,304.00,199.00,269.00,304.00,304.00,394.00,394.00,394.00,394.00,394.00
2026-08-23 09:27:04,362.00,626.00,362.00,584.00,179.00,324.00,324.00,179.00,304.00,199.00,269.00,304.00,304.00,394.00,394.00,394.00,394.00,394.00
2026-08-23 09:36:17,362.00,626.00,362.00,584.00,179.00,324.00,324.00,179.00,304.00,199.00,269.00,304.00,304.00,394.00,394.00,394.00,394.00,394.00
2026-08-23 09:47:10,362.00,626.00,362.00,584.00,179.00,324.00,324.00,179.00,304.00,199.00,269.00,304.00,304.00,394.00,394.00,394.00,394.00,394.00
2026-08-23 09:56:17,362.00,626.00,362.00,584.00,179.00,324.00,324.00,179.00,304.00,199.00,269.00,304.00,304.00,394.00,394.00,394.00,394.00,394.00
2026-08-23 10:07:23,362.00,626.00,362.00,584.00,179.00,324.00,324.00,179.00,304.00,199.00,269.00,304.00,304.00,394.00,394.00,394.00,394.00,394.00
2026-08-23 10:17:23,362.00,626.00,362.00,584.00,179.00,324.00,324.00,179.00,304.00,199.00,269.00,304.00,304.00,394.00,394.00,394.00,394.00,394.00
2026-08-23 10:27:15,362.00,626.00,362.00,584.00,179.00,324.00,324.00,179.00,304.00,199.00,269.00,304.00,304.00,394.00,394.00,394.00,394.00,394.00
2026-08-23 10:37:21,362.00,626.00,362.00,584.00,179.00,324.00,324.00,179.00,304.00,199.00,269.00,304.00,304.00,394.00,394.00,394.00,394.00,394.00
2026-08-23 10:47:12,362.00,626.00,362.00,584.00,179.00,324.00,324.00,179.00,304.00,199.00,269.00,304.00,304.00,394.00,394.00,394.00,394.00,394.00
2026-08-23 10:57:14,362.00,626.00,362.00,584.00,179.00,324.00,324.00,179.00,304.00,199.00,269.00,304.00,304.00,394.00,394.00,394.00,394.00,394.00
2026-08-23 11:06:23,362.00,626.00,362.00,584.00,179.00,324.00,324.00,179.00,304.00,199.00,269.00,304.00,304.00,394.00,394.00,394.00,394.00,394.00
2026-08-23 11:17:14,362.00,626.00,362.00,584.00,179.00,324.00,324.00,179.00,304.00,199.00,269.00,304.00,304.00,394.00,394.00,394.00,394.00,394.00
2026-08-23 11:26:58,362.00,626.00,362.00,584.00,179.00,324.00,324.00,179.00,304.00,199.00,269.00,304.00,304.00,394.00,394.00,394.00,394.00,394.00
2026-08-23 11:37:38,362.00,626.00,362.00,584.00,179.00,324.00,324.00,179.00,304.00,199.00,269.00,304.00,304.00,394.00,394.00,394.00,394.00,394.00
2026-08-23 11:47:03,362.00,626.00,362.00,584.00,179.00,324.00,324.00,179.00,304.00,199.00,269.00,304.00,304.00,394.00,394.00,394.00,394.00,394.00
2026-08-23 11:56:45,362.00,626.00,362.00,584.00,179.00,324.00,324.00,179.00,304.00,199.00,269.00,304.00,304.00,394.00,394.00,394.00,394.00,394.00
2026-08-23 12:07:23,362.00,626.00,362.00,584.00,179.00,324.00,324.00,179.00,304.00,199.00,269.00,304.00,304.00,394.00,394.00,394.00,394.00,394.00
2026-08-23 12:17:20,362.00,626.00,362.00,584.00,179.00,324.00,324.00,179.00,304.00,199.00,269.00,304.00,304.00,394.00,394.00,394.00,394.00,394.00
2026-08-23 12:26:43,362.00,626.00,362.00,584.00,179.00,324.00,324.00,179.00,304.00,199.00,269.00,304.00,304.00,394.00,394.00,394.00,394.00,394.00
2026-08-23 12:36:21,362.00,626.00,362.00,584.00,179.00,324.00,324.00,179.00,304.00,199.00,269.00,304.00,304.00,394.00,394.00,394.00,394.00,394.00
2026-08-23 12:47:10,362.00,626.00,362.00,584.00,179.00,324.00,324.00,179.00,304.00,199.00,269.00,304.00,304.00,394.00,394.00,394.00,394.00,394.00
2026-08-23 12:57:16,362.00,626.00,362.00,584.00,179.00,324.00,324.00,179.00,304.00,244.00,304.00,304.00,304.00,394.00,394.00,394.00,394.00,394.00
2026-08-23 13:06:38,362.00,626.00,362.00,584.00,179.00,324.00,324.00,179.00,304.00,244.00,304.00,199.00,304.00,394.00,394.00,394.00,394.00,394.00
2026-08-23 13:17:13,362.00,626.00,362.00,584.00,179.00,324.00,324.00,179.00,304.00,244.00,304.00,199.00,304.00,394.00,394.00,394.00,394.00,394.00
2026-08-23 13:26:27,362.00,626.00,362.00,584.00,179.00,324.00,324.00,179.00,304.00,244.00,304.00,199.00,304.00,394.00,394.00,394.00,394.00,394.00
2026-08-23 13:37:09,362.00,,362.00,,179.00,,324.00,179.00,,244.00,304.00,,,394.00,,,179.00,394.00
2026-08-23 13:47:20,362.00,626.00,362.00,584.00,179.00,324.00,324.00,179.00,269.00,244.00,304.00,199.00,304.00,394.00,394.00,394.00,394.00,394.00
2026-08-23 13:57:19,362.00,626.00,362.00,584.00,179.00,324.00,324.00,179.00,269.00,244.00,304.00,199.00,304.00,394.00,394.00,394.00,394.00,394.00
2026-08-23 14:07:08,362.00,,362.00,,179.00,,324.00,179.00,,244.00,304.00,,,394.00,,,179.00,394.00
2026-08-23 14:16:27,362.00,,362.00,,179.00,,324.00,179.00,,244.00,304.00,,,394.00,,,179.00,394.00
2026-08-23 14:26:32,362.00,626.00,362.00,584.00,179.00,324.00,324.00,179.00,269.00,244.00,304.00,199.00,304.00,394.00,394.00,394.00,394.00,394.00
2026-08-23 14:36:59,362.00,626.00,362.00,584.00,179.00,324.00,324.00,179.00,269.00,244.00,304.00,199.00,304.00,394.00,394.00,394.00,394.00,394.00
2026-08-23 14:47:08,362.00,626.00,362.00,584.00,179.00,324.00,324.00,179.00,269.00,244.00,304.00,199.00,304.00,394.00,394.00,394.00,394.00,394.00
2026-08-23 14:57:04,,626.00,,584.00,,324.00,,,269.00,,,199.00,304.00,,394.00,394.00,394.00,
2026-08-23 15:06:52,362.00,626.00,362.00,584.00,179.00,324.00,324.00,179.00,269.00,244.00,304.00,199.00,304.00,394.00,394.00,394.00,394.00,394.00
2026-08-23 15:16:47,362.00,626.00,362.00,584.00,179.00,324.00,324.00,179.00,269.00,244.00,304.00,199.00,304.00,394.00,394.00,394.00,394.00,394.00
2026-08-23 15:27:10,,626.00,,584.00,,324.00,,,269.00,,,199.00,304.00,,394.00,394.00,394.00,
2026-08-23 15:36:19,362.00,626.00,362.00,584.00,179.00,324.00,324.00,179.00,269.00,244.00,304.00,199.00,304.00,394.00,394.00,394.00,394.00,394.00
2026-08-23 15:46:53,362.00,626.00,362.00,584.00,179.00,324.00,324.00,179.00,269.00,244.00,304.00,199.00,304.00,394.00,394.00,394.00,394.00,394.00
2026-08-23 15:56:33,362.00,626.00,362.00,584.00,179.00,324.00,324.00,179.00,269.00,244.00,304.00,304.00,304.00,394.00,394.00,394.00,394.00,394.00
2026-08-23 16:07:10,362.00,626.00,362.00,584.00,179.00,324.00,324.00,179.00,269.00,244.00,304.00,304.00,304.00,394.00,394.00,394.00,394.00,394.00
2026-08-23 16:17:13,,626.00,,584.00,,324.00,,,269.00,,,304.00,304.00,,394.00,394.00,394.00,
2026-08-23 16:28:01,,626.00,,584.00,,324.00,,,269.00,,,304.00,304.00,,394.00,394.00,394.00,
2026-08-23 16:36:11,362.00,584.00,362.00,584.00,179.00,324.00,324.00,179.00,269.00,244.00,269.00,304.00,304.00,394.00,394.00,394.00,394.00,394.00
2026-08-23 16:47:53,362.00,584.00,362.00,584.00,179.00,324.00,324.00,179.00,269.00,237.00,269.00,304.00,282.00,394.00,394.00,394.00,394.00,394.00
2026-08-23 16:57:50,362.00,584.00,362.00,584.00,179.00,324.00,324.00,179.00,269.00,237.00,269.00,304.00,282.00,394.00,394.00,394.00,394.00,394.00
2026-08-23 17:07:27,362.00,584.00,362.00,584.00,179.00,324.00,324.00,179.00,269.00,237.00,269.00,304.00,282.00,394.00,394.00,394.00,394.00,394.00
2026-08-23 17:18:16,362.00,584.00,219.00,584.00,219.00,324.00,324.00,179.00,269.00,237.00,269.00,304.00,282.00,394.00,394.00,394.00,394.00,394.00
2026-08-23 17:27:29,362.00,584.00,219.00,584.00,219.00,324.00,324.00,179.00,269.00,237.00,269.00,304.00,282.00,394.00,394.00,394.00,394.00,394.00
2026-08-23 17:37:51,362.00,584.00,219.00,584.00,219.00,324.00,324.00,179.00,269.00,237.00,269.00,304.00,282.00,394.00,394.00,394.00,394.00,394.00
2026-08-23 17:47:08,362.00,584.00,219.00,584.00,219.00,324.00,324.00,179.00,269.00,237.00,269.00,304.00,304.00,394.00,394.00,394.00,394.00,394.00
2026-08-23 17:57:53,362.00,584.00,219.00,584.00,219.00,324.00,324.00,179.00,269.00,237.00,277.00,304.00,282.00,394.00,394.00,394.00,394.00,394.00
2026-08-23 18:07:52,362.00,584.00,219.00,584.00,219.00,324.00,324.00,179.00,269.00,237.00,277.00,304.00,282.00,394.00,394.00,394.00,394.00,394.00
2026-08-23 18:17:20,362.00,584.00,219.00,584.00,219.00,324.00,324.00,179.00,269.00,237.00,277.00,199.00,282.00,394.00,394.00,394.00,394.00,394.00
2026-08-23 18:27:19,362.00,584.00,219.00,584.00,219.00,324.00,324.00,179.00,269.00,237.00,277.00,199.00,282.00,394.00,394.00,394.00,394.00,394.00
2026-08-23 18:37:48,584.00,,219.00,,219.00,,324.00,179.00,,237.00,277.00,,,394.00,,,179.00,394.00
2026-08-23 18:47:39,584.00,584.00,219.00,584.00,219.00,324.00,324.00,179.00,269.00,237.00,277.00,199.00,282.00,394.00,394.00,394.00,394.00,394.00
2026-08-23 18:57:54,584.00,584.00,219.00,584.00,219.00,324.00,324.00,179.00,269.00,237.00,277.00,199.00,282.00,394.00,394.00,394.00,394.00,394.00
2026-08-23 19:08:07,584.00,584.00,219.00,584.00,219.00,324.00,324.00,179.00,269.00,244.00,304.00,199.00,282.00,394.00,394.00,394.00,394.00,394.00
2026-08-23 19:17:13,584.00,584.00,219.00,584.00,219.00,324.00,324.00,179.00,269.00,237.00,277.00,199.00,282.00,394.00,394.00,394.00,394.00,394.00
2026-08-23 19:27:22,584.00,584.00,219.00,584.00,219.00,324.00,324.00,179.00,269.00,237.00,277.00,199.00,282.00,394.00,394.00,394.00,394.00,394.00
2026-08-23 19:37:39,584.00,584.00,219.00,584.00,219.00,324.00,324.00,179.00,269.00,237.00,277.00,199.00,282.00,394.00,394.00,394.00,394.00,394.00
2026-08-23 19:46:27,584.00,584.00,219.00,584.00,219.00,324.00,324.00,179.00,269.00,237.00,277.00,199.00,282.00,394.00,394.00,394.00,394.00,394.00
2026-08-23 19:57:11,584.00,584.00,219.00,584.00,219.00,324.00,324.00,179.00,269.00,237.00,277.00,199.00,282.00,394.00,394.00,394.00,394.00,394.00
2026-08-23 20:07:54,584.00,584.00,219.00,584.00,219.00,324.00,324.00,179.00,269.00,237.00,277.00,199.00,282.00,394.00,394.00,394.00,394.00,394.00
2026-08-23 20:17:38,584.00,584.00,219.00,584.00,219.00,324.00,324.00,179.00,269.00,237.00,277.00,199.00,282.00,394.00,394.00,394.00,394.00,394.00
2026-08-23 20:27:31,584.00,584.00,219.00,584.00,219.00,324.00,324.00,179.00,269.00,237.00,277.00,199.00,282.00,394.00,394.00,394.00,394.00,394.00
2026-08-23 20:37:42,584.00,584.00,219.00,584.00,219.00,324.00,324.00,179.00,269.00,237.00,277.00,199.00,282.00,394.00,394.00,394.00,394.00,394.00
2026-08-23 20:47:22,584.00,584.00,219.00,584.00,219.00,324.00,324.00,179.00,269.00,237.00,277.00,199.00,282.00,394.00,394.00,394.00,394.00,394.00
2026-08-23 20:57:42,584.00,584.00,219.00,584.00,219.00,324.00,324.00,179.00,269.00,237.00,277.00,199.00,282.00,394.00,394.00,394.00,394.00,394.00
2026-08-23 21:07:34,584.00,584.00,219.00,584.00,219.00,324.00,324.00,179.00,269.00,237.00,277.00,199.00,282.00,394.00,394.00,394.00,394.00,394.00
2026-08-23 21:17:54,584.00,584.00,219.00,584.00,219.00,324.00,324.00,179.00,269.00,237.00,277.00,199.00,282.00,394.00,394.00,394.00,394.00,394.00
2026-08-23 21:27:43,584.00,584.00,219.00,584.00,219.00,324.00,324.00,179.00,269.00,244.00,304.00,199.00,282.00,394.00,394.00,394.00,394.00,394.00
2026-08-23 21:37:38,584.00,584.00,219.00,584.00,219.00,324.00,324.00,179.00,269.00,237.00,277.00,199.00,282.00,394.00,394.00,394.00,394.00,394.00
2026-08-23 21:47:47,584.00,584.00,219.00,584.00,219.00,324.00,324.00,179.00,269.00,237.00,277.00,199.00,282.00,394.00,394.00,394.00,394.00,394.00
2026-08-23 21:57:23,584.00,584.00,219.00,584.00,219.00,324.00,324.00,179.00,269.00,237.00,277.00,199.00,282.00,394.00,394.00,394.00,394.00,394.00
2026-08-23 22:07:36,584.00,584.00,219.00,584.00,219.00,324.00,324.00,179.00,269.00,237.00,277.00,199.00,282.00,394.00,394.00,394.00,394.00,394.00
2026-08-23 22:17:35,584.00,584.00,219.00,584.00,219.00,324.00,324.00,179.00,269.00,237.00,277.00,199.00,282.00,394.00,394.00,394.00,394.00,394.00
2026-08-23 22:27:32,584.00,,219.00,,219.00,,324.00,179.00,,237.00,277.00,,,394.00,,,179.00,394.00
2026-08-23 22:37:34,584.00,584.00,219.00,584.00,219.00,324.00,324.00,179.00,269.00,237.00,277.00,199.00,282.00,394.00,394.00,394.00,394.00,394.00
2026-08-23 22:47:26,584.00,584.00,219.00,584.00,219.00,324.00,324.00,179.00,269.00,237.00,277.00,199.00,282.00,394.00,394.00,394.00,394.00,394.00
2026-08-23 22:57:41,584.00,584.00,219.00,584.00,219.00,324.00,324.00,179.00,269.00,237.00,277.00,199.00,282.00,394.00,394.00,394.00,394.00,394.00
2026-08-23 23:07:59,584.00,584.00,219.00,584.00,219.00,324.00,324.00,179.00,269.00,237.00,277.00,199.00,282.00,394.00,394.00,394.00,394.00,394.00
2026-08-23 23:17:49,584.00,584.00,219.00,584.00,219.00,324.00,324.00,179.00,269.00,237.00,281.00,199.00,282.00,394.00,394.00,394.00,394.00,394.00
2026-08-23 23:27:16,584.00,584.00,219.00,584.00,219.00,324.00,324.00,179.00,269.00,237.00,281.00,199.00,282.00,394.00,394.00,394.00,394.00,394.00
2026-08-23 23:37:42,584.00,584.00,219.00,584.00,219.00,324.00,324.00,179.00,269.00,237.00,281.00,199.00,282.00,394.00,394.00,394.00,394.00,394.00
2026-08-23 23:47:40,584.00,584.00,219.00,584.00,219.00,324.00,324.00,179.00,269.00,237.00,281.00,199.00,282.00,394.00,394.00,394.00,394.00,394.00
2026-08-23 23:57:42,584.00,584.00,219.00,584.00,219.00,324.00,324.00,179.00,269.00,237.00,281.00,199.00,282.00,394.00,394.00,394.00,394.00,394.00
2026-08-24 00:07:44,584.00,584.00,219.00,584.00,219.00,324.00,324.00,179.00,269.00,237.00,281.00,199.00,282.00,394.00,394.00,394.00,394.00,394.00
2026-08-24 00:17:44,584.00,584.00,219.00,584.00,219.00,324.00,324.00,179.00,269.00,237.00,281.00,199.00,282.00,394.00,394.00,394.00,394.00,394.00
2026-08-24 00:27:53,584.00,584.00,219.00,584.00,219.00,324.00,324.00,179.00,269.00,237.00,281.00,199.00,282.00,394.00,394.00,394.00,394.00,394.00
2026-08-24 00:36:39,584.00,584.00,219.00,584.00,219.00,324.00,324.00,179.00,269.00,237.00,281.00,199.00,282.00,394.00,394.00,394.00,394.00,394.00
2026-08-24 00:47:42,584.00,584.00,219.00,584.00,219.00,324.00,324.00,179.00,269.00,237.00,281.00,199.00,282.00,394.00,394.00,394.00,394.00,394.00
2026-08-24 00:57:23,584.00,584.00,219.00,584.00,219.00,324.00,324.00,179.00,269.00,237.00,281.00,199.00,282.00,394.00,394.00,394.00,394.00,394.00
2026-08-24 01:08:00,584.00,584.00,219.00,584.00,219.00,324.00,324.00,179.00,269.00,237.00,281.00,199.00,282.00,394.00,394.00,394.00,394.00,394.00
2026-08-24 01:17:39,584.00,584.00,219.00,584.00,219.00,324.00,324.00,179.00,269.00,237.00,281.00,199.00,282.00,394.00,394.00,394.00,394.00,394.00
2026-08-24 01:27:29,584.00,584.00,219.00,584.00,219.00,324.00,324.00,179.00,269.00,237.00,281.00,199.00,282.00,394.00,394.00,394.00,394.00,394.00
2026-08-24 01:37:35,584.00,584.00,219.00,584.00,219.00,324.00,324.00,179.00,269.00,237.00,281.00,199.00,282.00,394.00,394.00,394.00,394.00,394.00
2026-08-24 01:47:07,584.00,584.00,219.00,584.00,219.00,324.00,324.00,179.00,269.00,237.00,281.00,199.00,282.00,394.00,394.00,394.00,394.00,394.00
2026-08-24 01:57:33,584.00,584.00,219.00,584.00,219.00,324.00,324.00,179.00,269.00,237.00,281.00,199.00,282.00,394.00,394.00,394.00,394.00,394.00
2026-08-24 02:07:10,584.00,584.00,219.00,584.00,219.00,324.00,324.00,179.00,269.00,237.00,281.00,199.00,282.00,394.00,394.00,394.00,394.00,394.00
2026-08-24 02:17:45,584.00,,219.00,,219.00,,324.00,179.00,,237.00,281.00,,,394.00,,,179.00,394.00
2026-08-24 02:27:41,584.00,584.00,219.00,584.00,219.00,324.00,324.00,179.00,269.00,237.00,281.00,199.00,282.00,394.00,394.00,394.00,394.00,394.00
2026-08-24 02:37:44,584.00,584.00,219.00,584.00,219.00,324.00,324.00,179.00,269.00,244.00,304.00,199.00,282.00,394.00,394.00,394.00,394.00,394.00
2026-08-24 02:46:43,584.00,584.00,219.00,584.00,219.00,324.00,324.00,179.00,269.00,237.00,281.00,199.00,282.00,394.00,394.00,394.00,394.00,394.00
2026-08-24 02:57:25,584.00,584.00,219.00,584.00,219.00,324.00,324.00,179.00,269.00,237.00,281.00,199.00,282.00,394.00,394.00,394.00,394.00,394.00
2026-08-24 03:07:56,584.00,584.00,219.00,584.00,219.00,324.00,324.00,179.00,269.00,237.00,281.00,199.00,282.00,394.00,394.00,394.00,394.00,394.00
2026-08-24 03:17:53,584.00,584.00,219.00,584.00,219.00,324.00,324.00,179.00,269.00,237.00,281.00,199.00,282.00,394.00,394.00,394.00,394.00,394.00
2026-08-24 03:27:33,584.00,584.00,219.00,584.00,219.00,324.00,324.00,179.00,269.00,237.00,281.00,199.00,282.00,394.00,394.00,394.00,394.00,394.00
2026-08-24 03:37:25,584.00,584.00,219.00,584.00,219.00,324.00,324.00,179.00,269.00,237.00,281.00,199.00,282.00,394.00,394.00,394.00,394.00,394.00
2026-08-24 03:47:28,584.00,584.00,219.00,584.00,219.00,324.00,324.00,179.00,269.00,237.00,281.00,199.00,282.00,394.00,394.00,394.00,394.00,394.00
2026-08-24 03:56:44,584.00,584.00,219.00,584.00,219.00,324.00,324.00,179.00,269.00,237.00,281.00,199.00,282.00,394.00,394.00,394.00,394.00,394.00
2026-08-24 04:07:39,584.00,584.00,219.00,584.00,219.00,324.00,324.00,179.00,269.00,237.00,281.00,199.00,282.00,394.00,394.00,394.00,394.00,394.00
2026-08-24 04:17:42,584.00,584.00,219.00,584.00,219.00,324.00,324.00,179.00,269.00,237.00,281.00,199.00,282.00,394.00,394.00,394.00,394.00,394.00
2026-08-24 04:27:57,584.00,584.00,219.00,584.00,219.00,324.00,324.00,179.00,269.00,237.00,281.00,199.00,282.00,394.00,394.00,394.00,394.00,394.00
2026-08-24 04:37:51,584.00,584.00,219.00,584.00,219.00,324.00,324.00,179.00,269.00,237.00,281.00,199.00,282.00,394.00,394.00,394.00,394.00,394.00
2026-08-24 04:47:42,584.00,584.00,219.00,584.00,219.00,324.00,324.00,179.00,269.00,237.00,281.00,199.00,282.00,394.00,394.00,394.00,394.00,394.00
2026-08-24 04:57:16,584.00,584.00,219.00,584.00,219.00,324.00,324.00,179.00,269.00,237.00,281.00,199.00,282.00,394.00,394.00,394.00,394.00,394.00
2026-08-24 05:07:47,584.00,584.00,219.00,584.00,219.00,324.00,324.00,179.00,269.00,237.00,281.00,199.00,282.00,394.00,394.00,394.00,394.00,394.00
2026-08-24 05:17:08,584.00,584.00,219.00,584.00,219.00,324.00,324.00,179.00,269.00,237.00,281.00,199.00,282.00,394.00,394.00,394.00,394.00,394.00
2026-08-24 05:27:49,584.00,584.00,219.00,584.00,219.00,324.00,324.00,179.00,269.00,237.00,281.00,199.00,282.00,394.00,394.00,394.00,394.00,394.00
2026-08-24 05:37:48,584.00,584.00,219.00,584.00,219.00,324.00,324.00,179.00,269.00,237.00,281.00,199.00,282.00,394.00,394.00,394.00,394.00,394.00
2026-08-24 05:47:25,584.00,584.00,219.00,584.00,219.00,324.00,324.00,179.00,269.00,237.00,281.00,199.00,282.00,394.00,394.00,394.00,394.00,394.00
2026-08-24 05:57:55,584.00,584.00,219.00,584.00,219.00,324.00,324.00,179.00,269.00,237.00,281.00,199.00,282.00,394.00,394.00,394.00,394.00,394.00
2026-08-24 06:07:58,584.00,584.00,219.00,584.00,219.00,324.00,324.00,179.00,269.00,237.00,281.00,199.00,282.00,394.00,394.00,394.00,394.00,394.00
2026-08-24 06:17:43,584.00,584.00,219.00,584.00,219.00,324.00,324.00,179.00,269.00,237.00,281.00,199.00,282.00,394.00,394.00,394.00,394.00,394.00
2026-08-24 06:27:48,584.00,584.00,219.00,584.00,219.00,324.00,324.00,179.00,269.00,237.00,281.00,199.00,282.00,394.00,394.00,394.00,394.00,394.00
2026-08-24 06:36:53,584.00,584.00,219.00,584.00,219.00,324.00,324.00,179.00,304.00,237.00,281.00,304.00,282.00,394.00,394.00,394.00,394.00,394.00
2026-08-24 06:47:51,584.00,584.00,219.00,584.00,219.00,324.00,324.00,179.00,304.00,199.00,269.00,304.00,282.00,394.00,394.00,394.00,394.00,394.00
2026-08-24 06:57:36,584.00,584.00,219.00,584.00,219.00,324.00,324.00,179.00,304.00,199.00,269.00,304.00,282.00,394.00,394.00,394.00,394.00,394.00
2026-08-24 07:07:12,584.00,584.00,219.00,584.00,219.00,324.00,324.00,179.00,304.00,199.00,269.00,304.00,282.00,394.00,394.00,394.00,394.00,394.00
2026-08-24 07:17:36,584.00,584.00,219.00,584.00,219.00,307.00,295.00,179.00,304.00,199.00,269.00,304.00,282.00,394.00,394.00,394.00,394.00,394.00
2026-08-24 07:27:25,584.00,584.00,219.00,584.00,219.00,307.00,295.00,179.00,304.00,199.00,269.00,304.00,282.00,394.00,394.00,394.00,394.00,394.00
2026-08-24 07:37:51,584.00,584.00,219.00,584.00,219.00,307.00,295.00,179.00,304.00,199.00,269.00,304.00,282.00,394.00,394.00,394.00,394.00,394.00
2026-08-24 07:47:08,584.00,584.00,219.00,584.00,219.00,307.00,295.00,179.00,304.00,199.00,269.00,304.00,282.00,394.00,394.00,394.00,394.00,394.00
2026-08-24 07:57:29,584.00,584.00,219.00,584.00,219.00,307.00,295.00,179.00,304.00,199.00,269.00,304.00,282.00,394.00,394.00,394.00,394.00,394.00
2026-08-24 08:07:54,584.00,584.00,219.00,584.00,219.00,307.00,295.00,179.00,304.00,199.00,269.00,304.00,282.00,394.00,394.00,394.00,394.00,394.00
2026-08-24 08:17:45,584.00,584.00,219.00,584.00,219.00,307.00,295.00,179.00,304.00,199.00,269.00,304.00,282.00,394.00,394.00,394.00,394.00,394.00
2026-08-24 08:27:42,584.00,584.00,219.00,584.00,219.00,307.00,295.00,179.00,304.00,199.00,269.00,304.00,282.00,394.00,394.00,394.00,394.00,394.00
2026-08-24 08:37:42,584.00,584.00,219.00,584.00,219.00,307.00,295.00,179.00,304.00,199.00,269.00,304.00,282.00,394.00,394.00,394.00,394.00,394.00
2026-08-24 08:46:34,584.00,584.00,219.00,584.00,219.00,307.00,295.00,179.00,304.00,199.00,269.00,304.00,282.00,394.00,394.00,394.00,394.00,394.00
2026-08-24 08:58:19,584.00,584.00,219.00,584.00,219.00,307.00,295.00,179.00,304.00,199.00,269.00,304.00,282.00,394.00,394.00,394.00,394.00,394.00
2026-08-24 09:08:00,584.00,584.00,219.00,584.00,219.00,307.00,295.00,179.00,304.00,199.00,269.00,304.00,282.00,394.00,394.00,394.00,394.00,394.00
2026-08-24 09:17:08,584.00,584.00,219.00,584.00,219.00,307.00,295.00,179.00,304.00,199.00,269.00,304.00,282.00,394.00,394.00,394.00,394.00,394.00
2026-08-24 09:27:44,584.00,584.00,219.00,584.00,219.00,307.00,295.00,179.00,304.00,199.00,269.00,304.00,282.00,394.00,394.00,394.00,394.00,394.00
2026-08-24 09:37:43,584.00,584.00,219.00,584.00,219.00,307.00,295.00,179.00,304.00,199.00,269.00,304.00,282.00,394.00,394.00,394.00,394.00,394.00
2026-08-24 09:47:41,584.00,584.00,219.00,584.00,219.00,307.00,295.00,179.00,304.00,199.00,269.00,304.00,282.00,394.00,394.00,394.00,394.00,394.00
2026-08-24 09:57:02,584.00,584.00,219.00,584.00,219.00,307.00,295.00,179.00,304.00,199.00,269.00,304.00,282.00,394.00,394.00,394.00,394.00,394.00
2026-08-24 10:07:27,584.00,584.00,219.00,584.00,219.00,307.00,295.00,179.00,304.00,199.00,269.00,304.00,282.00,394.00,394.00,394.00,394.00,394.00
2026-08-24 10:17:48,584.00,584.00,219.00,584.00,219.00,307.00,295.00,179.00,304.00,199.00,269.00,304.00,282.00,394.00,394.00,394.00,394.00,394.00
2026-08-24 10:27:17,584.00,584.00,219.00,584.00,219.00,307.00,295.00,179.00,304.00,199.00,269.00,304.00,282.00,394.00,394.00,394.00,394.00,394.00
2026-08-24 10:36:47,584.00,584.00,219.00,584.00,219.00,307.00,295.00,179.00,304.00,199.00,269.00,304.00,282.00,394.00,394.00,394.00,394.00,394.00
2026-08-24 10:47:58,362.00,584.00,219.00,584.00,219.00,307.00,295.00,179.00,304.00,199.00,269.00,304.00,282.00,394.00,394.00,394.00,394.00,394.00
2026-08-24 10:57:19,362.00,584.00,219.00,584.00,219.00,307.00,295.00,179.00,304.00,199.00,269.00,304.00,282.00,394.00,394.00,394.00,394.00,394.00
2026-08-24 11:07:58,362.00,584.00,219.00,584.00,219.00,307.00,295.00,179.00,304.00,199.00,269.00,304.00,282.00,394.00,394.00,394.00,394.00,394.00
2026-08-24 11:17:17,362.00,584.00,219.00,584.00,219.00,307.00,295.00,179.00,304.00,199.00,269.00,304.00,282.00,394.00,394.00,394.00,394.00,394.00
2026-08-24 11:28:01,362.00,584.00,219.00,584.00,219.00,307.00,295.00,179.00,304.00,199.00,269.00,304.00,282.00,394.00,394.00,394.00,394.00,394.00
2026-08-24 11:38:11,362.00,584.00,219.00,584.00,219.00,307.00,295.00,179.00,304.00,199.00,269.00,304.00,282.00,394.00,394.00,394.00,394.00,394.00
2026-08-24 11:48:01,362.00,584.00,219.00,584.00,219.00,307.00,295.00,179.00,304.00,199.00,269.00,304.00,282.00,394.00,394.00,394.00,394.00,394.00
2026-08-24 11:58:03,362.00,584.00,362.00,584.00,219.00,307.00,295.00,179.00,304.00,199.00,269.00,304.00,282.00,394.00,394.00,394.00,394.00,394.00
2026-08-24 12:08:13,362.00,584.00,362.00,584.00,219.00,307.00,295.00,179.00,304.00,199.00,269.00,304.00,282.00,394.00,394.00,394.00,394.00,394.00
2026-08-24 12:17:31,362.00,584.00,362.00,584.00,219.00,307.00,295.00,179.00,304.00,199.00,269.00,304.00,282.00,394.00,394.00,394.00,394.00,394.00
2026-08-24 12:27:58,362.00,584.00,362.00,584.00,219.00,307.00,295.00,179.00,304.00,199.00,269.00,304.00,282.00,394.00,394.00,394.00,394.00,394.00
2026-08-24 12:38:20,362.00,584.00,362.00,584.00,219.00,307.00,300.00,179.00,304.00,199.00,269.00,304.00,282.00,394.00,394.00,394.00,394.00,394.00
2026-08-24 12:46:58,362.00,584.00,362.00,584.00,219.00,307.00,300.00,179.00,304.00,199.00,269.00,304.00,282.00,394.00,394.00,394.00,394.00,394.00
2026-08-24 12:57:48,362.00,584.00,362.00,584.00,219.00,307.00,300.00,179.00,304.00,237.00,281.00,304.00,282.00,394.00,394.00,394.00,394.00,394.00
2026-08-24 13:08:10,362.00,584.00,362.00,584.00,219.00,307.00,300.00,179.00,269.00,237.00,281.00,199.00,269.00,394.00,394.00,394.00,394.00,394.00
2026-08-24 13:18:04,362.00,584.00,362.00,584.00,219.00,307.00,300.00,179.00,269.00,237.00,281.00,199.00,269.00,394.00,394.00,394.00,394.00,394.00
2026-08-24 13:28:08,362.00,584.00,362.00,584.00,219.00,307.00,300.00,179.00,269.00,237.00,281.00,199.00,269.00,394.00,394.00,394.00,394.00,394.00
2026-08-24 13:38:03,362.00,584.00,362.00,584.00,219.00,307.00,300.00,179.00,269.00,237.00,281.00,199.00,269.00,394.00,394.00,394.00,394.00,394.00
2026-08-24 13:48:05,362.00,584.00,362.00,584.00,219.00,307.00,300.00,179.00,269.00,215.00,281.00,199.00,269.00,394.00,394.00,394.00,394.00,394.00
2026-08-24 13:58:14,362.00,584.00,362.00,584.00,219.00,307.00,300.00,179.00,269.00,215.00,281.00,199.00,269.00,394.00,394.00,394.00,394.00,394.00
2026-08-24 14:08:23,362.00,584.00,362.00,584.00,219.00,307.00,300.00,179.00,269.00,215.00,281.00,199.00,269.00,394.00,394.00,394.00,394.00,394.00
2026-08-24 14:18:19,362.00,584.00,362.00,584.00,219.00,307.00,300.00,179.00,269.00,215.00,281.00,199.00,269.00,394.00,394.00,394.00,394.00,394.00
2026-08-24 14:27:34,362.00,584.00,362.00,584.00,219.00,307.00,300.00,179.00,269.00,215.00,281.00,199.00,269.00,394.00,394.00,394.00,394.00,394.00
2026-08-24 14:38:10,362.00,584.00,362.00,584.00,219.00,307.00,300.00,179.00,269.00,215.00,281.00,199.00,269.00,394.00,394.00,394.00,394.00,394.00
2026-08-24 14:48:13,362.00,584.00,362.00,584.00,219.00,314.00,299.00,179.00,269.00,215.00,281.00,199.00,269.00,394.00,394.00,394.00,394.00,394.00
2026-08-24 14:58:17,362.00,584.00,362.00,584.00,219.00,314.00,299.00,179.00,269.00,215.00,281.00,199.00,269.00,394.00,394.00,394.00,394.00,394.00
2026-08-24 15:08:42,362.00,584.00,362.00,584.00,219.00,314.00,299.00,179.00,269.00,215.00,281.00,199.00,269.00,394.00,394.00,394.00,394.00,394.00
2026-08-24 15:18:29,362.00,584.00,362.00,584.00,219.00,314.00,299.00,179.00,269.00,215.00,281.00,199.00,269.00,394.00,394.00,394.00,394.00,394.00
2026-08-24 15:28:29,362.00,584.00,362.00,584.00,219.00,314.00,299.00,179.00,269.00,215.00,281.00,199.00,269.00,394.00,394.00,394.00,394.00,394.00
2026-08-24 15:38:21,362.00,584.00,362.00,584.00,219.00,314.00,299.00,179.00,269.00,215.00,281.00,199.00,269.00,394.00,394.00,394.00,394.00,394.00
2026-08-24 15:48:14,362.00,584.00,362.00,584.00,219.00,314.00,299.00,179.00,269.00,215.00,281.00,199.00,269.00,394.00,394.00,394.00,394.00,394.00
2026-08-24 15:58:15,362.00,584.00,362.00,584.00,219.00,314.00,299.00,179.00,269.00,215.00,281.00,199.00,269.00,394.00,394.00,394.00,394.00,394.00
2026-08-24 16:08:32,362.00,584.00,362.00,584.00,219.00,302.00,299.00,179.00,269.00,215.00,281.00,199.00,269.00,394.00,394.00,394.00,394.00,394.00
2026-08-24 16:18:19,362.00,584.00,362.00,584.00,219.00,302.00,299.00,179.00,269.00,215.00,281.00,199.00,269.00,394.00,394.00,394.00,394.00,394.00
2026-08-24 16:28:19,362.00,584.00,362.00,584.00,219.00,302.00,299.00,179.00,269.00,215.00,281.00,199.00,269.00,394.00,394.00,394.00,394.00,394.00
2026-08-24 16:38:07,362.00,584.00,362.00,584.00,219.00,306.00,299.00,179.00,269.00,215.00,281.00,199.00,269.00,394.00,394.00,394.00,394.00,394.00
2026-08-24 16:48:23,362.00,584.00,362.00,584.00,219.00,306.00,299.00,179.00,269.00,215.00,281.00,199.00,269.00,394.00,394.00,394.00,394.00,394.00
2026-08-24 16:58:19,362.00,584.00,362.00,584.00,219.00,306.00,299.00,179.00,269.00,215.00,281.00,199.00,269.00,394.00,394.00,394.00,394.00,394.00
2026-08-24 17:07:37,362.00,584.00,362.00,584.00,219.00,306.00,299.00,179.00,269.00,215.00,281.00,199.00,269.00,394.00,394.00,394.00,394.00,394.00
2026-08-24 17:18:28,362.00,584.00,362.00,584.00,219.00,306.00,299.00,179.00,269.00,215.00,281.00,199.00,269.00,394.00,394.00,394.00,394.00,394.00
2026-08-24 17:28:17,362.00,584.00,362.00,584.00,219.00,306.00,299.00,179.00,269.00,215.00,281.00,199.00,269.00,394.00,394.00,394.00,394.00,394.00
2026-08-24 17:38:04,362.00,584.00,362.00,584.00,219.00,306.00,299.00,179.00,269.00,215.00,281.00,199.00,269.00,394.00,394.00,394.00,394.00,394.00
2026-08-24 17:47:09,362.00,584.00,362.00,584.00,219.00,306.00,299.00,179.00,269.00,244.00,304.00,199.00,269.00,394.00,394.00,394.00,394.00,394.00
2026-08-24 17:58:37,362.00,584.00,362.00,584.00,219.00,306.00,299.00,179.00,269.00,215.00,281.00,199.00,269.00,394.00,394.00,394.00,394.00,394.00
2026-08-24 18:08:31,362.00,584.00,362.00,584.00,219.00,306.00,299.00,179.00,269.00,215.00,281.00,199.00,269.00,394.00,394.00,394.00,394.00,394.00
2026-08-24 18:18:19,362.00,584.00,362.00,584.00,219.00,306.00,299.00,179.00,269.00,215.00,281.00,199.00,269.00,394.00,394.00,394.00,394.00,394.00
2026-08-24 18:27:14,362.00,584.00,362.00,584.00,219.00,306.00,299.00,179.00,269.00,215.00,281.00,199.00,269.00,394.00,394.00,394.00,394.00,394.00
2026-08-24 18:38:18,362.00,584.00,362.00,584.00,219.00,306.00,299.00,179.00,269.00,215.00,281.00,199.00,269.00,394.00,394.00,394.00,394.00,394.00
2026-08-24 18:48:28,362.00,584.00,362.00,584.00,219.00,306.00,299.00,179.00,269.00,215.00,281.00,199.00,269.00,394.00,394.00,394.00,394.00,394.00
2026-08-24 18:58:10,362.00,584.00,362.00,584.00,219.00,306.00,299.00,179.00,269.00,215.00,281.00,199.00,269.00,394.00,394.00,394.00,394.00,394.00
2026-08-24 19:08:27,362.00,584.00,362.00,584.00,219.00,306.00,299.00,179.00,269.00,215.00,285.00,199.00,269.00,394.00,394.00,394.00,394.00,394.00
2026-08-24 19:17:42,362.00,584.00,362.00,584.00,219.00,306.00,299.00,179.00,269.00,215.00,285.00,199.00,269.00,394.00,394.00,394.00,394.00,394.00
2026-08-24 19:27:42,362.00,584.00,362.00,584.00,219.00,306.00,299.00,179.00,269.00,215.00,285.00,199.00,269.00,394.00,394.00,394.00,394.00,394.00
2026-08-24 19:38:18,362.00,584.00,362.00,584.00,219.00,306.00,299.00,179.00,269.00,215.00,285.00,199.00,269.00,394.00,394.00,394.00,394.00,394.00
2026-08-24 19:48:26,362.00,584.00,362.00,584.00,219.00,306.00,299.00,179.00,269.00,215.00,285.00,199.00,269.00,394.00,394.00,394.00,394.00,394.00
2026-08-24 19:58:18,362.00,584.00,362.00,584.00,219.00,306.00,299.00,179.00,269.00,215.00,285.00,199.00,269.00,394.00,394.00,394.00,394.00,394.00
2026-08-24 20:08:23,362.00,584.00,362.00,584.00,219.00,306.00,299.00,179.00,269.00,215.00,285.00,199.00,269.00,394.00,394.00,394.00,394.00,394.00
2026-08-24 20:18:29,362.00,584.00,362.00,584.00,219.00,306.00,299.00,179.00,269.00,215.00,285.00,199.00,269.00,394.00,394.00,394.00,394.00,394.00
2026-08-24 20:28:16,362.00,584.00,362.00,584.00,219.00,306.00,299.00,179.00,269.00,215.00,285.00,199.00,269.00,394.00,394.00,394.00,394.00,394.00
2026-08-24 20:38:18,362.00,584.00,362.00,584.00,219.00,306.00,299.00,179.00,269.00,215.00,285.00,199.00,269.00,404.00,404.00,404.00,404.00,404.00
2026-08-24 20:47:43,362.00,584.00,362.00,584.00,219.00,306.00,299.00,179.00,269.00,215.00,285.00,199.00,269.00,404.00,404.00,404.00,404.00,404.00
2026-08-24 20:58:26,362.00,584.00,362.00,584.00,219.00,306.00,299.00,179.00,269.00,244.00,304.00,199.00,269.00,404.00,404.00,404.00,404.00,404.00
2026-08-24 21:08:13,362.00,584.00,362.00,584.00,219.00,306.00,299.00,179.00,269.00,215.00,285.00,199.00,269.00,404.00,404.00,404.00,404.00,404.00
2026-08-24 21:17:51,362.00,584.00,362.00,584.00,219.00,306.00,299.00,179.00,269.00,215.00,285.00,199.00,269.00,404.00,404.00,404.00,404.00,404.00
2026-08-24 21:38:22,362.00,584.00,362.00,584.00,219.00,306.00,299.00,179.00,269.00,215.00,285.00,199.00,269.00,404.00,404.00,404.00,404.00,404.00
2026-08-24 21:47:29,362.00,584.00,362.00,584.00,219.00,306.00,299.00,179.00,269.00,215.00,285.00,199.00,269.00,404.00,404.00,404.00,404.00,404.00
2026-08-24 21:58:22,362.00,584.00,362.00,584.00,219.00,306.00,299.00,179.00,269.00,215.00,285.00,199.00,269.00,404.00,404.00,404.00,404.00,404.00
2026-08-24 22:08:30,362.00,584.00,362.00,584.00,219.00,306.00,299.00,179.00,269.00,215.00,285.00,199.00,269.00,404.00,404.00,404.00,404.00,404.00
2026-08-24 22:18:15,362.00,584.00,362.00,584.00,219.00,306.00,299.00,179.00,269.00,215.00,285.00,199.00,269.00,404.00,404.00,404.00,404.00,404.00
2026-08-24 22:28:18,362.00,584.00,362.00,584.00,219.00,306.00,299.00,179.00,269.00,215.00,285.00,199.00,269.00,404.00,404.00,404.00,404.00,404.00
2026-08-24 22:37:06,362.00,584.00,362.00,584.00,219.00,306.00,299.00,179.00,269.00,215.00,285.00,199.00,269.00,404.00,404.00,404.00,404.00,404.00
2026-08-24 22:48:25,362.00,584.00,362.00,584.00,219.00,307.00,306.00,179.00,269.00,215.00,285.00,199.00,269.00,404.00,404.00,404.00,404.00,404.00
2026-08-24 22:58:30,362.00,584.00,362.00,584.00,219.00,307.00,306.00,179.00,269.00,215.00,290.00,199.00,269.00,404.00,404.00,404.00,404.00,404.00
2026-08-24 23:08:37,362.00,584.00,362.00,584.00,219.00,307.00,306.00,179.00,269.00,215.00,290.00,199.00,269.00,404.00,404.00,404.00,404.00,404.00
2026-08-24 23:18:27,362.00,584.00,362.00,584.00,219.00,307.00,306.00,179.00,269.00,215.00,290.00,199.00,269.00,404.00,404.00,404.00,404.00,404.00
2026-08-24 23:28:25,362.00,584.00,362.00,584.00,219.00,307.00,306.00,179.00,269.00,215.00,290.00,199.00,269.00,404.00,404.00,404.00,404.00,404.00
2026-08-24 23:48:26,362.00,584.00,362.00,584.00,219.00,307.00,306.00,179.00,269.00,215.00,290.00,199.00,269.00,404.00,404.00,404.00,404.00,404.00
2026-08-24 23:58:35,362.00,584.00,362.00,584.00,219.00,307.00,306.00,179.00,269.00,215.00,290.00,199.00,269.00,404.00,404.00,404.00,404.00,404.00
2026-08-25 00:08:41,362.00,584.00,362.00,584.00,219.00,307.00,294.00,179.00,269.00,215.00,290.00,199.00,269.00,404.00,404.00,404.00,404.00,404.00
2026-08-25 00:17:23,362.00,584.00,362.00,584.00,219.00,307.00,294.00,179.00,269.00,215.00,290.00,199.00,269.00,404.00,404.00,404.00,404.00,404.00
2026-08-25 00:28:23,362.00,584.00,362.00,584.00,219.00,307.00,294.00,179.00,269.00,215.00,290.00,199.00,269.00,404.00,404.00,404.00,404.00,404.00
2026-08-25 00:38:29,362.00,584.00,362.00,584.00,219.00,307.00,294.00,189.00,279.00,224.00,300.00,209.00,279.00,404.00,404.00,404.00,404.00,404.00
2026-08-25 00:48:44,362.00,584.00,362.00,584.00,219.00,307.00,294.00,189.00,279.00,224.00,300.00,209.00,279.00,404.00,404.00,404.00,404.00,404.00
2026-08-25 00:58:31,362.00,584.00,362.00,584.00,219.00,307.00,294.00,189.00,279.00,224.00,300.00,209.00,279.00,404.00,404.00,404.00,404.00,404.00
2026-08-25 01:07:56,362.00,584.00,362.00,584.00,219.00,307.00,294.00,189.00,279.00,224.00,300.00,209.00,279.00,404.00,404.00,404.00,404.00,404.00
2026-08-25 01:18:33,362.00,584.00,362.00,584.00,219.00,307.00,294.00,189.00,279.00,224.00,300.00,209.00,279.00,404.00,404.00,404.00,404.00,404.00
2026-08-25 01:28:15,362.00,584.00,362.00,584.00,219.00,307.00,294.00,189.00,279.00,224.00,300.00,209.00,279.00,404.00,404.00,404.00,404.00,404.00
2026-08-25 01:39:06,,584.00,,584.00,,307.00,,,279.00,,,209.00,279.00,,404.00,404.00,404.00,
2026-08-25 01:48:40,362.00,584.00,362.00,584.00,219.00,307.00,294.00,189.00,279.00,224.00,300.00,209.00,279.00,404.00,404.00,404.00,404.00,404.00
2026-08-25 01:58:29,362.00,584.00,362.00,584.00,219.00,307.00,294.00,189.00,279.00,224.00,300.00,209.00,279.00,404.00,404.00,404.00,404.00,404.00
2026-08-25 02:08:38,362.00,584.00,362.00,584.00,219.00,307.00,294.00,189.00,279.00,224.00,300.00,209.00,279.00,404.00,404.00,404.00,404.00,404.00
2026-08-25 02:18:38,362.00,584.00,362.00,584.00,219.00,307.00,294.00,189.00,279.00,224.00,300.00,209.00,279.00,404.00,404.00,404.00,404.00,404.00
2026-08-25 02:27:04,362.00,584.00,362.00,584.00,219.00,307.00,298.00,189.00,279.00,224.00,300.00,209.00,279.00,404.00,404.00,404.00,404.00,404.00
2026-08-25 02:38:24,362.00,584.00,362.00,584.00,219.00,307.00,294.00,189.00,279.00,224.00,300.00,209.00,279.00,404.00,404.00,404.00,404.00,404.00
2026-08-25 02:48:22,362.00,584.00,362.00,584.00,219.00,307.00,294.00,189.00,279.00,254.00,314.00,209.00,279.00,404.00,404.00,404.00,404.00,404.00
2026-08-25 02:57:05,362.00,584.00,362.00,584.00,219.00,307.00,294.00,189.00,279.00,224.00,300.00,209.00,279.00,404.00,404.00,404.00,404.00,404.00
2026-08-25 03:08:41,362.00,584.00,362.00,584.00,219.00,307.00,294.00,189.00,279.00,224.00,300.00,209.00,279.00,404.00,404.00,404.00,404.00,404.00
2026-08-25 03:18:42,362.00,584.00,362.00,584.00,219.00,307.00,294.00,189.00,279.00,224.00,300.00,209.00,279.00,404.00,404.00,404.00,404.00,404.00
2026-08-25 03:28:30,362.00,584.00,362.00,584.00,219.00,307.00,294.00,189.00,279.00,224.00,300.00,209.00,279.00,404.00,404.00,404.00,404.00,404.00
2026-08-25 03:38:24,362.00,584.00,362.00,584.00,219.00,307.00,294.00,189.00,279.00,224.00,300.00,209.00,279.00,404.00,404.00,404.00,404.00,404.00
2026-08-25 03:48:12,362.00,584.00,362.00,584.00,219.00,307.00,294.00,189.00,279.00,224.00,300.00,209.00,279.00,404.00,404.00,404.00,404.00,404.00
2026-08-25 03:58:32,362.00,584.00,362.00,584.00,219.00,307.00,294.00,189.00,279.00,224.00,300.00,209.00,279.00,404.00,404.00,404.00,404.00,404.00
2026-08-25 04:09:23,362.00,584.00,362.00,584.00,219.00,307.00,294.00,189.00,279.00,224.00,300.00,209.00,279.00,404.00,404.00,404.00,404.00,404.00
2026-08-25 04:19:14,362.00,584.00,362.00,584.00,219.00,307.00,294.00,189.00,279.00,224.00,300.00,209.00,279.00,404.00,404.00,404.00,404.00,404.00
2026-08-25 04:28:58,362.00,584.00,362.00,584.00,219.00,307.00,294.00,189.00,279.00,224.00,300.00,209.00,279.00,404.00,404.00,404.00,404.00,404.00
2026-08-25 04:38:34,362.00,584.00,362.00,584.00,219.00,307.00,294.00,189.00,279.00,224.00,300.00,209.00,279.00,404.00,404.00,404.00,404.00,404.00
2026-08-25 04:47:33,484.00,584.00,362.00,584.00,219.00,307.00,294.00,189.00,279.00,224.00,300.00,209.00,279.00,404.00,404.00,404.00,404.00,404.00
2026-08-25 04:58:27,484.00,584.00,362.00,584.00,219.00,307.00,294.00,189.00,279.00,224.00,300.00,209.00,279.00,404.00,404.00,404.00,404.00,404.00
2026-08-25 05:07:11,484.00,584.00,362.00,584.00,219.00,307.00,294.00,189.00,279.00,224.00,300.00,209.00,279.00,404.00,404.00,404.00,404.00,404.00
2026-08-25 05:18:09,484.00,584.00,362.00,584.00,219.00,307.00,294.00,189.00,279.00,224.00,300.00,209.00,279.00,404.00,404.00,404.00,404.00,404.00
2026-08-25 05:28:12,484.00,584.00,362.00,584.00,219.00,307.00,294.00,189.00,279.00,224.00,300.00,209.00,279.00,404.00,404.00,404.00,404.00,404.00
2026-08-25 05:38:24,484.00,584.00,362.00,584.00,219.00,307.00,294.00,189.00,279.00,224.00,300.00,209.00,279.00,404.00,404.00,404.00,404.00,404.00
2026-08-25 05:48:16,484.00,584.00,362.00,584.00,219.00,307.00,294.00,189.00,279.00,224.00,300.00,209.00,279.00,404.00,404.00,404.00,404.00,404.00
2026-08-25 05:58:21,484.00,584.00,362.00,584.00,219.00,307.00,294.00,189.00,279.00,224.00,300.00,209.00,279.00,404.00,404.00,404.00,404.00,404.00
2026-08-25 06:07:40,484.00,584.00,362.00,584.00,219.00,307.00,294.00,189.00,279.00,224.00,300.00,209.00,279.00,404.00,404.00,404.00,404.00,404.00
2026-08-25 06:18:16,484.00,584.00,362.00,584.00,219.00,307.00,294.00,189.00,279.00,224.00,300.00,209.00,279.00,404.00,404.00,404.00,404.00,404.00
2026-08-25 06:28:22,484.00,584.00,362.00,584.00,219.00,307.00,294.00,189.00,279.00,224.00,300.00,314.00,279.00,404.00,404.00,404.00,404.00,404.00
2026-08-25 06:38:13,484.00,584.00,362.00,584.00,219.00,307.00,294.00,189.00,314.00,224.00,300.00,314.00,279.00,404.00,404.00,404.00,404.00,404.00
2026-08-25 06:47:35,484.00,584.00,362.00,584.00,219.00,307.00,294.00,189.00,314.00,209.00,279.00,314.00,314.00,404.00,404.00,404.00,404.00,404.00
2026-08-25 06:57:07,484.00,584.00,362.00,584.00,219.00,307.00,294.00,189.00,314.00,209.00,279.00,314.00,314.00,404.00,404.00,404.00,404.00,404.00
2026-08-25 07:08:22,484.00,584.00,362.00,584.00,219.00,324.00,324.00,189.00,314.00,209.00,279.00,314.00,314.00,404.00,404.00,404.00,404.00,404.00
2026-08-25 07:18:08,484.00,584.00,362.00,584.00,219.00,324.00,324.00,189.00,314.00,209.00,279.00,314.00,314.00,404.00,404.00,404.00,404.00,404.00
2026-08-25 07:28:22,484.00,584.00,362.00,584.00,219.00,324.00,324.00,189.00,314.00,209.00,279.00,314.00,314.00,404.00,404.00,404.00,404.00,404.00
2026-08-25 07:38:25,484.00,584.00,362.00,584.00,219.00,324.00,324.00,189.00,314.00,209.00,279.00,314.00,314.00,404.00,404.00,404.00,404.00,404.00
2026-08-25 07:48:04,484.00,584.00,362.00,584.00,219.00,324.00,324.00,189.00,314.00,209.00,279.00,314.00,314.00,404.00,404.00,404.00,404.00,404.00
2026-08-25 07:58:21,484.00,584.00,362.00,584.00,219.00,324.00,324.00,189.00,314.00,209.00,279.00,314.00,314.00,404.00,404.00,404.00,404.00,404.00
2026-08-25 08:08:26,484.00,584.00,362.00,584.00,219.00,324.00,324.00,189.00,314.00,209.00,279.00,314.00,314.00,404.00,404.00,404.00,404.00,404.00
2026-08-25 08:18:14,484.00,584.00,362.00,584.00,219.00,324.00,324.00,189.00,314.00,209.00,279.00,314.00,314.00,404.00,404.00,404.00,404.00,404.00
2026-08-25 08:28:17,484.00,584.00,362.00,584.00,219.00,324.00,324.00,189.00,314.00,209.00,279.00,314.00,314.00,404.00,404.00,404.00,404.00,404.00
2026-08-25 08:38:26,484.00,584.00,362.00,584.00,219.00,324.00,324.00,189.00,314.00,209.00,279.00,314.00,314.00,404.00,404.00,404.00,404.00,404.00
2026-08-25 08:48:15,484.00,584.00,362.00,584.00,219.00,324.00,324.00,189.00,314.00,209.00,279.00,314.00,314.00,404.00,404.00,404.00,404.00,404.00
2026-08-25 08:58:12,484.00,584.00,362.00,584.00,219.00,324.00,324.00,189.00,314.00,209.00,279.00,314.00,314.00,404.00,404.00,404.00,404.00,404.00
2026-08-25 09:07:43,484.00,584.00,362.00,584.00,219.00,324.00,324.00,189.00,314.00,209.00,279.00,314.00,314.00,404.00,404.00,404.00,404.00,404.00
2026-08-25 09:18:20,484.00,584.00,362.00,584.00,219.00,324.00,324.00,189.00,314.00,209.00,279.00,314.00,314.00,404.00,404.00,404.00,404.00,404.00
2026-08-25 09:28:19,484.00,584.00,362.00,584.00,219.00,324.00,324.00,189.00,314.00,209.00,279.00,314.00,314.00,404.00,404.00,404.00,404.00,404.00
2026-08-25 09:38:20,484.00,584.00,362.00,584.00,219.00,324.00,324.00,189.00,314.00,209.00,279.00,314.00,314.00,404.00,404.00,404.00,404.00,404.00
2026-08-25 09:47:40,484.00,584.00,362.00,584.00,219.00,324.00,324.00,189.00,314.00,209.00,279.00,314.00,314.00,404.00,404.00,404.00,404.00,404.00
2026-08-25 09:58:24,484.00,584.00,362.00,584.00,219.00,324.00,324.00,189.00,314.00,209.00,279.00,314.00,314.00,404.00,404.00,404.00,404.00,404.00
2026-08-25 10:07:42,484.00,584.00,362.00,584.00,219.00,324.00,324.00,189.00,314.00,209.00,279.00,314.00,314.00,404.00,404.00,404.00,404.00,404.00
2026-08-25 10:18:17,484.00,584.00,362.00,584.00,219.00,324.00,324.00,189.00,314.00,209.00,279.00,314.00,314.00,404.00,404.00,404.00,404.00,404.00
2026-08-25 10:28:11,484.00,584.00,362.00,584.00,219.00,324.00,324.00,189.00,314.00,209.00,279.00,314.00,314.00,404.00,404.00,404.00,404.00,404.00
2026-08-25 10:37:44,484.00,584.00,362.00,584.00,219.00,324.00,324.00,189.00,314.00,209.00,279.00,314.00,314.00,404.00,404.00,404.00,404.00,404.00
2026-08-25 10:46:52,484.00,584.00,362.00,584.00,219.00,324.00,324.00,189.00,314.00,209.00,279.00,314.00,314.00,404.00,404.00,404.00,404.00,404.00
2026-08-25 10:57:41,484.00,584.00,362.00,584.00,219.00,324.00,324.00,189.00,314.00,209.00,279.00,314.00,314.00,404.00,404.00,404.00,404.00,404.00
2026-08-25 11:08:32,484.00,584.00,362.00,584.00,219.00,324.00,324.00,189.00,314.00,209.00,279.00,314.00,314.00,404.00,404.00,404.00,404.00,404.00
2026-08-25 11:18:23,484.00,584.00,362.00,584.00,219.00,324.00,324.00,189.00,314.00,209.00,279.00,314.00,314.00,404.00,404.00,404.00,404.00,404.00
2026-08-25 11:28:41,484.00,584.00,362.00,584.00,219.00,324.00,324.00,189.00,314.00,209.00,279.00,314.00,314.00,404.00,404.00,404.00,404.00,404.00
2026-08-25 11:38:34,484.00,584.00,362.00,584.00,219.00,324.00,324.00,189.00,314.00,209.00,279.00,314.00,314.00,404.00,404.00,404.00,404.00,404.00
2026-08-25 11:48:36,484.00,584.00,362.00,584.00,219.00,324.00,324.00,189.00,314.00,209.00,279.00,314.00,314.00,404.00,404.00,404.00,404.00,404.00
2026-08-25 11:58:17,484.00,584.00,362.00,584.00,219.00,324.00,324.00,189.00,314.00,209.00,279.00,314.00,314.00,404.00,404.00,404.00,404.00,404.00
2026-08-25 12:08:36,362.00,584.00,362.00,584.00,219.00,324.00,324.00,189.00,314.00,209.00,279.00,314.00,314.00,404.00,404.00,404.00,404.00,404.00
2026-08-25 12:18:32,362.00,584.00,362.00,584.00,219.00,324.00,324.00,189.00,314.00,209.00,279.00,314.00,314.00,404.00,404.00,404.00,404.00,404.00
2026-08-25 12:28:13,362.00,584.00,362.00,584.00,219.00,324.00,324.00,189.00,314.00,209.00,279.00,314.00,314.00,404.00,404.00,404.00,404.00,404.00
2026-08-25 12:38:31,362.00,584.00,362.00,584.00,219.00,324.00,324.00,189.00,314.00,209.00,279.00,314.00,314.00,404.00,404.00,404.00,404.00,404.00
2026-08-25 12:48:13,362.00,584.00,362.00,584.00,219.00,324.00,324.00,189.00,314.00,209.00,279.00,314.00,314.00,404.00,404.00,404.00,404.00,404.00
2026-08-25 12:58:36,362.00,584.00,362.00,584.00,219.00,324.00,324.00,189.00,314.00,209.00,279.00,314.00,314.00,404.00,404.00,404.00,404.00,404.00
2026-08-25 13:08:42,362.00,584.00,362.00,584.00,219.00,324.00,324.00,189.00,314.00,209.00,279.00,314.00,314.00,404.00,404.00,404.00,404.00,404.00
2026-08-25 13:18:44,362.00,584.00,362.00,584.00,219.00,324.00,324.00,189.00,314.00,209.00,279.00,314.00,314.00,404.00,404.00,404.00,404.00,404.00
2026-08-25 13:28:20,362.00,584.00,362.00,584.00,219.00,324.00,324.00,189.00,314.00,209.00,279.00,314.00,314.00,404.00,404.00,404.00,404.00,404.00
2026-08-25 13:38:42,362.00,584.00,362.00,584.00,219.00,324.00,324.00,189.00,314.00,209.00,279.00,314.00,314.00,404.00,404.00,404.00,404.00,404.00
2026-08-25 13:47:09,362.00,584.00,362.00,584.00,219.00,324.00,324.00,189.00,314.00,224.00,300.00,314.00,314.00,404.00,404.00,404.00,404.00,404.00
2026-08-25 13:58:46,362.00,584.00,362.00,584.00,219.00,324.00,324.00,189.00,279.00,224.00,300.00,314.00,279.00,404.00,404.00,404.00,404.00,404.00
2026-08-25 14:08:57,362.00,584.00,362.00,584.00,219.00,324.00,324.00,189.00,279.00,224.00,300.00,314.00,279.00,404.00,404.00,404.00,404.00,404.00
2026-08-25 14:18:55,362.00,584.00,362.00,584.00,219.00,324.00,324.00,189.00,279.00,224.00,300.00,314.00,279.00,404.00,404.00,404.00,404.00,404.00
2026-08-25 14:29:02,,584.00,,584.00,,324.00,,,279.00,,,314.00,279.00,,404.00,404.00,404.00,
2026-08-25 14:38:42,362.00,584.00,362.00,584.00,219.00,324.00,324.00,189.00,279.00,254.00,296.00,314.00,279.00,404.00,404.00,404.00,404.00,404.00
2026-08-25 14:47:25,362.00,584.00,362.00,584.00,219.00,324.00,324.00,189.00,279.00,254.00,314.00,314.00,279.00,404.00,404.00,404.00,404.00,404.00
2026-08-25 14:57:54,362.00,584.00,362.00,584.00,219.00,324.00,324.00,189.00,279.00,254.00,296.00,314.00,279.00,404.00,404.00,404.00,404.00,404.00
2026-08-25 15:08:43,362.00,584.00,362.00,584.00,219.00,324.00,324.00,189.00,279.00,254.00,296.00,314.00,279.00,404.00,404.00,404.00,404.00,404.00
2026-08-25 15:18:48,362.00,584.00,362.00,584.00,219.00,324.00,324.00,189.00,279.00,254.00,296.00,314.00,279.00,404.00,404.00,404.00,404.00,404.00
2026-08-25 15:28:53,362.00,584.00,362.00,584.00,219.00,324.00,324.00,189.00,279.00,254.00,296.00,314.00,279.00,404.00,404.00,404.00,404.00,404.00
2026-08-25 15:38:38,362.00,584.00,362.00,584.00,219.00,324.00,324.00,189.00,279.00,254.00,296.00,314.00,279.00,404.00,404.00,404.00,404.00,404.00
2026-08-25 15:48:36,362.00,584.00,362.00,584.00,219.00,324.00,324.00,189.00,279.00,254.00,296.00,314.00,279.00,404.00,404.00,404.00,404.00,404.00
2026-08-25 15:58:31,362.00,584.00,362.00,584.00,219.00,324.00,324.00,189.00,279.00,254.00,296.00,314.00,279.00,404.00,404.00,404.00,404.00,404.00
2026-08-25 16:08:33,362.00,584.00,362.00,584.00,219.00,324.00,324.00,189.00,279.00,254.00,296.00,314.00,279.00,404.00,404.00,404.00,404.00,404.00
2026-08-25 16:18:59,362.00,584.00,362.00,584.00,219.00,324.00,324.00,189.00,279.00,254.00,296.00,314.00,279.00,404.00,404.00,404.00,404.00,404.00
2026-08-25 16:29:01,362.00,584.00,362.00,584.00,219.00,324.00,324.00,189.00,279.00,254.00,296.00,314.00,279.00,404.00,404.00,404.00,404.00,404.00
2026-08-25 16:39:29,362.00,584.00,362.00,584.00,219.00,324.00,324.00,189.00,279.00,254.00,296.00,314.00,279.00,404.00,404.00,404.00,404.00,404.00
2026-08-25 16:50:17,362.00,584.00,362.00,584.00,219.00,324.00,324.00,189.00,279.00,254.00,296.00,314.00,279.00,404.00,404.00,404.00,404.00,404.00
2026-08-25 17:00:41,362.00,584.00,362.00,584.00,219.00,324.00,324.00,189.00,279.00,254.00,296.00,314.00,279.00,404.00,404.00,404.00,404.00,404.00
2026-08-25 17:10:08,362.00,584.00,362.00,584.00,219.00,324.00,324.00,189.00,279.00,254.00,296.00,314.00,279.00,404.00,404.00,404.00,404.00,404.00
2026-08-25 17:20:09,362.00,584.00,362.00,584.00,219.00,324.00,324.00,189.00,279.00,254.00,296.00,314.00,279.00,404.00,404.00,404.00,404.00,404.00
2026-08-25 17:30:33,362.00,584.00,362.00,584.00,219.00,324.00,324.00,189.00,279.00,254.00,296.00,314.00,279.00,404.00,404.00,404.00,404.00,404.00
2026-08-25 17:40:31,362.00,584.00,362.00,584.00,219.00,324.00,324.00,189.00,279.00,254.00,296.00,314.00,279.00,404.00,404.00,404.00,404.00,404.00
2026-08-25 17:50:20,362.00,584.00,362.00,584.00,219.00,324.00,324.00,189.00,279.00,254.00,296.00,314.00,279.00,404.00,404.00,404.00,404.00,404.00
2026-08-25 18:00:33,362.00,584.00,362.00,584.00,219.00,324.00,324.00,189.00,279.00,254.00,296.00,314.00,279.00,404.00,404.00,404.00,404.00,404.00
2026-08-25 18:10:20,362.00,584.00,362.00,584.00,219.00,324.00,324.00,189.00,279.00,254.00,296.00,314.00,279.00,404.00,404.00,404.00,404.00,404.00
2026-08-25 18:20:20,362.00,584.00,362.00,584.00,219.00,324.00,324.00,189.00,279.00,254.00,296.00,314.00,279.00,404.00,404.00,404.00,404.00,404.00
2026-08-25 18:30:34,362.00,584.00,362.00,584.00,219.00,324.00,324.00,189.00,279.00,254.00,296.00,314.00,279.00,404.00,404.00,404.00,404.00,404.00
2026-08-25 18:40:44,362.00,584.00,362.00,584.00,219.00,324.00,324.00,189.00,279.00,254.00,296.00,314.00,279.00,404.00,404.00,404.00,404.00,404.00
2026-08-25 18:51:03,362.00,584.00,362.00,584.00,219.00,324.00,324.00,189.00,279.00,254.00,296.00,314.00,279.00,404.00,404.00,404.00,404.00,404.00
2026-08-25 19:01:22,362.00,584.00,362.00,584.00,219.00,324.00,324.00,189.00,279.00,254.00,296.00,314.00,279.00,404.00,404.00,404.00,404.00,404.00
2026-08-25 19:11:36,362.00,584.00,362.00,584.00,219.00,324.00,324.00,189.00,279.00,254.00,296.00,314.00,279.00,404.00,404.00,404.00,404.00,404.00
2026-08-25 19:21:51,362.00,584.00,362.00,584.00,219.00,324.00,324.00,189.00,279.00,254.00,296.00,314.00,279.00,404.00,404.00,404.00,404.00,404.00
2026-08-25 19:32:01,362.00,,362.00,,219.00,,324.00,189.00,,254.00,296.00,,,404.00,,,189.00,404.00
2026-08-25 19:41:55,362.00,584.00,362.00,584.00,219.00,324.00,324.00,189.00,279.00,254.00,296.00,314.00,279.00,404.00,404.00,404.00,404.00,404.00
2026-08-25 19:51:41,362.00,584.00,362.00,584.00,219.00,324.00,324.00,189.00,279.00,254.00,296.00,314.00,279.00,404.00,404.00,404.00,404.00,404.00
2026-08-25 20:01:44,362.00,584.00,362.00,584.00,219.00,324.00,324.00,189.00,279.00,254.00,296.00,314.00,279.00,404.00,404.00,404.00,404.00,404.00
2026-08-25 20:12:01,362.00,584.00,362.00,584.00,219.00,324.00,324.00,189.00,279.00,254.00,296.00,314.00,279.00,404.00,404.00,404.00,404.00,404.00
2026-08-25 20:22:08,362.00,584.00,362.00,584.00,219.00,324.00,324.00,189.00,279.00,254.00,296.00,314.00,279.00,404.00,404.00,404.00,404.00,404.00
2026-08-25 20:32:31,362.00,584.00,362.00,584.00,219.00,324.00,324.00,189.00,279.00,254.00,296.00,314.00,279.00,404.00,404.00,404.00,404.00,404.00
2026-08-25 20:42:40,372.00,594.00,372.00,594.00,229.00,324.00,324.00,189.00,279.00,254.00,296.00,314.00,279.00,404.00,404.00,404.00,404.00,404.00
2026-08-25 20:52:22,372.00,594.00,372.00,594.00,229.00,324.00,324.00,189.00,279.00,254.00,296.00,314.00,279.00,404.00,404.00,404.00,404.00,404.00
2026-08-25 21:02:22,372.00,594.00,372.00,594.00,229.00,324.00,324.00,189.00,279.00,254.00,296.00,314.00,279.00,404.00,404.00,404.00,404.00,404.00
2026-08-25 21:12:34,372.00,594.00,372.00,594.00,229.00,324.00,324.00,189.00,279.00,254.00,296.00,314.00,279.00,404.00,404.00,404.00,404.00,404.00
2026-08-25 21:22:39,372.00,594.00,372.00,594.00,229.00,324.00,324.00,189.00,279.00,254.00,296.00,314.00,279.00,404.00,404.00,404.00,404.00,404.00
2026-08-25 21:33:01,372.00,594.00,372.00,594.00,229.00,324.00,324.00,189.00,279.00,254.00,296.00,314.00,279.00,404.00,404.00,404.00,404.00,404.00
2026-08-25 21:43:09,372.00,594.00,372.00,594.00,229.00,324.00,324.00,189.00,279.00,254.00,296.00,314.00,279.00,404.00,404.00,404.00,404.00,404.00
2026-08-25 21:51:57,372.00,594.00,372.00,594.00,229.00,324.00,324.00,189.00,279.00,254.00,296.00,314.00,279.00,404.00,404.00,404.00,404.00,404.00
2026-08-25 22:02:04,372.00,594.00,372.00,372.00,229.00,324.00,324.00,189.00,279.00,254.00,296.00,314.00,279.00,404.00,404.00,404.00,404.00,404.00
2026-08-25 22:12:30,372.00,594.00,372.00,372.00,229.00,324.00,324.00,189.00,279.00,254.00,296.00,314.00,279.00,404.00,404.00,404.00,404.00,404.00
2026-08-25 22:22:50,372.00,594.00,372.00,372.00,229.00,324.00,324.00,189.00,279.00,254.00,296.00,314.00,279.00,404.00,404.00,404.00,404.00,404.00
2026-08-25 22:33:00,372.00,594.00,372.00,372.00,229.00,324.00,324.00,189.00,279.00,254.00,296.00,314.00,279.00,404.00,404.00,404.00,404.00,404.00
2026-08-25 22:43:24,372.00,594.00,372.00,372.00,229.00,324.00,324.00,189.00,279.00,254.00,296.00,314.00,279.00,404.00,404.00,404.00,404.00,404.00
2026-08-25 22:53:42,372.00,594.00,372.00,372.00,229.00,324.00,324.00,189.00,279.00,254.00,296.00,314.00,279.00,404.00,404.00,404.00,404.00,404.00
2026-08-25 23:03:08,372.00,594.00,372.00,372.00,229.00,324.00,324.00,189.00,279.00,254.00,296.00,314.00,279.00,404.00,404.00,404.00,404.00,404.00
2026-08-25 23:12:25,372.00,594.00,372.00,372.00,229.00,324.00,324.00,189.00,279.00,254.00,296.00,314.00,279.00,404.00,404.00,404.00,404.00,404.00
2026-08-25 23:22:18,372.00,594.00,372.00,372.00,229.00,324.00,324.00,189.00,279.00,254.00,296.00,314.00,279.00,404.00,404.00,404.00,404.00,404.00
2026-08-25 23:32:26,372.00,594.00,372.00,372.00,229.00,324.00,324.00,189.00,279.00,254.00,304.00,314.00,279.00,404.00,404.00,404.00,404.00,404.00
2026-08-25 23:42:21,372.00,594.00,372.00,372.00,229.00,324.00,324.00,189.00,279.00,254.00,304.00,314.00,279.00,404.00,404.00,404.00,404.00,404.00
2026-08-25 23:52:41,372.00,594.00,372.00,372.00,229.00,324.00,324.00,189.00,279.00,254.00,314.00,314.00,279.00,404.00,404.00,404.00,404.00,404.00
2026-08-26 00:02:54,372.00,594.00,372.00,372.00,229.00,269.00,269.00,189.00,279.00,254.00,304.00,314.00,279.00,404.00,404.00,404.00,404.00,404.00
2026-08-26 00:13:14,372.00,594.00,372.00,372.00,229.00,269.00,269.00,189.00,279.00,254.00,304.00,314.00,279.00,404.00,404.00,404.00,404.00,404.00
2026-08-26 00:23:30,372.00,594.00,372.00,372.00,229.00,269.00,269.00,189.00,279.00,254.00,304.00,314.00,279.00,404.00,404.00,404.00,404.00,404.00
2026-08-26 00:33:28,372.00,594.00,372.00,372.00,229.00,269.00,269.00,189.00,279.00,254.00,304.00,314.00,279.00,404.00,404.00,404.00,404.00,404.00
2026-08-26 00:43:46,372.00,594.00,372.00,372.00,229.00,269.00,269.00,189.00,279.00,254.00,304.00,314.00,279.00,404.00,404.00,404.00,404.00,404.00
2026-08-26 00:54:09,372.00,594.00,372.00,372.00,229.00,269.00,269.00,189.00,279.00,254.00,304.00,314.00,279.00,404.00,404.00,404.00,404.00,404.00
2026-08-26 01:04:10,372.00,594.00,372.00,372.00,229.00,269.00,269.00,189.00,279.00,254.00,304.00,314.00,279.00,404.00,404.00,404.00,404.00,404.00
2026-08-26 01:14:29,372.00,594.00,372.00,372.00,229.00,269.00,269.00,189.00,279.00,254.00,304.00,314.00,279.00,404.00,404.00,404.00,404.00,404.00
2026-08-26 01:24:24,372.00,594.00,372.00,372.00,229.00,269.00,269.00,189.00,279.00,254.00,304.00,314.00,279.00,404.00,404.00,404.00,404.00,404.00
2026-08-26 01:34:36,372.00,594.00,372.00,372.00,229.00,269.00,269.00,189.00,279.00,254.00,314.00,314.00,279.00,404.00,404.00,404.00,404.00,404.00
2026-08-26 01:44:05,372.00,594.00,372.00,372.00,229.00,269.00,269.00,189.00,279.00,254.00,304.00,314.00,279.00,404.00,404.00,404.00,404.00,404.00
2026-08-26 01:53:33,372.00,594.00,372.00,372.00,229.00,269.00,269.00,189.00,279.00,254.00,304.00,314.00,279.00,404.00,404.00,404.00,404.00,404.00
2026-08-26 02:03:40,372.00,594.00,372.00,372.00,229.00,269.00,269.00,189.00,279.00,254.00,304.00,314.00,279.00,404.00,404.00,404.00,404.00,404.00
2026-08-26 02:13:45,372.00,594.00,372.00,372.00,229.00,269.00,269.00,189.00,279.00,254.00,304.00,314.00,279.00,404.00,404.00,404.00,404.00,404.00
2026-08-26 02:24:07,372.00,594.00,372.00,372.00,229.00,269.00,269.00,189.00,279.00,254.00,304.00,314.00,279.00,404.00,404.00,404.00,404.00,404.00
2026-08-26 02:34:09,372.00,594.00,372.00,372.00,229.00,269.00,269.00,189.00,279.00,254.00,304.00,314.00,279.00,404.00,404.00,404.00,404.00,404.00
2026-08-26 02:43:12,372.00,594.00,372.00,372.00,229.00,269.00,269.00,189.00,279.00,254.00,304.00,314.00,279.00,404.00,404.00,404.00,404.00,404.00
2026-08-26 02:53:11,372.00,594.00,372.00,372.00,229.00,269.00,269.00,189.00,279.00,254.00,304.00,314.00,279.00,404.00,404.00,404.00,404.00,404.00
2026-08-26 03:03:41,372.00,594.00,372.00,372.00,229.00,269.00,269.00,189.00,279.00,254.00,304.00,314.00,279.00,404.00,404.00,404.00,404.00,404.00
2026-08-26 03:14:00,372.00,594.00,372.00,372.00,229.00,269.00,269.00,189.00,279.00,254.00,304.00,314.00,279.00,404.00,404.00,404.00,404.00,404.00
2026-08-26 03:24:33,372.00,594.00,372.00,372.00,229.00,269.00,269.00,189.00,279.00,254.00,304.00,314.00,279.00,404.00,404.00,404.00,404.00,404.00
2026-08-26 03:34:48,372.00,594.00,372.00,372.00,229.00,269.00,269.00,189.00,279.00,254.00,304.00,314.00,279.00,404.00,404.00,404.00,404.00,404.00
2026-08-26 03:45:14,372.00,594.00,372.00,372.00,229.00,269.00,269.00,189.00,279.00,254.00,304.00,314.00,279.00,404.00,404.00,404.00,404.00,404.00
2026-08-26 03:55:27,372.00,594.00,372.00,372.00,229.00,269.00,269.00,189.00,279.00,254.00,304.00,314.00,279.00,404.00,404.00,404.00,404.00,404.00
2026-08-26 04:04:56,372.00,594.00,372.00,372.00,229.00,269.00,269.00,189.00,279.00,254.00,304.00,314.00,279.00,404.00,404.00,404.00,404.00,404.00
2026-08-26 04:14:22,372.00,594.00,372.00,372.00,229.00,269.00,269.00,189.00,279.00,254.00,304.00,314.00,279.00,404.00,404.00,404.00,404.00,404.00
2026-08-26 04:24:37,372.00,594.00,372.00,372.00,229.00,269.00,269.00,189.00,279.00,254.00,304.00,314.00,279.00,404.00,404.00,404.00,404.00,404.00
2026-08-26 04:34:55,372.00,594.00,372.00,372.00,229.00,269.00,269.00,189.00,279.00,254.00,304.00,314.00,279.00,404.00,404.00,404.00,404.00,404.00
2026-08-26 04:45:33,372.00,594.00,372.00,372.00,229.00,269.00,269.00,189.00,279.00,254.00,304.00,314.00,279.00,404.00,404.00,404.00,404.00,404.00
2026-08-26 04:55:56,372.00,594.00,372.00,372.00,229.00,269.00,269.00,189.00,279.00,254.00,304.00,314.00,279.00,404.00,404.00,404.00,404.00,404.00
2026-08-26 05:06:12,372.00,594.00,372.00,372.00,229.00,269.00,269.00,189.00,279.00,254.00,304.00,314.00,279.00,404.00,404.00,404.00,404.00,404.00
2026-08-26 05:16:43,372.00,594.00,372.00,372.00,229.00,269.00,269.00,189.00,279.00,254.00,304.00,314.00,279.00,404.00,404.00,404.00,404.00,404.00
2026-08-26 05:27:18,372.00,594.00,372.00,372.00,229.00,269.00,269.00,189.00,279.00,254.00,304.00,314.00,279.00,404.00,404.00,404.00,404.00,404.00
2026-08-26 05:36:16,372.00,594.00,372.00,372.00,229.00,269.00,269.00,189.00,279.00,254.00,304.00,314.00,279.00,404.00,404.00,404.00,404.00,404.00
2026-08-26 05:46:18,372.00,594.00,372.00,372.00,229.00,269.00,269.00,189.00,279.00,254.00,304.00,314.00,279.00,404.00,404.00,404.00,404.00,404.00
2026-08-26 05:56:29,372.00,594.00,372.00,372.00,229.00,269.00,269.00,189.00,279.00,254.00,304.00,314.00,279.00,404.00,404.00,404.00,404.00,404.00
2026-08-26 06:06:50,372.00,594.00,372.00,372.00,229.00,269.00,269.00,189.00,279.00,254.00,304.00,314.00,279.00,404.00,404.00,404.00,404.00,404.00
2026-08-26 06:17:17,372.00,594.00,372.00,372.00,229.00,269.00,269.00,189.00,279.00,254.00,304.00,314.00,279.00,404.00,404.00,404.00,404.00,404.00
2026-08-26 06:26:42,372.00,594.00,372.00,372.00,229.00,269.00,269.00,189.00,279.00,254.00,304.00,314.00,279.00,404.00,404.00,404.00,404.00,404.00
2026-08-26 06:36:50,372.00,594.00,372.00,372.00,229.00,269.00,269.00,189.00,314.00,189.00,279.00,369.00,369.00,404.00,404.00,404.00,404.00,404.00
2026-08-26 06:47:05,372.00,594.00,372.00,372.00,229.00,269.00,269.00,189.00,314.00,189.00,279.00,369.00,369.00,404.00,404.00,404.00,404.00,404.00
2026-08-26 06:56:08,372.00,594.00,372.00,372.00,229.00,269.00,269.00,189.00,314.00,189.00,279.00,369.00,369.00,404.00,404.00,404.00,404.00,404.00
2026-08-26 07:06:06,372.00,594.00,372.00,372.00,229.00,269.00,269.00,189.00,314.00,189.00,279.00,369.00,369.00,404.00,404.00,404.00,404.00,404.00
2026-08-26 07:16:34,372.00,594.00,372.00,372.00,229.00,269.00,269.00,189.00,314.00,189.00,279.00,369.00,369.00,404.00,404.00,404.00,404.00,404.00
2026-08-26 07:27:04,372.00,594.00,372.00,372.00,229.00,269.00,269.00,189.00,314.00,189.00,279.00,369.00,369.00,404.00,404.00,404.00,404.00,404.00
2026-08-26 07:36:50,372.00,594.00,372.00,372.00,229.00,269.00,269.00,189.00,314.00,189.00,279.00,369.00,369.00,404.00,404.00,404.00,404.00,404.00
2026-08-26 07:47:27,372.00,594.00,372.00,372.00,229.00,269.00,269.00,189.00,314.00,189.00,279.00,369.00,369.00,404.00,404.00,404.00,404.00,404.00
2026-08-26 07:57:49,372.00,594.00,372.00,372.00,229.00,269.00,269.00,189.00,314.00,189.00,279.00,369.00,369.00,404.00,404.00,404.00,404.00,404.00
2026-08-26 08:08:04,372.00,594.00,372.00,372.00,229.00,269.00,269.00,189.00,314.00,189.00,279.00,369.00,369.00,404.00,404.00,404.00,404.00,404.00
2026-08-26 08:18:27,372.00,594.00,372.00,372.00,229.00,269.00,269.00,189.00,314.00,189.00,279.00,369.00,369.00,404.00,404.00,404.00,404.00,404.00
2026-08-26 08:28:43,372.00,594.00,372.00,372.00,229.00,269.00,269.00,189.00,314.00,189.00,279.00,369.00,369.00,404.00,404.00,404.00,404.00,404.00
2026-08-26 08:38:59,372.00,594.00,372.00,372.00,229.00,269.00,269.00,189.00,314.00,189.00,279.00,369.00,369.00,404.00,404.00,404.00,404.00,404.00
2026-08-26 08:48:30,372.00,594.00,372.00,372.00,229.00,269.00,269.00,189.00,314.00,189.00,279.00,369.00,369.00,404.00,404.00,404.00,404.00,404.00
2026-08-26 08:58:45,372.00,594.00,372.00,372.00,229.00,269.00,269.00,189.00,314.00,189.00,279.00,369.00,369.00,404.00,404.00,404.00,404.00,404.00
2026-08-26 09:09:03,372.00,594.00,372.00,372.00,229.00,269.00,269.00,189.00,314.00,189.00,279.00,369.00,369.00,404.00,404.00,404.00,404.00,404.00
2026-08-26 09:18:56,372.00,594.00,372.00,372.00,229.00,269.00,269.00,189.00,314.00,189.00,279.00,369.00,369.00,404.00,404.00,404.00,404.00,404.00
2026-08-26 09:28:14,372.00,594.00,372.00,372.00,229.00,269.00,269.00,189.00,314.00,189.00,279.00,369.00,369.00,404.00,404.00,404.00,404.00,404.00
2026-08-26 09:38:57,372.00,594.00,372.00,372.00,229.00,269.00,269.00,189.00,314.00,189.00,279.00,369.00,369.00,404.00,404.00,404.00,404.00,404.00
2026-08-26 09:49:17,372.00,594.00,372.00,372.00,229.00,269.00,269.00,189.00,314.00,189.00,279.00,369.00,369.00,404.00,404.00,404.00,404.00,404.00
2026-08-26 09:59:38,372.00,594.00,372.00,372.00,229.00,269.00,269.00,189.00,314.00,189.00,279.00,369.00,369.00,404.00,404.00,404.00,404.00,404.00
2026-08-26 10:10:03,372.00,594.00,372.00,372.00,229.00,269.00,269.00,189.00,314.00,189.00,279.00,369.00,369.00,404.00,404.00,404.00,404.00,404.00
2026-08-26 10:20:36,372.00,594.00,372.00,372.00,229.00,269.00,269.00,189.00,314.00,189.00,279.00,369.00,369.00,404.00,404.00,404.00,404.00,404.00
2026-08-26 10:29:59,372.00,594.00,372.00,372.00,229.00,269.00,269.00,189.00,314.00,189.00,279.00,369.00,369.00,404.00,404.00,404.00,404.00,404.00
2026-08-26 10:40:16,372.00,594.00,372.00,372.00,229.00,269.00,269.00,189.00,314.00,189.00,279.00,369.00,369.00,404.00,404.00,404.00,404.00,404.00
2026-08-26 10:50:50,372.00,594.00,372.00,372.00,229.00,269.00,269.00,189.00,314.00,189.00,279.00,369.00,369.00,404.00,404.00,404.00,404.00,404.00
2026-08-26 11:00:52,372.00,594.00,372.00,372.00,229.00,269.00,269.00,189.00,314.00,189.00,279.00,369.00,369.00,404.00,404.00,404.00,404.00,404.00
2026-08-26 11:11:00,372.00,594.00,372.00,372.00,229.00,269.00,269.00,189.00,314.00,189.00,279.00,369.00,369.00,404.00,404.00,404.00,404.00,404.00
2026-08-26 11:21:17,372.00,594.00,372.00,372.00,229.00,269.00,269.00,189.00,314.00,189.00,279.00,369.00,369.00,404.00,404.00,404.00,404.00,404.00
2026-08-26 11:31:19,372.00,594.00,372.00,372.00,229.00,269.00,269.00,189.00,314.00,189.00,279.00,369.00,369.00,404.00,404.00,404.00,404.00,404.00
2026-08-26 11:41:36,372.00,594.00,372.00,372.00,229.00,269.00,269.00,189.00,314.00,189.00,279.00,369.00,369.00,404.00,404.00,404.00,404.00,404.00
2026-08-26 11:51:58,372.00,372.00,372.00,372.00,229.00,269.00,269.00,189.00,314.00,189.00,279.00,369.00,369.00,404.00,404.00,404.00,404.00,404.00
2026-08-26 12:02:33,372.00,372.00,372.00,372.00,229.00,269.00,269.00,189.00,314.00,189.00,279.00,369.00,369.00,404.00,404.00,404.00,404.00,404.00
2026-08-26 12:13:14,372.00,372.00,372.00,372.00,229.00,269.00,269.00,189.00,314.00,189.00,279.00,369.00,369.00,404.00,404.00,404.00,404.00,404.00
2026-08-26 12:23:43,372.00,372.00,372.00,372.00,229.00,269.00,269.00,189.00,314.00,189.00,279.00,369.00,369.00,404.00,404.00,404.00,404.00,404.00
2026-08-26 12:34:09,372.00,372.00,372.00,372.00,229.00,269.00,269.00,189.00,314.00,189.00,279.00,369.00,369.00,404.00,404.00,404.00,404.00,404.00
2026-08-26 12:44:49,372.00,372.00,372.00,372.00,229.00,269.00,269.00,189.00,314.00,189.00,279.00,369.00,369.00,404.00,404.00,404.00,404.00,404.00
2026-08-26 13:04:37,372.00,372.00,372.00,372.00,229.00,269.00,269.00,189.00,254.00,189.00,279.00,369.00,279.00,404.00,404.00,404.00,404.00,404.00
2026-08-26 13:14:39,372.00,372.00,372.00,372.00,229.00,269.00,269.00,189.00,254.00,189.00,279.00,499.00,279.00,404.00,404.00,404.00,404.00,404.00
2026-08-26 13:25:10,372.00,372.00,372.00,372.00,229.00,269.00,269.00,189.00,254.00,254.00,304.00,499.00,279.00,404.00,404.00,404.00,404.00,404.00
2026-08-26 13:34:53,372.00,372.00,372.00,372.00,229.00,269.00,269.00,189.00,254.00,254.00,304.00,499.00,279.00,404.00,404.00,404.00,404.00,404.00
2026-08-26 13:45:35,372.00,372.00,372.00,372.00,229.00,269.00,269.00,189.00,254.00,254.00,304.00,499.00,279.00,404.00,404.00,404.00,404.00,404.00
2026-08-26 13:56:30,372.00,372.00,372.00,372.00,229.00,269.00,269.00,189.00,254.00,254.00,304.00,499.00,279.00,404.00,404.00,404.00,404.00,404.00
2026-08-26 14:07:01,372.00,372.00,372.00,372.00,229.00,269.00,269.00,189.00,254.00,254.00,304.00,499.00,279.00,404.00,404.00,404.00,404.00,404.00
2026-08-26 14:17:23,372.00,372.00,372.00,372.00,189.00,269.00,269.00,189.00,254.00,254.00,304.00,499.00,279.00,404.00,404.00,404.00,404.00,404.00
2026-08-26 14:27:59,372.00,372.00,372.00,372.00,189.00,269.00,269.00,189.00,254.00,254.00,306.00,473.00,269.00,404.00,404.00,404.00,404.00,404.00
2026-08-26 14:37:18,372.00,372.00,372.00,372.00,189.00,269.00,269.00,189.00,254.00,254.00,306.00,473.00,269.00,404.00,404.00,404.00,404.00,404.00
2026-08-26 14:47:42,372.00,372.00,372.00,372.00,189.00,269.00,269.00,189.00,254.00,254.00,306.00,473.00,269.00,404.00,404.00,404.00,404.00,404.00
2026-08-26 14:58:36,372.00,372.00,372.00,372.00,189.00,305.00,321.00,189.00,254.00,254.00,306.00,473.00,269.00,404.00,404.00,404.00,404.00,404.00
2026-08-26 15:09:25,372.00,372.00,372.00,372.00,189.00,307.00,321.00,189.00,254.00,254.00,306.00,473.00,269.00,404.00,404.00,404.00,404.00,404.00
2026-08-26 16:00:30,372.00,372.00,372.00,372.00,189.00,297.00,312.00,189.00,254.00,254.00,306.00,473.00,269.00,404.00,404.00,404.00,404.00,404.00
2026-08-26 16:10:47,372.00,372.00,372.00,372.00,189.00,297.00,312.00,189.00,254.00,254.00,306.00,473.00,269.00,404.00,404.00,404.00,404.00,404.00
2026-08-26 16:21:21,372.00,372.00,372.00,372.00,189.00,297.00,312.00,189.00,254.00,254.00,306.00,473.00,269.00,404.00,404.00,404.00,404.00,404.00
2026-08-26 16:31:05,372.00,372.00,372.00,372.00,189.00,297.00,312.00,189.00,254.00,254.00,306.00,473.00,269.00,404.00,404.00,404.00,404.00,404.00
2026-08-26 16:41:35,372.00,372.00,372.00,372.00,189.00,297.00,312.00,189.00,254.00,254.00,314.00,473.00,269.00,404.00,404.00,404.00,404.00,404.00
2026-08-26 16:52:17,372.00,372.00,372.00,372.00,189.00,297.00,312.00,189.00,254.00,254.00,314.00,473.00,269.00,404.00,404.00,404.00,404.00,404.00
2026-08-26 17:02:28,372.00,372.00,372.00,372.00,189.00,297.00,312.00,189.00,254.00,254.00,306.00,473.00,269.00,404.00,404.00,404.00,404.00,404.00
2026-08-26 17:13:21,372.00,372.00,372.00,372.00,189.00,297.00,312.00,189.00,254.00,254.00,306.00,473.00,269.00,404.00,404.00,404.00,404.00,404.00
2026-08-26 17:24:20,372.00,372.00,372.00,372.00,189.00,324.00,312.00,189.00,254.00,254.00,306.00,499.00,279.00,404.00,404.00,404.00,404.00,404.00
2026-08-26 17:35:20,362.00,362.00,362.00,362.00,189.00,297.00,312.00,189.00,254.00,254.00,306.00,473.00,269.00,404.00,404.00,404.00,404.00,404.00
2026-08-26 17:45:15,362.00,362.00,362.00,362.00,189.00,297.00,312.00,189.00,254.00,254.00,306.00,473.00,269.00,404.00,404.00,404.00,404.00,404.00
2026-08-26 18:16:52,362.00,362.00,362.00,362.00,189.00,294.00,312.00,189.00,279.00,254.00,306.00,314.00,269.00,404.00,404.00,404.00,404.00,404.00
2026-08-26 18:27:43,362.00,362.00,362.00,362.00,189.00,294.00,312.00,189.00,279.00,254.00,306.00,314.00,269.00,404.00,404.00,404.00,404.00,404.00
2026-08-26 18:37:46,362.00,362.00,362.00,362.00,189.00,294.00,312.00,189.00,279.00,254.00,306.00,314.00,269.00,404.00,404.00,404.00,404.00,404.00
2026-08-26 18:48:36,362.00,482.00,244.00,482.00,189.00,294.00,312.00,189.00,279.00,254.00,306.00,314.00,269.00,404.00,404.00,404.00,404.00,404.00
2026-08-26 18:59:26,362.00,482.00,244.00,482.00,189.00,294.00,312.00,189.00,269.00,254.00,306.00,314.00,269.00,404.00,404.00,404.00,404.00,404.00
2026-08-26 19:10:23,362.00,482.00,244.00,482.00,189.00,294.00,312.00,189.00,269.00,254.00,306.00,314.00,269.00,404.00,404.00,404.00,404.00,404.00
2026-08-26 19:22:38,362.00,482.00,244.00,482.00,189.00,294.00,312.00,189.00,269.00,254.00,306.00,314.00,269.00,404.00,404.00,404.00,404.00,404.00
2026-08-26 19:26:32,362.00,482.00,244.00,482.00,189.00,294.00,312.00,189.00,269.00,254.00,306.00,314.00,269.00,404.00,404.00,404.00,404.00,404.00
2026-08-26 19:37:06,362.00,482.00,244.00,482.00,189.00,294.00,312.00,189.00,269.00,254.00,306.00,314.00,269.00,404.00,404.00,404.00,404.00,404.00
2026-08-26 19:46:57,362.00,482.00,244.00,482.00,189.00,294.00,312.00,189.00,269.00,254.00,306.00,314.00,269.00,404.00,404.00,404.00,404.00,404.00
2026-08-26 19:56:50,362.00,482.00,244.00,482.00,189.00,294.00,312.00,189.00,269.00,254.00,314.00,314.00,269.00,404.00,404.00,404.00,404.00,404.00
2026-08-26 20:07:00,362.00,,244.00,,189.00,,312.00,189.00,,254.00,306.00,,,404.00,,,189.00,404.00
2026-08-26 20:16:58,362.00,482.00,244.00,482.00,189.00,297.00,312.00,189.00,269.00,254.00,306.00,314.00,269.00,404.00,404.00,404.00,404.00,404.00
2026-08-26 20:26:54,362.00,482.00,244.00,482.00,189.00,297.00,312.00,189.00,269.00,254.00,306.00,314.00,269.00,404.00,404.00,404.00,404.00,404.00
2026-08-26 20:36:52,362.00,482.00,244.00,482.00,189.00,297.00,312.00,189.00,269.00,254.00,306.00,314.00,269.00,404.00,404.00,404.00,404.00,404.00
2026-08-26 20:46:55,362.00,482.00,244.00,482.00,189.00,297.00,312.00,189.00,269.00,254.00,306.00,314.00,269.00,404.00,404.00,404.00,404.00,404.00
2026-08-26 20:56:55,362.00,482.00,244.00,482.00,189.00,297.00,312.00,189.00,269.00,254.00,306.00,314.00,269.00,404.00,404.00,404.00,404.00,404.00
2026-08-26 21:06:53,362.00,482.00,244.00,482.00,189.00,297.00,312.00,189.00,269.00,254.00,306.00,314.00,269.00,404.00,404.00,404.00,404.00,404.00
2026-08-26 21:16:34,362.00,482.00,244.00,482.00,189.00,297.00,312.00,189.00,269.00,254.00,306.00,314.00,269.00,404.00,404.00,404.00,404.00,404.00
2026-08-26 21:26:57,362.00,482.00,244.00,482.00,189.00,297.00,312.00,189.00,269.00,254.00,306.00,314.00,269.00,404.00,404.00,404.00,404.00,404.00
2026-08-26 21:36:51,362.00,482.00,244.00,482.00,189.00,297.00,312.00,189.00,269.00,254.00,306.00,314.00,269.00,404.00,404.00,404.00,404.00,404.00
2026-08-26 21:47:02,362.00,482.00,244.00,482.00,189.00,297.00,312.00,189.00,269.00,254.00,306.00,314.00,269.00,404.00,404.00,404.00,404.00,404.00
2026-08-26 21:56:41,362.00,482.00,244.00,482.00,189.00,297.00,312.00,189.00,269.00,254.00,306.00,314.00,269.00,404.00,404.00,404.00,404.00,404.00
2026-08-26 22:06:47,362.00,482.00,244.00,482.00,189.00,297.00,312.00,189.00,269.00,254.00,306.00,314.00,314.00,404.00,404.00,404.00,404.00,404.00
2026-08-26 22:16:59,362.00,482.00,244.00,482.00,189.00,297.00,312.00,189.00,269.00,254.00,306.00,314.00,314.00,404.00,404.00,404.00,404.00,404.00
2026-08-26 22:26:54,362.00,482.00,244.00,482.00,189.00,324.00,312.00,189.00,279.00,254.00,306.00,314.00,314.00,404.00,404.00,404.00,404.00,404.00
2026-08-26 22:36:35,362.00,482.00,244.00,482.00,189.00,297.00,312.00,189.00,269.00,254.00,306.00,314.00,314.00,404.00,404.00,404.00,404.00,404.00
2026-08-26 22:46:58,362.00,482.00,244.00,482.00,189.00,297.00,312.00,189.00,269.00,254.00,306.00,314.00,314.00,404.00,404.00,404.00,404.00,404.00
2026-08-26 22:56:51,362.00,482.00,244.00,482.00,189.00,297.00,312.00,189.00,269.00,254.00,306.00,314.00,314.00,404.00,404.00,404.00,404.00,404.00
2026-08-26 23:06:52,362.00,482.00,244.00,482.00,189.00,297.00,312.00,189.00,269.00,254.00,306.00,314.00,314.00,404.00,404.00,404.00,404.00,404.00
2026-08-26 23:16:58,362.00,482.00,244.00,482.00,189.00,297.00,312.00,189.00,269.00,254.00,306.00,314.00,314.00,404.00,404.00,404.00,404.00,404.00
2026-08-26 23:26:59,362.00,482.00,244.00,482.00,189.00,297.00,312.00,189.00,269.00,254.00,306.00,314.00,314.00,404.00,404.00,404.00,404.00,404.00
2026-08-26 23:36:48,362.00,482.00,244.00,482.00,189.00,299.00,312.00,189.00,269.00,254.00,306.00,314.00,296.00,404.00,404.00,404.00,404.00,404.00
2026-08-26 23:46:52,362.00,482.00,244.00,482.00,189.00,299.00,312.00,189.00,269.00,245.00,305.00,314.00,296.00,404.00,404.00,404.00,404.00,404.00
2026-08-26 23:56:51,362.00,482.00,244.00,482.00,189.00,299.00,312.00,189.00,269.00,245.00,305.00,314.00,296.00,404.00,404.00,404.00,404.00,404.00
2026-08-27 00:06:53,362.00,482.00,244.00,482.00,189.00,299.00,312.00,189.00,269.00,245.00,305.00,314.00,296.00,404.00,404.00,404.00,404.00,404.00
2026-08-27 00:16:56,362.00,482.00,244.00,482.00,189.00,299.00,312.00,189.00,269.00,245.00,305.00,314.00,296.00,404.00,404.00,404.00,404.00,404.00
2026-08-27 00:26:34,362.00,482.00,244.00,482.00,189.00,299.00,312.00,189.00,269.00,245.00,305.00,314.00,296.00,404.00,404.00,404.00,404.00,404.00
2026-08-27 00:36:53,482.00,482.00,244.00,482.00,189.00,299.00,312.00,189.00,269.00,245.00,305.00,314.00,296.00,404.00,404.00,404.00,404.00,404.00
2026-08-27 00:46:29,482.00,482.00,244.00,482.00,189.00,299.00,312.00,189.00,269.00,245.00,305.00,314.00,296.00,404.00,404.00,404.00,404.00,404.00
2026-08-27 00:56:58,482.00,482.00,244.00,482.00,189.00,299.00,312.00,189.00,269.00,245.00,305.00,314.00,296.00,404.00,404.00,404.00,404.00,404.00
2026-08-27 01:06:57,482.00,482.00,244.00,482.00,189.00,299.00,312.00,189.00,269.00,254.00,314.00,314.00,296.00,404.00,404.00,404.00,404.00,404.00
2026-08-27 01:16:45,482.00,482.00,244.00,482.00,189.00,299.00,312.00,189.00,269.00,245.00,305.00,314.00,296.00,404.00,404.00,404.00,404.00,404.00
2026-08-27 01:26:53,482.00,482.00,244.00,482.00,189.00,299.00,312.00,189.00,269.00,245.00,305.00,314.00,296.00,404.00,404.00,404.00,404.00,404.00
2026-08-27 01:37:04,482.00,482.00,244.00,482.00,189.00,299.00,312.00,189.00,269.00,245.00,305.00,314.00,296.00,404.00,404.00,404.00,404.00,404.00
2026-08-27 01:46:56,482.00,482.00,244.00,482.00,189.00,299.00,312.00,189.00,269.00,245.00,305.00,314.00,296.00,404.00,404.00,404.00,404.00,404.00
2026-08-27 01:56:53,482.00,482.00,244.00,482.00,189.00,299.00,312.00,189.00,269.00,245.00,305.00,314.00,296.00,404.00,404.00,404.00,404.00,404.00
2026-08-27 02:06:43,482.00,482.00,244.00,482.00,189.00,324.00,312.00,189.00,279.00,245.00,305.00,314.00,314.00,404.00,404.00,404.00,404.00,404.00
2026-08-27 02:16:57,482.00,482.00,244.00,482.00,189.00,299.00,312.00,189.00,269.00,245.00,305.00,314.00,296.00,404.00,404.00,404.00,404.00,404.00
2026-08-27 02:26:53,482.00,482.00,244.00,482.00,189.00,299.00,312.00,189.00,269.00,245.00,305.00,314.00,296.00,404.00,404.00,404.00,404.00,404.00
2026-08-27 02:36:43,482.00,482.00,244.00,482.00,189.00,299.00,312.00,189.00,269.00,245.00,305.00,314.00,296.00,404.00,404.00,404.00,404.00,404.00
2026-08-27 02:46:59,482.00,482.00,244.00,482.00,189.00,299.00,312.00,189.00,269.00,245.00,305.00,314.00,296.00,404.00,404.00,404.00,404.00,404.00
2026-08-27 02:56:50,482.00,482.00,244.00,482.00,189.00,299.00,312.00,189.00,269.00,245.00,305.00,314.00,296.00,404.00,404.00,404.00,404.00,404.00
2026-08-27 03:06:58,482.00,482.00,244.00,482.00,244.00,299.00,312.00,189.00,269.00,245.00,305.00,314.00,296.00,404.00,404.00,404.00,404.00,404.00
2026-08-27 03:16:51,482.00,482.00,244.00,482.00,244.00,299.00,312.00,189.00,269.00,245.00,305.00,314.00,296.00,404.00,404.00,404.00,404.00,404.00
2026-08-27 03:26:32,482.00,482.00,244.00,482.00,244.00,299.00,312.00,189.00,269.00,245.00,305.00,314.00,296.00,404.00,404.00,404.00,404.00,404.00
2026-08-27 03:36:53,482.00,482.00,244.00,482.00,244.00,299.00,312.00,189.00,269.00,245.00,305.00,314.00,296.00,404.00,404.00,404.00,404.00,404.00
2026-08-27 03:46:53,482.00,482.00,244.00,482.00,244.00,299.00,312.00,189.00,269.00,245.00,305.00,314.00,296.00,404.00,404.00,404.00,404.00,404.00
2026-08-27 03:56:55,482.00,482.00,244.00,482.00,244.00,299.00,312.00,189.00,269.00,245.00,305.00,314.00,296.00,404.00,404.00,404.00,404.00,404.00
2026-08-27 04:06:57,482.00,482.00,244.00,482.00,244.00,299.00,312.00,234.00,269.00,250.00,305.00,314.00,296.00,404.00,404.00,404.00,404.00,404.00
2026-08-27 04:16:51,482.00,482.00,244.00,482.00,244.00,299.00,312.00,234.00,269.00,250.00,305.00,314.00,296.00,404.00,404.00,404.00,404.00,404.00
2026-08-27 04:27:02,482.00,482.00,244.00,482.00,244.00,299.00,312.00,234.00,269.00,250.00,305.00,314.00,296.00,404.00,404.00,404.00,404.00,404.00
2026-08-27 04:36:56,482.00,482.00,244.00,482.00,244.00,299.00,312.00,234.00,269.00,250.00,305.00,314.00,296.00,404.00,404.00,404.00,404.00,404.00
2026-08-27 04:46:49,482.00,482.00,244.00,482.00,244.00,324.00,312.00,234.00,279.00,250.00,305.00,314.00,314.00,404.00,404.00,404.00,404.00,404.00
2026-08-27 04:56:53,482.00,482.00,244.00,482.00,244.00,308.00,312.00,234.00,269.00,250.00,305.00,314.00,296.00,404.00,404.00,404.00,404.00,404.00
2026-08-27 05:06:02,482.00,482.00,,482.00,,308.00,312.00,234.00,269.00,250.00,305.00,314.00,296.00,,,,,
2026-08-27 05:16:57,482.00,482.00,249.00,482.00,249.00,308.00,312.00,234.00,269.00,250.00,305.00,314.00,296.00,449.00,449.00,449.00,449.00,449.00
2026-08-27 05:27:01,482.00,482.00,249.00,482.00,249.00,308.00,312.00,234.00,269.00,250.00,305.00,314.00,296.00,449.00,449.00,449.00,449.00,449.00
2026-08-27 05:36:52,482.00,482.00,249.00,482.00,249.00,308.00,312.00,234.00,269.00,250.00,305.00,314.00,296.00,449.00,449.00,449.00,449.00,449.00
2026-08-27 05:46:57,482.00,482.00,249.00,482.00,249.00,308.00,312.00,234.00,269.00,250.00,305.00,314.00,296.00,449.00,449.00,449.00,449.00,449.00
2026-08-27 05:56:54,482.00,482.00,249.00,482.00,249.00,308.00,312.00,234.00,269.00,250.00,305.00,314.00,296.00,449.00,449.00,449.00,449.00,449.00
2026-08-27 06:06:52,482.00,482.00,249.00,482.00,249.00,308.00,312.00,234.00,269.00,250.00,305.00,314.00,296.00,449.00,449.00,449.00,449.00,449.00
2026-08-27 06:16:54,482.00,482.00,249.00,482.00,249.00,308.00,312.00,234.00,269.00,250.00,305.00,314.00,296.00,449.00,449.00,449.00,449.00,449.00
2026-08-27 06:26:40,482.00,482.00,249.00,482.00,249.00,308.00,312.00,234.00,269.00,250.00,305.00,314.00,296.00,449.00,449.00,449.00,449.00,449.00
2026-08-27 06:36:58,482.00,482.00,249.00,482.00,249.00,308.00,312.00,234.00,269.00,250.00,305.00,314.00,296.00,449.00,449.00,449.00,449.00,449.00
2026-08-27 06:47:00,482.00,482.00,249.00,482.00,224.00,308.00,312.00,234.00,269.00,250.00,305.00,314.00,296.00,449.00,449.00,449.00,449.00,449.00
2026-08-27 06:56:48,482.00,482.00,249.00,482.00,224.00,308.00,312.00,234.00,269.00,250.00,305.00,314.00,296.00,449.00,449.00,449.00,449.00,449.00
2026-08-27 07:07:06,482.00,482.00,249.00,482.00,224.00,318.00,322.00,234.00,314.00,234.00,279.00,369.00,369.00,449.00,449.00,449.00,449.00,449.00
2026-08-27 07:16:52,482.00,482.00,249.00,482.00,224.00,318.00,322.00,234.00,314.00,234.00,279.00,369.00,369.00,449.00,449.00,449.00,449.00,449.00
2026-08-27 07:26:54,482.00,482.00,249.00,482.00,224.00,318.00,322.00,234.00,314.00,234.00,279.00,369.00,369.00,449.00,449.00,449.00,449.00,449.00
2026-08-27 07:37:00,482.00,482.00,249.00,482.00,224.00,318.00,322.00,234.00,314.00,234.00,279.00,369.00,369.00,449.00,449.00,449.00,449.00,449.00
2026-08-27 07:46:54,482.00,482.00,249.00,482.00,224.00,318.00,322.00,234.00,314.00,234.00,279.00,369.00,369.00,449.00,449.00,449.00,449.00,449.00
2026-08-27 07:56:57,482.00,482.00,249.00,482.00,224.00,318.00,322.00,234.00,314.00,234.00,279.00,369.00,369.00,449.00,449.00,449.00,449.00,449.00
2026-08-27 08:07:04,482.00,482.00,249.00,482.00,224.00,318.00,322.00,234.00,314.00,234.00,279.00,369.00,369.00,449.00,449.00,449.00,449.00,449.00
2026-08-27 08:17:02,482.00,482.00,249.00,482.00,224.00,318.00,322.00,234.00,314.00,234.00,279.00,369.00,369.00,449.00,449.00,449.00,449.00,449.00
2026-08-27 08:26:53,482.00,482.00,249.00,482.00,224.00,279.00,279.00,234.00,314.00,234.00,279.00,369.00,369.00,449.00,449.00,449.00,449.00,449.00
2026-08-27 08:37:00,482.00,482.00,249.00,482.00,224.00,279.00,279.00,234.00,314.00,234.00,279.00,369.00,369.00,449.00,449.00,449.00,449.00,449.00
2026-08-27 08:46:50,482.00,482.00,249.00,482.00,224.00,279.00,279.00,234.00,314.00,234.00,279.00,369.00,369.00,449.00,449.00,449.00,449.00,449.00
2026-08-27 08:56:54,482.00,482.00,249.00,482.00,224.00,279.00,279.00,234.00,314.00,234.00,279.00,369.00,369.00,449.00,449.00,449.00,449.00,449.00
2026-08-27 09:06:59,482.00,482.00,249.00,482.00,224.00,279.00,279.00,234.00,314.00,234.00,279.00,369.00,369.00,449.00,449.00,449.00,449.00,449.00
2026-08-27 09:16:56,482.00,482.00,249.00,482.00,224.00,279.00,279.00,234.00,314.00,234.00,279.00,369.00,369.00,449.00,449.00,449.00,449.00,449.00
2026-08-27 09:26:58,482.00,482.00,249.00,482.00,224.00,279.00,279.00,234.00,314.00,234.00,279.00,369.00,369.00,449.00,449.00,449.00,449.00,449.00
2026-08-27 09:36:57,482.00,482.00,249.00,482.00,224.00,279.00,279.00,234.00,314.00,234.00,279.00,369.00,369.00,449.00,449.00,449.00,449.00,449.00
2026-08-27 09:46:59,482.00,482.00,249.00,482.00,224.00,279.00,279.00,234.00,314.00,234.00,279.00,369.00,369.00,449.00,449.00,449.00,449.00,449.00
2026-08-27 09:56:58,482.00,482.00,249.00,482.00,224.00,279.00,279.00,234.00,314.00,234.00,279.00,369.00,369.00,449.00,449.00,449.00,449.00,449.00
2026-08-27 10:06:55,482.00,482.00,249.00,482.00,224.00,279.00,279.00,234.00,314.00,234.00,279.00,369.00,369.00,449.00,449.00,449.00,449.00,449.00
2026-08-27 10:17:01,482.00,482.00,249.00,482.00,224.00,279.00,279.00,234.00,314.00,234.00,279.00,369.00,369.00,449.00,449.00,449.00,449.00,449.00
2026-08-27 10:27:05,482.00,482.00,249.00,482.00,224.00,279.00,279.00,234.00,314.00,234.00,279.00,369.00,369.00,449.00,449.00,449.00,449.00,449.00
2026-08-27 10:36:58,482.00,482.00,249.00,482.00,224.00,279.00,279.00,234.00,314.00,234.00,279.00,369.00,369.00,449.00,449.00,449.00,449.00,449.00
2026-08-27 10:47:01,362.00,482.00,249.00,482.00,224.00,279.00,279.00,234.00,314.00,234.00,279.00,369.00,369.00,449.00,449.00,449.00,449.00,449.00
2026-08-27 11:06:54,362.00,482.00,249.00,482.00,224.00,279.00,279.00,234.00,314.00,234.00,279.00,369.00,369.00,449.00,449.00,449.00,449.00,449.00
2026-08-27 11:16:55,362.00,482.00,249.00,482.00,224.00,279.00,279.00,234.00,314.00,234.00,279.00,369.00,369.00,449.00,449.00,449.00,449.00,449.00
2026-08-27 11:27:00,362.00,482.00,249.00,482.00,224.00,279.00,279.00,234.00,314.00,234.00,279.00,369.00,369.00,449.00,449.00,449.00,449.00,449.00
2026-08-27 11:36:59,362.00,482.00,249.00,482.00,224.00,279.00,279.00,234.00,314.00,234.00,279.00,369.00,369.00,449.00,449.00,449.00,449.00,449.00
2026-08-27 11:46:43,362.00,482.00,249.00,482.00,224.00,279.00,279.00,234.00,314.00,234.00,279.00,369.00,369.00,449.00,449.00,449.00,449.00,449.00
2026-08-27 11:57:00,362.00,482.00,249.00,482.00,224.00,279.00,279.00,234.00,314.00,234.00,279.00,369.00,369.00,449.00,449.00,449.00,449.00,449.00
2026-08-27 12:07:00,362.00,482.00,249.00,482.00,224.00,279.00,279.00,234.00,314.00,234.00,279.00,369.00,369.00,449.00,449.00,449.00,449.00,449.00
2026-08-27 12:16:40,362.00,482.00,249.00,482.00,224.00,279.00,279.00,234.00,314.00,234.00,279.00,369.00,369.00,449.00,449.00,449.00,449.00,449.00
2026-08-27 12:27:02,362.00,569.00,249.00,569.00,224.00,279.00,279.00,234.00,314.00,234.00,279.00,369.00,369.00,449.00,449.00,449.00,449.00,449.00
2026-08-27 12:37:00,362.00,569.00,249.00,569.00,224.00,279.00,279.00,234.00,314.00,234.00,279.00,369.00,369.00,449.00,449.00,449.00,449.00,449.00
2026-08-27 12:46:59,362.00,569.00,249.00,569.00,224.00,279.00,279.00,234.00,314.00,234.00,279.00,369.00,369.00,449.00,449.00,449.00,449.00,449.00
2026-08-27 12:56:47,362.00,569.00,249.00,569.00,224.00,279.00,279.00,234.00,314.00,234.00,279.00,369.00,369.00,449.00,449.00,449.00,449.00,449.00
2026-08-27 13:06:57,362.00,569.00,249.00,569.00,224.00,279.00,279.00,234.00,314.00,234.00,305.00,369.00,369.00,449.00,449.00,449.00,449.00,449.00
2026-08-27 13:17:06,362.00,569.00,249.00,569.00,224.00,279.00,279.00,234.00,314.00,234.00,305.00,369.00,369.00,449.00,449.00,449.00,449.00,449.00
2026-08-27 13:27:04,362.00,569.00,249.00,569.00,224.00,279.00,279.00,234.00,314.00,234.00,305.00,369.00,369.00,449.00,449.00,449.00,449.00,449.00
2026-08-27 13:37:02,362.00,569.00,249.00,569.00,224.00,279.00,279.00,234.00,269.00,234.00,305.00,499.00,296.00,449.00,449.00,449.00,449.00,449.00
2026-08-27 13:46:57,362.00,569.00,249.00,569.00,224.00,279.00,279.00,234.00,269.00,234.00,305.00,499.00,296.00,449.00,449.00,449.00,449.00,449.00
2026-08-27 13:57:00,362.00,569.00,249.00,569.00,224.00,279.00,279.00,234.00,269.00,234.00,305.00,499.00,296.00,449.00,449.00,449.00,449.00,449.00
2026-08-27 14:07:04,362.00,569.00,249.00,569.00,224.00,279.00,279.00,234.00,269.00,234.00,305.00,499.00,296.00,449.00,449.00,449.00,449.00,449.00
2026-08-27 14:16:47,362.00,569.00,249.00,569.00,224.00,279.00,279.00,234.00,269.00,234.00,305.00,499.00,296.00,449.00,449.00,449.00,449.00,449.00
2026-08-27 14:27:02,362.00,569.00,249.00,569.00,224.00,279.00,279.00,234.00,279.00,234.00,302.00,473.00,314.00,449.00,449.00,449.00,449.00,449.00
2026-08-27 14:37:11,362.00,569.00,249.00,569.00,224.00,279.00,279.00,234.00,279.00,234.00,302.00,473.00,314.00,449.00,449.00,449.00,449.00,449.00
2026-08-27 14:47:02,362.00,569.00,249.00,569.00,224.00,279.00,279.00,234.00,279.00,234.00,302.00,473.00,314.00,449.00,449.00,449.00,449.00,449.00
2026-08-27 14:57:00,362.00,569.00,249.00,569.00,224.00,269.00,269.00,234.00,279.00,234.00,302.00,473.00,314.00,449.00,449.00,449.00,449.00,449.00
2026-08-27 15:07:03,362.00,569.00,249.00,569.00,224.00,269.00,269.00,234.00,279.00,234.00,302.00,473.00,314.00,449.00,449.00,449.00,449.00,449.00
2026-08-27 15:17:11,362.00,569.00,249.00,569.00,224.00,269.00,269.00,234.00,279.00,234.00,302.00,473.00,314.00,449.00,449.00,449.00,449.00,449.00
2026-08-27 15:27:02,362.00,569.00,249.00,569.00,224.00,269.00,269.00,234.00,279.00,234.00,302.00,473.00,314.00,449.00,449.00,449.00,449.00,449.00
2026-08-27 15:37:04,362.00,569.00,249.00,569.00,224.00,269.00,269.00,234.00,279.00,234.00,302.00,499.00,314.00,449.00,449.00,449.00,449.00,449.00
2026-08-27 15:47:01,362.00,569.00,249.00,569.00,224.00,269.00,269.00,234.00,279.00,234.00,302.00,473.00,314.00,449.00,449.00,449.00,449.00,449.00
2026-08-27 15:56:45,362.00,569.00,249.00,569.00,224.00,269.00,269.00,234.00,279.00,234.00,302.00,473.00,314.00,449.00,449.00,449.00,449.00,449.00
2026-08-27 16:07:11,362.00,569.00,249.00,569.00,224.00,269.00,269.00,234.00,279.00,234.00,302.00,473.00,314.00,449.00,449.00,449.00,449.00,449.00
2026-08-27 16:16:56,362.00,569.00,249.00,569.00,224.00,269.00,269.00,234.00,279.00,234.00,302.00,473.00,314.00,449.00,449.00,449.00,449.00,449.00
2026-08-27 16:27:08,362.00,569.00,249.00,569.00,224.00,269.00,269.00,234.00,279.00,234.00,302.00,473.00,314.00,449.00,449.00,449.00,449.00,449.00
2026-08-27 16:37:12,362.00,569.00,249.00,569.00,224.00,269.00,269.00,234.00,279.00,234.00,314.00,473.00,314.00,449.00,449.00,449.00,449.00,449.00
2026-08-27 16:47:16,362.00,569.00,249.00,569.00,224.00,269.00,269.00,234.00,279.00,234.00,302.00,473.00,314.00,449.00,449.00,449.00,449.00,449.00
2026-08-27 16:56:55,362.00,569.00,249.00,569.00,224.00,269.00,269.00,234.00,279.00,234.00,302.00,473.00,314.00,449.00,449.00,449.00,449.00,449.00
2026-08-27 17:06:51,362.00,569.00,249.00,569.00,224.00,269.00,269.00,234.00,279.00,234.00,302.00,473.00,314.00,449.00,449.00,449.00,449.00,449.00
2026-08-27 17:16:57,362.00,569.00,249.00,569.00,224.00,269.00,269.00,234.00,279.00,234.00,302.00,473.00,314.00,449.00,449.00,449.00,449.00,449.00
2026-08-27 17:26:47,362.00,569.00,249.00,569.00,224.00,269.00,269.00,234.00,279.00,234.00,302.00,473.00,314.00,449.00,449.00,449.00,449.00,449.00
2026-08-27 17:37:09,362.00,569.00,249.00,569.00,224.00,269.00,269.00,224.00,279.00,224.00,302.00,473.00,314.00,449.00,449.00,449.00,449.00,449.00
2026-08-27 17:47:05,362.00,569.00,249.00,569.00,224.00,269.00,269.00,224.00,279.00,224.00,314.00,473.00,314.00,449.00,449.00,449.00,449.00,449.00
2026-08-27 17:57:01,362.00,569.00,249.00,569.00,224.00,269.00,269.00,224.00,279.00,224.00,302.00,473.00,314.00,449.00,449.00,449.00,449.00,449.00
2026-08-27 18:07:07,362.00,569.00,249.00,569.00,224.00,269.00,269.00,224.00,279.00,224.00,302.00,473.00,314.00,449.00,449.00,449.00,449.00,449.00
2026-08-27 18:16:53,362.00,569.00,249.00,569.00,224.00,269.00,269.00,224.00,279.00,224.00,302.00,473.00,314.00,449.00,449.00,449.00,449.00,449.00
2026-08-27 18:27:05,362.00,569.00,249.00,569.00,224.00,269.00,269.00,224.00,279.00,224.00,302.00,473.00,314.00,449.00,449.00,449.00,449.00,449.00
2026-08-27 18:37:12,362.00,569.00,249.00,569.00,224.00,269.00,269.00,224.00,279.00,224.00,302.00,473.00,314.00,449.00,449.00,449.00,449.00,449.00
2026-08-27 18:46:53,362.00,569.00,249.00,569.00,224.00,269.00,269.00,224.00,279.00,224.00,314.00,473.00,314.00,449.00,449.00,449.00,449.00,449.00
2026-08-27 18:57:09,362.00,569.00,249.00,569.00,224.00,269.00,269.00,224.00,279.00,224.00,302.00,473.00,314.00,449.00,449.00,449.00,449.00,449.00
2026-08-27 19:06:52,362.00,569.00,249.00,569.00,224.00,269.00,269.00,224.00,279.00,224.00,302.00,499.00,314.00,449.00,449.00,449.00,449.00,449.00
2026-08-27 19:17:05,362.00,569.00,249.00,569.00,224.00,269.00,269.00,224.00,279.00,224.00,302.00,473.00,314.00,449.00,449.00,449.00,449.00,449.00
2026-08-27 19:26:52,362.00,569.00,249.00,569.00,224.00,269.00,269.00,224.00,279.00,224.00,302.00,473.00,314.00,449.00,449.00,449.00,449.00,449.00
2026-08-27 19:37:03,362.00,569.00,249.00,569.00,224.00,269.00,269.00,224.00,279.00,224.00,302.00,473.00,314.00,449.00,449.00,449.00,449.00,449.00
2026-08-27 19:47:03,362.00,569.00,249.00,569.00,224.00,269.00,269.00,224.00,279.00,224.00,302.00,473.00,314.00,449.00,449.00,449.00,449.00,449.00
2026-08-27 19:57:06,362.00,569.00,249.00,569.00,224.00,269.00,269.00,224.00,279.00,224.00,302.00,473.00,314.00,449.00,449.00,449.00,449.00,449.00
2026-08-27 20:07:19,362.00,569.00,249.00,569.00,224.00,269.00,269.00,224.00,279.00,224.00,302.00,473.00,314.00,449.00,449.00,449.00,449.00,449.00
2026-08-27 20:17:11,362.00,569.00,249.00,569.00,224.00,269.00,269.00,224.00,279.00,224.00,302.00,473.00,314.00,449.00,449.00,449.00,449.00,449.00
2026-08-27 20:27:02,362.00,569.00,249.00,569.00,224.00,269.00,269.00,224.00,279.00,224.00,302.00,473.00,314.00,449.00,449.00,449.00,449.00,449.00
2026-08-27 20:37:06,362.00,569.00,249.00,569.00,224.00,269.00,269.00,224.00,279.00,224.00,302.00,473.00,314.00,449.00,449.00,449.00,449.00,449.00
2026-08-27 20:47:02,362.00,,249.00,,224.00,,269.00,224.00,,224.00,302.00,,,449.00,,,224.00,449.00
2026-08-27 20:56:54,362.00,569.00,249.00,569.00,224.00,269.00,269.00,224.00,279.00,224.00,302.00,473.00,314.00,449.00,449.00,449.00,449.00,449.00
2026-08-27 21:07:03,362.00,569.00,249.00,569.00,224.00,269.00,269.00,224.00,279.00,224.00,302.00,473.00,314.00,449.00,449.00,449.00,449.00,449.00
2026-08-27 21:16:54,362.00,569.00,249.00,569.00,224.00,269.00,269.00,224.00,279.00,224.00,302.00,473.00,314.00,449.00,449.00,449.00,449.00,449.00
2026-08-27 21:27:02,362.00,569.00,249.00,569.00,224.00,269.00,269.00,224.00,279.00,224.00,302.00,473.00,314.00,449.00,449.00,449.00,449.00,449.00
2026-08-27 21:37:00,362.00,569.00,249.00,569.00,224.00,269.00,269.00,224.00,279.00,224.00,302.00,473.00,314.00,449.00,449.00,449.00,449.00,449.00
2026-08-27 21:47:05,362.00,569.00,249.00,569.00,224.00,269.00,269.00,224.00,279.00,224.00,302.00,473.00,314.00,449.00,449.00,449.00,449.00,449.00
2026-08-27 21:56:49,362.00,569.00,249.00,569.00,224.00,269.00,269.00,224.00,279.00,224.00,302.00,473.00,314.00,449.00,449.00,449.00,449.00,449.00
2026-08-27 22:07:06,,569.00,,569.00,,269.00,,,279.00,,,473.00,314.00,,449.00,449.00,449.00,
2026-08-27 22:16:51,362.00,569.00,249.00,569.00,224.00,269.00,269.00,224.00,279.00,224.00,302.00,473.00,314.00,449.00,449.00,449.00,449.00,449.00
2026-08-27 22:27:08,362.00,569.00,249.00,569.00,224.00,269.00,269.00,224.00,279.00,224.00,302.00,473.00,314.00,449.00,449.00,449.00,449.00,449.00
2026-08-27 22:37:10,362.00,569.00,249.00,569.00,224.00,269.00,269.00,224.00,279.00,224.00,302.00,473.00,314.00,449.00,449.00,449.00,449.00,449.00
2026-08-27 22:47:04,362.00,569.00,249.00,569.00,224.00,269.00,269.00,224.00,279.00,224.00,302.00,473.00,314.00,449.00,449.00,449.00,449.00,449.00
2026-08-27 22:56:49,362.00,569.00,249.00,569.00,224.00,269.00,269.00,224.00,279.00,224.00,302.00,473.00,314.00,449.00,449.00,449.00,449.00,449.00
2026-08-27 23:06:49,362.00,569.00,249.00,569.00,224.00,269.00,269.00,224.00,279.00,224.00,302.00,473.00,314.00,449.00,449.00,449.00,449.00,449.00
2026-08-27 23:16:41,362.00,569.00,249.00,569.00,224.00,269.00,269.00,224.00,279.00,224.00,314.00,473.00,314.00,449.00,449.00,449.00,449.00,449.00
2026-08-27 23:27:08,362.00,569.00,249.00,569.00,224.00,269.00,269.00,224.00,279.00,224.00,299.00,469.00,314.00,449.00,449.00,449.00,449.00,449.00
2026-08-27 23:37:05,362.00,569.00,249.00,569.00,224.00,269.00,269.00,224.00,279.00,224.00,299.00,469.00,314.00,449.00,449.00,449.00,449.00,449.00
2026-08-27 23:47:00,362.00,569.00,249.00,569.00,224.00,269.00,269.00,224.00,279.00,224.00,299.00,469.00,314.00,449.00,449.00,449.00,449.00,449.00
2026-08-27 23:57:03,362.00,569.00,249.00,569.00,224.00,269.00,269.00,224.00,279.00,224.00,299.00,469.00,314.00,449.00,449.00,449.00,449.00,449.00
2026-08-28 00:07:03,362.00,569.00,249.00,569.00,224.00,269.00,269.00,224.00,279.00,224.00,299.00,469.00,314.00,449.00,449.00,449.00,449.00,449.00
2026-08-28 00:17:03,362.00,569.00,249.00,569.00,224.00,269.00,269.00,224.00,279.00,224.00,299.00,499.00,314.00,449.00,449.00,449.00,449.00,449.00
2026-08-28 00:27:03,362.00,569.00,249.00,569.00,224.00,269.00,269.00,224.00,279.00,224.00,299.00,469.00,314.00,449.00,449.00,449.00,449.00,449.00
2026-08-28 00:37:09,362.00,569.00,249.00,569.00,224.00,269.00,269.00,224.00,279.00,224.00,299.00,469.00,314.00,449.00,449.00,449.00,449.00,449.00
2026-08-28 00:46:54,362.00,569.00,249.00,569.00,224.00,269.00,269.00,224.00,279.00,224.00,299.00,469.00,314.00,449.00,449.00,449.00,449.00,449.00
2026-08-28 00:56:54,362.00,569.00,249.00,569.00,224.00,269.00,269.00,224.00,279.00,224.00,299.00,469.00,314.00,449.00,449.00,449.00,449.00,449.00
2026-08-28 01:07:04,362.00,569.00,249.00,569.00,224.00,269.00,269.00,224.00,279.00,224.00,299.00,469.00,314.00,449.00,449.00,449.00,449.00,449.00
2026-08-28 01:17:05,362.00,569.00,249.00,569.00,224.00,269.00,269.00,224.00,279.00,224.00,299.00,469.00,314.00,449.00,449.00,449.00,449.00,449.00
2026-08-28 01:27:06,362.00,569.00,249.00,569.00,224.00,269.00,269.00,224.00,279.00,224.00,299.00,469.00,314.00,449.00,449.00,449.00,449.00,449.00
2026-08-28 01:37:06,362.00,569.00,249.00,569.00,224.00,269.00,269.00,224.00,279.00,224.00,299.00,469.00,314.00,449.00,449.00,449.00,449.00,449.00
2026-08-28 01:46:53,362.00,569.00,249.00,569.00,224.00,269.00,269.00,224.00,279.00,224.00,299.00,469.00,314.00,449.00,449.00,449.00,449.00,449.00
2026-08-28 01:56:51,362.00,569.00,249.00,569.00,224.00,269.00,269.00,224.00,279.00,224.00,299.00,469.00,314.00,449.00,449.00,449.00,449.00,449.00
2026-08-28 02:06:46,362.00,569.00,249.00,569.00,224.00,269.00,269.00,224.00,279.00,224.00,299.00,469.00,314.00,449.00,449.00,449.00,449.00,449.00
2026-08-28 02:17:13,362.00,569.00,249.00,569.00,224.00,269.00,269.00,224.00,279.00,224.00,314.00,469.00,314.00,449.00,449.00,449.00,449.00,449.00
2026-08-28 02:26:42,362.00,569.00,249.00,569.00,224.00,269.00,269.00,224.00,279.00,224.00,299.00,469.00,314.00,449.00,449.00,449.00,449.00,449.00
2026-08-28 02:37:01,362.00,569.00,249.00,569.00,224.00,269.00,269.00,224.00,279.00,224.00,299.00,469.00,314.00,449.00,449.00,449.00,449.00,449.00
2026-08-28 02:47:04,362.00,569.00,249.00,569.00,224.00,269.00,269.00,224.00,279.00,224.00,299.00,469.00,314.00,449.00,449.00,449.00,449.00,449.00
2026-08-28 02:57:08,362.00,569.00,249.00,569.00,224.00,269.00,269.00,224.00,279.00,224.00,299.00,469.00,314.00,449.00,449.00,449.00,449.00,449.00
2026-08-28 03:06:53,362.00,569.00,249.00,569.00,224.00,269.00,269.00,224.00,279.00,224.00,299.00,469.00,314.00,449.00,449.00,449.00,449.00,449.00
2026-08-28 03:17:03,362.00,569.00,249.00,569.00,224.00,269.00,269.00,224.00,279.00,224.00,299.00,469.00,314.00,449.00,449.00,449.00,449.00,449.00
2026-08-28 03:27:05,362.00,569.00,249.00,569.00,224.00,269.00,269.00,224.00,279.00,224.00,299.00,469.00,314.00,449.00,449.00,449.00,449.00,449.00
2026-08-28 03:37:08,362.00,569.00,249.00,569.00,224.00,269.00,269.00,224.00,279.00,224.00,299.00,469.00,314.00,449.00,449.00,449.00,449.00,449.00
2026-08-28 03:47:13,362.00,569.00,249.00,569.00,224.00,269.00,269.00,224.00,279.00,224.00,299.00,469.00,314.00,449.00,449.00,449.00,449.00,449.00
2026-08-28 03:56:48,362.00,569.00,249.00,569.00,224.00,269.00,269.00,224.00,279.00,224.00,299.00,469.00,314.00,449.00,449.00,449.00,449.00,449.00
2026-08-28 04:07:06,362.00,569.00,249.00,569.00,224.00,269.00,269.00,224.00,279.00,224.00,299.00,469.00,314.00,449.00,449.00,449.00,449.00,449.00
2026-08-28 04:17:05,362.00,569.00,249.00,569.00,224.00,269.00,269.00,224.00,279.00,224.00,299.00,469.00,314.00,449.00,449.00,449.00,449.00,449.00
2026-08-28 04:27:02,362.00,569.00,249.00,569.00,224.00,269.00,269.00,224.00,279.00,224.00,299.00,469.00,314.00,449.00,449.00,449.00,449.00,449.00
2026-08-28 04:36:49,362.00,569.00,249.00,569.00,224.00,269.00,269.00,224.00,279.00,224.00,299.00,469.00,314.00,449.00,449.00,449.00,449.00,449.00
2026-08-28 04:47:04,362.00,569.00,249.00,569.00,224.00,269.00,269.00,224.00,279.00,224.00,299.00,469.00,314.00,449.00,449.00,449.00,449.00,449.00
2026-08-28 04:57:02,362.00,569.00,249.00,569.00,224.00,269.00,269.00,224.00,279.00,224.00,299.00,469.00,314.00,449.00,449.00,449.00,449.00,449.00
2026-08-28 05:07:08,362.00,569.00,249.00,569.00,224.00,269.00,269.00,224.00,279.00,224.00,299.00,469.00,314.00,449.00,449.00,449.00,449.00,449.00
2026-08-28 05:17:13,362.00,569.00,249.00,569.00,224.00,269.00,269.00,224.00,279.00,224.00,299.00,469.00,314.00,449.00,449.00,449.00,449.00,449.00
2026-08-28 05:27:05,362.00,569.00,249.00,569.00,224.00,269.00,269.00,224.00,279.00,224.00,299.00,469.00,314.00,449.00,449.00,449.00,449.00,449.00
2026-08-28 05:36:59,362.00,569.00,249.00,569.00,224.00,269.00,269.00,224.00,279.00,224.00,299.00,469.00,314.00,449.00,449.00,449.00,449.00,449.00
2026-08-28 05:47:02,362.00,569.00,249.00,569.00,224.00,269.00,269.00,224.00,279.00,224.00,299.00,469.00,314.00,449.00,449.00,449.00,449.00,449.00
2026-08-28 05:57:00,362.00,569.00,249.00,569.00,224.00,269.00,269.00,224.00,279.00,224.00,299.00,469.00,314.00,449.00,449.00,449.00,449.00,449.00
2026-08-28 06:06:51,362.00,569.00,249.00,569.00,224.00,269.00,269.00,224.00,279.00,224.00,299.00,469.00,314.00,449.00,449.00,449.00,449.00,449.00
2026-08-28 06:17:07,362.00,569.00,249.00,569.00,224.00,269.00,269.00,224.00,279.00,224.00,299.00,469.00,314.00,449.00,449.00,449.00,449.00,449.00
2026-08-28 06:27:07,362.00,569.00,249.00,569.00,224.00,269.00,269.00,224.00,279.00,224.00,314.00,469.00,314.00,449.00,449.00,449.00,449.00,449.00
2026-08-28 06:36:58,362.00,569.00,249.00,569.00,224.00,269.00,269.00,224.00,279.00,224.00,299.00,469.00,314.00,449.00,449.00,449.00,449.00,449.00
2026-08-28 06:47:03,362.00,569.00,249.00,569.00,224.00,269.00,269.00,224.00,279.00,224.00,299.00,469.00,314.00,449.00,449.00,449.00,449.00,449.00
2026-08-28 06:57:01,362.00,569.00,249.00,569.00,224.00,269.00,269.00,224.00,279.00,224.00,299.00,469.00,314.00,449.00,449.00,449.00,449.00,449.00
2026-08-28 07:07:05,362.00,569.00,249.00,569.00,224.00,269.00,269.00,224.00,362.00,224.00,279.00,362.00,429.00,449.00,449.00,449.00,449.00,449.00
2026-08-28 07:17:04,362.00,569.00,249.00,569.00,224.00,269.00,269.00,224.00,362.00,224.00,279.00,362.00,429.00,449.00,449.00,449.00,449.00,449.00
2026-08-28 07:27:05,362.00,569.00,249.00,569.00,224.00,269.00,269.00,224.00,362.00,224.00,279.00,362.00,429.00,449.00,449.00,449.00,449.00,449.00
2026-08-28 07:37:02,362.00,569.00,249.00,569.00,224.00,269.00,269.00,224.00,362.00,224.00,279.00,362.00,429.00,449.00,449.00,449.00,449.00,449.00
2026-08-28 07:47:11,362.00,569.00,249.00,569.00,224.00,269.00,269.00,224.00,362.00,224.00,279.00,362.00,429.00,449.00,449.00,449.00,449.00,449.00
2026-08-28 07:57:03,362.00,569.00,249.00,569.00,224.00,269.00,269.00,224.00,362.00,224.00,279.00,362.00,429.00,449.00,449.00,449.00,449.00,449.00
2026-08-28 08:06:49,362.00,569.00,249.00,569.00,224.00,269.00,269.00,224.00,362.00,224.00,279.00,362.00,429.00,449.00,449.00,449.00,449.00,449.00
2026-08-28 08:17:01,362.00,569.00,249.00,569.00,224.00,269.00,269.00,224.00,362.00,224.00,279.00,362.00,429.00,449.00,449.00,449.00,449.00,449.00
2026-08-28 08:26:58,362.00,569.00,249.00,569.00,224.00,269.00,269.00,224.00,362.00,224.00,279.00,362.00,429.00,449.00,449.00,449.00,449.00,449.00
2026-08-28 08:37:00,362.00,569.00,249.00,569.00,224.00,269.00,269.00,224.00,362.00,224.00,279.00,362.00,429.00,449.00,449.00,449.00,449.00,449.00
2026-08-28 08:47:02,362.00,569.00,249.00,569.00,224.00,269.00,269.00,224.00,362.00,224.00,279.00,362.00,429.00,449.00,449.00,449.00,449.00,449.00
2026-08-28 08:57:04,362.00,569.00,249.00,569.00,224.00,269.00,269.00,224.00,362.00,224.00,279.00,362.00,429.00,449.00,449.00,449.00,449.00,449.00
2026-08-28 09:07:02,362.00,569.00,249.00,569.00,224.00,269.00,269.00,224.00,362.00,224.00,279.00,362.00,429.00,449.00,449.00,449.00,449.00,449.00
2026-08-28 09:17:03,362.00,569.00,249.00,569.00,224.00,269.00,269.00,224.00,362.00,224.00,279.00,362.00,429.00,449.00,449.00,449.00,449.00,449.00
2026-08-28 09:27:05,362.00,569.00,249.00,569.00,224.00,269.00,269.00,224.00,362.00,224.00,279.00,362.00,429.00,449.00,449.00,449.00,449.00,449.00
2026-08-28 09:37:08,362.00,569.00,249.00,569.00,224.00,269.00,269.00,224.00,362.00,224.00,279.00,362.00,429.00,449.00,449.00,449.00,449.00,449.00
2026-08-28 09:47:01,362.00,569.00,249.00,569.00,224.00,269.00,269.00,224.00,362.00,224.00,279.00,362.00,429.00,449.00,449.00,449.00,449.00,449.00
2026-08-28 09:57:10,362.00,569.00,249.00,569.00,224.00,269.00,269.00,224.00,362.00,224.00,279.00,362.00,429.00,449.00,449.00,449.00,449.00,449.00
2026-08-28 10:07:05,362.00,569.00,249.00,569.00,224.00,269.00,269.00,224.00,362.00,224.00,279.00,362.00,429.00,449.00,449.00,449.00,449.00,449.00
2026-08-28 10:17:05,362.00,569.00,249.00,569.00,224.00,269.00,269.00,224.00,362.00,224.00,279.00,362.00,429.00,449.00,449.00,449.00,449.00,449.00
2026-08-28 10:27:04,362.00,569.00,249.00,569.00,224.00,269.00,269.00,224.00,362.00,224.00,279.00,362.00,429.00,449.00,449.00,449.00,449.00,449.00
2026-08-28 10:37:09,362.00,569.00,249.00,569.00,224.00,269.00,269.00,224.00,362.00,224.00,279.00,362.00,429.00,449.00,449.00,449.00,449.00,449.00
2026-08-28 10:46:51,362.00,569.00,249.00,569.00,224.00,269.00,269.00,224.00,362.00,224.00,279.00,362.00,429.00,449.00,449.00,449.00,449.00,449.00
2026-08-28 10:57:11,362.00,569.00,249.00,569.00,224.00,269.00,269.00,224.00,362.00,224.00,279.00,362.00,429.00,449.00,449.00,449.00,449.00,449.00
2026-08-28 11:06:51,362.00,569.00,249.00,569.00,224.00,269.00,269.00,224.00,362.00,224.00,279.00,362.00,429.00,449.00,449.00,449.00,449.00,449.00
2026-08-28 11:17:08,362.00,569.00,362.00,569.00,224.00,269.00,269.00,224.00,362.00,224.00,279.00,362.00,429.00,449.00,449.00,449.00,449.00,449.00
2026-08-28 11:27:10,362.00,569.00,362.00,569.00,224.00,269.00,269.00,224.00,362.00,224.00,279.00,362.00,429.00,449.00,449.00,449.00,449.00,449.00
2026-08-28 11:37:08,362.00,569.00,362.00,569.00,224.00,269.00,269.00,224.00,362.00,224.00,279.00,362.00,429.00,449.00,449.00,449.00,449.00,449.00
2026-08-28 11:47:07,362.00,569.00,362.00,569.00,224.00,269.00,269.00,224.00,362.00,224.00,279.00,362.00,429.00,449.00,449.00,449.00,449.00,449.00
2026-08-28 11:57:08,249.00,569.00,362.00,569.00,224.00,269.00,269.00,224.00,362.00,224.00,279.00,362.00,429.00,449.00,449.00,449.00,449.00,449.00
2026-08-28 12:06:49,249.00,569.00,362.00,569.00,224.00,269.00,269.00,224.00,362.00,224.00,279.00,362.00,429.00,449.00,449.00,449.00,449.00,449.00
2026-08-28 12:17:08,249.00,569.00,362.00,569.00,224.00,269.00,269.00,224.00,362.00,224.00,279.00,362.00,429.00,449.00,449.00,449.00,449.00,449.00
2026-08-28 12:27:05,249.00,569.00,362.00,569.00,224.00,269.00,269.00,224.00,362.00,224.00,279.00,362.00,429.00,449.00,449.00,449.00,449.00,449.00
2026-08-28 12:37:01,249.00,569.00,362.00,569.00,224.00,269.00,269.00,224.00,362.00,224.00,279.00,362.00,429.00,449.00,449.00,449.00,449.00,449.00
2026-08-28 12:47:06,249.00,569.00,362.00,569.00,224.00,269.00,269.00,224.00,362.00,224.00,279.00,362.00,429.00,449.00,449.00,449.00,449.00,449.00
2026-08-28 12:56:51,249.00,569.00,362.00,569.00,224.00,269.00,269.00,224.00,362.00,224.00,279.00,362.00,429.00,449.00,449.00,449.00,449.00,449.00
2026-08-28 13:07:11,362.00,569.00,362.00,569.00,224.00,269.00,269.00,224.00,362.00,224.00,279.00,362.00,429.00,449.00,449.00,449.00,449.00,449.00
2026-08-28 13:17:02,362.00,569.00,362.00,569.00,224.00,269.00,269.00,224.00,362.00,249.00,279.00,362.00,429.00,449.00,449.00,449.00,449.00,449.00
2026-08-28 13:26:51,362.00,569.00,362.00,569.00,224.00,269.00,269.00,224.00,314.00,249.00,299.00,249.00,429.00,449.00,449.00,449.00,449.00,449.00
2026-08-28 13:37:07,362.00,569.00,362.00,569.00,224.00,269.00,269.00,224.00,314.00,249.00,299.00,249.00,429.00,449.00,449.00,449.00,449.00,449.00
2026-08-28 13:47:10,362.00,569.00,362.00,569.00,224.00,269.00,269.00,224.00,290.00,244.00,299.00,249.00,429.00,449.00,449.00,449.00,449.00,449.00
2026-08-28 13:56:50,362.00,569.00,362.00,569.00,224.00,269.00,269.00,224.00,290.00,244.00,299.00,249.00,429.00,449.00,449.00,449.00,449.00,449.00
2026-08-28 14:06:58,362.00,569.00,362.00,569.00,224.00,269.00,269.00,224.00,290.00,244.00,290.00,249.00,395.00,449.00,449.00,449.00,449.00,449.00
2026-08-28 14:16:52,362.00,569.00,362.00,569.00,224.00,269.00,269.00,224.00,290.00,244.00,290.00,249.00,395.00,449.00,449.00,449.00,449.00,449.00
2026-08-28 14:26:53,362.00,569.00,362.00,569.00,224.00,269.00,269.00,224.00,290.00,244.00,290.00,249.00,395.00,449.00,449.00,449.00,449.00,449.00
2026-08-28 14:37:04,362.00,569.00,362.00,569.00,224.00,324.00,324.00,224.00,290.00,244.00,290.00,249.00,395.00,449.00,449.00,449.00,449.00,449.00
2026-08-28 14:47:09,362.00,569.00,362.00,569.00,224.00,324.00,324.00,224.00,290.00,244.00,290.00,249.00,395.00,449.00,449.00,449.00,449.00,449.00
2026-08-28 14:57:11,362.00,569.00,362.00,569.00,224.00,278.00,279.00,224.00,290.00,244.00,290.00,249.00,395.00,449.00,449.00,449.00,449.00,449.00
2026-08-28 15:07:12,362.00,569.00,362.00,569.00,224.00,257.00,279.00,224.00,290.00,244.00,290.00,249.00,395.00,449.00,449.00,449.00,449.00,449.00
2026-08-28 15:17:13,362.00,569.00,362.00,569.00,224.00,257.00,279.00,224.00,290.00,244.00,290.00,249.00,395.00,449.00,449.00,449.00,449.00,449.00
2026-08-28 15:27:12,362.00,569.00,362.00,569.00,224.00,257.00,279.00,224.00,290.00,244.00,290.00,249.00,395.00,449.00,449.00,449.00,449.00,449.00
2026-08-28 15:37:10,362.00,569.00,362.00,569.00,224.00,257.00,279.00,224.00,290.00,244.00,290.00,249.00,395.00,449.00,449.00,449.00,449.00,449.00
2026-08-28 15:47:03,362.00,569.00,362.00,569.00,224.00,257.00,279.00,224.00,290.00,244.00,290.00,249.00,395.00,449.00,449.00,449.00,449.00,449.00
2026-08-28 15:57:11,362.00,569.00,362.00,569.00,224.00,257.00,266.00,224.00,290.00,244.00,290.00,249.00,395.00,449.00,449.00,449.00,449.00,449.00
2026-08-28 16:07:15,362.00,569.00,362.00,569.00,224.00,257.00,266.00,224.00,290.00,244.00,290.00,249.00,395.00,449.00,449.00,449.00,449.00,449.00
2026-08-28 16:17:05,362.00,569.00,362.00,569.00,224.00,257.00,266.00,224.00,290.00,244.00,290.00,249.00,395.00,449.00,449.00,449.00,449.00,449.00
2026-08-28 16:27:13,362.00,569.00,362.00,569.00,224.00,257.00,266.00,224.00,290.00,244.00,290.00,249.00,395.00,449.00,449.00,449.00,449.00,449.00
2026-08-28 16:36:53,362.00,569.00,362.00,569.00,224.00,257.00,266.00,224.00,290.00,244.00,290.00,249.00,395.00,449.00,449.00,449.00,449.00,449.00
2026-08-28 16:47:13,362.00,569.00,362.00,569.00,224.00,257.00,266.00,224.00,290.00,244.00,290.00,249.00,395.00,449.00,449.00,449.00,449.00,449.00
2026-08-28 16:57:06,362.00,569.00,362.00,569.00,224.00,257.00,266.00,224.00,290.00,244.00,290.00,249.00,395.00,449.00,449.00,449.00,449.00,449.00
2026-08-28 17:07:11,362.00,569.00,362.00,569.00,249.00,257.00,270.00,224.00,290.00,244.00,290.00,249.00,395.00,449.00,449.00,449.00,449.00,449.00
2026-08-28 17:17:03,362.00,569.00,362.00,569.00,249.00,257.00,270.00,224.00,290.00,244.00,290.00,249.00,395.00,449.00,449.00,449.00,449.00,449.00
2026-08-28 17:26:55,362.00,569.00,362.00,569.00,249.00,257.00,270.00,224.00,290.00,244.00,290.00,249.00,395.00,449.00,449.00,449.00,449.00,449.00
2026-08-28 17:37:06,362.00,569.00,362.00,569.00,249.00,324.00,270.00,224.00,314.00,244.00,290.00,249.00,429.00,449.00,449.00,449.00,449.00,449.00
2026-08-28 17:47:08,362.00,569.00,362.00,569.00,249.00,257.00,270.00,224.00,290.00,244.00,290.00,249.00,395.00,449.00,449.00,449.00,449.00,449.00
2026-08-28 17:56:51,362.00,569.00,362.00,569.00,249.00,257.00,270.00,224.00,290.00,244.00,290.00,249.00,395.00,449.00,449.00,449.00,449.00,449.00
2026-08-28 18:07:10,362.00,569.00,362.00,569.00,249.00,257.00,270.00,224.00,290.00,249.00,314.00,249.00,395.00,449.00,449.00,449.00,449.00,449.00
2026-08-28 18:17:20,362.00,569.00,362.00,569.00,249.00,257.00,270.00,224.00,290.00,244.00,290.00,249.00,395.00,449.00,449.00,449.00,449.00,449.00
2026-08-28 18:27:06,362.00,569.00,362.00,569.00,249.00,257.00,270.00,224.00,290.00,244.00,290.00,249.00,395.00,449.00,449.00,449.00,449.00,449.00
2026-08-28 18:37:14,362.00,569.00,362.00,569.00,249.00,257.00,270.00,224.00,290.00,244.00,290.00,249.00,395.00,449.00,449.00,449.00,449.00,449.00
2026-08-28 18:47:12,362.00,569.00,362.00,569.00,249.00,257.00,270.00,224.00,290.00,244.00,290.00,249.00,395.00,449.00,449.00,449.00,449.00,449.00
2026-08-28 18:57:11,362.00,569.00,362.00,569.00,249.00,257.00,270.00,224.00,290.00,244.00,290.00,249.00,395.00,449.00,449.00,449.00,449.00,449.00
2026-08-28 19:07:16,362.00,569.00,362.00,569.00,249.00,257.00,270.00,224.00,290.00,244.00,290.00,249.00,395.00,449.00,449.00,449.00,449.00,449.00
2026-08-28 19:17:06,362.00,569.00,362.00,569.00,249.00,324.00,270.00,224.00,314.00,244.00,290.00,249.00,429.00,449.00,449.00,449.00,449.00,449.00
2026-08-28 19:26:50,362.00,569.00,362.00,569.00,249.00,257.00,270.00,224.00,293.00,244.00,290.00,249.00,392.00,449.00,449.00,449.00,449.00,449.00
2026-08-28 19:36:54,362.00,569.00,362.00,569.00,249.00,257.00,270.00,224.00,293.00,244.00,290.00,249.00,392.00,449.00,449.00,449.00,449.00,449.00
2026-08-28 19:47:04,362.00,569.00,362.00,569.00,249.00,257.00,270.00,224.00,293.00,244.00,290.00,249.00,392.00,449.00,449.00,449.00,449.00,449.00
2026-08-28 19:57:11,362.00,569.00,362.00,569.00,249.00,257.00,270.00,224.00,293.00,244.00,290.00,249.00,392.00,449.00,449.00,449.00,449.00,449.00
2026-08-28 20:07:23,362.00,569.00,362.00,569.00,249.00,257.00,270.00,224.00,293.00,244.00,290.00,249.00,392.00,449.00,449.00,449.00,449.00,449.00
2026-08-28 20:17:07,362.00,569.00,362.00,569.00,249.00,257.00,270.00,224.00,293.00,244.00,290.00,249.00,392.00,449.00,449.00,449.00,449.00,449.00
2026-08-28 20:27:18,362.00,569.00,362.00,569.00,249.00,257.00,270.00,224.00,293.00,244.00,290.00,249.00,392.00,449.00,449.00,449.00,449.00,449.00
2026-08-28 20:37:16,362.00,569.00,362.00,569.00,249.00,257.00,270.00,224.00,293.00,244.00,290.00,249.00,392.00,449.00,449.00,449.00,449.00,449.00
2026-08-28 20:47:17,362.00,569.00,362.00,569.00,249.00,257.00,270.00,224.00,293.00,244.00,290.00,249.00,392.00,449.00,449.00,449.00,449.00,449.00
2026-08-28 20:57:25,362.00,569.00,362.00,569.00,249.00,257.00,270.00,224.00,293.00,244.00,290.00,249.00,392.00,449.00,449.00,449.00,449.00,449.00
2026-08-28 21:07:16,362.00,569.00,362.00,569.00,249.00,257.00,270.00,224.00,293.00,244.00,290.00,249.00,392.00,449.00,449.00,449.00,449.00,449.00
2026-08-28 21:17:07,362.00,569.00,362.00,569.00,249.00,257.00,270.00,224.00,293.00,244.00,290.00,249.00,392.00,449.00,449.00,449.00,449.00,449.00
2026-08-28 21:26:48,362.00,569.00,362.00,569.00,249.00,257.00,270.00,224.00,293.00,244.00,290.00,249.00,392.00,449.00,449.00,449.00,449.00,449.00
2026-08-28 21:37:08,362.00,569.00,362.00,569.00,249.00,257.00,270.00,224.00,293.00,244.00,290.00,249.00,392.00,449.00,449.00,449.00,449.00,449.00
2026-08-28 21:47:12,362.00,569.00,362.00,569.00,249.00,257.00,270.00,224.00,293.00,244.00,290.00,249.00,392.00,449.00,449.00,449.00,449.00,449.00
2026-08-28 21:57:06,362.00,569.00,362.00,569.00,249.00,257.00,270.00,224.00,293.00,244.00,290.00,249.00,392.00,449.00,449.00,449.00,449.00,449.00
2026-08-28 22:07:10,362.00,569.00,362.00,569.00,249.00,257.00,270.00,224.00,293.00,244.00,290.00,249.00,392.00,449.00,449.00,449.00,449.00,449.00
2026-08-28 22:17:20,362.00,569.00,362.00,569.00,249.00,269.00,270.00,224.00,293.00,244.00,290.00,249.00,392.00,449.00,449.00,449.00,449.00,449.00
2026-08-28 22:27:05,362.00,569.00,362.00,569.00,249.00,269.00,270.00,224.00,293.00,244.00,290.00,249.00,392.00,449.00,449.00,449.00,449.00,449.00
2026-08-28 22:37:01,362.00,569.00,362.00,569.00,249.00,253.00,270.00,224.00,293.00,244.00,290.00,249.00,392.00,449.00,449.00,449.00,449.00,449.00
2026-08-28 22:46:58,362.00,569.00,362.00,569.00,249.00,253.00,270.00,224.00,293.00,244.00,290.00,249.00,392.00,449.00,449.00,449.00,449.00,449.00
2026-08-28 22:57:04,362.00,569.00,362.00,569.00,249.00,253.00,270.00,224.00,293.00,244.00,290.00,249.00,392.00,449.00,449.00,449.00,449.00,449.00
2026-08-28 23:07:01,362.00,569.00,362.00,569.00,249.00,253.00,270.00,224.00,293.00,244.00,290.00,249.00,392.00,449.00,449.00,449.00,449.00,449.00
2026-08-28 23:17:14,362.00,569.00,362.00,569.00,249.00,253.00,273.00,224.00,293.00,244.00,290.00,249.00,392.00,449.00,449.00,449.00,449.00,449.00
2026-08-28 23:28:05,362.00,569.00,362.00,569.00,249.00,253.00,276.00,224.00,293.00,244.00,295.00,249.00,392.00,449.00,449.00,449.00,449.00,449.00
2026-08-28 23:37:11,362.00,569.00,362.00,569.00,249.00,253.00,276.00,224.00,293.00,244.00,295.00,249.00,392.00,449.00,449.00,449.00,449.00,449.00
2026-08-28 23:47:11,362.00,569.00,362.00,569.00,249.00,253.00,276.00,224.00,293.00,244.00,295.00,249.00,392.00,449.00,449.00,449.00,449.00,449.00
2026-08-28 23:57:04,362.00,569.00,362.00,569.00,249.00,253.00,276.00,224.00,293.00,244.00,295.00,249.00,392.00,449.00,449.00,449.00,449.00,449.00
2026-08-29 00:07:21,362.00,569.00,362.00,569.00,249.00,253.00,276.00,224.00,293.00,244.00,295.00,249.00,392.00,449.00,449.00,449.00,449.00,449.00
2026-08-29 00:16:56,362.00,569.00,362.00,569.00,249.00,253.00,276.00,224.00,293.00,244.00,295.00,249.00,392.00,449.00,449.00,449.00,449.00,449.00
2026-08-29 00:27:11,362.00,569.00,362.00,569.00,249.00,253.00,276.00,224.00,293.00,244.00,295.00,249.00,392.00,449.00,449.00,449.00,449.00,449.00
2026-08-29 00:37:13,362.00,569.00,362.00,569.00,249.00,253.00,276.00,224.00,293.00,244.00,295.00,249.00,392.00,449.00,449.00,449.00,449.00,449.00
2026-08-29 00:47:17,362.00,,362.00,,249.00,,276.00,224.00,,244.00,295.00,,,449.00,,,224.00,449.00
2026-08-29 00:57:05,362.00,569.00,362.00,569.00,249.00,253.00,276.00,224.00,293.00,244.00,295.00,249.00,392.00,449.00,449.00,449.00,449.00,449.00
2026-08-29 01:07:09,362.00,569.00,362.00,569.00,249.00,253.00,276.00,224.00,293.00,244.00,295.00,249.00,392.00,449.00,449.00,449.00,449.00,449.00
2026-08-29 01:17:05,362.00,569.00,362.00,569.00,249.00,253.00,276.00,224.00,293.00,244.00,295.00,249.00,392.00,449.00,449.00,449.00,449.00,449.00
2026-08-29 01:27:17,362.00,569.00,362.00,569.00,249.00,253.00,276.00,224.00,293.00,244.00,295.00,249.00,392.00,449.00,449.00,449.00,449.00,449.00
2026-08-29 01:37:10,362.00,569.00,362.00,569.00,249.00,253.00,276.00,224.00,293.00,244.00,295.00,249.00,392.00,449.00,449.00,449.00,449.00,449.00
2026-08-29 01:46:59,362.00,569.00,362.00,569.00,249.00,253.00,276.00,224.00,293.00,244.00,295.00,249.00,392.00,449.00,449.00,449.00,449.00,449.00
2026-08-29 01:56:57,362.00,569.00,362.00,569.00,249.00,253.00,276.00,224.00,293.00,244.00,295.00,249.00,392.00,449.00,449.00,449.00,449.00,449.00
2026-08-29 02:06:50,362.00,569.00,362.00,569.00,249.00,253.00,276.00,224.00,293.00,244.00,295.00,249.00,392.00,449.00,449.00,449.00,449.00,449.00
2026-08-29 02:17:12,362.00,569.00,362.00,569.00,249.00,253.00,276.00,224.00,293.00,244.00,295.00,249.00,392.00,449.00,449.00,449.00,449.00,449.00
2026-08-29 02:27:11,362.00,569.00,362.00,569.00,249.00,253.00,276.00,224.00,293.00,244.00,295.00,249.00,392.00,449.00,449.00,449.00,449.00,449.00
2026-08-29 02:36:51,362.00,569.00,362.00,569.00,249.00,253.00,276.00,224.00,293.00,244.00,295.00,249.00,392.00,449.00,449.00,449.00,449.00,449.00
2026-08-29 02:47:09,362.00,569.00,362.00,569.00,249.00,253.00,276.00,224.00,293.00,244.00,295.00,249.00,392.00,449.00,449.00,449.00,449.00,449.00
2026-08-29 02:57:12,362.00,569.00,362.00,569.00,249.00,253.00,276.00,224.00,293.00,244.00,295.00,249.00,392.00,449.00,449.00,449.00,449.00,449.00
2026-08-29 03:06:56,362.00,569.00,362.00,569.00,249.00,253.00,276.00,224.00,293.00,244.00,295.00,249.00,392.00,449.00,449.00,449.00,449.00,449.00
2026-08-29 03:17:12,362.00,569.00,362.00,569.00,249.00,253.00,276.00,224.00,293.00,244.00,295.00,249.00,392.00,449.00,449.00,449.00,449.00,449.00
2026-08-29 03:27:10,362.00,569.00,362.00,569.00,249.00,253.00,276.00,224.00,293.00,244.00,295.00,249.00,392.00,449.00,449.00,449.00,449.00,449.00
2026-08-29 03:37:04,362.00,569.00,362.00,569.00,249.00,253.00,276.00,224.00,293.00,244.00,295.00,249.00,392.00,449.00,449.00,449.00,449.00,449.00
2026-08-29 03:47:09,362.00,569.00,362.00,569.00,249.00,253.00,276.00,224.00,293.00,244.00,295.00,249.00,392.00,449.00,449.00,449.00,449.00,449.00
2026-08-29 03:57:09,362.00,569.00,362.00,569.00,249.00,253.00,276.00,224.00,293.00,244.00,295.00,249.00,392.00,449.00,449.00,449.00,449.00,449.00
2026-08-29 04:07:11,362.00,569.00,362.00,569.00,249.00,253.00,276.00,224.00,293.00,244.00,295.00,249.00,392.00,449.00,449.00,449.00,449.00,449.00
2026-08-29 04:17:09,362.00,569.00,362.00,569.00,249.00,253.00,276.00,224.00,293.00,244.00,295.00,249.00,392.00,449.00,449.00,449.00,449.00,449.00
2026-08-29 04:27:12,362.00,569.00,362.00,569.00,249.00,269.00,276.00,224.00,314.00,244.00,295.00,249.00,429.00,449.00,449.00,449.00,449.00,449.00
2026-08-29 04:37:25,362.00,569.00,362.00,569.00,249.00,253.00,276.00,224.00,293.00,244.00,295.00,249.00,392.00,449.00,449.00,449.00,449.00,449.00
2026-08-29 04:47:09,362.00,569.00,362.00,569.00,249.00,253.00,276.00,224.00,293.00,244.00,295.00,249.00,392.00,449.00,449.00,449.00,449.00,449.00
2026-08-29 04:57:07,362.00,569.00,362.00,569.00,249.00,253.00,276.00,224.00,293.00,244.00,295.00,249.00,392.00,449.00,449.00,449.00,449.00,449.00
2026-08-29 05:07:09,362.00,569.00,362.00,569.00,249.00,253.00,276.00,224.00,293.00,244.00,295.00,249.00,392.00,449.00,449.00,449.00,449.00,449.00
2026-08-29 05:17:15,362.00,569.00,362.00,569.00,249.00,253.00,276.00,224.00,293.00,244.00,295.00,249.00,392.00,449.00,449.00,449.00,449.00,449.00
2026-08-29 05:26:52,362.00,569.00,362.00,569.00,249.00,253.00,276.00,224.00,293.00,244.00,295.00,249.00,392.00,449.00,449.00,449.00,449.00,449.00
2026-08-29 05:37:12,362.00,569.00,362.00,569.00,249.00,269.00,276.00,224.00,314.00,244.00,295.00,249.00,429.00,449.00,449.00,449.00,449.00,449.00
2026-08-29 05:47:11,362.00,569.00,362.00,569.00,249.00,253.00,276.00,224.00,293.00,244.00,295.00,249.00,392.00,449.00,449.00,449.00,449.00,449.00
2026-08-29 05:57:07,362.00,569.00,362.00,569.00,249.00,253.00,276.00,224.00,293.00,244.00,295.00,249.00,392.00,449.00,449.00,449.00,449.00,449.00
2026-08-29 06:07:09,362.00,569.00,362.00,569.00,249.00,253.00,276.00,224.00,293.00,244.00,295.00,249.00,392.00,449.00,449.00,449.00,449.00,449.00
2026-08-29 06:17:06,362.00,569.00,362.00,569.00,249.00,253.00,276.00,224.00,293.00,244.00,295.00,249.00,392.00,449.00,449.00,449.00,449.00,449.00
2026-08-29 06:26:46,362.00,569.00,362.00,569.00,249.00,253.00,276.00,224.00,362.00,224.00,279.00,362.00,392.00,449.00,449.00,449.00,449.00,449.00
2026-08-29 06:37:03,362.00,569.00,362.00,569.00,249.00,253.00,276.00,224.00,362.00,224.00,279.00,362.00,392.00,449.00,449.00,449.00,449.00,449.00
2026-08-29 06:47:06,362.00,569.00,362.00,569.00,249.00,253.00,276.00,224.00,362.00,224.00,279.00,362.00,392.00,449.00,449.00,449.00,449.00,449.00
2026-08-29 06:57:00,362.00,569.00,362.00,569.00,249.00,253.00,276.00,224.00,362.00,224.00,279.00,362.00,392.00,449.00,449.00,449.00,449.00,449.00
2026-08-29 07:07:10,362.00,569.00,362.00,569.00,249.00,253.00,276.00,224.00,362.00,224.00,279.00,362.00,392.00,449.00,449.00,449.00,449.00,449.00
2026-08-29 07:17:17,362.00,569.00,362.00,569.00,249.00,253.00,269.00,224.00,362.00,224.00,279.00,362.00,392.00,449.00,449.00,449.00,449.00,449.00
2026-08-29 07:27:13,362.00,569.00,362.00,569.00,249.00,253.00,269.00,224.00,362.00,224.00,279.00,362.00,392.00,449.00,449.00,449.00,449.00,449.00
2026-08-29 07:37:08,362.00,569.00,362.00,569.00,249.00,269.00,269.00,224.00,362.00,224.00,279.00,362.00,392.00,449.00,449.00,449.00,449.00,449.00
2026-08-29 07:46:51,362.00,569.00,362.00,569.00,249.00,269.00,269.00,224.00,362.00,224.00,279.00,362.00,392.00,449.00,449.00,449.00,449.00,449.00
2026-08-29 07:57:06,362.00,569.00,362.00,569.00,249.00,269.00,269.00,224.00,362.00,224.00,279.00,362.00,392.00,449.00,449.00,449.00,449.00,449.00
2026-08-29 08:07:11,362.00,569.00,362.00,569.00,249.00,269.00,269.00,224.00,362.00,224.00,279.00,362.00,392.00,449.00,449.00,449.00,449.00,449.00
2026-08-29 08:16:51,362.00,569.00,362.00,569.00,249.00,269.00,269.00,224.00,362.00,224.00,279.00,362.00,392.00,449.00,449.00,449.00,449.00,449.00
2026-08-29 08:27:11,362.00,569.00,362.00,569.00,249.00,269.00,269.00,224.00,362.00,224.00,279.00,362.00,392.00,449.00,449.00,449.00,449.00,449.00
2026-08-29 08:37:09,362.00,569.00,362.00,569.00,249.00,269.00,269.00,224.00,362.00,224.00,279.00,362.00,392.00,449.00,449.00,449.00,449.00,449.00
2026-08-29 08:47:09,362.00,484.00,362.00,569.00,249.00,269.00,269.00,224.00,362.00,224.00,279.00,362.00,392.00,449.00,449.00,449.00,449.00,449.00
2026-08-29 08:57:03,362.00,484.00,362.00,569.00,249.00,269.00,269.00,224.00,362.00,224.00,279.00,362.00,392.00,449.00,449.00,449.00,449.00,449.00
2026-08-29 09:07:10,362.00,484.00,362.00,569.00,249.00,269.00,269.00,224.00,362.00,224.00,279.00,362.00,392.00,449.00,449.00,449.00,449.00,449.00
2026-08-29 09:17:02,362.00,484.00,362.00,569.00,249.00,269.00,269.00,224.00,362.00,224.00,279.00,362.00,392.00,449.00,449.00,449.00,449.00,449.00
2026-08-29 09:27:10,362.00,484.00,362.00,569.00,249.00,269.00,269.00,224.00,362.00,224.00,279.00,362.00,392.00,449.00,449.00,449.00,449.00,449.00
2026-08-29 09:37:05,362.00,484.00,362.00,569.00,249.00,269.00,269.00,224.00,362.00,224.00,279.00,362.00,392.00,449.00,449.00,449.00,449.00,449.00
2026-08-29 09:47:11,362.00,484.00,362.00,569.00,249.00,269.00,269.00,224.00,362.00,224.00,279.00,362.00,392.00,449.00,449.00,449.00,449.00,449.00
2026-08-29 09:57:12,362.00,484.00,362.00,569.00,249.00,269.00,269.00,224.00,362.00,224.00,279.00,362.00,392.00,449.00,449.00,449.00,449.00,449.00
2026-08-29 10:07:07,362.00,484.00,362.00,569.00,249.00,269.00,269.00,224.00,362.00,224.00,279.00,362.00,392.00,449.00,449.00,449.00,449.00,449.00
2026-08-29 10:16:55,362.00,484.00,362.00,569.00,249.00,269.00,269.00,224.00,362.00,224.00,279.00,362.00,392.00,449.00,449.00,449.00,449.00,449.00
2026-08-29 10:27:06,362.00,484.00,362.00,569.00,249.00,269.00,269.00,224.00,362.00,224.00,279.00,362.00,392.00,449.00,449.00,449.00,449.00,449.00
2026-08-29 10:37:11,362.00,484.00,362.00,569.00,249.00,269.00,269.00,224.00,362.00,224.00,279.00,362.00,392.00,449.00,449.00,449.00,449.00,449.00
2026-08-29 10:47:06,362.00,484.00,362.00,569.00,249.00,269.00,269.00,224.00,362.00,224.00,279.00,362.00,392.00,449.00,449.00,449.00,449.00,449.00
2026-08-29 10:57:10,362.00,484.00,362.00,569.00,249.00,269.00,269.00,224.00,362.00,224.00,279.00,362.00,392.00,449.00,449.00,449.00,449.00,449.00
2026-08-29 11:07:12,362.00,484.00,362.00,569.00,249.00,269.00,269.00,224.00,362.00,224.00,279.00,362.00,392.00,449.00,449.00,449.00,449.00,449.00
2026-08-29 11:17:10,362.00,484.00,362.00,569.00,249.00,269.00,269.00,224.00,362.00,224.00,279.00,362.00,392.00,449.00,449.00,449.00,449.00,449.00
2026-08-29 11:27:06,362.00,484.00,362.00,569.00,249.00,269.00,269.00,224.00,362.00,224.00,279.00,362.00,392.00,449.00,449.00,449.00,449.00,449.00
2026-08-29 11:37:15,362.00,484.00,362.00,569.00,249.00,269.00,269.00,224.00,362.00,224.00,279.00,362.00,392.00,449.00,449.00,449.00,449.00,449.00
2026-08-29 11:47:22,362.00,484.00,362.00,569.00,249.00,269.00,269.00,224.00,362.00,224.00,279.00,362.00,392.00,449.00,449.00,449.00,449.00,449.00
2026-08-29 11:57:12,362.00,484.00,362.00,569.00,249.00,269.00,269.00,224.00,362.00,224.00,279.00,362.00,392.00,449.00,449.00,449.00,449.00,449.00
2026-08-29 12:06:57,362.00,484.00,362.00,569.00,249.00,269.00,324.00,224.00,362.00,224.00,279.00,362.00,392.00,449.00,449.00,449.00,449.00,449.00
2026-08-29 12:17:13,362.00,484.00,362.00,569.00,249.00,269.00,324.00,224.00,362.00,224.00,279.00,362.00,392.00,449.00,449.00,449.00,449.00,449.00
2026-08-29 12:26:56,362.00,484.00,362.00,569.00,249.00,269.00,324.00,224.00,362.00,224.00,279.00,362.00,392.00,449.00,449.00,449.00,449.00,449.00
2026-08-29 12:37:20,362.00,484.00,362.00,569.00,249.00,269.00,324.00,224.00,362.00,224.00,279.00,362.00,392.00,449.00,449.00,449.00,449.00,449.00
2026-08-29 12:47:14,362.00,484.00,362.00,569.00,249.00,269.00,324.00,224.00,362.00,224.00,279.00,362.00,392.00,449.00,449.00,449.00,449.00,449.00
2026-08-29 12:57:09,362.00,484.00,362.00,569.00,249.00,269.00,324.00,224.00,362.00,224.00,279.00,362.00,392.00,449.00,449.00,449.00,449.00,449.00
2026-08-29 13:07:01,362.00,484.00,362.00,569.00,249.00,269.00,324.00,224.00,362.00,224.00,279.00,362.00,392.00,449.00,449.00,449.00,449.00,449.00
2026-08-29 13:17:04,362.00,484.00,362.00,569.00,249.00,269.00,324.00,224.00,362.00,279.00,279.00,362.00,392.00,449.00,449.00,449.00,449.00,449.00
2026-08-29 13:27:02,362.00,484.00,362.00,569.00,249.00,269.00,324.00,224.00,362.00,279.00,279.00,362.00,392.00,449.00,449.00,449.00,449.00,449.00
2026-08-29 13:36:57,362.00,484.00,362.00,569.00,249.00,269.00,324.00,224.00,362.00,279.00,295.00,362.00,392.00,449.00,449.00,449.00,449.00,449.00
2026-08-29 13:47:12,362.00,484.00,362.00,569.00,249.00,269.00,324.00,224.00,279.00,279.00,295.00,249.00,392.00,449.00,449.00,449.00,449.00,449.00
2026-08-29 13:57:13,362.00,484.00,362.00,569.00,249.00,269.00,324.00,224.00,279.00,273.00,301.00,249.00,369.00,449.00,449.00,449.00,449.00,449.00
2026-08-29 14:07:13,362.00,484.00,362.00,569.00,249.00,269.00,324.00,224.00,279.00,273.00,301.00,249.00,429.00,449.00,449.00,449.00,449.00,449.00
2026-08-29 14:17:11,362.00,484.00,362.00,569.00,249.00,269.00,324.00,224.00,279.00,273.00,301.00,249.00,369.00,449.00,449.00,449.00,449.00,449.00
2026-08-29 14:27:19,362.00,484.00,362.00,569.00,249.00,269.00,324.00,224.00,279.00,273.00,301.00,249.00,369.00,449.00,449.00,449.00,449.00,449.00
2026-08-29 14:37:12,362.00,484.00,362.00,569.00,249.00,269.00,324.00,224.00,279.00,273.00,301.00,249.00,369.00,449.00,449.00,449.00,449.00,449.00
2026-08-29 14:46:47,362.00,484.00,362.00,569.00,249.00,269.00,324.00,224.00,279.00,273.00,301.00,249.00,369.00,449.00,449.00,449.00,449.00,449.00
2026-08-29 14:57:19,362.00,484.00,362.00,569.00,249.00,269.00,324.00,224.00,279.00,279.00,314.00,249.00,429.00,449.00,449.00,449.00,449.00,449.00
2026-08-29 15:06:53,362.00,484.00,362.00,569.00,249.00,269.00,324.00,224.00,279.00,273.00,301.00,249.00,429.00,449.00,449.00,449.00,449.00,449.00
2026-08-29 15:17:17,362.00,484.00,362.00,569.00,249.00,269.00,324.00,224.00,279.00,273.00,301.00,249.00,369.00,449.00,449.00,449.00,449.00,449.00
2026-08-29 15:27:12,362.00,484.00,362.00,569.00,249.00,269.00,324.00,224.00,279.00,273.00,301.00,249.00,369.00,449.00,449.00,449.00,449.00,449.00
2026-08-29 15:36:59,362.00,484.00,362.00,569.00,249.00,269.00,324.00,224.00,279.00,273.00,301.00,249.00,369.00,449.00,449.00,449.00,449.00,449.00
2026-08-29 15:47:16,362.00,484.00,362.00,569.00,249.00,269.00,324.00,224.00,279.00,273.00,301.00,249.00,369.00,449.00,449.00,449.00,449.00,449.00
2026-08-29 15:57:16,362.00,484.00,362.00,569.00,249.00,269.00,324.00,224.00,279.00,273.00,301.00,249.00,369.00,449.00,449.00,449.00,449.00,449.00
2026-08-29 16:07:13,362.00,484.00,362.00,569.00,249.00,269.00,324.00,224.00,279.00,273.00,301.00,249.00,369.00,449.00,449.00,449.00,449.00,449.00
2026-08-29 16:17:17,362.00,484.00,362.00,569.00,249.00,269.00,324.00,224.00,279.00,273.00,301.00,249.00,369.00,449.00,449.00,449.00,449.00,449.00
2026-08-29 16:27:15,362.00,484.00,362.00,569.00,249.00,269.00,324.00,224.00,279.00,273.00,301.00,249.00,369.00,449.00,449.00,449.00,449.00,449.00
2026-08-29 16:37:14,362.00,484.00,362.00,569.00,249.00,269.00,269.00,224.00,279.00,273.00,301.00,249.00,369.00,449.00,449.00,449.00,449.00,449.00
2026-08-29 16:47:10,362.00,484.00,362.00,569.00,249.00,269.00,269.00,224.00,279.00,273.00,301.00,249.00,369.00,449.00,449.00,449.00,449.00,449.00
2026-08-29 16:57:25,362.00,484.00,362.00,569.00,249.00,224.00,269.00,224.00,279.00,273.00,301.00,249.00,369.00,449.00,449.00,449.00,449.00,449.00
2026-08-29 17:07:18,362.00,484.00,362.00,569.00,249.00,224.00,269.00,224.00,279.00,273.00,301.00,249.00,369.00,449.00,449.00,449.00,449.00,449.00
2026-08-29 17:17:33,362.00,484.00,362.00,569.00,249.00,224.00,269.00,224.00,279.00,273.00,301.00,249.00,429.00,449.00,449.00,449.00,449.00,449.00
2026-08-29 17:27:11,362.00,484.00,362.00,569.00,249.00,224.00,269.00,224.00,279.00,273.00,301.00,249.00,369.00,449.00,449.00,449.00,449.00,449.00
2026-08-29 17:37:19,362.00,484.00,362.00,569.00,249.00,224.00,269.00,224.00,279.00,273.00,301.00,249.00,369.00,449.00,449.00,449.00,449.00,449.00
2026-08-29 17:46:47,362.00,484.00,362.00,569.00,249.00,224.00,269.00,224.00,279.00,273.00,301.00,249.00,369.00,449.00,449.00,449.00,449.00,449.00
2026-08-29 17:56:46,362.00,484.00,362.00,569.00,249.00,224.00,269.00,224.00,279.00,273.00,301.00,249.00,369.00,449.00,449.00,449.00,449.00,449.00
2026-08-29 18:07:21,362.00,484.00,362.00,569.00,249.00,224.00,269.00,224.00,279.00,273.00,301.00,249.00,369.00,449.00,449.00,449.00,449.00,449.00
2026-08-29 18:17:15,362.00,484.00,362.00,569.00,249.00,224.00,269.00,224.00,279.00,273.00,301.00,249.00,369.00,449.00,449.00,449.00,449.00,449.00
2026-08-29 18:27:11,362.00,484.00,362.00,569.00,249.00,224.00,269.00,224.00,279.00,273.00,301.00,249.00,314.00,449.00,449.00,449.00,449.00,449.00
2026-08-29 18:36:59,362.00,484.00,362.00,569.00,249.00,224.00,269.00,224.00,279.00,273.00,301.00,249.00,314.00,449.00,449.00,449.00,449.00,449.00
2026-08-29 18:47:11,362.00,484.00,362.00,569.00,249.00,224.00,269.00,224.00,279.00,273.00,301.00,249.00,314.00,449.00,449.00,449.00,449.00,449.00
2026-08-29 18:57:13,362.00,569.00,362.00,569.00,249.00,224.00,269.00,224.00,279.00,273.00,301.00,249.00,314.00,449.00,449.00,449.00,449.00,449.00
2026-08-29 19:07:17,362.00,569.00,362.00,569.00,249.00,224.00,269.00,224.00,279.00,273.00,301.00,249.00,314.00,449.00,449.00,449.00,449.00,449.00
2026-08-29 19:17:14,362.00,569.00,362.00,569.00,249.00,224.00,269.00,224.00,279.00,273.00,301.00,249.00,314.00,449.00,449.00,449.00,449.00,449.00
2026-08-29 19:27:13,362.00,569.00,362.00,569.00,249.00,224.00,269.00,224.00,279.00,273.00,301.00,249.00,296.00,449.00,449.00,449.00,449.00,449.00
2026-08-29 19:37:30,362.00,569.00,362.00,569.00,249.00,224.00,269.00,224.00,279.00,273.00,301.00,249.00,314.00,449.00,449.00,449.00,449.00,449.00
2026-08-29 19:47:15,362.00,569.00,362.00,569.00,249.00,224.00,324.00,224.00,279.00,273.00,301.00,249.00,296.00,449.00,449.00,449.00,449.00,449.00
2026-08-29 19:57:13,362.00,569.00,362.00,569.00,249.00,224.00,324.00,224.00,279.00,273.00,301.00,249.00,296.00,449.00,449.00,449.00,449.00,449.00
2026-08-29 20:07:03,362.00,569.00,362.00,569.00,249.00,224.00,324.00,224.00,279.00,273.00,301.00,249.00,296.00,449.00,449.00,449.00,449.00,449.00
2026-08-29 20:17:06,362.00,569.00,362.00,569.00,249.00,224.00,324.00,224.00,279.00,273.00,301.00,249.00,296.00,449.00,449.00,449.00,449.00,449.00
2026-08-29 20:27:21,362.00,569.00,362.00,569.00,249.00,224.00,324.00,224.00,279.00,273.00,301.00,249.00,296.00,449.00,449.00,449.00,449.00,449.00
2026-08-29 20:37:16,362.00,569.00,362.00,569.00,249.00,224.00,324.00,224.00,279.00,273.00,301.00,249.00,296.00,449.00,449.00,449.00,449.00,449.00
2026-08-29 20:47:10,362.00,569.00,362.00,569.00,249.00,224.00,324.00,224.00,279.00,273.00,301.00,249.00,296.00,449.00,449.00,449.00,449.00,449.00
2026-08-29 20:57:28,362.00,569.00,362.00,569.00,249.00,224.00,324.00,224.00,279.00,273.00,301.00,249.00,296.00,449.00,449.00,449.00,449.00,449.00
2026-08-29 21:07:24,362.00,569.00,362.00,569.00,249.00,224.00,324.00,224.00,279.00,273.00,301.00,249.00,296.00,449.00,449.00,449.00,449.00,449.00
2026-08-29 21:17:19,362.00,569.00,362.00,569.00,249.00,224.00,324.00,224.00,279.00,279.00,314.00,249.00,296.00,449.00,449.00,449.00,449.00,449.00
2026-08-29 21:27:11,362.00,569.00,362.00,569.00,249.00,224.00,324.00,224.00,279.00,273.00,301.00,249.00,296.00,449.00,449.00,449.00,449.00,449.00
2026-08-29 21:37:23,362.00,569.00,362.00,569.00,249.00,224.00,324.00,224.00,279.00,273.00,301.00,249.00,296.00,449.00,449.00,449.00,449.00,449.00
2026-08-29 21:47:19,362.00,569.00,362.00,569.00,249.00,224.00,324.00,224.00,279.00,273.00,301.00,249.00,296.00,449.00,449.00,449.00,449.00,449.00
2026-08-29 21:57:19,362.00,569.00,362.00,569.00,249.00,224.00,324.00,224.00,279.00,273.00,301.00,249.00,296.00,449.00,449.00,449.00,449.00,449.00
2026-08-29 22:07:16,362.00,569.00,362.00,569.00,249.00,224.00,324.00,224.00,279.00,273.00,301.00,249.00,296.00,449.00,449.00,449.00,449.00,449.00
2026-08-29 22:17:19,362.00,569.00,362.00,569.00,249.00,224.00,324.00,224.00,279.00,273.00,301.00,249.00,296.00,449.00,449.00,449.00,449.00,449.00
2026-08-29 22:27:17,362.00,569.00,362.00,569.00,249.00,224.00,324.00,224.00,279.00,273.00,301.00,249.00,296.00,449.00,449.00,449.00,449.00,449.00
2026-08-29 22:37:17,362.00,569.00,362.00,569.00,249.00,224.00,324.00,224.00,279.00,273.00,301.00,249.00,296.00,449.00,449.00,449.00,449.00,449.00
2026-08-29 22:47:29,362.00,569.00,362.00,569.00,249.00,224.00,324.00,224.00,279.00,273.00,301.00,249.00,296.00,449.00,449.00,449.00,449.00,449.00
2026-08-29 22:57:14,362.00,569.00,362.00,569.00,249.00,224.00,324.00,224.00,279.00,273.00,301.00,249.00,296.00,449.00,449.00,449.00,449.00,449.00
2026-08-29 23:07:23,362.00,569.00,362.00,569.00,249.00,224.00,324.00,224.00,279.00,273.00,301.00,249.00,296.00,449.00,449.00,449.00,449.00,449.00
2026-08-29 23:17:16,362.00,569.00,362.00,569.00,249.00,224.00,324.00,224.00,279.00,273.00,301.00,249.00,296.00,449.00,449.00,449.00,449.00,449.00
2026-08-29 23:27:01,362.00,569.00,362.00,569.00,249.00,224.00,324.00,224.00,279.00,273.00,301.00,249.00,296.00,449.00,449.00,449.00,449.00,449.00
2026-08-29 23:37:11,362.00,569.00,362.00,569.00,249.00,224.00,324.00,224.00,279.00,273.00,301.00,249.00,314.00,449.00,449.00,449.00,449.00,449.00
2026-08-29 23:47:09,362.00,569.00,362.00,569.00,249.00,224.00,324.00,224.00,279.00,279.00,314.00,249.00,296.00,449.00,449.00,449.00,449.00,449.00
2026-08-29 23:57:16,362.00,569.00,362.00,569.00,249.00,224.00,324.00,224.00,279.00,273.00,301.00,249.00,296.00,449.00,449.00,449.00,449.00,449.00
2026-08-30 00:07:22,362.00,569.00,362.00,569.00,249.00,224.00,324.00,224.00,279.00,273.00,301.00,249.00,296.00,449.00,449.00,449.00,449.00,449.00
2026-08-30 00:17:21,362.00,569.00,362.00,569.00,249.00,224.00,324.00,224.00,279.00,273.00,301.00,249.00,296.00,449.00,449.00,449.00,449.00,449.00
2026-08-30 00:27:05,362.00,569.00,362.00,569.00,249.00,224.00,324.00,224.00,279.00,273.00,301.00,249.00,296.00,449.00,449.00,449.00,449.00,449.00
2026-08-30 00:37:18,362.00,569.00,362.00,569.00,249.00,224.00,324.00,224.00,279.00,273.00,301.00,249.00,296.00,449.00,449.00,449.00,449.00,449.00
2026-08-30 00:47:07,362.00,569.00,362.00,569.00,249.00,224.00,324.00,224.00,279.00,273.00,301.00,249.00,296.00,449.00,449.00,449.00,449.00,449.00
2026-08-30 00:57:02,362.00,569.00,362.00,569.00,249.00,224.00,324.00,224.00,279.00,273.00,301.00,249.00,296.00,449.00,449.00,449.00,449.00,449.00
2026-08-30 01:07:17,362.00,569.00,362.00,569.00,249.00,224.00,324.00,224.00,279.00,273.00,301.00,249.00,296.00,449.00,449.00,449.00,449.00,449.00
2026-08-30 01:17:01,362.00,569.00,362.00,569.00,249.00,224.00,324.00,224.00,279.00,273.00,301.00,249.00,296.00,449.00,449.00,449.00,449.00,449.00
2026-08-30 01:27:15,362.00,569.00,362.00,569.00,249.00,224.00,324.00,224.00,279.00,273.00,301.00,249.00,296.00,449.00,449.00,449.00,449.00,449.00
2026-08-30 01:37:17,362.00,569.00,362.00,569.00,249.00,224.00,324.00,224.00,279.00,273.00,301.00,249.00,296.00,449.00,449.00,449.00,449.00,449.00
2026-08-30 01:47:12,362.00,569.00,362.00,569.00,249.00,224.00,324.00,224.00,279.00,273.00,301.00,249.00,296.00,449.00,449.00,449.00,449.00,449.00
2026-08-30 01:57:01,362.00,569.00,362.00,569.00,249.00,224.00,324.00,224.00,279.00,279.00,314.00,249.00,296.00,449.00,449.00,449.00,449.00,449.00
2026-08-30 02:07:02,362.00,569.00,362.00,569.00,249.00,224.00,324.00,224.00,279.00,273.00,301.00,249.00,314.00,449.00,449.00,449.00,449.00,449.00
2026-08-30 02:17:20,362.00,569.00,362.00,569.00,249.00,224.00,324.00,224.00,279.00,273.00,301.00,249.00,296.00,449.00,449.00,449.00,449.00,449.00
2026-08-30 02:27:13,362.00,569.00,362.00,569.00,249.00,224.00,324.00,224.00,279.00,273.00,301.00,249.00,296.00,449.00,449.00,449.00,449.00,449.00
2026-08-30 02:37:19,362.00,569.00,362.00,569.00,249.00,224.00,324.00,224.00,279.00,273.00,301.00,249.00,296.00,449.00,449.00,449.00,449.00,449.00
2026-08-30 02:47:17,362.00,569.00,362.00,569.00,249.00,224.00,324.00,224.00,279.00,273.00,301.00,249.00,296.00,449.00,449.00,449.00,449.00,449.00
2026-08-30 02:57:15,362.00,569.00,362.00,569.00,249.00,224.00,324.00,224.00,279.00,273.00,301.00,249.00,296.00,449.00,449.00,449.00,449.00,449.00
2026-08-30 03:06:59,362.00,569.00,362.00,569.00,249.00,224.00,324.00,224.00,279.00,273.00,301.00,249.00,296.00,449.00,449.00,449.00,449.00,449.00
2026-08-30 03:17:19,362.00,569.00,362.00,569.00,249.00,224.00,324.00,224.00,279.00,273.00,301.00,249.00,296.00,449.00,449.00,449.00,449.00,449.00
2026-08-30 03:27:20,362.00,569.00,362.00,569.00,249.00,224.00,324.00,224.00,279.00,273.00,301.00,249.00,296.00,449.00,449.00,449.00,449.00,449.00
2026-08-30 03:37:20,362.00,569.00,362.00,569.00,249.00,224.00,324.00,224.00,279.00,273.00,301.00,249.00,296.00,449.00,449.00,449.00,449.00,449.00
2026-08-30 03:47:23,362.00,569.00,362.00,569.00,249.00,224.00,324.00,224.00,279.00,273.00,301.00,249.00,296.00,449.00,449.00,449.00,449.00,449.00
2026-08-30 03:57:19,362.00,569.00,362.00,569.00,249.00,224.00,324.00,224.00,279.00,273.00,301.00,249.00,296.00,449.00,449.00,449.00,449.00,449.00
2026-08-30 04:07:20,362.00,569.00,362.00,569.00,249.00,224.00,324.00,224.00,279.00,273.00,301.00,249.00,296.00,449.00,449.00,449.00,449.00,449.00
2026-08-30 04:17:18,362.00,569.00,362.00,569.00,249.00,224.00,324.00,224.00,279.00,273.00,301.00,249.00,296.00,449.00,449.00,449.00,449.00,449.00
2026-08-30 04:27:21,362.00,569.00,362.00,569.00,249.00,224.00,324.00,224.00,279.00,273.00,301.00,249.00,296.00,449.00,449.00,449.00,449.00,449.00
2026-08-30 04:36:57,362.00,569.00,362.00,569.00,249.00,224.00,324.00,224.00,279.00,273.00,301.00,249.00,296.00,449.00,449.00,449.00,449.00,449.00
2026-08-30 04:46:51,362.00,569.00,362.00,569.00,249.00,224.00,324.00,224.00,279.00,273.00,301.00,249.00,296.00,449.00,449.00,449.00,449.00,449.00
2026-08-30 04:57:22,362.00,569.00,362.00,569.00,249.00,224.00,324.00,224.00,279.00,273.00,301.00,249.00,296.00,449.00,449.00,449.00,449.00,449.00
2026-08-30 05:07:17,362.00,569.00,362.00,569.00,249.00,224.00,324.00,224.00,279.00,273.00,301.00,249.00,296.00,449.00,449.00,449.00,449.00,449.00
2026-08-30 05:17:01,362.00,569.00,362.00,569.00,249.00,224.00,324.00,224.00,279.00,273.00,301.00,249.00,314.00,449.00,449.00,449.00,449.00,449.00
2026-08-30 05:27:14,362.00,569.00,362.00,569.00,249.00,224.00,324.00,224.00,279.00,273.00,301.00,249.00,296.00,449.00,449.00,449.00,449.00,449.00
2026-08-30 05:37:08,362.00,569.00,362.00,569.00,249.00,224.00,324.00,224.00,279.00,273.00,301.00,249.00,296.00,449.00,449.00,449.00,449.00,449.00
2026-08-30 05:46:52,362.00,569.00,362.00,569.00,249.00,224.00,324.00,224.00,279.00,273.00,301.00,249.00,296.00,449.00,449.00,449.00,449.00,449.00
2026-08-30 05:57:21,362.00,569.00,362.00,569.00,249.00,224.00,324.00,224.00,279.00,273.00,301.00,249.00,296.00,449.00,449.00,449.00,449.00,449.00
2026-08-30 06:07:13,362.00,569.00,362.00,569.00,249.00,224.00,324.00,224.00,279.00,273.00,301.00,249.00,296.00,449.00,449.00,449.00,449.00,449.00
2026-08-30 06:16:58,362.00,569.00,362.00,569.00,249.00,224.00,324.00,224.00,279.00,273.00,301.00,249.00,296.00,449.00,449.00,449.00,449.00,449.00
2026-08-30 06:27:15,362.00,569.00,362.00,569.00,249.00,224.00,324.00,224.00,314.00,224.00,279.00,362.00,429.00,449.00,449.00,449.00,449.00,449.00
2026-08-30 06:37:14,362.00,569.00,362.00,569.00,249.00,224.00,324.00,224.00,314.00,224.00,279.00,362.00,429.00,449.00,449.00,449.00,449.00,449.00
2026-08-30 06:47:14,362.00,569.00,362.00,569.00,249.00,249.00,284.00,224.00,314.00,224.00,279.00,362.00,429.00,449.00,449.00,449.00,449.00,449.00
2026-08-30 06:57:19,362.00,569.00,362.00,569.00,249.00,249.00,284.00,224.00,314.00,224.00,279.00,362.00,429.00,449.00,449.00,449.00,449.00,449.00
2026-08-30 07:07:11,362.00,569.00,362.00,569.00,249.00,249.00,284.00,224.00,314.00,224.00,279.00,362.00,429.00,449.00,449.00,449.00,449.00,449.00
2026-08-30 07:17:10,362.00,569.00,362.00,569.00,249.00,249.00,284.00,224.00,314.00,224.00,279.00,362.00,429.00,449.00,449.00,449.00,449.00,449.00
2026-08-30 07:27:22,362.00,569.00,362.00,569.00,249.00,249.00,284.00,224.00,314.00,224.00,279.00,362.00,429.00,449.00,449.00,449.00,449.00,449.00
2026-08-30 07:37:15,362.00,569.00,362.00,569.00,249.00,249.00,284.00,224.00,314.00,224.00,279.00,362.00,429.00,449.00,449.00,449.00,449.00,449.00
2026-08-30 07:46:44,362.00,569.00,362.00,569.00,249.00,249.00,284.00,224.00,314.00,224.00,279.00,362.00,429.00,449.00,449.00,449.00,449.00,449.00
2026-08-30 07:57:12,362.00,569.00,362.00,569.00,249.00,249.00,284.00,224.00,314.00,224.00,279.00,362.00,429.00,449.00,449.00,449.00,449.00,449.00
2026-08-30 08:07:11,362.00,569.00,362.00,569.00,249.00,249.00,284.00,224.00,314.00,224.00,279.00,362.00,429.00,449.00,449.00,449.00,449.00,449.00
2026-08-30 08:17:14,362.00,569.00,362.00,569.00,249.00,249.00,284.00,224.00,314.00,224.00,279.00,362.00,429.00,449.00,449.00,449.00,449.00,449.00
2026-08-30 08:27:15,362.00,569.00,362.00,569.00,249.00,249.00,284.00,224.00,314.00,224.00,279.00,362.00,429.00,449.00,449.00,449.00,449.00,449.00
2026-08-30 08:37:05,362.00,569.00,362.00,569.00,249.00,249.00,284.00,224.00,314.00,224.00,279.00,362.00,429.00,449.00,449.00,449.00,449.00,449.00
2026-08-30 08:47:14,362.00,569.00,362.00,569.00,249.00,249.00,284.00,224.00,314.00,224.00,279.00,362.00,429.00,449.00,449.00,449.00,449.00,449.00
2026-08-30 08:57:15,362.00,569.00,362.00,569.00,249.00,269.00,284.00,224.00,314.00,224.00,279.00,362.00,429.00,449.00,449.00,449.00,449.00,449.00
2026-08-30 09:07:12,362.00,569.00,362.00,569.00,249.00,249.00,284.00,224.00,314.00,224.00,279.00,362.00,429.00,449.00,449.00,449.00,449.00,449.00
2026-08-30 09:17:09,362.00,569.00,362.00,569.00,249.00,249.00,284.00,224.00,314.00,224.00,279.00,362.00,429.00,449.00,449.00,449.00,449.00,449.00
2026-08-30 09:27:15,362.00,569.00,362.00,569.00,249.00,249.00,284.00,224.00,314.00,224.00,279.00,362.00,429.00,449.00,449.00,449.00,449.00,449.00
2026-08-30 09:37:17,362.00,569.00,362.00,569.00,249.00,249.00,284.00,224.00,314.00,224.00,279.00,362.00,429.00,449.00,449.00,449.00,449.00,449.00
2026-08-30 09:47:14,362.00,569.00,362.00,569.00,249.00,249.00,284.00,224.00,314.00,224.00,279.00,362.00,429.00,449.00,449.00,449.00,449.00,449.00
2026-08-30 09:57:03,362.00,569.00,362.00,569.00,249.00,249.00,284.00,224.00,314.00,224.00,279.00,362.00,429.00,449.00,449.00,449.00,449.00,449.00
2026-08-30 10:07:16,362.00,569.00,362.00,569.00,249.00,249.00,284.00,224.00,314.00,224.00,279.00,362.00,429.00,449.00,449.00,449.00,449.00,449.00
2026-08-30 10:17:07,362.00,569.00,362.00,569.00,249.00,249.00,284.00,224.00,314.00,224.00,279.00,362.00,429.00,449.00,449.00,449.00,449.00,449.00
2026-08-30 10:26:47,362.00,569.00,362.00,569.00,249.00,249.00,284.00,224.00,314.00,224.00,279.00,362.00,429.00,449.00,449.00,449.00,449.00,449.00
2026-08-30 10:37:20,362.00,569.00,362.00,569.00,249.00,249.00,284.00,224.00,314.00,224.00,279.00,362.00,429.00,449.00,449.00,449.00,449.00,449.00
2026-08-30 10:47:22,362.00,569.00,362.00,569.00,249.00,249.00,284.00,224.00,314.00,224.00,279.00,362.00,429.00,449.00,449.00,449.00,449.00,449.00
2026-08-30 10:57:17,362.00,569.00,362.00,569.00,249.00,249.00,284.00,224.00,314.00,224.00,279.00,362.00,429.00,449.00,449.00,449.00,449.00,449.00
2026-08-30 11:07:14,362.00,569.00,362.00,569.00,249.00,249.00,284.00,224.00,314.00,224.00,279.00,362.00,429.00,449.00,449.00,449.00,449.00,449.00
2026-08-30 11:17:17,362.00,569.00,362.00,569.00,249.00,249.00,284.00,224.00,314.00,224.00,279.00,362.00,429.00,449.00,449.00,449.00,449.00,449.00
2026-08-30 11:27:18,362.00,569.00,362.00,569.00,249.00,249.00,284.00,224.00,314.00,224.00,279.00,362.00,429.00,449.00,449.00,449.00,449.00,449.00
2026-08-30 11:37:05,362.00,569.00,362.00,569.00,249.00,249.00,284.00,224.00,314.00,224.00,279.00,362.00,429.00,449.00,449.00,449.00,449.00,449.00
2026-08-30 11:47:21,362.00,569.00,362.00,569.00,249.00,249.00,284.00,224.00,314.00,224.00,279.00,362.00,429.00,449.00,449.00,449.00,449.00,449.00
2026-08-30 11:57:20,362.00,569.00,362.00,569.00,249.00,249.00,284.00,224.00,314.00,224.00,279.00,362.00,429.00,449.00,449.00,449.00,449.00,449.00
2026-08-30 12:06:57,362.00,569.00,362.00,569.00,249.00,249.00,284.00,224.00,314.00,224.00,279.00,362.00,429.00,449.00,449.00,449.00,449.00,449.00
2026-08-30 12:17:20,362.00,569.00,362.00,569.00,249.00,249.00,284.00,224.00,314.00,224.00,279.00,362.00,429.00,449.00,449.00,449.00,449.00,449.00
2026-08-30 12:27:18,362.00,569.00,362.00,569.00,249.00,249.00,284.00,224.00,314.00,224.00,279.00,362.00,429.00,449.00,449.00,449.00,449.00,449.00
2026-08-30 12:37:20,362.00,569.00,362.00,569.00,249.00,249.00,284.00,224.00,314.00,224.00,279.00,362.00,429.00,449.00,449.00,449.00,449.00,449.00
2026-08-30 12:47:16,362.00,569.00,362.00,569.00,249.00,249.00,284.00,224.00,314.00,224.00,279.00,362.00,429.00,449.00,449.00,449.00,449.00,449.00
2026-08-30 12:57:19,362.00,569.00,362.00,569.00,249.00,249.00,284.00,224.00,314.00,224.00,279.00,362.00,429.00,449.00,449.00,449.00,449.00,449.00
2026-08-30 13:07:12,362.00,569.00,362.00,569.00,249.00,249.00,284.00,224.00,314.00,224.00,279.00,362.00,429.00,449.00,449.00,449.00,449.00,449.00
2026-08-30 13:17:21,362.00,569.00,362.00,569.00,249.00,249.00,284.00,224.00,249.00,273.00,301.00,249.00,279.00,449.00,449.00,449.00,449.00,449.00
2026-08-30 13:27:24,362.00,569.00,362.00,569.00,249.00,249.00,284.00,224.00,249.00,279.00,314.00,249.00,279.00,449.00,449.00,449.00,449.00,449.00
2026-08-30 13:37:20,362.00,569.00,362.00,569.00,249.00,249.00,284.00,224.00,249.00,273.00,301.00,249.00,279.00,449.00,449.00,449.00,449.00,449.00
2026-08-30 13:47:17,362.00,569.00,362.00,569.00,249.00,249.00,284.00,224.00,249.00,273.00,301.00,249.00,279.00,449.00,449.00,449.00,449.00,449.00
2026-08-30 13:57:16,362.00,569.00,362.00,569.00,249.00,249.00,284.00,224.00,249.00,273.00,294.00,249.00,279.00,449.00,449.00,449.00,449.00,449.00
2026-08-30 14:07:02,362.00,569.00,362.00,569.00,249.00,249.00,284.00,224.00,249.00,273.00,294.00,249.00,279.00,449.00,449.00,449.00,449.00,449.00
2026-08-30 14:16:53,362.00,569.00,362.00,569.00,249.00,249.00,284.00,224.00,249.00,273.00,294.00,249.00,279.00,449.00,449.00,449.00,449.00,449.00
2026-08-30 14:27:26,362.00,569.00,362.00,569.00,249.00,259.00,284.00,224.00,249.00,273.00,294.00,249.00,279.00,449.00,449.00,449.00,449.00,449.00
2026-08-30 14:37:34,362.00,569.00,362.00,569.00,249.00,259.00,284.00,224.00,249.00,273.00,294.00,249.00,279.00,449.00,449.00,449.00,449.00,449.00
2026-08-30 14:47:04,362.00,569.00,362.00,569.00,249.00,259.00,284.00,224.00,249.00,273.00,294.00,249.00,279.00,449.00,449.00,449.00,449.00,449.00
2026-08-30 14:57:17,362.00,569.00,362.00,569.00,249.00,259.00,284.00,224.00,249.00,273.00,294.00,249.00,279.00,449.00,449.00,449.00,449.00,449.00
2026-08-30 15:07:23,362.00,569.00,362.00,569.00,249.00,229.00,284.00,224.00,249.00,273.00,294.00,249.00,279.00,449.00,449.00,449.00,449.00,449.00
2026-08-30 15:17:08,362.00,569.00,362.00,569.00,249.00,229.00,284.00,224.00,249.00,273.00,294.00,249.00,279.00,449.00,449.00,449.00,449.00,449.00
2026-08-30 15:26:53,362.00,569.00,362.00,569.00,249.00,229.00,284.00,224.00,249.00,273.00,294.00,249.00,279.00,449.00,449.00,449.00,449.00,449.00
2026-08-30 15:37:09,362.00,569.00,362.00,569.00,249.00,229.00,284.00,224.00,249.00,273.00,294.00,249.00,279.00,449.00,449.00,449.00,449.00,449.00
2026-08-30 15:47:27,362.00,569.00,362.00,569.00,249.00,229.00,284.00,224.00,249.00,273.00,294.00,249.00,279.00,449.00,449.00,449.00,449.00,449.00
2026-08-30 15:57:25,362.00,569.00,362.00,569.00,249.00,229.00,284.00,224.00,249.00,273.00,294.00,249.00,279.00,449.00,449.00,449.00,449.00,449.00
2026-08-30 16:07:21,249.00,569.00,362.00,569.00,249.00,229.00,284.00,224.00,249.00,273.00,294.00,249.00,279.00,449.00,449.00,449.00,449.00,449.00
2026-08-30 16:17:33,249.00,569.00,362.00,569.00,249.00,229.00,285.00,224.00,249.00,273.00,294.00,249.00,279.00,449.00,449.00,449.00,449.00,449.00
2026-08-30 16:27:27,249.00,569.00,362.00,569.00,249.00,229.00,285.00,224.00,249.00,273.00,294.00,249.00,279.00,449.00,449.00,449.00,449.00,449.00
2026-08-30 16:37:24,249.00,569.00,362.00,569.00,249.00,229.00,285.00,224.00,249.00,273.00,294.00,249.00,279.00,449.00,449.00,449.00,449.00,449.00
2026-08-30 16:47:22,249.00,569.00,362.00,569.00,249.00,229.00,285.00,224.00,249.00,273.00,294.00,249.00,279.00,449.00,449.00,449.00,449.00,449.00
2026-08-30 16:57:04,249.00,569.00,362.00,569.00,224.00,229.00,285.00,224.00,249.00,273.00,294.00,249.00,279.00,449.00,449.00,449.00,449.00,449.00
2026-08-30 17:07:30,249.00,569.00,362.00,569.00,224.00,240.00,285.00,224.00,249.00,279.00,314.00,249.00,279.00,449.00,449.00,449.00,449.00,449.00
2026-08-30 17:17:12,249.00,569.00,362.00,569.00,224.00,240.00,285.00,224.00,249.00,273.00,294.00,249.00,279.00,449.00,449.00,449.00,449.00,449.00
2026-08-30 17:27:25,249.00,569.00,362.00,569.00,224.00,240.00,285.00,224.00,249.00,273.00,294.00,249.00,279.00,449.00,449.00,449.00,449.00,449.00
2026-08-30 17:37:09,249.00,569.00,362.00,569.00,224.00,240.00,285.00,224.00,249.00,273.00,294.00,249.00,279.00,449.00,449.00,449.00,449.00,449.00
2026-08-30 17:47:20,249.00,569.00,249.00,569.00,224.00,240.00,285.00,224.00,249.00,273.00,314.00,249.00,279.00,449.00,449.00,449.00,449.00,449.00
2026-08-30 17:57:07,249.00,569.00,249.00,569.00,224.00,240.00,285.00,224.00,249.00,273.00,294.00,249.00,279.00,449.00,449.00,449.00,449.00,449.00
2026-08-30 18:07:25,249.00,569.00,249.00,569.00,224.00,240.00,285.00,224.00,249.00,273.00,294.00,249.00,279.00,449.00,449.00,449.00,449.00,449.00
2026-08-30 18:17:23,249.00,569.00,249.00,569.00,224.00,240.00,285.00,224.00,249.00,273.00,294.00,249.00,279.00,449.00,449.00,449.00,449.00,449.00
2026-08-30 18:27:30,249.00,569.00,249.00,569.00,224.00,240.00,285.00,224.00,249.00,273.00,294.00,249.00,279.00,449.00,449.00,449.00,449.00,449.00
2026-08-30 18:37:29,249.00,569.00,249.00,569.00,224.00,240.00,285.00,224.00,249.00,273.00,294.00,249.00,279.00,449.00,449.00,449.00,449.00,449.00
2026-08-30 18:47:16,249.00,569.00,249.00,569.00,224.00,240.00,285.00,224.00,249.00,273.00,294.00,249.00,279.00,449.00,449.00,449.00,449.00,449.00
2026-08-30 18:57:19,249.00,569.00,249.00,569.00,224.00,240.00,285.00,224.00,249.00,273.00,294.00,249.00,279.00,449.00,449.00,449.00,449.00,449.00
2026-08-30 19:07:20,249.00,569.00,249.00,569.00,224.00,240.00,285.00,224.00,249.00,273.00,294.00,249.00,279.00,449.00,449.00,449.00,449.00,449.00
2026-08-30 19:17:09,249.00,569.00,249.00,569.00,224.00,240.00,285.00,224.00,249.00,273.00,294.00,249.00,279.00,449.00,449.00,449.00,449.00,449.00
2026-08-30 19:27:21,249.00,569.00,249.00,569.00,224.00,240.00,285.00,224.00,249.00,273.00,294.00,249.00,279.00,449.00,449.00,449.00,449.00,449.00
2026-08-30 19:37:20,249.00,569.00,249.00,569.00,224.00,240.00,285.00,224.00,249.00,273.00,294.00,249.00,279.00,449.00,449.00,449.00,449.00,449.00
2026-08-30 19:47:10,249.00,569.00,249.00,569.00,224.00,240.00,285.00,224.00,249.00,273.00,294.00,249.00,279.00,449.00,449.00,449.00,449.00,449.00
2026-08-30 19:57:27,249.00,569.00,249.00,569.00,224.00,240.00,285.00,224.00,249.00,273.00,294.00,249.00,279.00,449.00,449.00,449.00,449.00,449.00
2026-08-30 20:07:11,249.00,569.00,249.00,569.00,224.00,240.00,285.00,224.00,249.00,273.00,294.00,249.00,279.00,449.00,449.00,449.00,449.00,449.00
2026-08-30 20:17:25,249.00,569.00,249.00,569.00,224.00,240.00,285.00,224.00,249.00,273.00,294.00,249.00,279.00,449.00,449.00,449.00,449.00,449.00
2026-08-30 20:27:28,249.00,569.00,249.00,569.00,224.00,240.00,285.00,224.00,249.00,273.00,294.00,249.00,279.00,449.00,449.00,449.00,449.00,449.00
2026-08-30 20:37:06,249.00,569.00,249.00,569.00,224.00,240.00,285.00,224.00,249.00,273.00,294.00,249.00,279.00,449.00,449.00,449.00,449.00,449.00
2026-08-30 20:47:18,249.00,569.00,249.00,569.00,224.00,240.00,285.00,224.00,249.00,279.00,314.00,249.00,279.00,449.00,449.00,449.00,449.00,449.00
2026-08-30 20:57:15,249.00,569.00,249.00,569.00,224.00,240.00,285.00,224.00,249.00,273.00,294.00,249.00,279.00,449.00,449.00,449.00,449.00,449.00
2026-08-30 21:07:28,249.00,569.00,249.00,569.00,224.00,240.00,285.00,224.00,249.00,273.00,294.00,249.00,279.00,449.00,449.00,449.00,449.00,449.00
2026-08-30 21:17:25,249.00,569.00,249.00,569.00,224.00,240.00,285.00,224.00,249.00,273.00,294.00,249.00,279.00,449.00,449.00,449.00,449.00,449.00
2026-08-30 21:27:27,249.00,569.00,249.00,569.00,224.00,240.00,285.00,224.00,249.00,273.00,294.00,249.00,279.00,449.00,449.00,449.00,449.00,449.00
2026-08-30 21:37:26,249.00,569.00,249.00,569.00,224.00,240.00,285.00,224.00,249.00,273.00,294.00,249.00,279.00,449.00,449.00,449.00,449.00,449.00
2026-08-30 21:47:34,249.00,569.00,249.00,569.00,224.00,240.00,285.00,224.00,249.00,273.00,294.00,249.00,279.00,449.00,449.00,449.00,449.00,449.00
2026-08-30 21:57:24,249.00,569.00,249.00,569.00,224.00,240.00,285.00,224.00,249.00,273.00,294.00,249.00,279.00,449.00,449.00,449.00,449.00,449.00
2026-08-30 22:07:06,249.00,569.00,249.00,569.00,224.00,224.00,285.00,224.00,249.00,279.00,314.00,249.00,279.00,449.00,449.00,449.00,449.00,449.00
2026-08-30 22:17:25,362.00,569.00,249.00,569.00,224.00,224.00,285.00,224.00,249.00,249.00,294.00,249.00,279.00,449.00,449.00,449.00,449.00,449.00
2026-08-30 22:26:48,362.00,569.00,249.00,569.00,224.00,224.00,285.00,224.00,249.00,249.00,294.00,249.00,279.00,449.00,449.00,449.00,449.00,449.00
2026-08-30 22:37:25,362.00,569.00,362.00,569.00,224.00,224.00,285.00,224.00,249.00,249.00,294.00,249.00,279.00,449.00,449.00,449.00,449.00,449.00
2026-08-30 22:47:15,362.00,569.00,362.00,569.00,224.00,224.00,285.00,224.00,249.00,249.00,294.00,249.00,279.00,449.00,449.00,449.00,449.00,449.00
2026-08-30 22:57:24,362.00,569.00,362.00,569.00,224.00,224.00,285.00,224.00,249.00,249.00,294.00,249.00,279.00,449.00,449.00,449.00,449.00,449.00
2026-08-30 23:07:25,362.00,569.00,362.00,569.00,224.00,224.00,285.00,224.00,249.00,249.00,294.00,249.00,279.00,449.00,449.00,449.00,449.00,449.00
2026-08-30 23:17:24,362.00,569.00,362.00,569.00,224.00,224.00,285.00,224.00,249.00,249.00,294.00,249.00,279.00,449.00,449.00,449.00,449.00,449.00
2026-08-30 23:27:03,362.00,569.00,362.00,569.00,224.00,224.00,285.00,224.00,249.00,244.00,287.00,249.00,279.00,449.00,449.00,449.00,449.00,449.00
2026-08-30 23:37:24,362.00,569.00,362.00,569.00,224.00,224.00,285.00,224.00,249.00,249.00,314.00,249.00,279.00,449.00,449.00,449.00,449.00,449.00
2026-08-30 23:47:18,249.00,569.00,249.00,569.00,224.00,224.00,285.00,224.00,249.00,244.00,287.00,249.00,279.00,449.00,449.00,449.00,449.00,449.00
2026-08-30 23:56:59,249.00,569.00,249.00,569.00,224.00,224.00,285.00,224.00,249.00,244.00,287.00,249.00,279.00,449.00,449.00,449.00,449.00,449.00
2026-08-31 00:07:19,249.00,569.00,249.00,569.00,224.00,224.00,285.00,224.00,249.00,244.00,287.00,249.00,279.00,449.00,449.00,449.00,449.00,449.00
2026-08-31 00:17:25,249.00,569.00,249.00,569.00,224.00,224.00,285.00,224.00,249.00,249.00,314.00,249.00,279.00,449.00,449.00,449.00,449.00,449.00
2026-08-31 00:27:26,249.00,569.00,249.00,569.00,224.00,224.00,285.00,224.00,249.00,244.00,287.00,249.00,279.00,449.00,449.00,449.00,449.00,449.00
2026-08-31 00:37:18,249.00,569.00,249.00,569.00,224.00,224.00,285.00,224.00,249.00,244.00,287.00,249.00,279.00,449.00,449.00,449.00,449.00,449.00
2026-08-31 00:47:29,249.00,569.00,249.00,569.00,224.00,224.00,285.00,224.00,249.00,244.00,287.00,249.00,279.00,449.00,449.00,449.00,449.00,449.00
2026-08-31 00:57:18,249.00,569.00,249.00,569.00,224.00,224.00,285.00,224.00,249.00,244.00,287.00,249.00,279.00,449.00,449.00,449.00,449.00,449.00
2026-08-31 01:07:34,,569.00,,569.00,,269.00,,,249.00,,,249.00,279.00,,449.00,449.00,449.00,
2026-08-31 01:17:19,249.00,569.00,249.00,569.00,224.00,269.00,285.00,224.00,249.00,244.00,287.00,249.00,279.00,449.00,449.00,449.00,449.00,449.00
2026-08-31 01:27:29,249.00,569.00,249.00,569.00,249.00,269.00,285.00,224.00,249.00,244.00,287.00,249.00,279.00,449.00,449.00,449.00,449.00,449.00
2026-08-31 01:37:00,249.00,569.00,249.00,569.00,249.00,269.00,285.00,224.00,249.00,244.00,287.00,249.00,279.00,449.00,449.00,449.00,449.00,449.00
2026-08-31 01:47:27,249.00,569.00,249.00,569.00,249.00,269.00,285.00,224.00,249.00,244.00,287.00,249.00,279.00,449.00,449.00,449.00,449.00,449.00
2026-08-31 01:57:07,249.00,569.00,249.00,569.00,249.00,269.00,285.00,224.00,249.00,244.00,287.00,249.00,279.00,449.00,449.00,449.00,449.00,449.00
2026-08-31 02:07:28,249.00,569.00,249.00,569.00,249.00,269.00,285.00,224.00,249.00,244.00,287.00,249.00,279.00,449.00,449.00,449.00,449.00,449.00
2026-08-31 02:17:20,249.00,569.00,249.00,569.00,249.00,269.00,285.00,224.00,249.00,249.00,314.00,249.00,279.00,449.00,449.00,449.00,449.00,449.00
2026-08-31 02:27:12,249.00,569.00,249.00,569.00,249.00,269.00,285.00,224.00,249.00,244.00,287.00,249.00,279.00,449.00,449.00,449.00,449.00,449.00
2026-08-31 02:37:30,249.00,569.00,249.00,569.00,249.00,269.00,285.00,224.00,249.00,244.00,287.00,249.00,279.00,449.00,449.00,449.00,449.00,449.00
2026-08-31 02:47:25,249.00,569.00,249.00,569.00,249.00,269.00,285.00,224.00,249.00,244.00,287.00,249.00,279.00,449.00,449.00,449.00,449.00,449.00
2026-08-31 02:57:22,249.00,569.00,249.00,569.00,249.00,269.00,285.00,224.00,249.00,244.00,287.00,249.00,279.00,449.00,449.00,449.00,449.00,449.00
2026-08-31 03:07:23,249.00,569.00,249.00,569.00,249.00,269.00,285.00,224.00,249.00,244.00,287.00,249.00,279.00,449.00,449.00,449.00,449.00,449.00
2026-08-31 03:16:59,249.00,569.00,249.00,569.00,249.00,269.00,285.00,224.00,249.00,244.00,287.00,249.00,279.00,449.00,449.00,449.00,449.00,449.00
2026-08-31 03:27:23,249.00,569.00,249.00,569.00,249.00,269.00,285.00,224.00,249.00,244.00,287.00,249.00,279.00,449.00,449.00,449.00,449.00,449.00
2026-08-31 03:37:01,249.00,569.00,249.00,569.00,249.00,269.00,285.00,224.00,249.00,244.00,287.00,249.00,279.00,449.00,449.00,449.00,449.00,449.00
2026-08-31 03:47:25,249.00,569.00,249.00,569.00,249.00,269.00,285.00,224.00,249.00,244.00,287.00,249.00,279.00,449.00,449.00,449.00,449.00,449.00
2026-08-31 03:57:30,249.00,569.00,249.00,569.00,249.00,269.00,285.00,224.00,249.00,244.00,287.00,249.00,279.00,449.00,449.00,449.00,449.00,449.00
2026-08-31 04:07:10,249.00,569.00,249.00,569.00,249.00,269.00,285.00,224.00,249.00,244.00,287.00,249.00,279.00,449.00,449.00,449.00,449.00,449.00
2026-08-31 04:17:23,249.00,569.00,249.00,569.00,249.00,269.00,285.00,224.00,249.00,244.00,287.00,249.00,279.00,449.00,449.00,449.00,449.00,449.00
2026-08-31 04:27:22,249.00,569.00,249.00,569.00,249.00,269.00,285.00,224.00,249.00,244.00,287.00,249.00,279.00,449.00,449.00,449.00,449.00,449.00
2026-08-31 04:37:23,249.00,569.00,249.00,569.00,249.00,269.00,285.00,224.00,249.00,244.00,287.00,249.00,279.00,449.00,449.00,449.00,449.00,449.00
2026-08-31 04:47:27,249.00,569.00,249.00,569.00,249.00,269.00,285.00,224.00,249.00,244.00,287.00,249.00,279.00,449.00,449.00,449.00,449.00,449.00
2026-08-31 04:56:53,249.00,569.00,249.00,569.00,249.00,269.00,285.00,224.00,249.00,244.00,287.00,249.00,279.00,449.00,449.00,449.00,449.00,449.00
2026-08-31 05:07:31,249.00,569.00,249.00,569.00,249.00,269.00,285.00,224.00,249.00,249.00,314.00,249.00,279.00,449.00,449.00,449.00,449.00,449.00
2026-08-31 05:17:18,249.00,569.00,249.00,569.00,249.00,269.00,285.00,224.00,249.00,244.00,287.00,249.00,279.00,449.00,449.00,449.00,449.00,449.00
2026-08-31 05:27:24,249.00,569.00,249.00,569.00,249.00,269.00,285.00,224.00,249.00,244.00,287.00,249.00,279.00,449.00,449.00,449.00,449.00,449.00
2026-08-31 05:37:25,249.00,569.00,249.00,569.00,249.00,269.00,285.00,224.00,249.00,244.00,287.00,249.00,279.00,449.00,449.00,449.00,449.00,449.00
2026-08-31 05:47:21,249.00,569.00,249.00,569.00,249.00,269.00,285.00,224.00,249.00,244.00,287.00,249.00,279.00,449.00,449.00,449.00,449.00,449.00
2026-08-31 05:57:25,249.00,569.00,249.00,569.00,249.00,269.00,285.00,224.00,249.00,244.00,287.00,249.00,279.00,449.00,449.00,449.00,449.00,449.00
2026-08-31 06:07:24,249.00,569.00,249.00,569.00,249.00,269.00,285.00,224.00,249.00,244.00,287.00,249.00,279.00,449.00,449.00,449.00,449.00,449.00
2026-08-31 06:17:07,249.00,569.00,249.00,569.00,249.00,269.00,285.00,224.00,249.00,244.00,287.00,249.00,279.00,449.00,449.00,449.00,449.00,449.00
2026-08-31 06:27:02,249.00,569.00,249.00,569.00,249.00,269.00,285.00,224.00,249.00,244.00,287.00,249.00,279.00,449.00,449.00,449.00,449.00,449.00
2026-08-31 06:37:20,249.00,569.00,249.00,569.00,249.00,269.00,285.00,224.00,249.00,244.00,287.00,362.00,279.00,449.00,449.00,449.00,449.00,449.00
2026-08-31 06:47:20,249.00,569.00,249.00,569.00,249.00,269.00,285.00,224.00,249.00,249.00,314.00,362.00,279.00,449.00,449.00,449.00,449.00,449.00
2026-08-31 06:57:25,249.00,569.00,249.00,569.00,249.00,269.00,285.00,224.00,314.00,224.00,279.00,362.00,362.00,449.00,449.00,449.00,449.00,449.00
2026-08-31 07:07:31,249.00,569.00,249.00,569.00,249.00,269.00,285.00,224.00,314.00,224.00,279.00,362.00,362.00,449.00,449.00,449.00,449.00,449.00
2026-08-31 07:17:02,249.00,569.00,249.00,569.00,249.00,269.00,285.00,224.00,314.00,224.00,279.00,362.00,362.00,449.00,449.00,449.00,449.00,449.00
2026-08-31 07:27:28,249.00,569.00,249.00,569.00,249.00,269.00,324.00,224.00,314.00,224.00,279.00,362.00,362.00,449.00,449.00,449.00,449.00,449.00
2026-08-31 07:37:22,249.00,569.00,249.00,569.00,249.00,269.00,324.00,224.00,314.00,224.00,279.00,362.00,362.00,449.00,449.00,449.00,449.00,449.00
2026-08-31 07:46:51,249.00,569.00,249.00,569.00,249.00,269.00,324.00,224.00,314.00,224.00,279.00,362.00,362.00,449.00,449.00,449.00,449.00,449.00
2026-08-31 07:57:19,249.00,569.00,249.00,569.00,249.00,269.00,324.00,224.00,314.00,224.00,279.00,362.00,362.00,449.00,449.00,449.00,449.00,449.00
2026-08-31 08:07:20,249.00,569.00,249.00,569.00,249.00,269.00,324.00,224.00,314.00,224.00,279.00,362.00,362.00,449.00,449.00,449.00,449.00,449.00
2026-08-31 08:16:45,249.00,569.00,249.00,569.00,249.00,269.00,324.00,224.00,314.00,224.00,279.00,362.00,362.00,449.00,449.00,449.00,449.00,449.00
2026-08-31 08:27:21,362.00,569.00,249.00,569.00,249.00,269.00,269.00,224.00,314.00,224.00,279.00,362.00,362.00,449.00,449.00,449.00,449.00,449.00
2026-08-31 08:37:23,362.00,569.00,249.00,569.00,249.00,269.00,269.00,224.00,314.00,224.00,279.00,362.00,362.00,449.00,449.00,449.00,449.00,449.00
2026-08-31 08:47:22,362.00,569.00,249.00,569.00,249.00,269.00,269.00,224.00,314.00,224.00,279.00,362.00,362.00,449.00,449.00,449.00,449.00,449.00
2026-08-31 08:57:28,362.00,569.00,249.00,569.00,249.00,269.00,269.00,224.00,314.00,224.00,279.00,362.00,362.00,449.00,449.00,449.00,449.00,449.00
2026-08-31 09:07:21,362.00,569.00,249.00,569.00,249.00,269.00,269.00,224.00,314.00,224.00,279.00,362.00,362.00,449.00,449.00,449.00,449.00,449.00
2026-08-31 09:17:13,362.00,569.00,249.00,569.00,249.00,269.00,269.00,224.00,314.00,224.00,279.00,362.00,362.00,449.00,449.00,449.00,449.00,449.00
2026-08-31 09:27:29,249.00,569.00,249.00,569.00,249.00,269.00,269.00,224.00,314.00,224.00,279.00,362.00,362.00,449.00,449.00,449.00,449.00,449.00
2026-08-31 09:37:04,249.00,569.00,249.00,569.00,249.00,269.00,269.00,224.00,314.00,224.00,279.00,362.00,362.00,449.00,449.00,449.00,449.00,449.00
2026-08-31 09:47:24,249.00,569.00,249.00,569.00,249.00,269.00,269.00,224.00,314.00,224.00,279.00,362.00,362.00,449.00,449.00,449.00,449.00,449.00
2026-08-31 09:56:59,249.00,569.00,249.00,569.00,249.00,269.00,269.00,224.00,314.00,224.00,279.00,362.00,362.00,449.00,449.00,449.00,449.00,449.00
2026-08-31 10:07:28,249.00,569.00,249.00,569.00,249.00,269.00,269.00,224.00,314.00,224.00,279.00,362.00,362.00,449.00,449.00,449.00,449.00,449.00
2026-08-31 10:17:52,249.00,569.00,249.00,569.00,249.00,269.00,269.00,224.00,314.00,224.00,279.00,362.00,362.00,449.00,449.00,449.00,449.00,449.00
2026-08-31 10:27:39,249.00,569.00,249.00,569.00,249.00,269.00,269.00,224.00,314.00,224.00,279.00,362.00,362.00,449.00,449.00,449.00,449.00,449.00
2026-08-31 10:37:25,249.00,569.00,249.00,569.00,249.00,269.00,269.00,224.00,314.00,224.00,279.00,362.00,362.00,449.00,449.00,449.00,449.00,449.00
2026-08-31 10:47:06,249.00,569.00,249.00,569.00,249.00,269.00,269.00,224.00,314.00,224.00,279.00,362.00,362.00,449.00,449.00,449.00,449.00,449.00
2026-08-31 10:57:24,249.00,569.00,249.00,569.00,249.00,269.00,269.00,224.00,314.00,224.00,279.00,362.00,362.00,449.00,449.00,449.00,449.00,449.00
2026-08-31 11:07:33,249.00,569.00,249.00,569.00,249.00,269.00,269.00,224.00,314.00,224.00,279.00,362.00,362.00,449.00,449.00,449.00,449.00,449.00
2026-08-31 11:17:24,249.00,569.00,249.00,569.00,249.00,269.00,269.00,224.00,314.00,224.00,279.00,362.00,362.00,449.00,449.00,449.00,449.00,449.00
2026-08-31 11:26:51,249.00,569.00,249.00,569.00,249.00,269.00,269.00,224.00,314.00,224.00,279.00,362.00,362.00,449.00,449.00,449.00,449.00,449.00
2026-08-31 11:36:57,249.00,569.00,249.00,569.00,249.00,269.00,269.00,224.00,314.00,224.00,279.00,362.00,362.00,449.00,449.00,449.00,449.00,449.00
2026-08-31 11:48:13,249.00,569.00,249.00,569.00,249.00,269.00,269.00,224.00,314.00,224.00,279.00,362.00,362.00,449.00,449.00,449.00,449.00,449.00
2026-08-31 11:57:26,249.00,569.00,249.00,569.00,249.00,269.00,269.00,224.00,314.00,224.00,279.00,362.00,362.00,449.00,449.00,449.00,449.00,449.00
2026-08-31 12:07:28,249.00,569.00,249.00,569.00,249.00,269.00,269.00,224.00,314.00,224.00,279.00,362.00,362.00,449.00,449.00,449.00,449.00,449.00
2026-08-31 12:17:31,249.00,569.00,249.00,569.00,249.00,269.00,269.00,224.00,314.00,224.00,279.00,362.00,362.00,449.00,449.00,449.00,449.00,449.00
2026-08-31 12:27:25,249.00,569.00,249.00,569.00,249.00,269.00,269.00,224.00,314.00,224.00,279.00,362.00,362.00,449.00,449.00,449.00,449.00,449.00
2026-08-31 12:37:29,249.00,569.00,249.00,569.00,249.00,269.00,269.00,224.00,314.00,224.00,279.00,362.00,362.00,449.00,449.00,449.00,449.00,449.00
2026-08-31 12:47:24,249.00,569.00,249.00,569.00,249.00,269.00,269.00,224.00,314.00,224.00,279.00,362.00,362.00,449.00,449.00,449.00,449.00,449.00
2026-08-31 12:57:26,249.00,569.00,249.00,569.00,249.00,269.00,269.00,224.00,314.00,224.00,279.00,362.00,362.00,449.00,449.00,449.00,449.00,449.00
2026-08-31 13:07:28,249.00,569.00,249.00,569.00,249.00,269.00,269.00,224.00,314.00,244.00,279.00,362.00,362.00,449.00,449.00,449.00,449.00,449.00
2026-08-31 13:17:29,249.00,569.00,249.00,569.00,249.00,269.00,269.00,224.00,249.00,244.00,279.00,362.00,362.00,449.00,449.00,449.00,449.00,449.00
2026-08-31 13:27:33,249.00,569.00,249.00,569.00,249.00,269.00,269.00,224.00,249.00,244.00,279.00,249.00,314.00,449.00,449.00,449.00,449.00,449.00
2026-08-31 13:37:16,249.00,569.00,249.00,569.00,249.00,269.00,269.00,224.00,249.00,244.00,279.00,249.00,314.00,449.00,449.00,449.00,449.00,449.00
2026-08-31 13:47:20,249.00,569.00,249.00,569.00,249.00,269.00,269.00,224.00,249.00,244.00,279.00,249.00,314.00,449.00,449.00,449.00,449.00,449.00
2026-08-31 13:57:39,249.00,569.00,249.00,569.00,249.00,269.00,269.00,224.00,249.00,244.00,279.00,249.00,314.00,449.00,449.00,449.00,449.00,449.00
2026-08-31 14:07:08,249.00,569.00,249.00,569.00,249.00,269.00,269.00,224.00,249.00,244.00,279.00,249.00,314.00,449.00,449.00,449.00,449.00,449.00
2026-08-31 14:17:26,249.00,569.00,249.00,569.00,249.00,269.00,269.00,224.00,249.00,249.00,279.00,249.00,296.00,449.00,449.00,449.00,449.00,449.00
2026-08-31 14:27:13,249.00,569.00,249.00,569.00,249.00,269.00,269.00,224.00,249.00,249.00,279.00,249.00,296.00,449.00,449.00,449.00,449.00,449.00
2026-08-31 14:37:27,249.00,569.00,249.00,362.00,249.00,269.00,269.00,224.00,249.00,249.00,279.00,249.00,314.00,449.00,449.00,449.00,449.00,449.00
2026-08-31 14:47:31,249.00,569.00,249.00,362.00,249.00,269.00,269.00,224.00,249.00,249.00,279.00,249.00,296.00,449.00,449.00,449.00,449.00,449.00
2026-08-31 14:57:14,249.00,569.00,249.00,362.00,249.00,269.00,269.00,224.00,249.00,249.00,279.00,249.00,296.00,449.00,449.00,449.00,449.00,449.00
2026-08-31 15:07:31,249.00,569.00,249.00,362.00,249.00,269.00,269.00,224.00,249.00,249.00,279.00,249.00,296.00,449.00,449.00,449.00,449.00,449.00
2026-08-31 15:28:07,249.00,569.00,249.00,362.00,249.00,269.00,269.00,224.00,249.00,249.00,279.00,249.00,296.00,449.00,449.00,449.00,449.00,449.00
2026-08-31 15:37:50,249.00,569.00,249.00,362.00,249.00,269.00,269.00,224.00,249.00,249.00,279.00,249.00,296.00,449.00,449.00,449.00,449.00,449.00
2026-08-31 15:47:32,249.00,569.00,249.00,362.00,249.00,269.00,269.00,224.00,249.00,249.00,279.00,249.00,296.00,449.00,449.00,449.00,449.00,449.00
2026-08-31 15:57:42,249.00,569.00,249.00,362.00,249.00,269.00,269.00,224.00,249.00,249.00,279.00,249.00,296.00,449.00,449.00,449.00,449.00,449.00
2026-08-31 16:07:33,249.00,569.00,249.00,362.00,249.00,269.00,269.00,224.00,249.00,249.00,279.00,249.00,296.00,449.00,449.00,449.00,449.00,449.00
2026-08-31 16:17:24,249.00,569.00,249.00,362.00,249.00,269.00,269.00,224.00,249.00,249.00,279.00,249.00,296.00,449.00,449.00,449.00,449.00,449.00
2026-08-31 16:27:34,249.00,569.00,249.00,362.00,249.00,269.00,269.00,224.00,249.00,249.00,279.00,249.00,296.00,449.00,449.00,449.00,449.00,449.00
2026-08-31 16:37:23,249.00,569.00,249.00,362.00,249.00,224.00,269.00,224.00,249.00,249.00,279.00,249.00,296.00,449.00,449.00,449.00,449.00,449.00
2026-08-31 16:47:34,249.00,569.00,249.00,362.00,249.00,224.00,269.00,224.00,249.00,249.00,279.00,249.00,296.00,449.00,449.00,449.00,449.00,449.00
2026-08-31 16:57:30,249.00,569.00,249.00,362.00,249.00,224.00,269.00,224.00,249.00,249.00,279.00,249.00,296.00,449.00,449.00,449.00,449.00,449.00
2026-08-31 17:07:31,362.00,569.00,249.00,362.00,249.00,224.00,269.00,224.00,249.00,249.00,279.00,249.00,296.00,449.00,449.00,449.00,449.00,449.00
2026-08-31 17:17:31,362.00,569.00,249.00,362.00,249.00,224.00,269.00,224.00,249.00,249.00,279.00,249.00,296.00,449.00,449.00,449.00,449.00,449.00
2026-08-31 17:27:30,362.00,569.00,249.00,362.00,249.00,224.00,269.00,224.00,249.00,249.00,279.00,249.00,296.00,449.00,449.00,449.00,449.00,449.00
2026-08-31 17:37:12,362.00,569.00,249.00,362.00,249.00,224.00,269.00,224.00,249.00,249.00,279.00,249.00,296.00,449.00,449.00,449.00,449.00,449.00
2026-08-31 17:47:35,249.00,569.00,249.00,362.00,249.00,224.00,269.00,224.00,249.00,249.00,279.00,249.00,296.00,449.00,449.00,449.00,449.00,449.00
2026-08-31 17:57:25,249.00,569.00,249.00,362.00,249.00,224.00,279.00,224.00,249.00,249.00,279.00,249.00,296.00,449.00,449.00,449.00,449.00,449.00
2026-08-31 18:07:33,249.00,569.00,249.00,362.00,249.00,234.00,279.00,224.00,249.00,249.00,279.00,249.00,296.00,449.00,449.00,449.00,449.00,449.00
2026-08-31 18:17:46,249.00,569.00,249.00,362.00,249.00,234.00,279.00,224.00,249.00,249.00,279.00,249.00,296.00,449.00,449.00,449.00,449.00,449.00
2026-08-31 18:27:41,249.00,569.00,249.00,362.00,249.00,234.00,279.00,224.00,249.00,249.00,279.00,249.00,296.00,449.00,449.00,449.00,449.00,449.00
2026-08-31 18:37:12,249.00,569.00,249.00,362.00,249.00,234.00,279.00,224.00,249.00,249.00,314.00,249.00,296.00,449.00,449.00,449.00,449.00,449.00
2026-08-31 18:47:32,249.00,569.00,249.00,362.00,249.00,234.00,279.00,224.00,249.00,249.00,314.00,249.00,296.00,449.00,449.00,449.00,449.00,449.00
2026-08-31 18:57:23,249.00,569.00,249.00,362.00,249.00,234.00,279.00,224.00,249.00,249.00,314.00,249.00,296.00,449.00,449.00,449.00,449.00,449.00
2026-08-31 19:07:16,249.00,569.00,249.00,362.00,249.00,234.00,279.00,224.00,249.00,249.00,314.00,249.00,296.00,449.00,449.00,449.00,449.00,449.00
2026-08-31 19:17:35,249.00,569.00,249.00,362.00,249.00,234.00,279.00,224.00,249.00,249.00,314.00,249.00,296.00,449.00,449.00,449.00,449.00,449.00
2026-08-31 19:27:08,249.00,569.00,249.00,362.00,249.00,234.00,279.00,224.00,249.00,249.00,314.00,249.00,296.00,449.00,449.00,449.00,449.00,449.00
2026-08-31 19:37:39,249.00,569.00,249.00,362.00,249.00,234.00,279.00,224.00,249.00,249.00,284.00,249.00,296.00,449.00,449.00,449.00,449.00,449.00
2026-08-31 19:47:29,249.00,569.00,249.00,362.00,249.00,234.00,279.00,224.00,249.00,249.00,284.00,249.00,296.00,449.00,449.00,449.00,449.00,449.00
2026-08-31 19:57:34,249.00,569.00,249.00,362.00,249.00,234.00,279.00,224.00,249.00,249.00,284.00,249.00,296.00,449.00,449.00,449.00,449.00,449.00
2026-08-31 20:07:37,249.00,569.00,249.00,362.00,249.00,234.00,279.00,224.00,249.00,249.00,284.00,249.00,296.00,449.00,449.00,449.00,449.00,449.00
2026-08-31 20:17:35,249.00,569.00,249.00,362.00,249.00,234.00,279.00,224.00,249.00,249.00,284.00,249.00,296.00,449.00,449.00,449.00,449.00,449.00
2026-08-31 20:27:28,249.00,569.00,249.00,362.00,249.00,234.00,279.00,224.00,249.00,249.00,284.00,249.00,296.00,449.00,449.00,449.00,449.00,449.00
2026-08-31 20:37:26,249.00,569.00,249.00,362.00,249.00,234.00,279.00,224.00,249.00,249.00,284.00,249.00,296.00,449.00,449.00,449.00,449.00,449.00
2026-08-31 20:47:34,249.00,569.00,249.00,362.00,249.00,234.00,279.00,224.00,249.00,249.00,284.00,249.00,296.00,459.00,459.00,459.00,459.00,459.00
2026-08-31 20:57:37,249.00,569.00,249.00,362.00,249.00,234.00,279.00,224.00,249.00,249.00,284.00,249.00,296.00,459.00,459.00,459.00,459.00,459.00
2026-08-31 21:07:28,249.00,569.00,249.00,362.00,249.00,234.00,279.00,224.00,249.00,249.00,284.00,249.00,296.00,459.00,459.00,459.00,459.00,459.00
2026-08-31 21:17:11,249.00,569.00,249.00,362.00,249.00,234.00,279.00,224.00,249.00,249.00,284.00,249.00,296.00,459.00,459.00,459.00,459.00,459.00
2026-08-31 21:27:29,249.00,569.00,249.00,362.00,249.00,234.00,279.00,224.00,249.00,249.00,284.00,249.00,296.00,459.00,459.00,459.00,459.00,459.00
2026-08-31 21:37:30,249.00,569.00,249.00,362.00,249.00,234.00,279.00,224.00,249.00,249.00,284.00,249.00,296.00,459.00,459.00,459.00,459.00,459.00
2026-08-31 21:47:43,249.00,569.00,249.00,362.00,249.00,234.00,279.00,224.00,249.00,249.00,284.00,249.00,296.00,459.00,459.00,459.00,459.00,459.00
2026-08-31 21:57:08,249.00,569.00,249.00,362.00,249.00,234.00,279.00,224.00,249.00,249.00,284.00,249.00,296.00,459.00,459.00,459.00,459.00,459.00
2026-08-31 22:07:35,249.00,569.00,249.00,362.00,249.00,234.00,279.00,224.00,249.00,249.00,284.00,249.00,296.00,459.00,459.00,459.00,459.00,459.00
2026-08-31 22:20:45,,569.00,,362.00,,234.00,,,249.00,,,249.00,296.00,,459.00,459.00,459.00,
2026-08-31 22:27:32,249.00,569.00,249.00,362.00,249.00,234.00,279.00,224.00,249.00,249.00,284.00,249.00,296.00,459.00,459.00,459.00,459.00,459.00
2026-08-31 22:37:32,249.00,569.00,249.00,362.00,249.00,234.00,279.00,224.00,249.00,249.00,284.00,249.00,296.00,459.00,459.00,459.00,459.00,459.00
2026-08-31 22:47:33,249.00,569.00,249.00,362.00,362.00,234.00,279.00,224.00,249.00,249.00,284.00,249.00,296.00,459.00,459.00,459.00,459.00,459.00
2026-08-31 22:57:23,249.00,569.00,249.00,362.00,362.00,234.00,279.00,224.00,249.00,249.00,284.00,249.00,296.00,459.00,459.00,459.00,459.00,459.00
2026-08-31 23:07:37,249.00,569.00,249.00,362.00,362.00,234.00,279.00,224.00,249.00,249.00,284.00,249.00,296.00,459.00,459.00,459.00,459.00,459.00
2026-08-31 23:17:35,249.00,569.00,249.00,362.00,362.00,234.00,279.00,224.00,249.00,249.00,284.00,249.00,296.00,459.00,459.00,459.00,459.00,459.00
2026-08-31 23:29:29,249.00,569.00,249.00,362.00,362.00,234.00,279.00,224.00,249.00,249.00,284.00,249.00,296.00,459.00,459.00,459.00,459.00,459.00
2026-08-31 23:37:36,249.00,569.00,249.00,362.00,362.00,234.00,279.00,224.00,249.00,249.00,284.00,249.00,296.00,459.00,459.00,459.00,459.00,459.00
2026-08-31 23:47:29,249.00,569.00,249.00,362.00,362.00,234.00,279.00,224.00,249.00,249.00,284.00,249.00,296.00,459.00,459.00,459.00,459.00,459.00
2026-08-31 23:57:35,249.00,569.00,249.00,362.00,362.00,234.00,279.00,224.00,249.00,249.00,284.00,249.00,296.00,459.00,459.00,459.00,459.00,459.00
2026-09-01 00:07:36,249.00,569.00,249.00,362.00,362.00,234.00,279.00,224.00,249.00,249.00,284.00,249.00,296.00,459.00,459.00,459.00,459.00,459.00
2026-09-01 00:17:32,249.00,569.00,249.00,362.00,362.00,234.00,279.00,224.00,249.00,249.00,284.00,249.00,296.00,459.00,459.00,459.00,459.00,459.00
2026-09-01 00:27:13,249.00,569.00,249.00,362.00,362.00,234.00,279.00,224.00,249.00,249.00,284.00,249.00,296.00,459.00,459.00,459.00,459.00,459.00
2026-09-01 00:37:35,249.00,569.00,249.00,362.00,362.00,234.00,279.00,224.00,249.00,249.00,284.00,249.00,296.00,459.00,459.00,459.00,459.00,459.00
2026-09-01 00:47:32,249.00,569.00,249.00,362.00,362.00,234.00,279.00,224.00,249.00,249.00,284.00,249.00,296.00,459.00,459.00,459.00,459.00,459.00
2026-09-01 00:57:19,259.00,579.00,259.00,372.00,372.00,224.00,279.00,224.00,249.00,249.00,284.00,249.00,296.00,459.00,459.00,459.00,459.00,459.00
2026-09-01 01:07:13,259.00,579.00,259.00,372.00,372.00,224.00,279.00,224.00,249.00,249.00,284.00,249.00,296.00,459.00,459.00,459.00,459.00,459.00
2026-09-01 01:17:48,,579.00,,372.00,,224.00,,,249.00,,,249.00,296.00,,459.00,459.00,459.00,
2026-09-01 01:27:29,259.00,579.00,259.00,372.00,372.00,224.00,279.00,224.00,249.00,249.00,284.00,249.00,296.00,459.00,459.00,459.00,459.00,459.00
2026-09-01 01:37:37,259.00,579.00,259.00,372.00,372.00,224.00,279.00,224.00,249.00,249.00,284.00,249.00,296.00,459.00,459.00,459.00,459.00,459.00
2026-09-01 01:47:34,259.00,579.00,234.00,372.00,259.00,224.00,279.00,224.00,249.00,249.00,284.00,249.00,296.00,459.00,459.00,459.00,459.00,459.00
2026-09-01 01:57:42,259.00,494.00,234.00,372.00,259.00,224.00,279.00,224.00,249.00,249.00,284.00,249.00,296.00,459.00,459.00,459.00,459.00,459.00
2026-09-01 02:07:42,259.00,494.00,234.00,372.00,259.00,224.00,279.00,224.00,249.00,249.00,284.00,249.00,296.00,459.00,459.00,459.00,459.00,459.00
2026-09-01 02:17:35,259.00,494.00,234.00,372.00,372.00,224.00,279.00,224.00,249.00,249.00,284.00,249.00,296.00,459.00,459.00,459.00,459.00,459.00
2026-09-01 02:27:24,259.00,494.00,234.00,372.00,372.00,224.00,279.00,224.00,249.00,249.00,284.00,249.00,296.00,459.00,459.00,459.00,459.00,459.00
2026-09-01 02:37:33,259.00,494.00,234.00,372.00,372.00,224.00,279.00,224.00,249.00,249.00,284.00,249.00,296.00,459.00,459.00,459.00,459.00,459.00
2026-09-01 02:47:23,259.00,494.00,234.00,372.00,372.00,224.00,279.00,224.00,249.00,249.00,284.00,249.00,296.00,459.00,459.00,459.00,459.00,459.00
2026-09-01 02:57:39,259.00,494.00,234.00,372.00,372.00,224.00,279.00,224.00,249.00,249.00,284.00,249.00,296.00,459.00,459.00,459.00,459.00,459.00
2026-09-01 03:07:24,259.00,494.00,234.00,372.00,372.00,224.00,279.00,224.00,249.00,249.00,284.00,249.00,296.00,459.00,459.00,459.00,459.00,459.00
2026-09-01 03:17:34,259.00,494.00,234.00,372.00,372.00,224.00,279.00,224.00,249.00,249.00,284.00,249.00,296.00,459.00,459.00,459.00,459.00,459.00
2026-09-01 03:31:11,259.00,494.00,234.00,372.00,372.00,224.00,279.00,224.00,249.00,249.00,284.00,249.00,296.00,459.00,459.00,459.00,459.00,459.00
2026-09-01 03:37:32,259.00,494.00,234.00,372.00,372.00,224.00,279.00,224.00,249.00,249.00,284.00,249.00,296.00,459.00,459.00,459.00,459.00,459.00
2026-09-01 03:47:35,259.00,494.00,234.00,372.00,372.00,224.00,279.00,224.00,249.00,249.00,284.00,249.00,296.00,459.00,459.00,459.00,459.00,459.00
2026-09-01 03:57:32,259.00,494.00,234.00,372.00,372.00,224.00,279.00,224.00,249.00,249.00,284.00,249.00,296.00,459.00,459.00,459.00,459.00,459.00
2026-09-01 04:07:22,259.00,494.00,234.00,372.00,372.00,224.00,279.00,234.00,279.00,,284.00,279.00,296.00,459.00,459.00,459.00,459.00,459.00
2026-09-01 04:17:20,259.00,494.00,234.00,372.00,372.00,224.00,279.00,234.00,279.00,279.00,284.00,279.00,296.00,459.00,459.00,459.00,459.00,459.00
2026-09-01 04:27:40,259.00,494.00,234.00,372.00,372.00,224.00,279.00,234.00,279.00,279.00,284.00,279.00,296.00,459.00,459.00,459.00,459.00,459.00
2026-09-01 04:37:19,259.00,494.00,259.00,372.00,372.00,224.00,279.00,234.00,279.00,279.00,284.00,279.00,296.00,459.00,459.00,459.00,459.00,459.00
2026-09-01 04:47:10,259.00,494.00,259.00,372.00,372.00,224.00,279.00,234.00,279.00,279.00,284.00,279.00,296.00,459.00,459.00,459.00,459.00,459.00
2026-09-01 04:57:41,259.00,494.00,259.00,372.00,372.00,224.00,279.00,234.00,279.00,279.00,284.00,279.00,296.00,459.00,459.00,459.00,459.00,459.00
2026-09-01 05:09:47,269.00,494.00,269.00,379.00,379.00,224.00,279.00,234.00,279.00,279.00,284.00,279.00,296.00,459.00,459.00,459.00,459.00,459.00
2026-09-01 05:39:16,269.00,494.00,269.00,379.00,379.00,224.00,279.00,234.00,279.00,279.00,284.00,279.00,296.00,459.00,459.00,459.00,459.00,459.00
2026-09-01 05:47:31,269.00,494.00,269.00,379.00,379.00,224.00,279.00,234.00,279.00,279.00,284.00,279.00,296.00,459.00,459.00,459.00,459.00,459.00
2026-09-01 05:57:13,269.00,494.00,269.00,379.00,379.00,224.00,279.00,234.00,279.00,279.00,284.00,279.00,296.00,459.00,459.00,459.00,459.00,459.00
2026-09-01 06:07:36,269.00,494.00,269.00,379.00,379.00,224.00,279.00,234.00,279.00,279.00,284.00,279.00,296.00,459.00,459.00,459.00,459.00,459.00
2026-09-01 06:17:32,269.00,494.00,269.00,379.00,379.00,224.00,279.00,234.00,279.00,279.00,284.00,279.00,296.00,459.00,459.00,459.00,459.00,459.00
2026-09-01 06:27:27,269.00,494.00,244.00,379.00,379.00,224.00,279.00,234.00,314.00,234.00,279.00,369.00,296.00,459.00,459.00,459.00,459.00,459.00
2026-09-01 06:37:30,269.00,494.00,244.00,379.00,379.00,224.00,279.00,234.00,314.00,234.00,279.00,369.00,369.00,459.00,459.00,459.00,459.00,459.00
2026-09-01 06:47:34,269.00,494.00,244.00,379.00,379.00,224.00,279.00,234.00,314.00,234.00,279.00,369.00,369.00,459.00,459.00,459.00,459.00,459.00
2026-09-01 06:57:33,269.00,494.00,244.00,379.00,379.00,224.00,279.00,234.00,314.00,234.00,279.00,369.00,369.00,459.00,459.00,459.00,459.00,459.00
2026-09-01 07:07:35,269.00,494.00,244.00,379.00,379.00,234.00,279.00,234.00,314.00,234.00,279.00,369.00,369.00,459.00,459.00,459.00,459.00,459.00
2026-09-01 07:17:32,269.00,494.00,244.00,379.00,379.00,234.00,279.00,234.00,314.00,234.00,279.00,369.00,369.00,459.00,459.00,459.00,459.00,459.00
2026-09-01 07:27:28,269.00,494.00,244.00,379.00,379.00,234.00,279.00,234.00,314.00,234.00,279.00,369.00,369.00,459.00,459.00,459.00,459.00,459.00
2026-09-01 07:37:29,269.00,494.00,244.00,379.00,379.00,234.00,279.00,234.00,314.00,234.00,279.00,369.00,369.00,459.00,459.00,459.00,459.00,459.00
2026-09-01 07:48:05,269.00,494.00,244.00,379.00,379.00,235.00,279.00,234.00,314.00,234.00,279.00,369.00,369.00,459.00,459.00,459.00,459.00,459.00
2026-09-01 07:57:31,269.00,494.00,244.00,379.00,379.00,235.00,279.00,234.00,314.00,234.00,279.00,369.00,369.00,459.00,459.00,459.00,459.00,459.00
2026-09-01 08:07:34,269.00,494.00,244.00,379.00,379.00,241.00,279.00,234.00,314.00,234.00,279.00,369.00,369.00,459.00,459.00,459.00,459.00,459.00
2026-09-01 08:17:30,269.00,494.00,244.00,379.00,379.00,241.00,279.00,234.00,314.00,234.00,279.00,369.00,369.00,459.00,459.00,459.00,459.00,459.00
2026-09-01 08:27:36,269.00,494.00,244.00,379.00,379.00,241.00,279.00,234.00,314.00,234.00,279.00,369.00,369.00,459.00,459.00,459.00,459.00,459.00
2026-09-01 08:37:34,269.00,494.00,244.00,379.00,379.00,241.00,279.00,234.00,314.00,234.00,279.00,369.00,369.00,459.00,459.00,459.00,459.00,459.00
2026-09-01 08:47:35,269.00,494.00,244.00,379.00,379.00,241.00,279.00,234.00,314.00,234.00,279.00,369.00,369.00,459.00,459.00,459.00,459.00,459.00
2026-09-01 08:57:34,269.00,494.00,244.00,379.00,379.00,241.00,279.00,234.00,314.00,234.00,279.00,369.00,369.00,459.00,459.00,459.00,459.00,459.00
2026-09-01 09:07:36,269.00,494.00,244.00,379.00,379.00,241.00,279.00,234.00,314.00,234.00,279.00,369.00,369.00,459.00,459.00,459.00,459.00,459.00
2026-09-01 09:17:38,269.00,494.00,244.00,379.00,379.00,241.00,279.00,234.00,314.00,234.00,279.00,369.00,369.00,459.00,459.00,459.00,459.00,459.00
2026-09-01 09:26:49,269.00,494.00,244.00,379.00,379.00,241.00,279.00,234.00,314.00,234.00,279.00,369.00,369.00,459.00,459.00,459.00,459.00,459.00
2026-09-01 09:37:25,269.00,494.00,244.00,379.00,379.00,241.00,279.00,234.00,314.00,234.00,279.00,369.00,369.00,459.00,459.00,459.00,459.00,459.00
2026-09-01 09:47:37,269.00,494.00,244.00,379.00,379.00,241.00,279.00,234.00,314.00,234.00,279.00,369.00,369.00,459.00,459.00,459.00,459.00,459.00
2026-09-01 09:57:33,269.00,494.00,244.00,379.00,379.00,241.00,279.00,234.00,314.00,234.00,279.00,369.00,369.00,459.00,459.00,459.00,459.00,459.00
2026-09-01 10:07:32,269.00,494.00,244.00,379.00,379.00,241.00,279.00,234.00,314.00,234.00,279.00,369.00,369.00,459.00,459.00,459.00,459.00,459.00
2026-09-01 10:17:33,244.00,494.00,244.00,379.00,379.00,241.00,279.00,234.00,314.00,234.00,279.00,369.00,369.00,459.00,459.00,459.00,459.00,459.00
2026-09-01 10:27:55,244.00,494.00,244.00,379.00,379.00,241.00,279.00,234.00,314.00,234.00,279.00,369.00,369.00,459.00,459.00,459.00,459.00,459.00
2026-09-01 10:37:35,244.00,494.00,244.00,379.00,379.00,241.00,279.00,234.00,314.00,234.00,279.00,369.00,369.00,459.00,459.00,459.00,459.00,459.00
2026-09-01 10:47:40,244.00,494.00,244.00,379.00,379.00,242.00,279.00,234.00,314.00,234.00,279.00,369.00,369.00,459.00,459.00,459.00,459.00,459.00
2026-09-01 10:57:02,244.00,494.00,244.00,379.00,379.00,242.00,279.00,234.00,314.00,234.00,279.00,369.00,369.00,459.00,459.00,459.00,459.00,459.00
2026-09-01 11:07:42,244.00,494.00,244.00,379.00,379.00,242.00,279.00,234.00,314.00,234.00,279.00,369.00,369.00,459.00,459.00,459.00,459.00,459.00
2026-09-01 11:17:39,244.00,494.00,244.00,379.00,379.00,242.00,279.00,234.00,314.00,234.00,279.00,369.00,369.00,459.00,459.00,459.00,459.00,459.00
2026-09-01 11:27:28,244.00,494.00,269.00,379.00,269.00,242.00,279.00,234.00,314.00,234.00,279.00,369.00,369.00,459.00,459.00,459.00,459.00,459.00
2026-09-01 11:37:36,244.00,494.00,269.00,379.00,269.00,242.00,279.00,234.00,314.00,234.00,279.00,369.00,369.00,459.00,459.00,459.00,459.00,459.00
2026-09-01 11:47:36,244.00,494.00,269.00,379.00,269.00,242.00,279.00,234.00,314.00,234.00,279.00,369.00,369.00,459.00,459.00,459.00,459.00,459.00
2026-09-01 11:57:33,244.00,494.00,269.00,379.00,269.00,248.00,279.00,234.00,314.00,234.00,279.00,369.00,369.00,459.00,459.00,459.00,459.00,459.00
2026-09-01 12:07:32,244.00,494.00,269.00,379.00,269.00,248.00,279.00,234.00,314.00,234.00,279.00,369.00,369.00,459.00,459.00,459.00,459.00,459.00
2026-09-01 12:17:35,244.00,379.00,269.00,269.00,269.00,248.00,279.00,234.00,314.00,234.00,279.00,369.00,369.00,459.00,459.00,459.00,459.00,459.00
2026-09-01 12:27:39,244.00,379.00,269.00,269.00,269.00,248.00,279.00,234.00,314.00,234.00,279.00,369.00,369.00,459.00,459.00,459.00,459.00,459.00
2026-09-01 12:37:37,244.00,379.00,269.00,269.00,269.00,248.00,279.00,234.00,314.00,234.00,279.00,369.00,369.00,459.00,459.00,459.00,459.00,459.00
2026-09-01 12:47:33,244.00,379.00,269.00,269.00,269.00,248.00,279.00,234.00,314.00,234.00,279.00,369.00,369.00,459.00,459.00,459.00,459.00,459.00
2026-09-01 12:57:45,244.00,379.00,269.00,269.00,269.00,248.00,279.00,234.00,314.00,234.00,279.00,369.00,369.00,459.00,459.00,459.00,459.00,459.00
2026-09-01 13:07:36,244.00,379.00,269.00,269.00,269.00,248.00,279.00,234.00,314.00,234.00,279.00,369.00,369.00,459.00,459.00,459.00,459.00,459.00
2026-09-01 13:17:34,244.00,379.00,269.00,269.00,269.00,248.00,279.00,234.00,314.00,234.00,284.00,369.00,369.00,459.00,459.00,459.00,459.00,459.00
2026-09-01 13:27:40,244.00,379.00,269.00,269.00,269.00,248.00,279.00,234.00,234.00,234.00,284.00,279.00,296.00,459.00,459.00,459.00,459.00,459.00
2026-09-01 13:37:41,244.00,379.00,269.00,269.00,269.00,248.00,279.00,234.00,234.00,234.00,284.00,279.00,296.00,459.00,459.00,459.00,459.00,459.00
2026-09-01 13:47:41,244.00,379.00,269.00,269.00,269.00,248.00,279.00,234.00,234.00,234.00,284.00,279.00,296.00,459.00,459.00,459.00,459.00,459.00
2026-09-01 13:57:46,244.00,379.00,269.00,269.00,269.00,248.00,279.00,234.00,234.00,234.00,284.00,279.00,296.00,459.00,459.00,459.00,459.00,459.00
2026-09-01 14:08:56,244.00,379.00,269.00,269.00,269.00,248.00,279.00,234.00,234.00,234.00,291.00,257.00,307.00,459.00,459.00,459.00,459.00,459.00
2026-09-01 14:17:52,244.00,379.00,269.00,269.00,269.00,248.00,279.00,234.00,234.00,234.00,291.00,257.00,307.00,459.00,459.00,459.00,459.00,459.00
2026-09-01 14:27:33,244.00,379.00,269.00,269.00,269.00,248.00,279.00,234.00,234.00,234.00,291.00,257.00,307.00,459.00,459.00,459.00,459.00,459.00
2026-09-01 14:37:17,244.00,379.00,269.00,269.00,269.00,248.00,279.00,234.00,234.00,234.00,291.00,257.00,307.00,459.00,459.00,459.00,459.00,459.00
2026-09-01 14:47:34,254.00,389.00,279.00,279.00,279.00,248.00,269.00,234.00,234.00,234.00,291.00,257.00,307.00,459.00,459.00,459.00,459.00,459.00
2026-09-01 14:57:29,254.00,389.00,279.00,279.00,279.00,248.00,269.00,234.00,234.00,234.00,291.00,257.00,307.00,459.00,459.00,459.00,459.00,459.00
2026-09-01 15:07:49,254.00,389.00,279.00,279.00,279.00,248.00,269.00,234.00,234.00,234.00,291.00,257.00,307.00,459.00,459.00,459.00,459.00,459.00
2026-09-01 15:17:14,254.00,389.00,279.00,279.00,279.00,248.00,269.00,234.00,234.00,234.00,291.00,257.00,307.00,459.00,459.00,459.00,459.00,459.00
2026-09-01 15:28:55,254.00,389.00,279.00,279.00,279.00,234.00,269.00,234.00,234.00,234.00,291.00,257.00,307.00,459.00,459.00,459.00,459.00,459.00
2026-09-01 15:37:43,279.00,389.00,279.00,279.00,279.00,234.00,269.00,234.00,234.00,234.00,291.00,257.00,307.00,459.00,459.00,459.00,459.00,459.00
2026-09-01 15:47:39,279.00,389.00,279.00,279.00,279.00,234.00,269.00,234.00,234.00,234.00,291.00,257.00,307.00,459.00,459.00,459.00,459.00,459.00
2026-09-01 15:57:41,279.00,389.00,279.00,279.00,279.00,234.00,269.00,234.00,234.00,234.00,291.00,257.00,307.00,459.00,459.00,459.00,459.00,459.00
2026-09-01 16:07:44,279.00,389.00,254.00,279.00,279.00,234.00,269.00,234.00,234.00,234.00,291.00,257.00,307.00,459.00,459.00,459.00,459.00,459.00
2026-09-01 16:17:45,279.00,389.00,254.00,279.00,279.00,234.00,269.00,234.00,234.00,234.00,291.00,257.00,307.00,459.00,459.00,459.00,459.00,459.00
2026-09-01 16:27:24,254.00,389.00,254.00,279.00,279.00,234.00,269.00,234.00,234.00,234.00,291.00,257.00,307.00,459.00,459.00,459.00,459.00,459.00
2026-09-01 16:37:42,254.00,389.00,254.00,279.00,279.00,234.00,269.00,234.00,234.00,234.00,291.00,257.00,307.00,459.00,459.00,459.00,459.00,459.00
2026-09-01 16:47:43,254.00,389.00,254.00,279.00,279.00,234.00,269.00,234.00,234.00,234.00,291.00,257.00,307.00,459.00,459.00,459.00,459.00,459.00
2026-09-01 16:57:43,254.00,389.00,254.00,279.00,279.00,234.00,269.00,234.00,234.00,234.00,291.00,257.00,307.00,459.00,459.00,459.00,459.00,459.00
2026-09-01 17:07:36,254.00,389.00,254.00,279.00,279.00,234.00,269.00,234.00,234.00,234.00,291.00,257.00,307.00,459.00,459.00,459.00,459.00,459.00
2026-09-01 17:17:53,254.00,389.00,254.00,279.00,279.00,234.00,269.00,234.00,234.00,234.00,291.00,257.00,307.00,459.00,459.00,459.00,459.00,459.00
2026-09-01 17:28:35,254.00,389.00,254.00,279.00,279.00,234.00,269.00,234.00,234.00,234.00,291.00,257.00,307.00,459.00,459.00,459.00,459.00,459.00
2026-09-01 17:37:41,254.00,389.00,254.00,279.00,279.00,234.00,259.00,234.00,234.00,234.00,291.00,257.00,307.00,459.00,459.00,459.00,459.00,459.00
2026-09-01 17:47:46,254.00,389.00,254.00,279.00,279.00,234.00,259.00,234.00,234.00,234.00,314.00,257.00,307.00,459.00,459.00,459.00,459.00,459.00
2026-09-01 17:57:48,254.00,389.00,254.00,279.00,279.00,234.00,259.00,234.00,234.00,234.00,291.00,257.00,307.00,459.00,459.00,459.00,459.00,459.00
2026-09-01 18:07:20,254.00,389.00,254.00,279.00,279.00,234.00,259.00,234.00,234.00,234.00,291.00,257.00,307.00,459.00,459.00,459.00,459.00,459.00
2026-09-01 18:17:51,254.00,,254.00,,279.00,,259.00,234.00,,234.00,291.00,,,459.00,,,244.00,459.00
2026-09-01 18:27:33,,389.00,,279.00,,234.00,,,234.00,,,257.00,307.00,,459.00,459.00,459.00,
2026-09-01 18:37:44,254.00,389.00,254.00,279.00,279.00,234.00,259.00,234.00,234.00,234.00,314.00,257.00,307.00,459.00,459.00,459.00,459.00,459.00
2026-09-01 18:47:41,254.00,389.00,254.00,279.00,279.00,234.00,259.00,234.00,234.00,234.00,291.00,257.00,307.00,459.00,459.00,459.00,459.00,459.00
2026-09-01 18:57:44,254.00,389.00,254.00,279.00,279.00,234.00,259.00,234.00,234.00,234.00,291.00,257.00,307.00,459.00,459.00,459.00,459.00,459.00
2026-09-01 19:07:43,254.00,389.00,254.00,279.00,279.00,234.00,259.00,234.00,234.00,234.00,291.00,257.00,307.00,459.00,459.00,459.00,459.00,459.00
2026-09-01 19:17:45,254.00,389.00,254.00,279.00,279.00,234.00,259.00,234.00,234.00,234.00,291.00,257.00,307.00,459.00,459.00,459.00,459.00,459.00
2026-09-01 19:37:20,254.00,389.00,254.00,279.00,279.00,234.00,259.00,234.00,234.00,234.00,291.00,257.00,307.00,459.00,459.00,459.00,459.00,459.00
2026-09-01 19:47:38,254.00,389.00,254.00,279.00,279.00,234.00,259.00,234.00,234.00,234.00,291.00,257.00,307.00,459.00,459.00,459.00,459.00,459.00
2026-09-01 19:57:43,254.00,389.00,254.00,279.00,279.00,234.00,259.00,234.00,234.00,234.00,291.00,257.00,307.00,459.00,459.00,459.00,459.00,459.00
2026-09-01 20:07:47,254.00,389.00,254.00,279.00,279.00,234.00,259.00,234.00,234.00,234.00,291.00,257.00,307.00,459.00,459.00,459.00,459.00,459.00
2026-09-01 20:17:34,254.00,389.00,254.00,279.00,279.00,234.00,259.00,234.00,234.00,234.00,291.00,257.00,307.00,459.00,459.00,459.00,459.00,459.00
2026-09-01 20:27:44,254.00,389.00,254.00,279.00,279.00,234.00,259.00,234.00,234.00,234.00,291.00,257.00,307.00,459.00,459.00,459.00,459.00,459.00
2026-09-01 20:37:48,254.00,389.00,254.00,279.00,279.00,234.00,259.00,234.00,234.00,234.00,291.00,257.00,307.00,459.00,459.00,459.00,459.00,459.00
2026-09-01 20:47:38,254.00,389.00,254.00,279.00,279.00,234.00,259.00,234.00,234.00,234.00,291.00,257.00,307.00,459.00,459.00,459.00,459.00,459.00
2026-09-01 20:57:49,254.00,389.00,254.00,279.00,279.00,234.00,259.00,234.00,234.00,234.00,291.00,257.00,307.00,459.00,459.00,459.00,459.00,459.00
2026-09-01 21:07:48,254.00,389.00,254.00,279.00,279.00,234.00,259.00,234.00,234.00,234.00,291.00,257.00,307.00,459.00,459.00,459.00,459.00,459.00
2026-09-01 21:17:46,254.00,389.00,254.00,279.00,279.00,234.00,259.00,234.00,234.00,234.00,291.00,257.00,307.00,459.00,459.00,459.00,459.00,459.00
2026-09-01 21:30:46,254.00,389.00,254.00,279.00,279.00,279.00,259.00,234.00,234.00,234.00,291.00,257.00,307.00,459.00,459.00,459.00,459.00,459.00
2026-09-01 21:37:56,254.00,389.00,254.00,279.00,279.00,279.00,259.00,234.00,234.00,234.00,291.00,257.00,307.00,459.00,459.00,459.00,459.00,459.00
2026-09-01 21:47:39,254.00,389.00,254.00,279.00,279.00,279.00,259.00,234.00,234.00,234.00,291.00,257.00,307.00,459.00,459.00,459.00,459.00,459.00
2026-09-01 21:57:50,254.00,389.00,254.00,279.00,279.00,279.00,234.00,234.00,234.00,234.00,291.00,279.00,314.00,459.00,459.00,459.00,459.00,459.00
2026-09-01 22:07:25,254.00,389.00,254.00,279.00,279.00,279.00,234.00,234.00,234.00,234.00,291.00,257.00,307.00,459.00,459.00,459.00,459.00,459.00
2026-09-01 22:17:49,,389.00,,279.00,,279.00,,,234.00,,,257.00,307.00,,459.00,459.00,459.00,
2026-09-01 22:27:59,254.00,389.00,254.00,279.00,279.00,279.00,234.00,234.00,234.00,234.00,291.00,257.00,307.00,459.00,459.00,459.00,459.00,459.00
2026-09-01 22:37:18,254.00,389.00,254.00,279.00,279.00,279.00,234.00,234.00,234.00,234.00,291.00,257.00,307.00,459.00,459.00,459.00,459.00,459.00
2026-09-01 22:47:47,254.00,389.00,254.00,279.00,279.00,279.00,234.00,234.00,234.00,234.00,291.00,257.00,307.00,459.00,459.00,459.00,459.00,459.00
2026-09-01 22:57:42,254.00,389.00,254.00,279.00,279.00,279.00,234.00,234.00,234.00,234.00,291.00,257.00,307.00,459.00,459.00,459.00,459.00,459.00
2026-09-01 23:07:51,254.00,389.00,254.00,279.00,279.00,279.00,259.00,234.00,234.00,234.00,291.00,257.00,307.00,459.00,459.00,459.00,459.00,459.00
2026-09-01 23:18:00,254.00,389.00,254.00,279.00,279.00,279.00,259.00,234.00,234.00,234.00,291.00,279.00,314.00,459.00,459.00,459.00,459.00,459.00
2026-09-01 23:28:10,,389.00,,279.00,,279.00,,,234.00,,,257.00,307.00,,459.00,459.00,459.00,
2026-09-01 23:37:47,254.00,389.00,254.00,279.00,279.00,279.00,259.00,234.00,234.00,234.00,294.00,257.00,307.00,459.00,459.00,459.00,459.00,459.00
2026-09-01 23:47:48,254.00,389.00,254.00,279.00,279.00,279.00,259.00,234.00,234.00,234.00,294.00,257.00,296.00,459.00,459.00,459.00,459.00,459.00
2026-09-01 23:57:50,254.00,389.00,254.00,279.00,279.00,279.00,259.00,234.00,234.00,234.00,294.00,257.00,296.00,459.00,459.00,459.00,459.00,459.00
2026-09-02 00:07:52,254.00,389.00,254.00,279.00,279.00,279.00,259.00,234.00,234.00,234.00,294.00,257.00,296.00,459.00,459.00,459.00,459.00,459.00
2026-09-02 00:17:23,254.00,389.00,254.00,279.00,279.00,279.00,259.00,234.00,234.00,234.00,294.00,257.00,296.00,459.00,459.00,459.00,459.00,459.00
2026-09-02 00:27:54,254.00,389.00,254.00,279.00,279.00,279.00,259.00,234.00,234.00,234.00,294.00,257.00,296.00,459.00,459.00,459.00,459.00,459.00
2026-09-02 00:37:52,254.00,389.00,254.00,279.00,279.00,279.00,259.00,234.00,234.00,234.00,294.00,257.00,296.00,459.00,459.00,459.00,459.00,459.00
2026-09-02 00:47:53,254.00,389.00,254.00,279.00,279.00,279.00,259.00,234.00,234.00,234.00,294.00,257.00,296.00,459.00,459.00,459.00,459.00,459.00
2026-09-02 00:57:35,254.00,389.00,254.00,279.00,389.00,279.00,259.00,234.00,234.00,234.00,294.00,257.00,296.00,459.00,459.00,459.00,459.00,459.00
2026-09-02 01:07:25,254.00,389.00,254.00,279.00,389.00,279.00,259.00,234.00,234.00,234.00,294.00,257.00,296.00,459.00,459.00,459.00,459.00,459.00
2026-09-02 01:17:48,254.00,389.00,254.00,279.00,389.00,279.00,264.00,234.00,234.00,234.00,294.00,257.00,296.00,459.00,459.00,459.00,459.00,459.00
2026-09-02 01:27:47,254.00,389.00,254.00,279.00,389.00,279.00,264.00,234.00,234.00,234.00,294.00,257.00,296.00,459.00,459.00,459.00,459.00,459.00
2026-09-02 01:37:50,254.00,389.00,254.00,279.00,389.00,279.00,264.00,234.00,234.00,234.00,294.00,257.00,296.00,459.00,459.00,459.00,459.00,459.00
2026-09-02 01:47:58,254.00,389.00,254.00,279.00,389.00,279.00,264.00,234.00,234.00,234.00,294.00,257.00,296.00,459.00,459.00,459.00,459.00,459.00
2026-09-02 01:57:39,254.00,389.00,254.00,279.00,389.00,279.00,264.00,234.00,234.00,234.00,294.00,257.00,296.00,459.00,459.00,459.00,459.00,459.00
2026-09-02 02:07:53,254.00,389.00,254.00,279.00,389.00,279.00,264.00,234.00,234.00,234.00,294.00,257.00,296.00,459.00,459.00,459.00,459.00,459.00
2026-09-02 02:18:00,254.00,389.00,254.00,279.00,389.00,279.00,264.00,234.00,234.00,234.00,294.00,257.00,296.00,459.00,459.00,459.00,459.00,459.00
2026-09-02 02:27:56,254.00,,254.00,,389.00,,264.00,234.00,,234.00,294.00,,,459.00,,,244.00,459.00
2026-09-02 02:37:51,279.00,389.00,254.00,279.00,389.00,279.00,264.00,234.00,234.00,234.00,294.00,257.00,296.00,459.00,459.00,459.00,459.00,459.00
2026-09-02 02:47:57,279.00,389.00,254.00,279.00,389.00,279.00,264.00,234.00,234.00,234.00,294.00,257.00,296.00,459.00,459.00,459.00,459.00,459.00
2026-09-02 02:57:36,279.00,389.00,254.00,279.00,389.00,279.00,264.00,234.00,234.00,234.00,314.00,257.00,296.00,459.00,459.00,459.00,459.00,459.00
2026-09-02 03:07:47,279.00,389.00,254.00,279.00,389.00,279.00,264.00,234.00,234.00,234.00,294.00,257.00,296.00,459.00,459.00,459.00,459.00,459.00
2026-09-02 03:17:46,279.00,389.00,254.00,279.00,389.00,279.00,264.00,234.00,234.00,234.00,294.00,257.00,296.00,459.00,459.00,459.00,459.00,459.00
2026-09-02 03:28:03,279.00,389.00,254.00,279.00,389.00,279.00,264.00,234.00,234.00,234.00,294.00,257.00,296.00,459.00,459.00,459.00,459.00,459.00
2026-09-02 03:37:34,279.00,389.00,254.00,279.00,389.00,279.00,264.00,234.00,234.00,234.00,294.00,257.00,296.00,459.00,459.00,459.00,459.00,459.00
2026-09-02 03:47:17,279.00,389.00,254.00,279.00,389.00,279.00,264.00,234.00,234.00,234.00,294.00,257.00,296.00,459.00,459.00,459.00,459.00,459.00
2026-09-02 03:57:54,279.00,389.00,254.00,279.00,389.00,279.00,264.00,234.00,234.00,234.00,294.00,257.00,296.00,459.00,459.00,459.00,459.00,459.00
2026-09-02 04:07:49,279.00,389.00,254.00,279.00,389.00,279.00,264.00,234.00,234.00,234.00,294.00,257.00,296.00,459.00,459.00,459.00,459.00,459.00
2026-09-02 04:17:43,279.00,389.00,254.00,279.00,389.00,279.00,270.00,234.00,234.00,234.00,294.00,257.00,296.00,459.00,459.00,459.00,459.00,459.00
2026-09-02 04:27:16,279.00,389.00,254.00,279.00,389.00,279.00,270.00,234.00,234.00,234.00,294.00,257.00,296.00,459.00,459.00,459.00,459.00,459.00
2026-09-02 04:36:57,279.00,389.00,254.00,279.00,389.00,279.00,270.00,234.00,234.00,234.00,294.00,257.00,296.00,459.00,459.00,459.00,459.00,459.00
2026-09-02 04:47:36,279.00,389.00,254.00,279.00,389.00,279.00,270.00,234.00,234.00,234.00,294.00,257.00,296.00,459.00,459.00,459.00,459.00,459.00
2026-09-02 04:57:32,279.00,389.00,254.00,279.00,389.00,279.00,270.00,234.00,234.00,234.00,294.00,257.00,296.00,459.00,459.00,459.00,459.00,459.00
2026-09-02 05:07:15,279.00,389.00,254.00,279.00,389.00,279.00,270.00,234.00,234.00,234.00,294.00,257.00,296.00,459.00,459.00,459.00,459.00,459.00
2026-09-02 05:17:16,279.00,389.00,254.00,279.00,389.00,279.00,270.00,234.00,234.00,234.00,294.00,257.00,296.00,459.00,459.00,459.00,459.00,459.00
2026-09-02 05:27:21,279.00,389.00,254.00,279.00,389.00,279.00,270.00,234.00,234.00,234.00,294.00,257.00,296.00,459.00,459.00,459.00,459.00,459.00
2026-09-02 05:37:16,279.00,389.00,254.00,279.00,389.00,279.00,264.00,234.00,234.00,234.00,294.00,257.00,296.00,459.00,459.00,459.00,459.00,459.00
2026-09-02 05:47:41,279.00,389.00,254.00,279.00,389.00,279.00,264.00,234.00,234.00,234.00,314.00,257.00,296.00,459.00,459.00,459.00,459.00,459.00
2026-09-02 05:57:36,279.00,389.00,254.00,279.00,389.00,279.00,264.00,234.00,234.00,234.00,294.00,257.00,296.00,459.00,459.00,459.00,459.00,459.00
2026-09-02 06:07:46,279.00,389.00,254.00,279.00,389.00,279.00,264.00,234.00,234.00,234.00,294.00,257.00,296.00,459.00,459.00,459.00,459.00,459.00
2026-09-02 06:17:22,279.00,389.00,254.00,279.00,389.00,279.00,264.00,234.00,234.00,234.00,294.00,257.00,296.00,459.00,459.00,459.00,459.00,459.00
2026-09-02 06:27:39,279.00,389.00,254.00,279.00,389.00,279.00,264.00,234.00,314.00,234.00,279.00,369.00,296.00,459.00,459.00,459.00,459.00,459.00
2026-09-02 06:37:18,279.00,389.00,254.00,279.00,389.00,279.00,264.00,234.00,314.00,234.00,279.00,369.00,296.00,459.00,459.00,459.00,459.00,459.00
2026-09-02 06:47:41,279.00,389.00,254.00,279.00,389.00,279.00,264.00,234.00,314.00,234.00,279.00,369.00,429.00,459.00,459.00,459.00,459.00,459.00
2026-09-02 06:57:43,279.00,389.00,254.00,279.00,389.00,279.00,264.00,234.00,314.00,234.00,279.00,369.00,429.00,459.00,459.00,459.00,459.00,459.00
2026-09-02 07:07:41,279.00,389.00,254.00,279.00,389.00,279.00,264.00,234.00,314.00,234.00,279.00,369.00,429.00,459.00,459.00,459.00,459.00,459.00
2026-09-02 07:17:44,279.00,389.00,254.00,279.00,389.00,279.00,279.00,234.00,314.00,234.00,279.00,369.00,429.00,459.00,459.00,459.00,459.00,459.00
2026-09-02 07:26:59,279.00,389.00,254.00,279.00,389.00,279.00,279.00,234.00,314.00,234.00,279.00,369.00,429.00,459.00,459.00,459.00,459.00,459.00
2026-09-02 07:37:45,279.00,389.00,254.00,279.00,389.00,279.00,279.00,234.00,314.00,234.00,279.00,369.00,429.00,459.00,459.00,459.00,459.00,459.00
2026-09-02 07:47:31,279.00,389.00,254.00,279.00,389.00,279.00,279.00,234.00,314.00,234.00,279.00,369.00,429.00,459.00,459.00,459.00,459.00,459.00
2026-09-02 07:57:26,279.00,389.00,254.00,279.00,389.00,279.00,279.00,234.00,314.00,234.00,279.00,369.00,429.00,459.00,459.00,459.00,459.00,459.00
2026-09-02 08:07:40,279.00,389.00,254.00,279.00,389.00,279.00,279.00,234.00,314.00,234.00,279.00,369.00,429.00,459.00,459.00,459.00,459.00,459.00
2026-09-02 08:17:50,,389.00,,279.00,,279.00,,,314.00,,,369.00,429.00,,459.00,459.00,459.00,
2026-09-02 08:27:31,279.00,389.00,254.00,279.00,389.00,279.00,279.00,234.00,314.00,234.00,279.00,369.00,429.00,459.00,459.00,459.00,459.00,459.00
2026-09-02 08:37:37,279.00,389.00,254.00,279.00,389.00,279.00,279.00,234.00,314.00,234.00,279.00,369.00,429.00,459.00,459.00,459.00,459.00,459.00
2026-09-02 08:47:46,279.00,389.00,254.00,279.00,389.00,279.00,279.00,234.00,314.00,234.00,279.00,369.00,429.00,459.00,459.00,459.00,459.00,459.00
2026-09-02 08:57:25,279.00,389.00,254.00,279.00,389.00,279.00,279.00,234.00,314.00,234.00,279.00,369.00,429.00,459.00,459.00,459.00,459.00,459.00
2026-09-02 09:07:22,279.00,389.00,254.00,279.00,389.00,279.00,279.00,234.00,314.00,234.00,279.00,369.00,429.00,459.00,459.00,459.00,459.00,459.00
2026-09-02 09:17:45,279.00,389.00,254.00,279.00,389.00,279.00,279.00,234.00,314.00,234.00,279.00,369.00,429.00,459.00,459.00,459.00,459.00,459.00
2026-09-02 09:27:45,279.00,389.00,254.00,279.00,389.00,279.00,279.00,234.00,314.00,234.00,279.00,369.00,429.00,459.00,459.00,459.00,459.00,459.00
2026-09-02 09:37:41,279.00,389.00,254.00,279.00,389.00,279.00,279.00,234.00,314.00,234.00,279.00,369.00,429.00,459.00,459.00,459.00,459.00,459.00
2026-09-02 09:47:45,279.00,389.00,254.00,279.00,389.00,279.00,279.00,234.00,314.00,234.00,279.00,369.00,429.00,459.00,459.00,459.00,459.00,459.00
2026-09-02 09:57:22,279.00,389.00,254.00,279.00,389.00,279.00,279.00,234.00,314.00,234.00,279.00,369.00,429.00,459.00,459.00,459.00,459.00,459.00
2026-09-02 10:07:43,279.00,389.00,254.00,279.00,389.00,279.00,279.00,234.00,314.00,234.00,279.00,369.00,429.00,459.00,459.00,459.00,459.00,459.00
2026-09-02 10:17:44,279.00,389.00,254.00,279.00,389.00,279.00,279.00,234.00,314.00,234.00,279.00,369.00,429.00,459.00,459.00,459.00,459.00,459.00
2026-09-02 10:27:28,279.00,389.00,254.00,279.00,389.00,279.00,279.00,234.00,314.00,234.00,279.00,369.00,429.00,459.00,459.00,459.00,459.00,459.00
2026-09-02 10:37:26,279.00,389.00,254.00,279.00,389.00,279.00,279.00,234.00,314.00,234.00,279.00,369.00,429.00,459.00,459.00,459.00,459.00,459.00
2026-09-02 10:47:40,279.00,389.00,389.00,279.00,389.00,279.00,279.00,234.00,314.00,234.00,279.00,369.00,429.00,459.00,459.00,459.00,459.00,459.00
2026-09-02 10:57:42,279.00,389.00,389.00,279.00,389.00,279.00,234.00,234.00,314.00,234.00,279.00,369.00,429.00,459.00,459.00,459.00,459.00,459.00
2026-09-02 11:07:51,279.00,389.00,389.00,279.00,389.00,279.00,234.00,234.00,314.00,234.00,279.00,369.00,429.00,459.00,459.00,459.00,459.00,459.00
2026-09-02 11:16:58,279.00,389.00,389.00,279.00,389.00,279.00,234.00,234.00,314.00,234.00,279.00,369.00,429.00,459.00,459.00,459.00,459.00,459.00
2026-09-02 11:27:53,,389.00,,279.00,,279.00,,,314.00,,,369.00,429.00,,459.00,459.00,459.00,
2026-09-02 11:37:43,389.00,389.00,389.00,279.00,389.00,279.00,279.00,234.00,314.00,234.00,279.00,369.00,429.00,459.00,459.00,459.00,459.00,459.00
2026-09-02 11:47:50,389.00,389.00,389.00,279.00,389.00,279.00,234.00,234.00,314.00,234.00,279.00,369.00,429.00,459.00,459.00,459.00,459.00,459.00
2026-09-02 11:57:41,389.00,389.00,389.00,279.00,389.00,279.00,234.00,234.00,314.00,234.00,279.00,369.00,429.00,459.00,459.00,459.00,459.00,459.00
2026-09-02 12:07:30,389.00,,389.00,,389.00,,234.00,234.00,,234.00,279.00,,,459.00,,,244.00,459.00
2026-09-02 12:17:38,389.00,389.00,389.00,279.00,389.00,279.00,234.00,234.00,314.00,234.00,279.00,369.00,429.00,459.00,459.00,459.00,459.00,459.00
2026-09-02 12:27:08,389.00,389.00,389.00,279.00,389.00,279.00,234.00,234.00,314.00,234.00,279.00,369.00,429.00,459.00,459.00,459.00,459.00,459.00
2026-09-02 12:37:49,389.00,389.00,389.00,279.00,389.00,279.00,234.00,234.00,314.00,234.00,279.00,369.00,429.00,459.00,459.00,459.00,459.00,459.00
2026-09-02 12:47:44,389.00,389.00,389.00,279.00,389.00,279.00,234.00,234.00,314.00,234.00,279.00,369.00,429.00,459.00,459.00,459.00,459.00,459.00
