checked_at,DL1143,DL1216,UA1416,UA1477,UA2600,UA277,UA469,UA491
2026-08-18 16:06:05,159.00,159.00,159.00,139.00,139.00,159.00,159.00,159.00
2026-08-18 16:15:41,159.00,159.00,159.00,139.00,139.00,159.00,159.00,159.00
2026-08-18 16:25:42,159.00,159.00,159.00,139.00,139.00,159.00,159.00,159.00
2026-08-18 16:33:55,159.00,159.00,159.00,139.00,139.00,159.00,159.00,159.00
2026-08-18 16:40:11,159.00,159.00,159.00,139.00,139.00,159.00,159.00,159.00
2026-08-18 16:46:34,159.00,159.00,159.00,139.00,139.00,159.00,159.00,159.00
2026-08-18 16:56:00,159.00,159.00,159.00,139.00,139.00,159.00,159.00,159.00
2026-08-18 17:04:13,159.00,159.00,159.00,139.00,139.00,159.00,159.00,159.00
2026-08-18 17:10:15,159.00,159.00,159.00,139.00,139.00,159.00,159.00,159.00
2026-08-18 17:16:19,159.00,159.00,159.00,139.00,139.00,159.00,159.00,159.00
2026-08-18 17:26:00,159.00,159.00,159.00,139.00,139.00,159.00,159.00,159.00
2026-08-18 17:35:47,159.00,159.00,159.00,139.00,139.00,159.00,159.00,159.00
2026-08-18 17:45:49,159.00,159.00,159.00,139.00,139.00,159.00,159.00,159.00
2026-08-18 17:55:30,159.00,159.00,159.00,139.00,139.00,159.00,159.00,159.00
2026-08-18 18:05:57,139.00,139.00,159.00,139.00,139.00,159.00,159.00,159.00
2026-08-18 18:15:46,139.00,139.00,159.00,139.00,139.00,159.00,159.00,159.00
2026-08-18 18:25:46,139.00,139.00,159.00,139.00,139.00,159.00,159.00,159.00
2026-08-18 18:35:58,139.00,139.00,159.00,139.00,139.00,159.00,159.00,159.00
2026-08-18 18:45:59,139.00,139.00,159.00,139.00,139.00,159.00,159.00,159.00
2026-08-18 18:55:48,139.00,139.00,159.00,139.00,139.00,159.00,159.00,159.00
2026-08-18 19:06:00,139.00,139.00,159.00,139.00,139.00,159.00,159.00,159.00
2026-08-18 19:15:55,139.00,139.00,159.00,139.00,139.00,159.00,159.00,159.00
2026-08-18 19:26:01,139.00,139.00,159.00,139.00,139.00,159.00,159.00,159.00
2026-08-18 19:36:03,139.00,139.00,159.00,139.00,139.00,159.00,159.00,159.00
2026-08-18 19:45:49,139.00,139.00,159.00,139.00,139.00,159.00,159.00,159.00
2026-08-18 19:55:51,139.00,139.00,159.00,139.00,139.00,159.00,159.00,159.00
2026-08-18 20:06:02,139.00,139.00,159.00,139.00,139.00,159.00,159.00,159.00
2026-08-18 20:16:10,139.00,139.00,159.00,139.00,139.00,159.00,159.00,159.00
2026-08-18 20:26:19,139.00,139.00,159.00,139.00,139.00,159.00,159.00,159.00
2026-08-18 20:36:17,139.00,139.00,159.00,139.00,139.00,159.00,159.00,159.00
2026-08-18 20:45:51,139.00,139.00,159.00,139.00,139.00,159.00,159.00,159.00
2026-08-18 20:55:39,139.00,139.00,159.00,139.00,139.00,159.00,159.00,159.00
2026-08-18 21:06:15,139.00,139.00,159.00,139.00,139.00,159.00,159.00,159.00
2026-08-18 21:15:44,139.00,139.00,159.00,139.00,139.00,159.00,159.00,159.00
2026-08-18 21:25:55,139.00,139.00,159.00,139.00,159.00,159.00,159.00,159.00
2026-08-18 21:36:04,139.00,139.00,159.00,139.00,159.00,159.00,159.00,159.00
2026-08-18 21:45:57,139.00,139.00,159.00,139.00,159.00,159.00,159.00,159.00
2026-08-18 21:55:56,139.00,139.00,159.00,139.00,159.00,159.00,159.00,159.00
2026-08-18 22:06:00,139.00,139.00,159.00,139.00,159.00,159.00,159.00,159.00
2026-08-18 22:15:56,139.00,139.00,159.00,139.00,159.00,159.00,159.00,159.00
2026-08-18 22:25:43,139.00,139.00,159.00,139.00,159.00,159.00,159.00,159.00
2026-08-18 22:36:00,139.00,139.00,159.00,139.00,159.00,159.00,159.00,159.00
2026-08-18 22:46:20,139.00,139.00,159.00,139.00,159.00,159.00,159.00,159.00
2026-08-18 22:56:02,139.00,139.00,159.00,139.00,159.00,159.00,159.00,159.00
2026-08-18 23:06:10,139.00,139.00,159.00,139.00,159.00,159.00,159.00,159.00
2026-08-18 23:15:49,139.00,139.00,159.00,139.00,159.00,159.00,159.00,159.00
2026-08-18 23:26:32,139.00,139.00,159.00,139.00,159.00,159.00,159.00,159.00
2026-08-18 23:36:06,139.00,139.00,159.00,139.00,159.00,159.00,159.00,159.00
2026-08-18 23:46:03,139.00,139.00,159.00,139.00,159.00,159.00,159.00,159.00
2026-08-18 23:55:59,139.00,139.00,159.00,139.00,159.00,159.00,159.00,159.00
2026-08-19 00:06:00,139.00,139.00,159.00,139.00,159.00,159.00,159.00,159.00
2026-08-19 00:15:53,139.00,139.00,159.00,139.00,159.00,159.00,159.00,159.00
2026-08-19 00:25:57,139.00,139.00,159.00,139.00,159.00,159.00,159.00,159.00
2026-08-19 00:36:08,139.00,139.00,159.00,139.00,159.00,159.00,159.00,159.00
2026-08-19 00:46:02,139.00,139.00,159.00,139.00,159.00,159.00,159.00,159.00
2026-08-19 00:56:01,139.00,139.00,159.00,139.00,159.00,159.00,159.00,159.00
2026-08-19 01:06:15,139.00,139.00,159.00,139.00,159.00,159.00,159.00,159.00
2026-08-19 01:15:52,139.00,139.00,159.00,139.00,159.00,159.00,159.00,159.00
2026-08-19 01:26:08,139.00,139.00,159.00,139.00,159.00,159.00,159.00,159.00
2026-08-19 01:36:09,139.00,139.00,159.00,139.00,159.00,159.00,159.00,159.00
2026-08-19 01:45:54,139.00,139.00,159.00,139.00,159.00,159.00,159.00,159.00
2026-08-19 01:56:05,139.00,139.00,159.00,139.00,159.00,159.00,159.00,159.00
2026-08-19 02:06:12,139.00,139.00,159.00,139.00,159.00,159.00,159.00,159.00
2026-08-19 02:16:26,139.00,139.00,159.00,139.00,159.00,159.00,159.00,159.00
2026-08-19 02:26:29,139.00,139.00,159.00,139.00,159.00,159.00,159.00,159.00
2026-08-19 02:36:05,139.00,139.00,159.00,139.00,159.00,159.00,159.00,159.00
2026-08-19 02:46:28,139.00,139.00,139.00,139.00,139.00,139.00,139.00,154.00
2026-08-19 02:56:19,139.00,139.00,139.00,139.00,139.00,139.00,139.00,154.00
2026-08-19 03:06:17,139.00,139.00,139.00,139.00,139.00,139.00,139.00,154.00
2026-08-19 03:16:12,139.00,139.00,139.00,139.00,139.00,139.00,139.00,154.00
2026-08-19 03:26:08,139.00,139.00,139.00,139.00,139.00,139.00,139.00,154.00
2026-08-19 03:36:21,139.00,139.00,139.00,139.00,139.00,139.00,139.00,154.00
2026-08-19 03:46:16,139.00,139.00,139.00,139.00,139.00,139.00,139.00,154.00
2026-08-19 03:56:14,139.00,139.00,139.00,139.00,139.00,139.00,139.00,154.00
2026-08-19 04:06:21,139.00,139.00,139.00,139.00,139.00,139.00,139.00,154.00
2026-08-19 04:16:07,139.00,139.00,139.00,139.00,139.00,139.00,139.00,154.00
2026-08-19 04:26:13,139.00,139.00,139.00,139.00,139.00,139.00,139.00,154.00
2026-08-19 04:36:27,139.00,139.00,139.00,139.00,139.00,139.00,139.00,154.00
2026-08-19 04:45:59,139.00,139.00,139.00,139.00,139.00,139.00,139.00,154.00
2026-08-19 04:56:14,139.00,139.00,139.00,139.00,139.00,139.00,139.00,154.00
2026-08-19 05:06:02,139.00,139.00,139.00,139.00,139.00,139.00,139.00,154.00
2026-08-19 05:16:11,139.00,139.00,139.00,139.00,139.00,139.00,139.00,154.00
2026-08-19 05:25:55,139.00,139.00,139.00,139.00,139.00,139.00,139.00,154.00
2026-08-19 05:36:04,139.00,139.00,139.00,139.00,139.00,139.00,139.00,154.00
2026-08-19 05:45:56,139.00,139.00,139.00,139.00,139.00,139.00,139.00,154.00
2026-08-19 05:56:08,139.00,139.00,139.00,139.00,139.00,139.00,139.00,154.00
2026-08-19 06:06:04,139.00,139.00,139.00,139.00,139.00,139.00,139.00,154.00
2026-08-19 06:16:01,139.00,139.00,139.00,139.00,139.00,139.00,139.00,154.00
2026-08-19 06:26:02,139.00,139.00,139.00,139.00,139.00,139.00,139.00,154.00
2026-08-19 06:36:06,139.00,139.00,139.00,139.00,139.00,139.00,139.00,154.00
2026-08-19 06:46:02,139.00,139.00,139.00,139.00,139.00,139.00,139.00,154.00
2026-08-19 06:56:05,139.00,139.00,139.00,139.00,139.00,139.00,139.00,154.00
2026-08-19 07:06:08,139.00,139.00,139.00,139.00,139.00,139.00,139.00,154.00
2026-08-19 07:16:17,139.00,139.00,139.00,139.00,139.00,139.00,139.00,154.00
2026-08-19 07:26:13,139.00,139.00,139.00,139.00,139.00,139.00,139.00,154.00
2026-08-19 07:36:11,139.00,139.00,139.00,139.00,139.00,139.00,139.00,154.00
2026-08-19 07:46:00,139.00,139.00,139.00,139.00,139.00,139.00,139.00,154.00
2026-08-19 07:56:13,139.00,139.00,139.00,139.00,139.00,139.00,139.00,154.00
2026-08-19 08:06:16,139.00,139.00,139.00,139.00,139.00,139.00,139.00,154.00
2026-08-19 08:16:10,139.00,139.00,139.00,139.00,139.00,139.00,139.00,154.00
2026-08-19 08:26:01,139.00,139.00,139.00,139.00,139.00,139.00,139.00,154.00
2026-08-19 08:36:17,139.00,139.00,139.00,139.00,139.00,139.00,139.00,152.00
2026-08-19 08:46:05,139.00,139.00,139.00,139.00,139.00,139.00,139.00,152.00
2026-08-19 08:56:13,139.00,139.00,139.00,139.00,139.00,139.00,139.00,152.00
2026-08-19 09:06:17,139.00,139.00,139.00,139.00,139.00,139.00,139.00,152.00
2026-08-19 09:15:59,139.00,139.00,139.00,139.00,139.00,139.00,139.00,152.00
2026-08-19 09:26:06,139.00,139.00,139.00,139.00,139.00,139.00,139.00,152.00
2026-08-19 09:36:07,139.00,139.00,139.00,139.00,139.00,139.00,139.00,152.00
2026-08-19 09:46:05,139.00,139.00,139.00,139.00,139.00,139.00,139.00,152.00
2026-08-19 09:56:03,139.00,139.00,139.00,139.00,139.00,139.00,139.00,152.00
2026-08-19 10:06:15,139.00,139.00,139.00,139.00,139.00,139.00,139.00,152.00
2026-08-19 10:16:05,139.00,139.00,139.00,139.00,139.00,139.00,139.00,152.00
2026-08-19 10:25:55,139.00,139.00,139.00,139.00,139.00,139.00,139.00,152.00
2026-08-19 10:36:06,139.00,139.00,139.00,139.00,139.00,139.00,139.00,152.00
2026-08-19 10:46:05,139.00,139.00,139.00,139.00,139.00,139.00,139.00,152.00
2026-08-19 10:55:58,139.00,139.00,139.00,139.00,139.00,139.00,139.00,152.00
2026-08-19 11:06:10,139.00,139.00,139.00,139.00,139.00,139.00,139.00,152.00
2026-08-19 11:16:03,139.00,139.00,139.00,139.00,139.00,139.00,139.00,152.00
2026-08-19 11:26:16,139.00,139.00,139.00,139.00,139.00,139.00,139.00,152.00
2026-08-19 11:36:00,139.00,139.00,139.00,139.00,139.00,139.00,139.00,152.00
2026-08-19 11:45:56,139.00,139.00,139.00,139.00,139.00,139.00,139.00,152.00
2026-08-19 11:56:14,139.00,139.00,139.00,139.00,139.00,139.00,139.00,152.00
2026-08-19 12:06:04,139.00,139.00,139.00,139.00,139.00,139.00,139.00,152.00
2026-08-19 12:16:12,139.00,139.00,139.00,139.00,139.00,139.00,139.00,152.00
2026-08-19 12:26:23,139.00,139.00,139.00,139.00,139.00,139.00,139.00,152.00
2026-08-19 12:36:30,139.00,139.00,139.00,139.00,139.00,139.00,139.00,152.00
2026-08-19 12:46:17,139.00,139.00,139.00,139.00,139.00,139.00,139.00,152.00
2026-08-19 12:55:56,139.00,139.00,139.00,139.00,139.00,139.00,139.00,152.00
2026-08-19 13:06:14,139.00,139.00,139.00,139.00,139.00,139.00,139.00,152.00
2026-08-19 13:16:27,139.00,139.00,139.00,139.00,139.00,139.00,139.00,152.00
2026-08-19 13:26:18,139.00,139.00,139.00,139.00,139.00,139.00,139.00,152.00
2026-08-19 13:36:19,139.00,139.00,139.00,139.00,139.00,139.00,139.00,152.00
2026-08-19 13:46:17,139.00,139.00,139.00,139.00,139.00,139.00,139.00,152.00
2026-08-19 13:56:16,139.00,139.00,139.00,139.00,139.00,139.00,139.00,152.00
2026-08-19 14:06:24,139.00,139.00,139.00,139.00,139.00,139.00,139.00,152.00
2026-08-19 14:16:16,139.00,139.00,139.00,139.00,139.00,139.00,139.00,152.00
2026-08-19 14:26:19,139.00,139.00,139.00,139.00,139.00,139.00,139.00,152.00
2026-08-19 14:36:12,139.00,139.00,139.00,139.00,139.00,139.00,139.00,152.00
2026-08-19 14:46:19,139.00,139.00,139.00,139.00,139.00,139.00,139.00,152.00
2026-08-19 14:56:06,139.00,139.00,139.00,139.00,139.00,139.00,139.00,152.00
2026-08-19 15:06:27,139.00,139.00,139.00,139.00,139.00,139.00,139.00,152.00
2026-08-19 15:16:26,139.00,139.00,139.00,139.00,139.00,139.00,139.00,152.00
2026-08-19 15:26:16,139.00,139.00,139.00,139.00,139.00,139.00,139.00,152.00
2026-08-19 15:36:50,139.00,139.00,139.00,139.00,139.00,139.00,139.00,152.00
2026-08-19 15:46:26,139.00,139.00,139.00,139.00,139.00,139.00,139.00,152.00
2026-08-19 15:56:20,139.00,139.00,139.00,139.00,139.00,139.00,139.00,152.00
2026-08-19 16:06:28,139.00,139.00,139.00,139.00,139.00,139.00,139.00,152.00
2026-08-19 16:16:19,139.00,139.00,139.00,139.00,139.00,139.00,139.00,152.00
2026-08-19 16:26:25,139.00,139.00,139.00,139.00,139.00,139.00,139.00,152.00
2026-08-19 16:36:27,139.00,139.00,139.00,139.00,139.00,139.00,139.00,152.00
2026-08-19 16:46:14,139.00,139.00,139.00,139.00,139.00,139.00,139.00,152.00
2026-08-19 16:56:41,139.00,139.00,139.00,139.00,139.00,139.00,139.00,152.00
2026-08-19 17:06:29,139.00,139.00,139.00,139.00,139.00,139.00,139.00,152.00
2026-08-19 17:16:39,139.00,,139.00,139.00,,139.00,,152.00
2026-08-19 17:26:23,139.00,139.00,139.00,139.00,139.00,139.00,139.00,152.00
2026-08-19 17:36:35,139.00,139.00,139.00,139.00,139.00,139.00,139.00,152.00
2026-08-19 17:46:29,139.00,139.00,139.00,139.00,139.00,139.00,139.00,152.00
2026-08-19 17:56:22,139.00,139.00,139.00,139.00,139.00,139.00,139.00,152.00
2026-08-19 18:06:35,139.00,139.00,139.00,139.00,139.00,139.00,139.00,152.00
2026-08-19 18:16:20,139.00,139.00,139.00,139.00,139.00,139.00,139.00,152.00
2026-08-19 18:26:23,139.00,139.00,139.00,139.00,139.00,139.00,139.00,152.00
2026-08-19 18:36:19,139.00,139.00,139.00,139.00,139.00,139.00,139.00,152.00
2026-08-19 18:46:25,139.00,139.00,139.00,139.00,139.00,139.00,139.00,152.00
2026-08-19 18:56:21,139.00,139.00,139.00,139.00,139.00,139.00,139.00,152.00
2026-08-19 19:06:19,139.00,139.00,139.00,139.00,139.00,139.00,139.00,154.00
2026-08-19 19:16:21,139.00,139.00,139.00,139.00,139.00,139.00,139.00,154.00
2026-08-19 19:26:28,139.00,139.00,139.00,139.00,139.00,139.00,139.00,154.00
2026-08-19 19:36:36,139.00,139.00,139.00,139.00,139.00,139.00,139.00,152.00
2026-08-19 19:46:18,139.00,139.00,139.00,139.00,139.00,139.00,139.00,154.00
2026-08-19 19:56:32,139.00,,139.00,139.00,,139.00,,154.00
2026-08-19 20:06:26,139.00,139.00,139.00,139.00,139.00,139.00,139.00,154.00
2026-08-19 20:16:39,139.00,139.00,139.00,139.00,139.00,139.00,139.00,154.00
2026-08-19 20:26:16,139.00,139.00,139.00,139.00,139.00,139.00,139.00,154.00
2026-08-19 20:36:43,139.00,139.00,139.00,139.00,139.00,139.00,139.00,154.00
2026-08-19 20:46:29,139.00,139.00,139.00,139.00,139.00,139.00,139.00,154.00
2026-08-19 20:56:41,139.00,139.00,139.00,139.00,139.00,139.00,139.00,154.00
2026-08-19 21:06:45,139.00,139.00,139.00,139.00,139.00,139.00,139.00,154.00
2026-08-19 21:16:17,139.00,139.00,139.00,139.00,139.00,139.00,139.00,154.00
2026-08-19 21:26:13,139.00,139.00,139.00,139.00,139.00,139.00,139.00,154.00
2026-08-19 21:36:33,139.00,139.00,139.00,139.00,139.00,139.00,139.00,154.00
2026-08-19 21:46:35,139.00,139.00,139.00,139.00,139.00,139.00,139.00,154.00
2026-08-19 21:56:24,139.00,139.00,139.00,139.00,139.00,139.00,139.00,154.00
2026-08-19 22:06:44,139.00,139.00,139.00,139.00,139.00,139.00,139.00,154.00
2026-08-19 22:16:17,139.00,139.00,139.00,139.00,139.00,139.00,139.00,154.00
2026-08-19 22:26:21,139.00,139.00,139.00,139.00,139.00,139.00,139.00,154.00
2026-08-19 22:36:35,139.00,139.00,139.00,139.00,139.00,139.00,139.00,154.00
2026-08-19 22:46:18,139.00,139.00,139.00,139.00,139.00,139.00,139.00,154.00
2026-08-19 22:56:16,139.00,139.00,139.00,139.00,139.00,139.00,139.00,154.00
2026-08-19 23:06:23,139.00,139.00,139.00,139.00,139.00,139.00,139.00,154.00
2026-08-19 23:16:42,139.00,139.00,139.00,139.00,139.00,139.00,139.00,154.00
2026-08-19 23:26:14,139.00,139.00,139.00,139.00,139.00,139.00,139.00,154.00
2026-08-19 23:36:32,139.00,139.00,139.00,139.00,139.00,139.00,139.00,154.00
2026-08-19 23:46:12,139.00,139.00,139.00,139.00,139.00,139.00,139.00,154.00
2026-08-19 23:56:29,139.00,139.00,139.00,139.00,139.00,139.00,139.00,154.00
2026-08-20 00:06:55,139.00,139.00,139.00,139.00,139.00,139.00,139.00,154.00
2026-08-20 00:16:27,139.00,139.00,139.00,139.00,139.00,139.00,139.00,154.00
2026-08-20 00:26:37,139.00,139.00,139.00,139.00,139.00,139.00,139.00,154.00
2026-08-20 00:36:23,139.00,139.00,139.00,139.00,139.00,139.00,139.00,154.00
2026-08-20 00:46:24,139.00,139.00,139.00,139.00,139.00,139.00,139.00,154.00
2026-08-20 00:56:28,139.00,139.00,139.00,139.00,139.00,139.00,139.00,154.00
2026-08-20 01:06:41,139.00,139.00,139.00,139.00,139.00,139.00,139.00,154.00
2026-08-20 01:16:49,139.00,139.00,139.00,139.00,139.00,139.00,139.00,154.00
2026-08-20 01:26:29,139.00,139.00,139.00,139.00,139.00,139.00,139.00,154.00
2026-08-20 01:36:22,139.00,139.00,139.00,139.00,139.00,139.00,139.00,154.00
2026-08-20 01:46:20,139.00,139.00,139.00,139.00,139.00,139.00,139.00,154.00
2026-08-20 01:56:32,139.00,139.00,139.00,139.00,139.00,139.00,139.00,154.00
2026-08-20 02:06:55,139.00,139.00,139.00,139.00,139.00,139.00,139.00,154.00
2026-08-20 02:16:59,139.00,139.00,139.00,139.00,139.00,139.00,139.00,154.00
2026-08-20 02:26:31,139.00,139.00,139.00,139.00,139.00,139.00,139.00,154.00
2026-08-20 02:36:46,139.00,139.00,139.00,139.00,139.00,139.00,139.00,154.00
2026-08-20 02:46:37,139.00,139.00,139.00,139.00,139.00,139.00,139.00,154.00
2026-08-20 02:56:22,139.00,139.00,139.00,139.00,139.00,139.00,139.00,154.00
2026-08-20 03:06:38,139.00,139.00,139.00,139.00,139.00,139.00,139.00,154.00
2026-08-20 03:16:31,139.00,139.00,139.00,139.00,139.00,139.00,139.00,154.00
2026-08-20 03:26:13,139.00,139.00,139.00,139.00,139.00,139.00,139.00,154.00
2026-08-20 03:36:42,139.00,139.00,139.00,139.00,139.00,139.00,139.00,154.00
2026-08-20 03:46:30,139.00,139.00,139.00,139.00,139.00,139.00,139.00,154.00
2026-08-20 03:56:24,139.00,139.00,139.00,139.00,139.00,139.00,139.00,154.00
2026-08-20 04:06:42,139.00,139.00,139.00,139.00,139.00,139.00,139.00,154.00
2026-08-20 04:16:30,139.00,139.00,139.00,139.00,139.00,139.00,139.00,154.00
2026-08-20 04:26:38,139.00,139.00,139.00,139.00,139.00,139.00,139.00,154.00
2026-08-20 04:36:25,139.00,139.00,139.00,139.00,139.00,139.00,139.00,154.00
2026-08-20 04:46:34,139.00,139.00,139.00,139.00,139.00,139.00,139.00,154.00
2026-08-20 04:56:30,139.00,139.00,139.00,139.00,139.00,139.00,139.00,154.00
2026-08-20 05:06:32,139.00,139.00,139.00,139.00,139.00,139.00,139.00,154.00
2026-08-20 05:16:22,139.00,139.00,139.00,139.00,139.00,139.00,139.00,154.00
2026-08-20 05:26:26,139.00,139.00,139.00,139.00,139.00,139.00,139.00,154.00
2026-08-20 05:36:35,139.00,139.00,139.00,139.00,139.00,139.00,139.00,154.00
2026-08-20 05:46:24,139.00,139.00,139.00,139.00,139.00,139.00,139.00,154.00
2026-08-20 05:56:10,139.00,139.00,139.00,139.00,139.00,139.00,139.00,154.00
2026-08-20 06:06:46,139.00,139.00,139.00,139.00,139.00,139.00,139.00,154.00
2026-08-20 06:16:16,139.00,139.00,139.00,139.00,139.00,139.00,139.00,154.00
2026-08-20 06:26:10,139.00,139.00,139.00,139.00,139.00,139.00,139.00,154.00
2026-08-20 06:36:28,139.00,139.00,139.00,139.00,139.00,139.00,139.00,154.00
2026-08-20 06:46:24,139.00,139.00,139.00,139.00,139.00,139.00,139.00,154.00
2026-08-20 06:56:22,139.00,139.00,139.00,139.00,139.00,139.00,139.00,154.00
2026-08-20 07:06:31,139.00,139.00,139.00,139.00,139.00,139.00,139.00,154.00
2026-08-20 07:16:25,139.00,139.00,139.00,139.00,139.00,139.00,139.00,154.00
2026-08-20 07:26:23,139.00,139.00,139.00,139.00,139.00,139.00,139.00,154.00
2026-08-20 07:36:32,139.00,139.00,139.00,139.00,139.00,139.00,139.00,154.00
2026-08-20 07:46:26,139.00,139.00,139.00,139.00,139.00,139.00,139.00,154.00
2026-08-20 07:56:29,139.00,139.00,139.00,139.00,139.00,139.00,139.00,154.00
2026-08-20 08:06:27,139.00,139.00,139.00,139.00,139.00,139.00,139.00,154.00
2026-08-20 08:16:23,139.00,139.00,139.00,139.00,139.00,139.00,139.00,154.00
2026-08-20 08:26:25,139.00,139.00,139.00,139.00,139.00,139.00,139.00,154.00
2026-08-20 08:36:30,139.00,139.00,139.00,139.00,139.00,139.00,139.00,154.00
2026-08-20 08:46:22,139.00,139.00,139.00,139.00,139.00,139.00,139.00,154.00
2026-08-20 08:56:29,139.00,139.00,139.00,139.00,139.00,139.00,139.00,139.00
2026-08-20 09:06:32,139.00,139.00,139.00,139.00,139.00,139.00,139.00,139.00
2026-08-20 09:16:25,139.00,139.00,139.00,139.00,139.00,139.00,139.00,139.00
2026-08-20 09:26:15,139.00,139.00,139.00,139.00,139.00,139.00,139.00,139.00
2026-08-20 09:36:28,139.00,139.00,139.00,139.00,139.00,139.00,139.00,139.00
2026-08-20 09:46:10,139.00,139.00,139.00,139.00,139.00,139.00,139.00,139.00
2026-08-20 09:56:33,139.00,139.00,139.00,139.00,139.00,139.00,139.00,139.00
2026-08-20 10:06:28,139.00,139.00,139.00,139.00,139.00,139.00,139.00,139.00
2026-08-20 10:16:05,139.00,139.00,139.00,139.00,139.00,139.00,139.00,139.00
2026-08-20 10:26:30,139.00,139.00,139.00,139.00,139.00,139.00,139.00,139.00
2026-08-20 10:36:39,139.00,139.00,139.00,139.00,139.00,139.00,139.00,139.00
2026-08-20 10:46:37,139.00,139.00,139.00,139.00,139.00,139.00,139.00,139.00
2026-08-20 10:56:37,139.00,139.00,139.00,139.00,139.00,139.00,139.00,139.00
2026-08-20 11:06:52,139.00,139.00,139.00,139.00,139.00,139.00,139.00,139.00
2026-08-20 11:16:30,139.00,139.00,139.00,139.00,139.00,139.00,139.00,139.00
2026-08-20 11:26:36,139.00,139.00,139.00,139.00,139.00,139.00,139.00,139.00
2026-08-20 11:36:43,139.00,139.00,139.00,139.00,139.00,139.00,139.00,139.00
2026-08-20 11:46:50,139.00,139.00,139.00,139.00,139.00,139.00,139.00,139.00
2026-08-20 11:56:55,139.00,139.00,139.00,139.00,139.00,139.00,139.00,139.00
2026-08-20 12:07:07,139.00,139.00,139.00,139.00,139.00,139.00,139.00,139.00
2026-08-20 12:16:44,139.00,139.00,139.00,139.00,139.00,139.00,139.00,139.00
2026-08-20 12:26:42,139.00,139.00,139.00,139.00,139.00,139.00,139.00,139.00
2026-08-20 12:36:37,139.00,139.00,139.00,139.00,139.00,139.00,139.00,139.00
2026-08-20 12:46:46,139.00,139.00,139.00,139.00,139.00,139.00,139.00,139.00
2026-08-20 12:56:40,139.00,139.00,139.00,139.00,139.00,139.00,139.00,139.00
2026-08-20 13:07:21,139.00,139.00,139.00,139.00,139.00,139.00,139.00,139.00
2026-08-20 13:16:47,139.00,139.00,139.00,139.00,139.00,139.00,139.00,139.00
2026-08-20 13:26:42,139.00,139.00,139.00,139.00,139.00,139.00,139.00,139.00
2026-08-20 13:36:45,139.00,139.00,139.00,139.00,139.00,139.00,139.00,139.00
2026-08-20 13:46:34,139.00,139.00,139.00,139.00,139.00,139.00,139.00,139.00
2026-08-20 13:56:56,139.00,139.00,139.00,139.00,139.00,139.00,139.00,139.00
2026-08-20 14:06:57,139.00,139.00,139.00,139.00,139.00,139.00,139.00,139.00
2026-08-20 14:16:34,139.00,139.00,139.00,139.00,139.00,139.00,139.00,139.00
2026-08-20 14:26:40,139.00,139.00,139.00,139.00,139.00,139.00,139.00,139.00
2026-08-20 14:36:41,139.00,139.00,139.00,139.00,139.00,139.00,139.00,139.00
2026-08-20 14:46:51,139.00,139.00,139.00,139.00,139.00,139.00,139.00,139.00
2026-08-20 14:57:05,139.00,139.00,139.00,139.00,139.00,139.00,139.00,139.00
2026-08-20 15:06:36,139.00,139.00,139.00,139.00,139.00,139.00,139.00,139.00
2026-08-20 15:16:42,139.00,139.00,139.00,139.00,139.00,139.00,139.00,139.00
2026-08-20 15:26:54,139.00,139.00,139.00,139.00,139.00,139.00,139.00,139.00
2026-08-20 15:37:14,139.00,139.00,139.00,139.00,139.00,139.00,139.00,139.00
2026-08-20 15:46:37,139.00,139.00,139.00,139.00,139.00,139.00,139.00,139.00
2026-08-20 15:56:44,139.00,139.00,139.00,139.00,139.00,139.00,139.00,139.00
2026-08-20 16:06:32,139.00,139.00,139.00,139.00,139.00,139.00,139.00,139.00
2026-08-20 16:17:03,139.00,139.00,139.00,139.00,139.00,139.00,139.00,139.00
2026-08-20 16:26:46,139.00,139.00,139.00,139.00,139.00,139.00,139.00,139.00
2026-08-20 16:36:51,139.00,139.00,139.00,139.00,139.00,139.00,139.00,139.00
2026-08-20 16:47:04,139.00,139.00,139.00,139.00,139.00,139.00,139.00,139.00
2026-08-20 16:56:48,139.00,139.00,139.00,139.00,139.00,139.00,139.00,139.00
2026-08-20 17:06:51,139.00,139.00,139.00,139.00,139.00,139.00,139.00,139.00
2026-08-20 17:21:57,139.00,139.00,139.00,139.00,139.00,139.00,139.00,139.00
2026-08-20 17:28:54,139.00,139.00,139.00,139.00,139.00,139.00,139.00,139.00
2026-08-20 17:36:34,139.00,139.00,139.00,139.00,139.00,139.00,139.00,139.00
2026-08-20 17:47:00,139.00,139.00,139.00,139.00,139.00,139.00,139.00,139.00
2026-08-20 17:56:50,139.00,139.00,139.00,139.00,139.00,139.00,139.00,139.00
2026-08-20 18:07:04,139.00,139.00,139.00,139.00,139.00,139.00,139.00,139.00
2026-08-20 18:16:34,139.00,139.00,139.00,139.00,139.00,139.00,139.00,139.00
2026-08-20 18:26:43,139.00,139.00,139.00,139.00,139.00,139.00,139.00,139.00
2026-08-20 18:37:02,139.00,139.00,139.00,139.00,139.00,139.00,139.00,139.00
2026-08-20 18:46:57,139.00,139.00,139.00,139.00,139.00,139.00,139.00,139.00
2026-08-20 18:57:00,139.00,139.00,139.00,139.00,139.00,139.00,139.00,139.00
2026-08-20 19:07:17,139.00,139.00,139.00,139.00,139.00,139.00,139.00,139.00
2026-08-20 19:16:57,139.00,139.00,139.00,139.00,139.00,139.00,139.00,139.00
2026-08-20 19:27:06,139.00,139.00,139.00,139.00,139.00,139.00,139.00,139.00
2026-08-20 19:37:10,139.00,139.00,139.00,139.00,139.00,139.00,139.00,139.00
2026-08-20 19:47:03,139.00,139.00,139.00,139.00,139.00,139.00,139.00,139.00
2026-08-20 19:57:01,139.00,139.00,139.00,139.00,139.00,139.00,139.00,139.00
2026-08-20 20:07:08,139.00,139.00,139.00,139.00,139.00,139.00,139.00,139.00
2026-08-20 20:16:52,139.00,139.00,139.00,139.00,139.00,139.00,139.00,139.00
2026-08-20 20:26:31,139.00,139.00,139.00,139.00,139.00,139.00,139.00,139.00
2026-08-20 20:36:56,139.00,139.00,139.00,139.00,139.00,139.00,139.00,139.00
2026-08-20 20:46:57,139.00,139.00,139.00,139.00,139.00,139.00,139.00,139.00
2026-08-20 20:56:51,139.00,139.00,139.00,139.00,139.00,139.00,139.00,139.00
2026-08-20 21:07:00,139.00,139.00,139.00,139.00,139.00,139.00,139.00,139.00
2026-08-20 21:16:49,139.00,139.00,139.00,139.00,139.00,139.00,139.00,139.00
2026-08-20 21:27:06,139.00,139.00,139.00,139.00,139.00,139.00,139.00,139.00
2026-08-20 21:36:57,139.00,139.00,139.00,139.00,139.00,139.00,139.00,139.00
2026-08-20 21:46:59,139.00,139.00,139.00,139.00,139.00,139.00,139.00,139.00
2026-08-20 21:56:55,139.00,139.00,139.00,139.00,139.00,139.00,139.00,139.00
2026-08-20 22:06:57,139.00,139.00,139.00,139.00,139.00,139.00,139.00,139.00
2026-08-20 22:17:01,139.00,139.00,139.00,139.00,139.00,139.00,139.00,139.00
2026-08-20 22:27:05,139.00,139.00,139.00,139.00,139.00,139.00,139.00,139.00
2026-08-20 22:37:14,139.00,139.00,139.00,139.00,139.00,139.00,139.00,139.00
2026-08-20 22:46:46,139.00,139.00,139.00,139.00,139.00,139.00,139.00,139.00
2026-08-20 22:56:37,139.00,139.00,139.00,139.00,139.00,139.00,139.00,139.00
2026-08-20 23:07:09,139.00,139.00,139.00,139.00,139.00,139.00,154.00,139.00
2026-08-20 23:16:56,139.00,139.00,139.00,139.00,139.00,139.00,154.00,139.00
2026-08-20 23:26:44,139.00,139.00,139.00,139.00,139.00,139.00,154.00,139.00
2026-08-20 23:37:06,139.00,139.00,139.00,139.00,139.00,139.00,154.00,139.00
2026-08-20 23:47:17,139.00,139.00,139.00,139.00,139.00,139.00,154.00,139.00
2026-08-20 23:56:58,139.00,139.00,139.00,139.00,139.00,139.00,154.00,139.00
2026-08-21 00:07:32,139.00,139.00,139.00,139.00,139.00,139.00,154.00,139.00
2026-08-21 00:17:08,139.00,139.00,139.00,139.00,139.00,139.00,154.00,139.00
2026-08-21 00:27:32,139.00,139.00,139.00,139.00,139.00,139.00,154.00,139.00
2026-08-21 00:37:27,139.00,139.00,139.00,139.00,139.00,139.00,154.00,139.00
2026-08-21 00:57:07,139.00,139.00,139.00,139.00,139.00,139.00,154.00,139.00
2026-08-21 01:07:16,139.00,139.00,139.00,139.00,139.00,139.00,154.00,139.00
2026-08-21 01:17:16,139.00,139.00,139.00,139.00,139.00,139.00,154.00,139.00
2026-08-21 01:26:49,139.00,139.00,139.00,139.00,139.00,139.00,154.00,139.00
2026-08-21 01:37:08,139.00,139.00,139.00,139.00,139.00,139.00,154.00,139.00
2026-08-21 01:46:51,139.00,139.00,139.00,139.00,139.00,139.00,154.00,139.00
2026-08-21 01:57:01,139.00,139.00,139.00,139.00,139.00,139.00,154.00,139.00
2026-08-21 02:07:07,139.00,139.00,139.00,139.00,139.00,139.00,154.00,139.00
2026-08-21 02:16:49,139.00,139.00,139.00,139.00,139.00,139.00,154.00,139.00
2026-08-21 02:27:24,139.00,139.00,139.00,139.00,139.00,139.00,154.00,139.00
2026-08-21 02:37:26,139.00,139.00,139.00,139.00,139.00,139.00,154.00,139.00
2026-08-21 02:47:23,139.00,139.00,139.00,139.00,139.00,139.00,154.00,139.00
2026-08-21 02:57:12,139.00,139.00,139.00,139.00,139.00,139.00,154.00,139.00
2026-08-21 03:07:17,139.00,139.00,139.00,139.00,139.00,139.00,154.00,139.00
2026-08-21 03:17:12,139.00,139.00,139.00,139.00,139.00,139.00,154.00,139.00
2026-08-21 03:27:07,139.00,139.00,139.00,139.00,139.00,139.00,154.00,139.00
2026-08-21 03:36:59,139.00,139.00,139.00,139.00,139.00,139.00,154.00,139.00
2026-08-21 03:47:11,139.00,139.00,139.00,139.00,139.00,139.00,154.00,139.00
2026-08-21 03:57:01,139.00,139.00,139.00,139.00,139.00,139.00,154.00,139.00
2026-08-21 04:07:21,139.00,139.00,139.00,139.00,139.00,139.00,154.00,139.00
2026-08-21 04:16:56,139.00,139.00,139.00,139.00,139.00,139.00,154.00,139.00
2026-08-21 04:26:52,139.00,139.00,139.00,139.00,139.00,139.00,154.00,139.00
2026-08-21 04:36:38,139.00,139.00,139.00,139.00,139.00,139.00,154.00,139.00
2026-08-21 04:47:05,139.00,139.00,139.00,139.00,139.00,139.00,154.00,139.00
2026-08-21 04:57:21,139.00,139.00,139.00,139.00,139.00,139.00,154.00,139.00
2026-08-21 05:07:18,139.00,139.00,152.00,139.00,139.00,139.00,154.00,139.00
2026-08-21 05:17:05,139.00,139.00,152.00,139.00,139.00,139.00,154.00,139.00
2026-08-21 05:27:07,139.00,139.00,152.00,139.00,139.00,139.00,154.00,139.00
2026-08-21 05:36:55,139.00,139.00,152.00,139.00,139.00,139.00,154.00,139.00
2026-08-21 05:46:48,139.00,139.00,152.00,139.00,139.00,139.00,154.00,139.00
2026-08-21 05:57:11,139.00,139.00,152.00,139.00,139.00,139.00,154.00,139.00
2026-08-21 06:06:46,139.00,139.00,152.00,139.00,139.00,139.00,154.00,139.00
2026-08-21 06:17:10,139.00,139.00,152.00,139.00,139.00,139.00,154.00,139.00
2026-08-21 06:26:49,139.00,139.00,152.00,139.00,139.00,139.00,154.00,139.00
2026-08-21 06:37:10,139.00,139.00,152.00,139.00,139.00,139.00,154.00,139.00
2026-08-21 06:46:58,139.00,139.00,152.00,139.00,139.00,139.00,154.00,139.00
2026-08-21 06:56:59,139.00,139.00,152.00,139.00,139.00,139.00,154.00,139.00
2026-08-21 07:07:29,139.00,139.00,152.00,139.00,139.00,139.00,154.00,139.00
2026-08-21 07:17:09,139.00,139.00,152.00,139.00,139.00,139.00,154.00,139.00
2026-08-21 07:27:08,139.00,139.00,152.00,139.00,139.00,139.00,154.00,139.00
2026-08-21 07:37:04,139.00,139.00,152.00,139.00,139.00,139.00,154.00,139.00
2026-08-21 07:46:39,139.00,139.00,139.00,139.00,139.00,139.00,154.00,139.00
2026-08-21 07:56:58,139.00,139.00,139.00,139.00,139.00,139.00,154.00,139.00
2026-08-21 08:07:05,139.00,139.00,139.00,139.00,139.00,139.00,154.00,139.00
2026-08-21 08:17:04,139.00,139.00,139.00,139.00,139.00,139.00,154.00,139.00
2026-08-21 08:27:03,139.00,139.00,139.00,139.00,139.00,139.00,154.00,139.00
2026-08-21 08:37:07,139.00,139.00,139.00,139.00,139.00,139.00,139.00,139.00
2026-08-21 08:46:59,139.00,139.00,139.00,139.00,139.00,139.00,139.00,139.00
2026-08-21 08:57:02,139.00,139.00,139.00,139.00,139.00,139.00,139.00,139.00
2026-08-21 09:06:51,139.00,139.00,139.00,139.00,139.00,139.00,139.00,139.00
2026-08-21 09:17:10,139.00,139.00,139.00,139.00,139.00,139.00,139.00,139.00
2026-08-21 09:27:13,139.00,139.00,139.00,139.00,139.00,139.00,139.00,139.00
2026-08-21 09:37:07,139.00,139.00,139.00,139.00,139.00,139.00,139.00,139.00
2026-08-21 09:47:05,139.00,139.00,139.00,139.00,139.00,139.00,139.00,139.00
2026-08-21 09:56:47,139.00,139.00,139.00,139.00,139.00,139.00,139.00,139.00
2026-08-21 10:07:14,139.00,139.00,139.00,139.00,139.00,139.00,139.00,139.00
2026-08-21 10:17:04,139.00,139.00,139.00,139.00,139.00,139.00,139.00,139.00
2026-08-21 10:27:09,139.00,139.00,139.00,139.00,139.00,139.00,139.00,139.00
2026-08-21 10:37:17,139.00,139.00,139.00,139.00,139.00,139.00,139.00,139.00
2026-08-21 10:47:06,139.00,139.00,139.00,139.00,139.00,139.00,139.00,139.00
2026-08-21 10:58:09,139.00,139.00,139.00,139.00,139.00,139.00,139.00,139.00
2026-08-21 11:07:39,139.00,139.00,139.00,139.00,139.00,139.00,139.00,139.00
2026-08-21 11:16:57,139.00,139.00,139.00,139.00,139.00,139.00,139.00,139.00
2026-08-21 11:27:08,139.00,139.00,139.00,139.00,139.00,139.00,139.00,139.00
2026-08-21 11:36:52,139.00,139.00,139.00,139.00,139.00,139.00,139.00,139.00
2026-08-21 11:47:13,139.00,139.00,139.00,139.00,139.00,139.00,139.00,139.00
2026-08-21 11:57:02,139.00,139.00,139.00,139.00,139.00,139.00,139.00,139.00
2026-08-21 12:07:18,139.00,139.00,139.00,139.00,139.00,139.00,139.00,139.00
2026-08-21 12:17:18,139.00,139.00,139.00,139.00,139.00,139.00,139.00,139.00
2026-08-21 12:27:07,139.00,139.00,139.00,139.00,139.00,139.00,139.00,139.00
2026-08-21 12:36:51,139.00,139.00,139.00,139.00,139.00,139.00,139.00,139.00
2026-08-21 12:47:22,139.00,139.00,139.00,139.00,139.00,139.00,139.00,139.00
2026-08-21 12:56:41,139.00,139.00,139.00,139.00,139.00,139.00,139.00,139.00
2026-08-21 13:07:06,139.00,139.00,139.00,139.00,139.00,139.00,139.00,139.00
2026-08-21 13:16:58,139.00,139.00,139.00,139.00,139.00,139.00,139.00,139.00
2026-08-21 13:27:01,139.00,139.00,152.00,139.00,139.00,139.00,139.00,139.00
2026-08-21 13:37:29,139.00,,152.00,139.00,,139.00,,139.00
2026-08-21 13:47:09,139.00,139.00,152.00,139.00,139.00,139.00,139.00,139.00
2026-08-21 13:57:14,139.00,139.00,152.00,139.00,139.00,139.00,139.00,139.00
2026-08-21 14:07:34,139.00,139.00,152.00,139.00,139.00,139.00,139.00,139.00
2026-08-21 14:17:08,139.00,139.00,139.00,139.00,139.00,139.00,139.00,139.00
2026-08-21 14:27:11,139.00,139.00,139.00,139.00,139.00,139.00,139.00,139.00
2026-08-21 14:37:07,139.00,139.00,139.00,139.00,139.00,139.00,139.00,139.00
2026-08-21 14:47:23,139.00,139.00,139.00,139.00,139.00,139.00,139.00,139.00
2026-08-21 14:56:42,139.00,139.00,139.00,139.00,139.00,139.00,139.00,139.00
2026-08-21 15:06:43,139.00,139.00,139.00,139.00,139.00,139.00,139.00,139.00
2026-08-21 15:16:53,139.00,139.00,139.00,139.00,139.00,139.00,139.00,139.00
2026-08-21 15:27:18,139.00,139.00,139.00,139.00,139.00,139.00,139.00,139.00
2026-08-21 15:37:17,139.00,139.00,139.00,139.00,139.00,139.00,139.00,139.00
2026-08-21 15:47:26,139.00,139.00,139.00,139.00,139.00,139.00,139.00,139.00
2026-08-21 15:57:20,139.00,139.00,139.00,139.00,139.00,139.00,139.00,139.00
2026-08-21 16:07:40,139.00,139.00,139.00,139.00,139.00,139.00,139.00,139.00
2026-08-21 16:17:26,139.00,139.00,139.00,139.00,139.00,139.00,139.00,139.00
2026-08-21 16:26:43,,139.00,,,139.00,,139.00,
2026-08-21 16:37:18,139.00,139.00,139.00,139.00,139.00,139.00,139.00,139.00
2026-08-21 16:47:11,139.00,139.00,152.00,139.00,139.00,139.00,139.00,139.00
2026-08-21 16:57:05,139.00,139.00,152.00,139.00,139.00,139.00,139.00,139.00
2026-08-21 17:06:35,139.00,139.00,152.00,139.00,139.00,139.00,139.00,139.00
2026-08-21 17:17:10,139.00,139.00,152.00,139.00,139.00,139.00,139.00,139.00
2026-08-21 17:27:15,139.00,139.00,139.00,139.00,139.00,139.00,139.00,139.00
2026-08-21 17:37:30,139.00,139.00,139.00,139.00,139.00,139.00,139.00,139.00
2026-08-21 17:46:58,139.00,139.00,139.00,139.00,139.00,139.00,139.00,139.00
2026-08-21 17:57:36,139.00,139.00,139.00,139.00,139.00,139.00,139.00,139.00
2026-08-21 18:07:43,139.00,139.00,139.00,139.00,139.00,139.00,139.00,139.00
2026-08-21 18:17:14,139.00,139.00,139.00,139.00,139.00,139.00,139.00,139.00
2026-08-21 18:27:15,139.00,139.00,152.00,139.00,139.00,139.00,139.00,139.00
2026-08-21 18:37:23,139.00,139.00,152.00,139.00,139.00,139.00,139.00,152.00
2026-08-21 18:47:14,139.00,139.00,152.00,139.00,139.00,139.00,139.00,152.00
2026-08-21 18:57:18,139.00,139.00,152.00,139.00,139.00,139.00,139.00,152.00
2026-08-21 19:06:56,139.00,139.00,152.00,139.00,139.00,139.00,139.00,152.00
2026-08-21 19:17:30,139.00,,152.00,139.00,,139.00,,152.00
2026-08-21 19:26:55,139.00,139.00,152.00,139.00,139.00,139.00,139.00,152.00
2026-08-21 19:37:18,139.00,139.00,152.00,139.00,139.00,139.00,139.00,152.00
2026-08-21 19:47:15,139.00,139.00,152.00,139.00,139.00,139.00,139.00,152.00
2026-08-21 19:57:12,139.00,139.00,152.00,139.00,139.00,139.00,139.00,152.00
2026-08-21 20:07:23,139.00,139.00,152.00,139.00,139.00,139.00,139.00,152.00
2026-08-21 20:16:32,139.00,139.00,152.00,139.00,139.00,139.00,139.00,152.00
2026-08-21 20:27:23,139.00,139.00,152.00,139.00,139.00,139.00,139.00,152.00
2026-08-21 20:37:27,139.00,139.00,152.00,139.00,139.00,139.00,139.00,152.00
2026-08-21 20:47:28,139.00,139.00,152.00,139.00,139.00,139.00,139.00,152.00
2026-08-21 20:57:19,139.00,139.00,152.00,139.00,139.00,139.00,139.00,152.00
2026-08-21 21:07:23,139.00,139.00,152.00,139.00,139.00,139.00,139.00,152.00
2026-08-21 21:17:28,139.00,139.00,152.00,139.00,139.00,139.00,139.00,152.00
2026-08-21 21:27:09,139.00,139.00,152.00,139.00,139.00,139.00,139.00,152.00
2026-08-21 21:37:35,139.00,139.00,152.00,139.00,139.00,139.00,139.00,152.00
2026-08-21 21:47:10,139.00,139.00,152.00,139.00,139.00,139.00,139.00,152.00
2026-08-21 21:57:23,139.00,139.00,152.00,139.00,139.00,139.00,139.00,152.00
2026-08-21 22:07:50,139.00,139.00,152.00,139.00,139.00,139.00,139.00,152.00
2026-08-21 22:17:13,139.00,139.00,152.00,139.00,139.00,139.00,139.00,152.00
2026-08-21 22:27:21,139.00,139.00,152.00,139.00,139.00,139.00,139.00,152.00
2026-08-21 22:37:01,139.00,139.00,152.00,139.00,139.00,139.00,139.00,152.00
2026-08-21 22:47:30,139.00,139.00,152.00,139.00,139.00,139.00,139.00,152.00
2026-08-21 22:57:15,139.00,139.00,152.00,139.00,139.00,139.00,139.00,152.00
2026-08-21 23:07:43,139.00,139.00,152.00,139.00,139.00,139.00,139.00,152.00
2026-08-21 23:17:13,139.00,139.00,152.00,139.00,139.00,139.00,139.00,152.00
2026-08-21 23:27:16,139.00,139.00,152.00,139.00,139.00,139.00,139.00,152.00
2026-08-21 23:37:24,139.00,139.00,152.00,139.00,139.00,139.00,139.00,152.00
2026-08-21 23:47:17,139.00,139.00,152.00,139.00,139.00,139.00,139.00,152.00
2026-08-21 23:57:14,139.00,139.00,152.00,139.00,139.00,139.00,139.00,152.00
2026-08-22 00:07:34,139.00,139.00,152.00,139.00,139.00,139.00,139.00,152.00
2026-08-22 00:16:31,139.00,139.00,152.00,139.00,139.00,139.00,139.00,152.00
2026-08-22 00:27:18,139.00,139.00,152.00,139.00,139.00,139.00,139.00,152.00
2026-08-22 00:37:41,139.00,139.00,152.00,139.00,139.00,139.00,139.00,152.00
2026-08-22 00:47:19,139.00,139.00,152.00,139.00,139.00,139.00,139.00,152.00
2026-08-22 00:56:51,139.00,139.00,152.00,139.00,139.00,139.00,139.00,152.00
2026-08-22 01:07:29,139.00,,152.00,139.00,,139.00,,152.00
2026-08-22 01:17:14,139.00,139.00,152.00,139.00,139.00,139.00,139.00,152.00
2026-08-22 01:27:29,,139.00,,,139.00,,139.00,
2026-08-22 01:37:25,139.00,139.00,152.00,139.00,139.00,139.00,139.00,152.00
2026-08-22 01:47:36,139.00,139.00,154.00,139.00,139.00,139.00,139.00,154.00
2026-08-22 01:57:30,139.00,139.00,154.00,139.00,139.00,139.00,139.00,154.00
2026-08-22 02:07:40,139.00,139.00,154.00,139.00,139.00,139.00,139.00,154.00
2026-08-22 02:17:14,139.00,139.00,154.00,139.00,139.00,139.00,139.00,154.00
2026-08-22 02:27:42,139.00,139.00,154.00,139.00,139.00,139.00,139.00,154.00
2026-08-22 02:37:38,139.00,139.00,154.00,139.00,139.00,139.00,139.00,154.00
2026-08-22 02:47:33,139.00,139.00,154.00,139.00,139.00,139.00,139.00,154.00
2026-08-22 02:57:02,139.00,139.00,154.00,139.00,139.00,139.00,139.00,154.00
2026-08-22 03:06:56,139.00,139.00,154.00,139.00,139.00,139.00,139.00,154.00
2026-08-22 03:17:30,139.00,139.00,154.00,139.00,139.00,139.00,139.00,154.00
2026-08-22 03:27:33,139.00,139.00,154.00,139.00,139.00,139.00,139.00,154.00
2026-08-22 03:37:33,139.00,139.00,154.00,139.00,139.00,139.00,139.00,154.00
2026-08-22 03:47:10,139.00,139.00,154.00,139.00,139.00,139.00,139.00,154.00
2026-08-22 03:57:35,139.00,139.00,154.00,139.00,139.00,139.00,139.00,154.00
2026-08-22 04:07:32,139.00,139.00,154.00,139.00,139.00,139.00,139.00,154.00
2026-08-22 04:17:25,139.00,139.00,154.00,139.00,139.00,139.00,139.00,154.00
2026-08-22 04:27:17,139.00,139.00,154.00,139.00,139.00,139.00,139.00,154.00
2026-08-22 04:37:20,139.00,139.00,154.00,139.00,139.00,139.00,139.00,154.00
2026-08-22 04:47:20,139.00,139.00,154.00,139.00,139.00,139.00,139.00,154.00
2026-08-22 04:57:27,139.00,139.00,154.00,139.00,139.00,139.00,139.00,154.00
2026-08-22 05:07:27,139.00,139.00,154.00,139.00,139.00,139.00,139.00,154.00
2026-08-22 05:17:27,139.00,139.00,154.00,139.00,139.00,139.00,139.00,154.00
2026-08-22 05:27:38,139.00,139.00,154.00,139.00,139.00,139.00,139.00,154.00
2026-08-22 05:36:33,139.00,139.00,154.00,139.00,139.00,139.00,139.00,154.00
2026-08-22 05:47:33,139.00,139.00,154.00,139.00,139.00,139.00,139.00,154.00
2026-08-22 05:56:54,139.00,139.00,154.00,139.00,139.00,139.00,139.00,154.00
2026-08-22 06:07:30,139.00,139.00,154.00,139.00,139.00,139.00,139.00,154.00
2026-08-22 06:17:42,139.00,139.00,154.00,139.00,139.00,139.00,139.00,154.00
2026-08-22 06:27:37,139.00,139.00,154.00,139.00,139.00,139.00,139.00,154.00
2026-08-22 06:37:38,139.00,139.00,154.00,139.00,139.00,139.00,139.00,154.00
2026-08-22 06:47:13,139.00,139.00,154.00,139.00,139.00,139.00,139.00,154.00
2026-08-22 06:56:40,139.00,139.00,154.00,139.00,139.00,139.00,139.00,154.00
2026-08-22 07:07:40,139.00,139.00,154.00,139.00,139.00,139.00,139.00,154.00
2026-08-22 07:17:25,139.00,139.00,152.00,139.00,139.00,139.00,139.00,154.00
2026-08-22 07:27:42,139.00,139.00,152.00,139.00,139.00,139.00,139.00,154.00
2026-08-22 07:37:38,139.00,139.00,152.00,139.00,139.00,139.00,139.00,154.00
2026-08-22 07:47:46,139.00,139.00,152.00,139.00,139.00,139.00,139.00,154.00
2026-08-22 07:57:34,139.00,139.00,152.00,139.00,139.00,139.00,139.00,154.00
2026-08-22 08:07:49,139.00,139.00,152.00,139.00,139.00,139.00,139.00,154.00
2026-08-22 08:17:29,139.00,139.00,154.00,139.00,139.00,139.00,139.00,139.00
2026-08-22 08:27:47,139.00,139.00,,,139.00,,139.00,
2026-08-22 08:37:46,139.00,139.00,,,139.00,,139.00,
2026-08-22 08:47:28,139.00,139.00,,,139.00,,139.00,
2026-08-22 08:57:03,139.00,139.00,,,139.00,,139.00,
2026-08-22 09:07:46,139.00,139.00,,,139.00,,139.00,
2026-08-22 09:17:12,139.00,139.00,,,139.00,,139.00,
2026-08-22 09:27:43,139.00,139.00,,,139.00,,139.00,
2026-08-22 09:37:32,139.00,139.00,154.00,139.00,139.00,139.00,139.00,139.00
2026-08-22 09:47:38,139.00,139.00,154.00,139.00,139.00,139.00,139.00,139.00
2026-08-22 09:56:52,139.00,139.00,154.00,139.00,139.00,139.00,139.00,139.00
2026-08-22 10:07:23,139.00,139.00,154.00,139.00,139.00,139.00,139.00,139.00
2026-08-22 10:27:33,139.00,139.00,154.00,139.00,139.00,139.00,139.00,139.00
2026-08-22 10:37:48,139.00,139.00,154.00,139.00,139.00,139.00,139.00,139.00
2026-08-22 10:47:43,139.00,139.00,154.00,139.00,139.00,139.00,139.00,139.00
2026-08-22 10:57:33,139.00,139.00,154.00,139.00,139.00,139.00,139.00,139.00
2026-08-22 11:07:35,139.00,139.00,154.00,139.00,139.00,139.00,139.00,139.00
2026-08-22 11:17:34,139.00,139.00,154.00,139.00,139.00,139.00,139.00,139.00
2026-08-22 11:27:27,139.00,139.00,154.00,139.00,139.00,139.00,139.00,139.00
2026-08-22 11:37:45,139.00,139.00,154.00,139.00,139.00,139.00,139.00,139.00
2026-08-22 11:47:35,139.00,139.00,154.00,139.00,139.00,139.00,139.00,139.00
2026-08-22 11:57:35,139.00,139.00,154.00,139.00,139.00,139.00,139.00,139.00
2026-08-22 12:07:49,139.00,139.00,154.00,139.00,139.00,139.00,139.00,139.00
2026-08-22 12:17:00,139.00,139.00,154.00,139.00,139.00,139.00,139.00,139.00
2026-08-22 12:26:56,139.00,139.00,154.00,139.00,139.00,139.00,139.00,139.00
2026-08-22 12:37:46,139.00,139.00,154.00,139.00,139.00,139.00,139.00,139.00
2026-08-22 12:47:25,139.00,139.00,154.00,139.00,139.00,139.00,139.00,139.00
2026-08-22 12:57:41,139.00,139.00,154.00,139.00,139.00,139.00,139.00,139.00
2026-08-22 13:07:19,139.00,139.00,154.00,139.00,139.00,139.00,139.00,139.00
2026-08-22 13:17:08,139.00,139.00,154.00,139.00,139.00,139.00,139.00,139.00
2026-08-22 13:27:45,139.00,139.00,154.00,139.00,139.00,139.00,139.00,139.00
2026-08-22 13:37:33,139.00,139.00,154.00,139.00,139.00,139.00,139.00,139.00
2026-08-22 13:47:00,139.00,139.00,154.00,139.00,139.00,139.00,139.00,139.00
2026-08-22 13:57:19,139.00,139.00,154.00,139.00,139.00,139.00,139.00,139.00
2026-08-22 14:07:44,139.00,139.00,154.00,139.00,139.00,139.00,139.00,139.00
2026-08-22 14:17:34,139.00,139.00,154.00,139.00,139.00,139.00,139.00,139.00
2026-08-22 14:27:32,139.00,139.00,154.00,139.00,139.00,139.00,139.00,139.00
2026-08-22 14:37:40,139.00,139.00,154.00,139.00,139.00,139.00,139.00,139.00
2026-08-22 14:47:35,139.00,139.00,154.00,139.00,139.00,139.00,139.00,139.00
2026-08-22 14:57:39,139.00,139.00,154.00,139.00,139.00,139.00,139.00,139.00
2026-08-22 15:07:23,139.00,139.00,154.00,139.00,139.00,139.00,139.00,139.00
2026-08-22 15:17:18,139.00,139.00,154.00,139.00,139.00,139.00,139.00,139.00
2026-08-22 15:27:54,139.00,139.00,154.00,139.00,139.00,139.00,139.00,139.00
2026-08-22 15:37:35,139.00,139.00,154.00,139.00,139.00,139.00,139.00,139.00
2026-08-22 15:47:52,139.00,139.00,154.00,139.00,139.00,139.00,139.00,139.00
2026-08-22 15:57:18,139.00,139.00,154.00,139.00,139.00,139.00,139.00,139.00
2026-08-22 16:07:25,139.00,139.00,154.00,139.00,139.00,139.00,139.00,139.00
2026-08-22 16:17:29,139.00,139.00,154.00,139.00,139.00,139.00,139.00,139.00
2026-08-22 16:27:31,139.00,139.00,154.00,139.00,139.00,139.00,139.00,139.00
2026-08-22 16:37:52,139.00,139.00,154.00,139.00,139.00,139.00,139.00,139.00
2026-08-22 16:46:42,139.00,139.00,154.00,139.00,139.00,139.00,139.00,139.00
2026-08-22 16:57:04,139.00,139.00,154.00,139.00,139.00,139.00,139.00,139.00
2026-08-22 17:17:09,139.00,139.00,,,139.00,,139.00,
2026-08-22 17:27:41,139.00,139.00,,,139.00,,139.00,
2026-08-22 17:37:36,139.00,139.00,,,139.00,,139.00,
2026-08-22 17:47:26,139.00,139.00,,,139.00,,139.00,
2026-08-22 17:57:47,139.00,139.00,,,139.00,,139.00,
2026-08-22 18:07:54,139.00,139.00,,,139.00,,139.00,
2026-08-22 18:17:54,139.00,139.00,152.00,139.00,139.00,139.00,139.00,139.00
2026-08-22 18:27:36,139.00,139.00,152.00,139.00,139.00,139.00,139.00,139.00
2026-08-22 18:37:42,139.00,139.00,152.00,139.00,139.00,139.00,139.00,139.00
2026-08-22 18:47:51,139.00,139.00,152.00,139.00,139.00,139.00,139.00,139.00
2026-08-22 18:57:37,139.00,139.00,152.00,139.00,139.00,139.00,139.00,139.00
2026-08-22 19:07:52,139.00,139.00,152.00,139.00,139.00,139.00,139.00,139.00
2026-08-22 19:17:35,139.00,139.00,152.00,139.00,139.00,139.00,139.00,139.00
2026-08-22 19:27:29,139.00,139.00,152.00,139.00,139.00,139.00,139.00,139.00
2026-08-22 19:37:59,139.00,139.00,152.00,139.00,139.00,139.00,139.00,139.00
2026-08-22 19:47:39,139.00,139.00,152.00,139.00,139.00,139.00,139.00,139.00
2026-08-22 19:57:35,139.00,139.00,152.00,139.00,139.00,139.00,139.00,139.00
2026-08-22 20:08:08,139.00,,152.00,139.00,,139.00,,139.00
2026-08-22 20:18:00,139.00,139.00,152.00,139.00,139.00,139.00,139.00,139.00
2026-08-22 20:28:05,139.00,139.00,152.00,139.00,139.00,139.00,139.00,139.00
2026-08-22 20:37:47,139.00,139.00,152.00,139.00,139.00,139.00,139.00,139.00
2026-08-22 20:47:29,139.00,139.00,152.00,139.00,139.00,139.00,139.00,139.00
2026-08-22 20:57:48,139.00,139.00,152.00,139.00,139.00,139.00,139.00,139.00
2026-08-22 21:07:42,139.00,139.00,152.00,139.00,139.00,139.00,139.00,139.00
2026-08-22 21:17:30,139.00,139.00,152.00,139.00,139.00,139.00,139.00,139.00
2026-08-22 21:27:16,139.00,139.00,152.00,139.00,139.00,139.00,139.00,139.00
2026-08-22 21:37:56,139.00,,152.00,139.00,,139.00,,139.00
2026-08-22 21:47:35,139.00,139.00,152.00,139.00,139.00,139.00,139.00,139.00
2026-08-22 21:57:41,139.00,139.00,152.00,139.00,139.00,139.00,139.00,139.00
2026-08-22 22:07:32,139.00,139.00,152.00,139.00,139.00,139.00,139.00,139.00
2026-08-22 22:17:29,139.00,139.00,152.00,139.00,139.00,139.00,139.00,139.00
2026-08-22 22:27:42,139.00,139.00,152.00,139.00,139.00,139.00,139.00,139.00
2026-08-22 22:37:41,139.00,139.00,152.00,139.00,139.00,139.00,139.00,139.00
2026-08-22 22:47:30,139.00,139.00,152.00,139.00,139.00,139.00,139.00,139.00
2026-08-22 22:57:11,139.00,139.00,152.00,139.00,139.00,139.00,139.00,139.00
2026-08-22 23:07:16,139.00,139.00,152.00,139.00,139.00,139.00,139.00,139.00
2026-08-22 23:17:23,139.00,139.00,152.00,139.00,139.00,139.00,139.00,139.00
2026-08-22 23:27:55,139.00,139.00,152.00,139.00,139.00,139.00,139.00,139.00
2026-08-22 23:37:45,139.00,139.00,152.00,139.00,139.00,139.00,139.00,139.00
2026-08-22 23:47:49,139.00,139.00,152.00,139.00,139.00,139.00,139.00,139.00
2026-08-22 23:57:02,139.00,139.00,152.00,139.00,139.00,139.00,139.00,139.00
2026-08-23 00:08:00,139.00,139.00,152.00,139.00,139.00,139.00,139.00,139.00
2026-08-23 00:17:49,139.00,139.00,152.00,139.00,139.00,139.00,139.00,139.00
2026-08-23 00:27:42,139.00,139.00,152.00,139.00,139.00,139.00,139.00,139.00
2026-08-23 00:37:16,139.00,139.00,152.00,139.00,139.00,139.00,139.00,139.00
2026-08-23 00:47:52,139.00,139.00,152.00,139.00,139.00,139.00,139.00,139.00
2026-08-23 01:08:08,139.00,139.00,152.00,139.00,139.00,139.00,139.00,139.00
2026-08-23 01:17:57,139.00,139.00,152.00,139.00,139.00,139.00,139.00,139.00
2026-08-23 01:28:16,139.00,139.00,152.00,139.00,139.00,139.00,139.00,139.00
2026-08-23 01:38:04,139.00,139.00,152.00,139.00,139.00,139.00,139.00,139.00
2026-08-23 01:47:46,139.00,139.00,152.00,139.00,139.00,139.00,139.00,139.00
2026-08-23 01:57:55,139.00,139.00,152.00,139.00,139.00,139.00,139.00,139.00
2026-08-23 02:08:07,139.00,139.00,152.00,139.00,139.00,139.00,139.00,139.00
2026-08-23 02:16:54,139.00,139.00,152.00,139.00,139.00,139.00,139.00,139.00
2026-08-23 02:27:30,139.00,139.00,153.00,139.00,139.00,139.00,139.00,139.00
2026-08-23 02:38:03,139.00,139.00,153.00,139.00,139.00,139.00,139.00,139.00
2026-08-23 02:47:49,139.00,139.00,153.00,139.00,139.00,139.00,139.00,139.00
2026-08-23 02:57:21,139.00,139.00,153.00,139.00,139.00,139.00,139.00,139.00
2026-08-23 03:08:09,139.00,139.00,153.00,139.00,139.00,139.00,139.00,139.00
2026-08-23 03:18:03,139.00,139.00,153.00,139.00,139.00,139.00,139.00,139.00
2026-08-23 03:28:05,139.00,139.00,153.00,139.00,139.00,139.00,139.00,139.00
2026-08-23 03:37:34,139.00,139.00,153.00,139.00,139.00,139.00,139.00,139.00
2026-08-23 03:47:18,139.00,139.00,153.00,139.00,139.00,139.00,139.00,139.00
2026-08-23 03:57:59,139.00,139.00,153.00,139.00,139.00,139.00,139.00,139.00
2026-08-23 04:08:07,139.00,139.00,153.00,139.00,139.00,139.00,139.00,139.00
2026-08-23 04:17:58,139.00,139.00,153.00,139.00,139.00,139.00,139.00,139.00
2026-08-23 04:27:36,139.00,139.00,153.00,139.00,139.00,139.00,139.00,139.00
2026-08-23 04:38:08,139.00,139.00,153.00,139.00,139.00,139.00,139.00,139.00
2026-08-23 04:47:06,139.00,139.00,153.00,139.00,139.00,139.00,139.00,139.00
2026-08-23 04:57:43,139.00,139.00,153.00,139.00,139.00,139.00,139.00,139.00
2026-08-23 05:08:01,139.00,139.00,153.00,139.00,139.00,139.00,139.00,139.00
2026-08-23 05:18:05,139.00,139.00,153.00,139.00,139.00,139.00,139.00,139.00
2026-08-23 05:27:53,139.00,139.00,153.00,139.00,139.00,139.00,139.00,139.00
2026-08-23 05:38:04,139.00,139.00,153.00,139.00,139.00,139.00,139.00,139.00
2026-08-23 05:48:08,,139.00,,,139.00,,139.00,
2026-08-23 05:57:58,139.00,139.00,153.00,139.00,139.00,139.00,139.00,139.00
2026-08-23 06:08:10,139.00,139.00,153.00,139.00,139.00,139.00,139.00,139.00
2026-08-23 06:17:57,139.00,139.00,153.00,139.00,139.00,139.00,139.00,139.00
2026-08-23 06:28:57,139.00,139.00,153.00,139.00,139.00,139.00,139.00,139.00
2026-08-23 06:38:02,139.00,139.00,153.00,139.00,139.00,139.00,139.00,139.00
2026-08-23 06:48:03,139.00,139.00,153.00,139.00,139.00,139.00,139.00,139.00
2026-08-23 06:57:54,139.00,139.00,153.00,139.00,139.00,139.00,139.00,139.00
2026-08-23 07:08:16,139.00,139.00,153.00,139.00,139.00,139.00,139.00,139.00
2026-08-23 07:18:00,139.00,139.00,153.00,139.00,139.00,139.00,139.00,139.00
2026-08-23 07:28:03,139.00,139.00,153.00,139.00,139.00,139.00,139.00,139.00
2026-08-23 07:37:35,139.00,139.00,153.00,139.00,139.00,139.00,139.00,139.00
2026-08-23 07:48:31,139.00,139.00,153.00,139.00,139.00,139.00,139.00,139.00
2026-08-23 07:57:12,139.00,139.00,153.00,139.00,139.00,139.00,139.00,139.00
2026-08-23 08:08:27,139.00,139.00,153.00,139.00,139.00,139.00,139.00,139.00
2026-08-23 08:18:18,139.00,139.00,153.00,139.00,139.00,139.00,139.00,139.00
2026-08-23 08:27:36,139.00,139.00,153.00,139.00,139.00,139.00,139.00,139.00
2026-08-23 08:38:05,139.00,139.00,153.00,139.00,139.00,139.00,139.00,139.00
2026-08-23 08:47:09,139.00,139.00,153.00,139.00,139.00,139.00,139.00,139.00
2026-08-23 08:58:10,139.00,139.00,153.00,139.00,139.00,139.00,139.00,139.00
2026-08-23 09:08:08,139.00,139.00,153.00,139.00,139.00,139.00,139.00,139.00
2026-08-23 09:18:08,139.00,139.00,153.00,139.00,139.00,139.00,139.00,139.00
2026-08-23 09:27:56,139.00,139.00,153.00,139.00,139.00,139.00,139.00,139.00
2026-08-23 09:37:12,139.00,139.00,153.00,139.00,139.00,139.00,139.00,139.00
2026-08-23 09:48:05,139.00,139.00,153.00,139.00,139.00,139.00,139.00,139.00
2026-08-23 09:57:11,139.00,139.00,153.00,139.00,139.00,139.00,139.00,139.00
2026-08-23 10:08:19,139.00,139.00,153.00,139.00,139.00,139.00,139.00,139.00
2026-08-23 10:18:23,139.00,139.00,153.00,139.00,139.00,139.00,139.00,139.00
2026-08-23 10:28:11,139.00,139.00,153.00,139.00,139.00,139.00,139.00,139.00
2026-08-23 10:38:16,139.00,139.00,153.00,139.00,139.00,139.00,139.00,139.00
2026-08-23 10:48:12,139.00,139.00,153.00,139.00,139.00,139.00,139.00,139.00
2026-08-23 10:58:10,139.00,139.00,155.00,139.00,139.00,139.00,139.00,139.00
2026-08-23 11:07:11,139.00,139.00,155.00,139.00,139.00,139.00,139.00,139.00
2026-08-23 11:18:11,139.00,139.00,155.00,139.00,139.00,139.00,139.00,139.00
2026-08-23 11:27:57,139.00,139.00,155.00,139.00,139.00,139.00,139.00,139.00
2026-08-23 11:38:37,139.00,139.00,155.00,139.00,139.00,139.00,139.00,139.00
2026-08-23 11:48:03,139.00,139.00,155.00,139.00,139.00,139.00,139.00,139.00
2026-08-23 11:57:38,139.00,139.00,155.00,139.00,139.00,139.00,139.00,139.00
2026-08-23 12:08:18,139.00,139.00,155.00,139.00,139.00,139.00,139.00,139.00
2026-08-23 12:18:18,139.00,139.00,155.00,139.00,139.00,139.00,139.00,139.00
2026-08-23 12:27:39,139.00,139.00,155.00,139.00,139.00,139.00,139.00,139.00
2026-08-23 12:37:15,139.00,139.00,155.00,139.00,139.00,139.00,139.00,139.00
2026-08-23 12:48:09,139.00,139.00,155.00,139.00,139.00,139.00,139.00,139.00
2026-08-23 12:58:11,139.00,139.00,155.00,139.00,139.00,139.00,139.00,139.00
2026-08-23 13:07:28,139.00,139.00,155.00,139.00,139.00,139.00,139.00,139.00
2026-08-23 13:18:12,139.00,139.00,155.00,139.00,139.00,139.00,139.00,139.00
2026-08-23 13:27:16,139.00,139.00,155.00,139.00,139.00,139.00,139.00,139.00
2026-08-23 13:38:05,139.00,139.00,155.00,139.00,139.00,139.00,139.00,139.00
2026-08-23 13:48:16,139.00,139.00,155.00,139.00,139.00,139.00,139.00,139.00
2026-08-23 13:58:17,139.00,139.00,155.00,139.00,139.00,139.00,139.00,139.00
2026-08-23 14:08:02,139.00,139.00,155.00,139.00,139.00,139.00,139.00,139.00
2026-08-23 14:17:28,139.00,139.00,155.00,139.00,139.00,139.00,139.00,139.00
2026-08-23 14:27:34,139.00,139.00,155.00,139.00,139.00,139.00,139.00,139.00
2026-08-23 14:37:55,139.00,139.00,155.00,139.00,139.00,139.00,139.00,139.00
2026-08-23 14:48:05,139.00,139.00,155.00,139.00,139.00,139.00,139.00,139.00
2026-08-23 14:57:45,139.00,139.00,155.00,139.00,139.00,139.00,139.00,139.00
2026-08-23 15:07:44,139.00,139.00,155.00,139.00,139.00,139.00,139.00,139.00
2026-08-23 15:17:44,139.00,139.00,155.00,139.00,139.00,139.00,139.00,139.00
2026-08-23 15:27:55,139.00,139.00,155.00,139.00,139.00,139.00,139.00,139.00
2026-08-23 15:37:08,,139.00,,,139.00,,139.00,
2026-08-23 15:47:53,,139.00,,,139.00,,139.00,
2026-08-23 15:57:30,139.00,139.00,155.00,139.00,139.00,139.00,139.00,139.00
2026-08-23 16:08:11,139.00,139.00,155.00,139.00,139.00,139.00,139.00,139.00
2026-08-23 16:17:57,139.00,139.00,155.00,139.00,139.00,139.00,139.00,139.00
2026-08-23 16:28:44,139.00,139.00,155.00,139.00,139.00,139.00,153.00,139.00
2026-08-23 16:37:05,139.00,139.00,155.00,139.00,139.00,139.00,159.00,139.00
2026-08-23 16:48:53,139.00,139.00,155.00,139.00,139.00,139.00,159.00,139.00
2026-08-23 16:58:52,139.00,139.00,155.00,139.00,139.00,139.00,159.00,139.00
2026-08-23 17:08:24,139.00,139.00,155.00,139.00,139.00,139.00,159.00,139.00
2026-08-23 17:19:17,139.00,139.00,155.00,139.00,139.00,139.00,159.00,139.00
2026-08-23 17:28:29,139.00,139.00,155.00,139.00,139.00,139.00,159.00,139.00
2026-08-23 17:38:53,139.00,139.00,155.00,139.00,139.00,139.00,159.00,139.00
2026-08-23 17:48:06,139.00,139.00,155.00,139.00,139.00,139.00,159.00,139.00
2026-08-23 17:58:56,139.00,139.00,155.00,139.00,139.00,139.00,159.00,139.00
2026-08-23 18:08:51,139.00,139.00,155.00,139.00,139.00,139.00,159.00,139.00
2026-08-23 18:18:18,139.00,139.00,155.00,139.00,139.00,139.00,159.00,139.00
2026-08-23 18:28:17,139.00,139.00,155.00,139.00,139.00,139.00,159.00,139.00
2026-08-23 18:38:47,139.00,139.00,155.00,139.00,139.00,139.00,159.00,139.00
2026-08-23 18:48:40,139.00,139.00,155.00,139.00,139.00,139.00,159.00,139.00
2026-08-23 18:58:54,139.00,139.00,155.00,139.00,139.00,139.00,159.00,139.00
2026-08-23 19:09:09,139.00,139.00,155.00,139.00,139.00,139.00,159.00,139.00
2026-08-23 19:18:10,139.00,139.00,155.00,139.00,139.00,139.00,159.00,139.00
2026-08-23 19:28:20,139.00,139.00,155.00,139.00,139.00,139.00,159.00,139.00
2026-08-23 19:38:40,139.00,139.00,155.00,139.00,139.00,139.00,159.00,139.00
2026-08-23 19:47:20,139.00,139.00,155.00,139.00,139.00,139.00,159.00,139.00
2026-08-23 19:58:09,139.00,139.00,155.00,139.00,139.00,139.00,159.00,139.00
2026-08-23 20:08:58,139.00,139.00,155.00,139.00,139.00,139.00,159.00,139.00
2026-08-23 20:18:39,139.00,139.00,155.00,139.00,139.00,139.00,159.00,139.00
2026-08-23 20:28:33,139.00,139.00,155.00,139.00,139.00,139.00,159.00,139.00
2026-08-23 20:38:45,139.00,139.00,155.00,139.00,139.00,139.00,159.00,139.00
2026-08-23 20:48:22,139.00,139.00,155.00,139.00,139.00,139.00,159.00,139.00
2026-08-23 20:58:42,139.00,139.00,155.00,139.00,139.00,139.00,159.00,139.00
2026-08-23 21:08:34,139.00,139.00,155.00,139.00,139.00,139.00,159.00,139.00
2026-08-23 21:18:54,139.00,139.00,155.00,139.00,139.00,139.00,159.00,139.00
2026-08-23 21:28:43,139.00,139.00,155.00,139.00,139.00,139.00,159.00,139.00
2026-08-23 21:38:38,139.00,139.00,155.00,139.00,139.00,139.00,159.00,139.00
2026-08-23 21:48:50,139.00,139.00,155.00,139.00,139.00,139.00,159.00,139.00
2026-08-23 21:58:24,139.00,139.00,155.00,139.00,139.00,139.00,159.00,139.00
2026-08-23 22:08:37,139.00,139.00,155.00,139.00,139.00,139.00,159.00,139.00
2026-08-23 22:18:35,139.00,139.00,155.00,139.00,139.00,139.00,159.00,139.00
2026-08-23 22:28:27,139.00,139.00,155.00,139.00,139.00,139.00,159.00,139.00
2026-08-23 22:38:34,139.00,139.00,155.00,139.00,139.00,139.00,159.00,139.00
2026-08-23 22:48:26,139.00,139.00,155.00,139.00,139.00,139.00,159.00,139.00
2026-08-23 22:58:42,139.00,139.00,155.00,139.00,139.00,139.00,159.00,139.00
2026-08-23 23:09:01,139.00,139.00,155.00,139.00,139.00,139.00,159.00,139.00
2026-08-23 23:18:51,139.00,139.00,155.00,139.00,139.00,139.00,159.00,139.00
2026-08-23 23:28:12,139.00,139.00,155.00,139.00,139.00,139.00,159.00,139.00
2026-08-23 23:38:46,139.00,139.00,155.00,139.00,139.00,139.00,159.00,139.00
2026-08-23 23:48:46,139.00,139.00,155.00,139.00,139.00,139.00,159.00,139.00
2026-08-23 23:58:43,139.00,139.00,155.00,139.00,139.00,139.00,159.00,139.00
2026-08-24 00:08:46,139.00,139.00,155.00,139.00,139.00,139.00,159.00,139.00
2026-08-24 00:18:51,139.00,139.00,155.00,139.00,139.00,139.00,159.00,139.00
2026-08-24 00:28:54,139.00,139.00,155.00,139.00,139.00,139.00,159.00,139.00
2026-08-24 00:37:33,139.00,139.00,155.00,139.00,139.00,139.00,159.00,139.00
2026-08-24 00:48:45,139.00,139.00,155.00,139.00,139.00,139.00,159.00,139.00
2026-08-24 00:58:22,139.00,139.00,155.00,139.00,139.00,139.00,159.00,139.00
2026-08-24 01:09:01,139.00,139.00,155.00,139.00,139.00,139.00,159.00,139.00
2026-08-24 01:18:42,139.00,139.00,155.00,139.00,139.00,139.00,159.00,139.00
2026-08-24 01:28:29,139.00,139.00,155.00,139.00,139.00,139.00,159.00,139.00
2026-08-24 01:38:36,139.00,139.00,155.00,139.00,139.00,139.00,159.00,139.00
2026-08-24 01:48:04,,139.00,,,139.00,,159.00,
2026-08-24 01:58:33,139.00,139.00,155.00,139.00,139.00,139.00,159.00,139.00
2026-08-24 02:08:10,139.00,139.00,155.00,139.00,139.00,139.00,159.00,139.00
2026-08-24 02:18:41,139.00,139.00,155.00,139.00,139.00,139.00,159.00,139.00
2026-08-24 02:28:40,139.00,139.00,155.00,139.00,139.00,139.00,159.00,139.00
2026-08-24 02:38:46,139.00,139.00,155.00,139.00,139.00,139.00,159.00,139.00
2026-08-24 02:47:36,139.00,139.00,155.00,139.00,139.00,139.00,159.00,139.00
2026-08-24 02:58:23,139.00,139.00,155.00,139.00,139.00,139.00,159.00,139.00
2026-08-24 03:08:57,139.00,139.00,155.00,139.00,139.00,139.00,159.00,139.00
2026-08-24 03:18:54,139.00,139.00,155.00,139.00,139.00,139.00,159.00,139.00
2026-08-24 03:28:30,139.00,139.00,155.00,139.00,139.00,139.00,159.00,139.00
2026-08-24 03:38:24,139.00,139.00,155.00,139.00,139.00,139.00,159.00,139.00
2026-08-24 03:48:29,139.00,139.00,155.00,139.00,139.00,139.00,159.00,139.00
2026-08-24 03:57:39,139.00,139.00,155.00,139.00,139.00,139.00,159.00,139.00
2026-08-24 04:08:38,139.00,139.00,155.00,139.00,139.00,139.00,159.00,139.00
2026-08-24 04:18:42,139.00,139.00,155.00,139.00,139.00,139.00,159.00,139.00
2026-08-24 04:28:57,139.00,139.00,155.00,139.00,139.00,139.00,159.00,139.00
2026-08-24 04:38:59,139.00,139.00,155.00,139.00,139.00,139.00,159.00,139.00
2026-08-24 04:48:41,139.00,139.00,155.00,139.00,139.00,139.00,159.00,139.00
2026-08-24 04:58:16,139.00,139.00,155.00,139.00,139.00,139.00,159.00,139.00
2026-08-24 05:08:49,139.00,139.00,155.00,139.00,139.00,139.00,159.00,139.00
2026-08-24 05:18:04,139.00,139.00,155.00,139.00,139.00,139.00,159.00,139.00
2026-08-24 05:28:51,139.00,139.00,155.00,139.00,139.00,139.00,159.00,139.00
2026-08-24 05:38:54,139.00,139.00,155.00,139.00,139.00,139.00,159.00,139.00
2026-08-24 05:48:24,139.00,139.00,155.00,139.00,139.00,139.00,159.00,139.00
2026-08-24 05:58:58,139.00,139.00,155.00,139.00,139.00,139.00,159.00,139.00
2026-08-24 06:08:59,139.00,139.00,155.00,139.00,139.00,139.00,159.00,139.00
2026-08-24 06:18:43,139.00,139.00,155.00,139.00,139.00,139.00,159.00,139.00
2026-08-24 06:28:49,139.00,139.00,155.00,139.00,139.00,139.00,159.00,139.00
2026-08-24 06:37:47,139.00,139.00,155.00,139.00,139.00,139.00,159.00,139.00
2026-08-24 06:48:53,139.00,139.00,155.00,139.00,139.00,139.00,159.00,139.00
2026-08-24 06:58:37,139.00,139.00,155.00,139.00,139.00,139.00,159.00,139.00
2026-08-24 07:08:12,139.00,139.00,153.00,139.00,139.00,139.00,159.00,139.00
2026-08-24 07:18:35,139.00,139.00,153.00,139.00,139.00,139.00,159.00,139.00
2026-08-24 07:28:25,139.00,139.00,153.00,139.00,139.00,139.00,159.00,139.00
2026-08-24 07:38:52,139.00,139.00,153.00,139.00,139.00,139.00,159.00,139.00
2026-08-24 07:48:05,139.00,139.00,153.00,139.00,139.00,139.00,159.00,139.00
2026-08-24 07:58:31,139.00,139.00,139.00,139.00,139.00,139.00,159.00,139.00
2026-08-24 08:08:55,139.00,139.00,139.00,139.00,139.00,139.00,153.00,139.00
2026-08-24 08:18:47,139.00,139.00,139.00,139.00,139.00,139.00,153.00,139.00
2026-08-24 08:28:45,139.00,139.00,139.00,139.00,139.00,139.00,153.00,139.00
2026-08-24 08:38:42,139.00,139.00,139.00,139.00,139.00,139.00,153.00,139.00
2026-08-24 08:47:25,139.00,139.00,139.00,139.00,139.00,139.00,153.00,139.00
2026-08-24 08:59:19,139.00,139.00,139.00,139.00,139.00,139.00,153.00,139.00
2026-08-24 09:09:06,139.00,139.00,139.00,139.00,139.00,139.00,153.00,139.00
2026-08-24 09:18:05,139.00,139.00,139.00,139.00,139.00,139.00,153.00,139.00
2026-08-24 09:28:44,139.00,139.00,139.00,139.00,139.00,139.00,153.00,139.00
2026-08-24 09:38:44,139.00,139.00,139.00,139.00,139.00,139.00,153.00,139.00
2026-08-24 09:48:41,139.00,139.00,139.00,139.00,139.00,139.00,153.00,139.00
2026-08-24 09:58:00,139.00,139.00,139.00,139.00,139.00,139.00,153.00,139.00
2026-08-24 10:08:29,139.00,139.00,139.00,139.00,139.00,139.00,153.00,139.00
2026-08-24 10:18:51,139.00,139.00,139.00,139.00,139.00,139.00,153.00,139.00
2026-08-24 10:28:15,139.00,139.00,139.00,139.00,139.00,139.00,153.00,139.00
2026-08-24 10:37:41,139.00,139.00,139.00,139.00,139.00,139.00,153.00,139.00
2026-08-24 10:49:01,139.00,139.00,139.00,139.00,139.00,139.00,153.00,139.00
2026-08-24 10:58:15,139.00,139.00,139.00,139.00,139.00,139.00,153.00,139.00
2026-08-24 11:09:01,139.00,139.00,139.00,139.00,139.00,139.00,153.00,139.00
2026-08-24 11:18:15,139.00,139.00,139.00,139.00,139.00,139.00,153.00,139.00
2026-08-24 11:29:05,139.00,139.00,139.00,139.00,139.00,139.00,153.00,139.00
2026-08-24 11:39:16,139.00,139.00,139.00,139.00,139.00,139.00,153.00,139.00
2026-08-24 11:49:06,139.00,139.00,139.00,139.00,139.00,139.00,153.00,139.00
2026-08-24 11:59:05,139.00,139.00,139.00,139.00,139.00,139.00,153.00,139.00
2026-08-24 12:09:18,139.00,139.00,139.00,139.00,139.00,139.00,153.00,139.00
2026-08-24 12:18:29,139.00,139.00,139.00,139.00,139.00,139.00,153.00,139.00
2026-08-24 12:29:02,139.00,139.00,139.00,139.00,139.00,139.00,153.00,139.00
2026-08-24 12:39:23,139.00,139.00,139.00,139.00,139.00,139.00,153.00,139.00
2026-08-24 12:47:56,139.00,139.00,139.00,139.00,139.00,139.00,153.00,139.00
2026-08-24 12:58:50,139.00,139.00,139.00,139.00,139.00,139.00,153.00,139.00
2026-08-24 13:09:13,139.00,139.00,139.00,139.00,139.00,139.00,153.00,153.00
2026-08-24 13:19:09,139.00,139.00,139.00,139.00,139.00,139.00,153.00,153.00
2026-08-24 13:29:15,139.00,139.00,139.00,139.00,139.00,139.00,153.00,153.00
2026-08-24 13:39:08,139.00,139.00,139.00,139.00,139.00,139.00,153.00,153.00
2026-08-24 13:49:09,139.00,139.00,139.00,139.00,139.00,139.00,153.00,153.00
2026-08-24 13:59:25,139.00,139.00,139.00,139.00,139.00,139.00,153.00,153.00
2026-08-24 14:09:27,139.00,139.00,139.00,139.00,139.00,139.00,153.00,153.00
2026-08-24 14:19:27,139.00,139.00,139.00,139.00,139.00,139.00,153.00,153.00
2026-08-24 14:28:33,139.00,139.00,139.00,139.00,139.00,139.00,153.00,153.00
2026-08-24 14:39:14,139.00,139.00,139.00,139.00,139.00,139.00,153.00,153.00
2026-08-24 14:49:19,139.00,139.00,139.00,139.00,139.00,139.00,153.00,153.00
2026-08-24 14:59:22,139.00,139.00,139.00,139.00,139.00,139.00,153.00,153.00
2026-08-24 15:09:49,139.00,139.00,139.00,139.00,139.00,139.00,153.00,153.00
2026-08-24 15:19:39,139.00,139.00,139.00,139.00,139.00,139.00,153.00,153.00
2026-08-24 15:29:34,139.00,139.00,139.00,139.00,139.00,139.00,153.00,153.00
2026-08-24 15:39:28,139.00,139.00,139.00,139.00,139.00,139.00,153.00,153.00
2026-08-24 15:49:20,139.00,139.00,139.00,139.00,139.00,139.00,153.00,153.00
2026-08-24 15:59:20,139.00,139.00,139.00,139.00,139.00,139.00,153.00,153.00
2026-08-24 16:09:40,139.00,139.00,139.00,139.00,139.00,139.00,139.00,153.00
2026-08-24 16:19:34,139.00,139.00,139.00,139.00,139.00,139.00,139.00,153.00
2026-08-24 16:29:25,139.00,139.00,153.00,139.00,139.00,139.00,139.00,153.00
2026-08-24 16:39:12,139.00,139.00,153.00,139.00,139.00,139.00,139.00,153.00
2026-08-24 16:49:30,139.00,139.00,159.00,139.00,139.00,139.00,139.00,153.00
2026-08-24 16:59:29,139.00,139.00,159.00,139.00,139.00,139.00,139.00,153.00
2026-08-24 17:08:40,139.00,139.00,159.00,139.00,139.00,139.00,139.00,153.00
2026-08-24 17:19:34,139.00,139.00,159.00,139.00,139.00,139.00,139.00,153.00
2026-08-24 17:29:22,139.00,139.00,159.00,139.00,139.00,139.00,139.00,153.00
2026-08-24 17:39:08,139.00,139.00,153.00,139.00,139.00,139.00,139.00,153.00
2026-08-24 17:48:06,139.00,139.00,153.00,139.00,139.00,139.00,139.00,153.00
2026-08-24 17:59:36,139.00,139.00,153.00,139.00,139.00,139.00,139.00,153.00
2026-08-24 18:09:41,139.00,139.00,153.00,139.00,139.00,139.00,139.00,153.00
2026-08-24 18:19:27,139.00,139.00,153.00,139.00,139.00,139.00,139.00,153.00
2026-08-24 18:28:16,139.00,139.00,153.00,139.00,139.00,139.00,139.00,153.00
2026-08-24 18:39:21,139.00,139.00,153.00,139.00,139.00,139.00,139.00,153.00
2026-08-24 18:49:35,139.00,139.00,153.00,139.00,139.00,139.00,139.00,153.00
2026-08-24 18:59:13,139.00,139.00,153.00,139.00,139.00,139.00,139.00,153.00
2026-08-24 19:09:34,139.00,139.00,153.00,139.00,139.00,139.00,139.00,153.00
2026-08-24 19:18:48,139.00,139.00,153.00,139.00,139.00,139.00,139.00,153.00
2026-08-24 19:28:44,139.00,139.00,153.00,139.00,139.00,139.00,139.00,153.00
2026-08-24 19:39:26,139.00,139.00,153.00,139.00,139.00,139.00,139.00,153.00
2026-08-24 19:49:32,139.00,139.00,153.00,139.00,139.00,139.00,139.00,153.00
2026-08-24 19:59:24,139.00,139.00,153.00,139.00,139.00,139.00,139.00,153.00
2026-08-24 20:09:27,139.00,139.00,153.00,139.00,139.00,139.00,139.00,153.00
2026-08-24 20:19:36,139.00,139.00,153.00,139.00,139.00,139.00,139.00,153.00
2026-08-24 20:29:20,139.00,139.00,153.00,139.00,139.00,139.00,139.00,153.00
2026-08-24 20:39:24,149.00,149.00,153.00,139.00,139.00,139.00,139.00,153.00
2026-08-24 20:48:44,149.00,149.00,153.00,139.00,139.00,139.00,139.00,153.00
2026-08-24 20:59:33,149.00,149.00,153.00,139.00,139.00,139.00,139.00,153.00
2026-08-24 21:09:26,149.00,149.00,153.00,139.00,139.00,139.00,139.00,153.00
2026-08-24 21:18:53,149.00,149.00,153.00,139.00,139.00,139.00,139.00,153.00
2026-08-24 21:29:32,149.00,149.00,153.00,139.00,139.00,139.00,139.00,153.00
2026-08-24 21:39:29,149.00,149.00,153.00,139.00,139.00,139.00,139.00,153.00
2026-08-24 21:48:28,149.00,149.00,153.00,139.00,139.00,139.00,153.00,153.00
2026-08-24 21:59:26,149.00,149.00,153.00,139.00,139.00,139.00,153.00,153.00
2026-08-24 22:09:38,149.00,149.00,153.00,139.00,139.00,139.00,153.00,153.00
2026-08-24 22:19:22,149.00,149.00,153.00,139.00,139.00,139.00,153.00,153.00
2026-08-24 22:29:25,149.00,149.00,153.00,139.00,139.00,139.00,153.00,153.00
2026-08-24 22:38:11,149.00,149.00,153.00,139.00,139.00,139.00,153.00,153.00
2026-08-24 22:49:31,149.00,149.00,153.00,139.00,139.00,139.00,153.00,153.00
2026-08-24 22:59:35,149.00,149.00,153.00,139.00,139.00,139.00,159.00,153.00
2026-08-24 23:09:46,149.00,149.00,153.00,139.00,139.00,139.00,159.00,153.00
2026-08-24 23:19:36,149.00,149.00,153.00,139.00,139.00,139.00,159.00,153.00
2026-08-24 23:29:30,149.00,149.00,153.00,139.00,139.00,139.00,159.00,153.00
2026-08-24 23:49:33,149.00,149.00,153.00,139.00,139.00,139.00,159.00,153.00
2026-08-24 23:59:41,149.00,149.00,153.00,139.00,139.00,139.00,159.00,153.00
2026-08-25 00:09:49,149.00,149.00,153.00,139.00,139.00,139.00,159.00,153.00
2026-08-25 00:18:22,149.00,149.00,153.00,139.00,139.00,139.00,159.00,153.00
2026-08-25 00:29:28,149.00,149.00,153.00,139.00,139.00,139.00,159.00,153.00
2026-08-25 00:39:36,149.00,149.00,153.00,139.00,139.00,139.00,159.00,153.00
2026-08-25 00:49:48,149.00,149.00,153.00,139.00,139.00,139.00,159.00,153.00
2026-08-25 00:59:37,149.00,149.00,153.00,139.00,139.00,139.00,159.00,153.00
2026-08-25 01:08:58,149.00,149.00,153.00,139.00,139.00,139.00,159.00,153.00
2026-08-25 01:19:41,149.00,149.00,153.00,139.00,139.00,139.00,159.00,153.00
2026-08-25 01:29:24,149.00,149.00,153.00,139.00,139.00,139.00,159.00,153.00
2026-08-25 01:39:57,149.00,149.00,153.00,139.00,139.00,139.00,159.00,153.00
2026-08-25 01:49:46,149.00,149.00,153.00,139.00,139.00,139.00,159.00,153.00
2026-08-25 01:59:36,149.00,149.00,153.00,139.00,139.00,139.00,159.00,153.00
2026-08-25 02:09:45,149.00,149.00,153.00,139.00,139.00,139.00,159.00,153.00
2026-08-25 02:19:46,149.00,149.00,153.00,139.00,139.00,139.00,159.00,153.00
2026-08-25 02:27:58,149.00,149.00,153.00,139.00,139.00,139.00,159.00,153.00
2026-08-25 02:39:34,149.00,149.00,153.00,139.00,139.00,139.00,159.00,153.00
2026-08-25 02:49:29,149.00,149.00,153.00,139.00,139.00,139.00,159.00,153.00
2026-08-25 02:58:01,149.00,149.00,153.00,139.00,153.00,139.00,159.00,159.00
2026-08-25 03:09:53,149.00,149.00,153.00,139.00,153.00,139.00,159.00,159.00
2026-08-25 03:19:49,149.00,149.00,153.00,139.00,153.00,139.00,159.00,159.00
2026-08-25 03:29:36,149.00,149.00,153.00,139.00,153.00,139.00,159.00,159.00
2026-08-25 03:39:35,149.00,149.00,153.00,139.00,153.00,139.00,159.00,159.00
2026-08-25 03:49:20,149.00,149.00,153.00,139.00,153.00,139.00,159.00,159.00
2026-08-25 03:59:41,149.00,149.00,153.00,139.00,153.00,139.00,159.00,159.00
2026-08-25 04:10:31,149.00,149.00,153.00,139.00,153.00,139.00,159.00,159.00
2026-08-25 04:20:22,149.00,149.00,153.00,139.00,153.00,139.00,159.00,159.00
2026-08-25 04:30:04,149.00,149.00,153.00,139.00,153.00,139.00,159.00,159.00
2026-08-25 04:39:38,149.00,149.00,153.00,139.00,153.00,139.00,159.00,159.00
2026-08-25 04:48:33,149.00,149.00,153.00,139.00,153.00,139.00,159.00,159.00
2026-08-25 04:59:35,149.00,149.00,153.00,139.00,153.00,139.00,159.00,159.00
2026-08-25 05:08:06,149.00,149.00,153.00,139.00,153.00,139.00,159.00,159.00
2026-08-25 05:19:11,149.00,149.00,153.00,139.00,153.00,139.00,159.00,159.00
2026-08-25 05:29:18,149.00,149.00,153.00,139.00,153.00,139.00,159.00,159.00
2026-08-25 05:39:33,149.00,149.00,153.00,139.00,153.00,139.00,159.00,159.00
2026-08-25 05:49:22,149.00,149.00,153.00,139.00,153.00,139.00,159.00,159.00
2026-08-25 05:59:28,149.00,149.00,153.00,139.00,153.00,139.00,159.00,159.00
2026-08-25 06:08:40,149.00,149.00,153.00,139.00,153.00,139.00,159.00,159.00
2026-08-25 06:19:23,149.00,149.00,153.00,139.00,153.00,139.00,159.00,159.00
2026-08-25 06:29:26,149.00,149.00,153.00,139.00,153.00,139.00,159.00,159.00
2026-08-25 06:39:18,149.00,149.00,153.00,139.00,153.00,139.00,159.00,159.00
2026-08-25 06:48:35,149.00,149.00,153.00,139.00,153.00,139.00,159.00,159.00
2026-08-25 06:58:05,149.00,149.00,153.00,139.00,153.00,139.00,159.00,159.00
2026-08-25 07:09:26,149.00,149.00,153.00,139.00,153.00,139.00,159.00,159.00
2026-08-25 07:19:11,149.00,149.00,153.00,139.00,153.00,139.00,159.00,159.00
2026-08-25 07:29:29,149.00,149.00,153.00,139.00,153.00,139.00,159.00,159.00
2026-08-25 07:39:30,149.00,149.00,153.00,139.00,153.00,139.00,159.00,159.00
2026-08-25 07:49:06,149.00,149.00,153.00,139.00,153.00,139.00,159.00,159.00
2026-08-25 07:59:28,149.00,149.00,153.00,139.00,153.00,139.00,159.00,159.00
2026-08-25 08:09:31,149.00,149.00,153.00,139.00,153.00,139.00,159.00,159.00
2026-08-25 08:19:20,149.00,149.00,153.00,139.00,153.00,139.00,159.00,159.00
2026-08-25 08:29:22,149.00,149.00,153.00,139.00,153.00,139.00,159.00,159.00
2026-08-25 08:39:31,149.00,149.00,153.00,139.00,139.00,139.00,159.00,159.00
2026-08-25 08:49:22,149.00,149.00,153.00,139.00,139.00,139.00,159.00,159.00
2026-08-25 08:59:17,149.00,149.00,153.00,139.00,139.00,139.00,159.00,159.00
2026-08-25 09:08:43,149.00,149.00,153.00,139.00,139.00,139.00,159.00,159.00
2026-08-25 09:19:25,149.00,149.00,153.00,139.00,139.00,139.00,159.00,159.00
2026-08-25 09:29:24,149.00,149.00,153.00,139.00,139.00,139.00,159.00,159.00
2026-08-25 09:39:27,149.00,149.00,153.00,139.00,139.00,153.00,159.00,159.00
2026-08-25 09:48:41,149.00,149.00,153.00,139.00,139.00,153.00,159.00,159.00
2026-08-25 09:59:31,149.00,149.00,153.00,139.00,139.00,153.00,139.00,159.00
2026-08-25 10:08:42,149.00,149.00,153.00,139.00,139.00,153.00,139.00,159.00
2026-08-25 10:19:21,149.00,149.00,153.00,139.00,139.00,153.00,139.00,159.00
2026-08-25 10:29:17,149.00,149.00,153.00,139.00,139.00,153.00,139.00,159.00
2026-08-25 10:38:45,149.00,149.00,153.00,139.00,139.00,153.00,139.00,159.00
2026-08-25 10:47:46,149.00,149.00,153.00,139.00,139.00,153.00,139.00,159.00
2026-08-25 10:58:41,149.00,149.00,153.00,139.00,139.00,153.00,139.00,159.00
2026-08-25 11:09:37,149.00,149.00,153.00,139.00,139.00,153.00,139.00,159.00
2026-08-25 11:19:29,149.00,149.00,153.00,139.00,139.00,153.00,139.00,159.00
2026-08-25 11:29:48,149.00,149.00,153.00,139.00,139.00,153.00,139.00,159.00
2026-08-25 11:39:38,149.00,149.00,153.00,139.00,139.00,153.00,139.00,159.00
2026-08-25 11:49:43,149.00,149.00,153.00,139.00,139.00,153.00,139.00,159.00
2026-08-25 11:59:21,149.00,149.00,153.00,139.00,139.00,153.00,139.00,159.00
2026-08-25 12:09:46,149.00,149.00,153.00,139.00,139.00,153.00,139.00,159.00
2026-08-25 12:19:38,149.00,149.00,153.00,139.00,139.00,153.00,139.00,159.00
2026-08-25 12:29:19,149.00,149.00,153.00,139.00,139.00,153.00,139.00,159.00
2026-08-25 12:39:39,149.00,149.00,153.00,139.00,139.00,153.00,139.00,159.00
2026-08-25 12:49:17,149.00,149.00,153.00,139.00,139.00,153.00,139.00,159.00
2026-08-25 12:59:44,149.00,149.00,153.00,139.00,139.00,153.00,139.00,159.00
2026-08-25 13:09:50,149.00,149.00,153.00,139.00,139.00,153.00,139.00,159.00
2026-08-25 13:19:55,149.00,149.00,153.00,139.00,139.00,153.00,139.00,159.00
2026-08-25 13:29:20,149.00,149.00,153.00,139.00,139.00,153.00,139.00,159.00
2026-08-25 13:39:48,149.00,149.00,153.00,139.00,139.00,153.00,139.00,159.00
2026-08-25 13:48:03,149.00,149.00,153.00,139.00,139.00,153.00,139.00,159.00
2026-08-25 13:59:55,149.00,149.00,153.00,139.00,139.00,153.00,139.00,159.00
2026-08-25 14:10:06,149.00,149.00,153.00,139.00,139.00,153.00,139.00,159.00
2026-08-25 14:20:01,149.00,149.00,153.00,139.00,139.00,153.00,139.00,159.00
2026-08-25 14:29:53,149.00,149.00,153.00,139.00,139.00,153.00,139.00,159.00
2026-08-25 14:39:52,149.00,149.00,153.00,139.00,139.00,153.00,139.00,159.00
2026-08-25 14:48:21,149.00,149.00,153.00,139.00,139.00,153.00,139.00,159.00
2026-08-25 14:58:56,149.00,149.00,153.00,139.00,139.00,153.00,139.00,184.00
2026-08-25 15:09:53,149.00,149.00,153.00,139.00,139.00,153.00,139.00,184.00
2026-08-25 15:19:59,149.00,149.00,153.00,139.00,139.00,153.00,139.00,184.00
2026-08-25 15:29:58,149.00,149.00,153.00,139.00,139.00,153.00,139.00,184.00
2026-08-25 15:39:43,149.00,149.00,153.00,139.00,139.00,153.00,139.00,184.00
2026-08-25 15:49:41,149.00,149.00,153.00,139.00,139.00,153.00,139.00,184.00
2026-08-25 15:59:39,149.00,149.00,153.00,139.00,139.00,153.00,139.00,184.00
2026-08-25 16:09:43,149.00,149.00,153.00,139.00,139.00,153.00,139.00,184.00
2026-08-25 16:20:07,149.00,149.00,153.00,139.00,139.00,153.00,139.00,184.00
2026-08-25 16:30:09,149.00,149.00,153.00,139.00,139.00,153.00,139.00,184.00
2026-08-25 16:40:39,149.00,149.00,153.00,139.00,139.00,153.00,139.00,184.00
2026-08-25 16:51:27,149.00,149.00,153.00,139.00,139.00,153.00,139.00,184.00
2026-08-25 17:01:52,149.00,149.00,153.00,139.00,139.00,153.00,139.00,184.00
2026-08-25 17:11:15,149.00,149.00,153.00,139.00,139.00,153.00,139.00,184.00
2026-08-25 17:21:21,149.00,149.00,153.00,139.00,139.00,153.00,139.00,184.00
2026-08-25 17:31:41,149.00,149.00,153.00,139.00,139.00,153.00,139.00,194.00
2026-08-25 17:41:40,149.00,149.00,153.00,139.00,149.00,153.00,139.00,194.00
2026-08-25 17:51:28,149.00,149.00,163.00,149.00,149.00,163.00,149.00,194.00
2026-08-25 18:01:48,149.00,149.00,163.00,149.00,149.00,163.00,149.00,194.00
2026-08-25 18:11:23,149.00,149.00,163.00,149.00,149.00,163.00,149.00,194.00
2026-08-25 18:21:31,149.00,149.00,163.00,149.00,149.00,163.00,149.00,194.00
2026-08-25 18:31:40,149.00,149.00,163.00,149.00,149.00,163.00,149.00,201.00
2026-08-25 18:41:51,149.00,149.00,163.00,149.00,149.00,163.00,149.00,201.00
2026-08-25 18:52:12,149.00,149.00,163.00,149.00,149.00,163.00,149.00,201.00
2026-08-25 19:02:33,149.00,149.00,163.00,149.00,149.00,163.00,149.00,201.00
2026-08-25 19:12:43,149.00,149.00,163.00,149.00,149.00,163.00,149.00,201.00
2026-08-25 19:23:03,149.00,149.00,163.00,149.00,149.00,163.00,149.00,201.00
2026-08-25 19:33:05,149.00,149.00,163.00,149.00,149.00,163.00,149.00,201.00
2026-08-25 19:43:01,149.00,149.00,163.00,149.00,149.00,163.00,149.00,201.00
2026-08-25 19:52:46,149.00,149.00,163.00,149.00,149.00,163.00,149.00,201.00
2026-08-25 20:02:53,149.00,149.00,163.00,149.00,149.00,163.00,149.00,201.00
2026-08-25 20:13:09,149.00,149.00,163.00,149.00,149.00,163.00,149.00,201.00
2026-08-25 20:23:24,149.00,149.00,163.00,149.00,149.00,163.00,149.00,194.00
2026-08-25 20:33:39,149.00,149.00,163.00,149.00,149.00,163.00,149.00,194.00
2026-08-25 20:43:49,149.00,149.00,163.00,149.00,149.00,163.00,149.00,194.00
2026-08-25 20:53:24,149.00,149.00,163.00,149.00,149.00,163.00,149.00,194.00
2026-08-25 21:03:30,149.00,149.00,163.00,149.00,149.00,163.00,149.00,194.00
2026-08-25 21:13:44,149.00,149.00,163.00,149.00,149.00,163.00,149.00,194.00
2026-08-25 21:23:52,149.00,149.00,163.00,149.00,149.00,163.00,149.00,194.00
2026-08-25 21:34:09,149.00,149.00,163.00,149.00,149.00,163.00,149.00,194.00
2026-08-25 21:44:21,149.00,149.00,163.00,149.00,149.00,163.00,149.00,194.00
2026-08-25 21:52:58,149.00,149.00,163.00,149.00,149.00,163.00,149.00,194.00
2026-08-25 22:03:13,149.00,149.00,163.00,149.00,149.00,163.00,149.00,194.00
2026-08-25 22:13:42,149.00,149.00,163.00,149.00,149.00,163.00,149.00,194.00
2026-08-25 22:24:00,149.00,149.00,163.00,149.00,149.00,163.00,149.00,194.00
2026-08-25 22:34:10,149.00,149.00,163.00,149.00,149.00,163.00,149.00,194.00
2026-08-25 22:44:33,149.00,149.00,163.00,149.00,149.00,163.00,149.00,201.00
2026-08-25 22:54:52,149.00,149.00,163.00,149.00,149.00,163.00,149.00,201.00
2026-08-25 23:04:13,149.00,149.00,163.00,149.00,149.00,163.00,149.00,201.00
2026-08-25 23:13:26,149.00,149.00,163.00,149.00,149.00,163.00,166.00,201.00
2026-08-25 23:23:27,149.00,149.00,163.00,149.00,149.00,163.00,166.00,201.00
2026-08-25 23:33:33,149.00,149.00,163.00,149.00,149.00,163.00,166.00,201.00
2026-08-25 23:43:29,149.00,149.00,163.00,149.00,149.00,163.00,166.00,201.00
2026-08-25 23:53:50,149.00,149.00,163.00,149.00,149.00,163.00,166.00,201.00
2026-08-26 00:04:03,149.00,149.00,163.00,149.00,149.00,163.00,166.00,201.00
2026-08-26 00:14:26,149.00,149.00,163.00,149.00,149.00,163.00,166.00,201.00
2026-08-26 00:24:41,,149.00,,,149.00,,166.00,
2026-08-26 00:34:37,149.00,149.00,163.00,149.00,149.00,163.00,166.00,201.00
2026-08-26 00:44:57,149.00,149.00,163.00,149.00,149.00,163.00,166.00,201.00
2026-08-26 00:55:17,149.00,149.00,163.00,149.00,149.00,163.00,166.00,201.00
2026-08-26 01:05:16,149.00,149.00,163.00,149.00,149.00,163.00,166.00,201.00
2026-08-26 01:15:44,149.00,149.00,163.00,149.00,163.00,163.00,166.00,201.00
2026-08-26 01:25:33,149.00,149.00,163.00,149.00,163.00,163.00,166.00,201.00
2026-08-26 01:35:41,149.00,149.00,163.00,149.00,163.00,163.00,166.00,201.00
2026-08-26 01:45:06,149.00,149.00,163.00,149.00,163.00,163.00,166.00,201.00
2026-08-26 01:54:36,149.00,149.00,166.00,149.00,163.00,163.00,166.00,201.00
2026-08-26 02:04:48,149.00,149.00,166.00,149.00,163.00,163.00,166.00,201.00
2026-08-26 02:14:54,149.00,149.00,166.00,149.00,163.00,163.00,169.00,201.00
2026-08-26 02:25:15,149.00,149.00,166.00,149.00,163.00,163.00,169.00,201.00
2026-08-26 02:35:18,149.00,149.00,166.00,149.00,163.00,163.00,169.00,201.00
2026-08-26 02:44:12,149.00,149.00,166.00,149.00,163.00,163.00,169.00,201.00
2026-08-26 02:54:21,149.00,149.00,166.00,149.00,163.00,163.00,169.00,201.00
2026-08-26 03:04:51,149.00,149.00,166.00,149.00,163.00,163.00,169.00,201.00
2026-08-26 03:15:12,149.00,149.00,166.00,149.00,163.00,163.00,169.00,201.00
2026-08-26 03:25:42,149.00,149.00,166.00,149.00,163.00,163.00,169.00,201.00
2026-08-26 03:35:59,149.00,149.00,166.00,149.00,163.00,163.00,169.00,201.00
2026-08-26 03:46:28,149.00,149.00,166.00,149.00,163.00,163.00,169.00,201.00
2026-08-26 03:56:36,149.00,149.00,166.00,149.00,163.00,163.00,169.00,201.00
2026-08-26 04:06:00,149.00,149.00,166.00,149.00,163.00,163.00,169.00,201.00
2026-08-26 04:15:31,149.00,149.00,166.00,149.00,163.00,163.00,169.00,201.00
2026-08-26 04:25:45,149.00,149.00,166.00,149.00,163.00,163.00,169.00,201.00
2026-08-26 04:36:12,149.00,149.00,166.00,149.00,163.00,163.00,169.00,201.00
2026-08-26 04:46:42,149.00,149.00,166.00,149.00,163.00,163.00,169.00,201.00
2026-08-26 04:57:09,149.00,149.00,166.00,149.00,163.00,163.00,169.00,201.00
2026-08-26 05:07:22,149.00,149.00,166.00,149.00,163.00,163.00,169.00,201.00
2026-08-26 05:17:57,149.00,149.00,166.00,149.00,163.00,163.00,169.00,201.00
2026-08-26 05:28:28,149.00,149.00,166.00,149.00,163.00,163.00,169.00,201.00
2026-08-26 05:37:14,149.00,149.00,166.00,149.00,163.00,163.00,169.00,201.00
2026-08-26 05:47:27,149.00,149.00,166.00,149.00,163.00,163.00,169.00,207.00
2026-08-26 05:57:38,149.00,149.00,166.00,149.00,163.00,163.00,169.00,207.00
2026-08-26 06:07:58,149.00,149.00,166.00,149.00,163.00,163.00,169.00,207.00
2026-08-26 06:18:29,149.00,149.00,166.00,149.00,163.00,163.00,169.00,207.00
2026-08-26 06:27:49,149.00,149.00,166.00,149.00,163.00,163.00,169.00,207.00
2026-08-26 06:37:59,149.00,149.00,166.00,149.00,163.00,163.00,169.00,207.00
2026-08-26 06:48:14,149.00,149.00,166.00,149.00,163.00,163.00,169.00,207.00
2026-08-26 06:57:05,149.00,149.00,166.00,149.00,163.00,163.00,169.00,207.00
2026-08-26 07:07:15,149.00,149.00,166.00,149.00,163.00,163.00,169.00,207.00
2026-08-26 07:17:43,149.00,149.00,166.00,149.00,163.00,163.00,169.00,207.00
2026-08-26 07:28:13,149.00,149.00,166.00,149.00,163.00,163.00,169.00,207.00
2026-08-26 07:38:01,149.00,149.00,166.00,149.00,163.00,163.00,169.00,207.00
2026-08-26 07:48:37,149.00,149.00,166.00,149.00,163.00,163.00,169.00,207.00
2026-08-26 07:58:58,149.00,149.00,166.00,149.00,163.00,163.00,169.00,207.00
2026-08-26 08:09:13,149.00,149.00,166.00,149.00,163.00,163.00,169.00,207.00
2026-08-26 08:19:35,149.00,149.00,166.00,149.00,163.00,163.00,169.00,207.00
2026-08-26 08:29:54,149.00,149.00,166.00,149.00,163.00,163.00,169.00,207.00
2026-08-26 08:40:06,149.00,149.00,166.00,149.00,163.00,163.00,169.00,207.00
2026-08-26 08:49:33,149.00,149.00,166.00,149.00,163.00,163.00,169.00,207.00
2026-08-26 08:59:53,149.00,149.00,169.00,149.00,149.00,163.00,169.00,207.00
2026-08-26 09:10:11,149.00,149.00,169.00,149.00,149.00,163.00,169.00,207.00
2026-08-26 09:20:00,149.00,149.00,169.00,149.00,149.00,163.00,169.00,207.00
2026-08-26 09:29:16,149.00,149.00,169.00,149.00,149.00,163.00,169.00,207.00
2026-08-26 09:40:09,149.00,149.00,169.00,149.00,149.00,163.00,169.00,207.00
2026-08-26 09:50:31,149.00,149.00,169.00,149.00,149.00,163.00,169.00,201.00
2026-08-26 10:00:50,149.00,149.00,169.00,149.00,149.00,169.00,169.00,201.00
2026-08-26 10:11:14,149.00,149.00,169.00,149.00,149.00,169.00,149.00,201.00
2026-08-26 10:21:45,149.00,149.00,169.00,149.00,149.00,169.00,149.00,201.00
2026-08-26 10:31:01,149.00,149.00,169.00,149.00,149.00,169.00,149.00,201.00
2026-08-26 10:41:27,149.00,149.00,169.00,149.00,149.00,169.00,149.00,201.00
2026-08-26 10:52:00,149.00,149.00,169.00,149.00,149.00,169.00,149.00,201.00
2026-08-26 11:01:59,149.00,149.00,169.00,149.00,149.00,169.00,149.00,201.00
2026-08-26 11:12:08,149.00,149.00,169.00,149.00,149.00,169.00,149.00,201.00
2026-08-26 11:22:27,149.00,149.00,169.00,149.00,149.00,169.00,149.00,201.00
2026-08-26 11:32:24,149.00,149.00,169.00,149.00,149.00,169.00,149.00,201.00
2026-08-26 11:42:45,149.00,149.00,169.00,149.00,149.00,169.00,149.00,201.00
2026-08-26 11:53:11,149.00,149.00,169.00,149.00,149.00,169.00,149.00,201.00
2026-08-26 12:03:42,149.00,149.00,169.00,149.00,149.00,169.00,149.00,201.00
2026-08-26 12:14:23,149.00,149.00,169.00,149.00,149.00,169.00,149.00,201.00
2026-08-26 12:24:53,149.00,149.00,169.00,149.00,149.00,169.00,149.00,201.00
2026-08-26 12:35:20,149.00,149.00,169.00,149.00,149.00,169.00,149.00,201.00
2026-08-26 12:46:04,149.00,149.00,169.00,149.00,149.00,169.00,149.00,201.00
2026-08-26 12:56:35,149.00,149.00,169.00,149.00,149.00,169.00,149.00,201.00
2026-08-26 13:05:38,149.00,149.00,169.00,149.00,149.00,169.00,149.00,201.00
2026-08-26 13:15:49,149.00,149.00,169.00,149.00,149.00,169.00,149.00,201.00
2026-08-26 13:26:18,149.00,149.00,169.00,149.00,149.00,169.00,149.00,201.00
2026-08-26 13:35:59,149.00,149.00,169.00,149.00,149.00,169.00,149.00,201.00
2026-08-26 13:46:49,149.00,149.00,169.00,149.00,149.00,169.00,149.00,201.00
2026-08-26 13:57:42,149.00,149.00,169.00,149.00,149.00,169.00,149.00,201.00
2026-08-26 14:08:12,149.00,149.00,169.00,149.00,149.00,169.00,149.00,201.00
2026-08-26 14:18:32,149.00,149.00,169.00,149.00,149.00,169.00,149.00,201.00
2026-08-26 14:29:16,149.00,149.00,169.00,149.00,149.00,169.00,149.00,201.00
2026-08-26 14:38:17,149.00,149.00,169.00,149.00,149.00,169.00,149.00,201.00
2026-08-26 14:48:54,149.00,149.00,169.00,149.00,149.00,169.00,149.00,201.00
2026-08-26 14:59:48,149.00,149.00,169.00,149.00,149.00,169.00,149.00,201.00
2026-08-26 15:10:39,149.00,149.00,169.00,149.00,149.00,169.00,149.00,201.00
2026-08-26 16:01:44,149.00,149.00,169.00,149.00,149.00,169.00,149.00,201.00
2026-08-26 16:11:55,149.00,149.00,169.00,149.00,149.00,169.00,149.00,201.00
2026-08-26 16:22:32,149.00,149.00,169.00,149.00,149.00,169.00,149.00,201.00
2026-08-26 16:32:09,149.00,149.00,169.00,149.00,149.00,169.00,149.00,201.00
2026-08-26 16:42:48,149.00,149.00,169.00,149.00,149.00,169.00,149.00,201.00
2026-08-26 16:53:27,149.00,149.00,169.00,149.00,149.00,169.00,149.00,201.00
2026-08-26 17:03:40,149.00,149.00,169.00,149.00,149.00,169.00,149.00,201.00
2026-08-26 17:14:34,149.00,149.00,169.00,149.00,149.00,169.00,149.00,201.00
2026-08-26 17:25:34,149.00,149.00,169.00,149.00,149.00,169.00,149.00,201.00
2026-08-26 17:36:31,149.00,149.00,169.00,149.00,149.00,169.00,149.00,201.00
2026-08-26 17:46:25,149.00,149.00,169.00,149.00,149.00,169.00,149.00,201.00
2026-08-26 18:17:57,149.00,149.00,169.00,149.00,149.00,169.00,149.00,201.00
2026-08-26 18:28:57,149.00,149.00,169.00,149.00,149.00,169.00,149.00,201.00
2026-08-26 18:38:52,149.00,149.00,169.00,149.00,149.00,169.00,149.00,201.00
2026-08-26 18:49:49,149.00,149.00,169.00,149.00,149.00,169.00,149.00,201.00
2026-08-26 19:00:40,149.00,149.00,169.00,149.00,166.00,169.00,149.00,201.00
2026-08-26 19:11:36,149.00,149.00,169.00,149.00,166.00,169.00,163.00,201.00
2026-08-26 19:23:28,149.00,149.00,169.00,149.00,166.00,169.00,163.00,201.00
2026-08-26 19:27:21,149.00,149.00,169.00,149.00,166.00,169.00,163.00,201.00
2026-08-26 19:38:07,149.00,149.00,169.00,149.00,166.00,169.00,163.00,201.00
2026-08-26 19:47:56,149.00,149.00,169.00,149.00,166.00,169.00,163.00,201.00
2026-08-26 19:57:42,149.00,149.00,169.00,149.00,169.00,169.00,163.00,201.00
2026-08-26 20:08:16,149.00,149.00,169.00,149.00,169.00,169.00,163.00,201.00
2026-08-26 20:17:54,149.00,149.00,169.00,149.00,169.00,169.00,163.00,201.00
2026-08-26 20:27:48,149.00,149.00,169.00,149.00,169.00,169.00,163.00,201.00
2026-08-26 20:37:52,149.00,149.00,169.00,149.00,169.00,169.00,163.00,201.00
2026-08-26 20:47:51,149.00,149.00,169.00,149.00,169.00,169.00,163.00,201.00
2026-08-26 20:57:53,149.00,149.00,169.00,149.00,194.00,169.00,163.00,201.00
2026-08-26 21:07:49,149.00,149.00,169.00,149.00,194.00,169.00,163.00,199.00
2026-08-26 21:17:23,149.00,149.00,169.00,149.00,194.00,169.00,163.00,199.00
2026-08-26 21:27:57,149.00,149.00,169.00,149.00,194.00,194.00,163.00,199.00
2026-08-26 21:37:48,149.00,149.00,169.00,149.00,194.00,194.00,163.00,199.00
2026-08-26 21:47:58,149.00,149.00,169.00,149.00,194.00,194.00,163.00,199.00
2026-08-26 21:57:33,149.00,149.00,169.00,149.00,194.00,194.00,163.00,199.00
2026-08-26 22:07:42,149.00,149.00,169.00,149.00,194.00,194.00,163.00,199.00
2026-08-26 22:17:57,149.00,149.00,169.00,149.00,194.00,194.00,163.00,199.00
2026-08-26 22:27:53,149.00,149.00,169.00,149.00,194.00,194.00,163.00,199.00
2026-08-26 22:37:23,149.00,149.00,169.00,149.00,194.00,194.00,163.00,199.00
2026-08-26 22:47:54,149.00,149.00,169.00,149.00,194.00,194.00,163.00,199.00
2026-08-26 22:57:48,149.00,149.00,169.00,149.00,194.00,194.00,163.00,199.00
2026-08-26 23:08:32,149.00,149.00,169.00,149.00,194.00,194.00,163.00,199.00
2026-08-26 23:17:56,149.00,149.00,169.00,149.00,194.00,194.00,163.00,199.00
2026-08-26 23:27:56,149.00,149.00,169.00,149.00,194.00,194.00,163.00,199.00
2026-08-26 23:37:44,149.00,149.00,169.00,149.00,194.00,194.00,163.00,199.00
2026-08-26 23:47:51,149.00,149.00,169.00,149.00,194.00,194.00,163.00,199.00
2026-08-26 23:57:48,149.00,149.00,169.00,149.00,194.00,194.00,163.00,199.00
2026-08-27 00:07:53,149.00,149.00,169.00,149.00,194.00,194.00,163.00,199.00
2026-08-27 00:17:54,149.00,149.00,169.00,149.00,194.00,194.00,163.00,199.00
2026-08-27 00:27:26,149.00,149.00,169.00,149.00,194.00,194.00,163.00,199.00
2026-08-27 00:37:49,149.00,149.00,169.00,149.00,194.00,194.00,163.00,199.00
2026-08-27 00:47:18,149.00,149.00,169.00,149.00,194.00,194.00,163.00,199.00
2026-08-27 00:57:56,149.00,149.00,169.00,149.00,194.00,194.00,163.00,199.00
2026-08-27 01:07:55,149.00,149.00,169.00,149.00,194.00,194.00,163.00,199.00
2026-08-27 01:17:40,149.00,149.00,169.00,149.00,194.00,194.00,163.00,199.00
2026-08-27 01:27:52,149.00,149.00,169.00,149.00,194.00,194.00,163.00,199.00
2026-08-27 01:38:03,149.00,149.00,169.00,149.00,194.00,194.00,163.00,199.00
2026-08-27 01:47:53,149.00,149.00,169.00,149.00,194.00,194.00,163.00,199.00
2026-08-27 01:57:50,149.00,149.00,169.00,149.00,194.00,194.00,163.00,199.00
2026-08-27 02:07:41,149.00,149.00,169.00,149.00,194.00,194.00,163.00,199.00
2026-08-27 02:17:59,149.00,149.00,169.00,149.00,194.00,194.00,163.00,199.00
2026-08-27 02:27:50,149.00,149.00,169.00,149.00,194.00,194.00,163.00,199.00
2026-08-27 02:37:34,149.00,149.00,169.00,149.00,194.00,194.00,163.00,199.00
2026-08-27 02:47:59,149.00,149.00,169.00,149.00,169.00,169.00,169.00,169.00
2026-08-27 02:57:50,149.00,149.00,169.00,149.00,169.00,169.00,169.00,169.00
2026-08-27 03:07:57,149.00,149.00,169.00,149.00,169.00,169.00,169.00,169.00
2026-08-27 03:17:48,149.00,149.00,169.00,149.00,169.00,169.00,169.00,169.00
2026-08-27 03:27:24,149.00,149.00,169.00,149.00,169.00,169.00,169.00,169.00
2026-08-27 03:37:48,149.00,149.00,169.00,149.00,169.00,169.00,169.00,169.00
2026-08-27 03:47:51,149.00,149.00,169.00,149.00,169.00,169.00,169.00,169.00
2026-08-27 03:57:52,149.00,149.00,169.00,149.00,169.00,169.00,169.00,169.00
2026-08-27 04:07:54,149.00,149.00,169.00,149.00,169.00,169.00,169.00,169.00
2026-08-27 04:17:47,149.00,149.00,169.00,149.00,169.00,169.00,169.00,169.00
2026-08-27 04:27:58,149.00,149.00,169.00,149.00,169.00,169.00,169.00,169.00
2026-08-27 04:37:51,149.00,149.00,169.00,149.00,169.00,169.00,169.00,169.00
2026-08-27 04:47:47,149.00,149.00,169.00,149.00,169.00,169.00,169.00,169.00
2026-08-27 04:57:51,149.00,149.00,169.00,149.00,169.00,169.00,169.00,169.00
2026-08-27 05:17:55,253.00,253.00,253.00,253.00,253.00,253.00,253.00,253.00
2026-08-27 05:27:58,253.00,253.00,253.00,253.00,253.00,253.00,253.00,253.00
2026-08-27 05:37:49,253.00,253.00,253.00,253.00,253.00,253.00,253.00,253.00
2026-08-27 05:47:57,253.00,253.00,253.00,253.00,253.00,253.00,253.00,253.00
2026-08-27 05:57:51,253.00,253.00,253.00,253.00,253.00,253.00,253.00,253.00
2026-08-27 06:07:51,253.00,253.00,253.00,253.00,253.00,253.00,253.00,253.00
2026-08-27 06:17:51,253.00,253.00,253.00,253.00,253.00,253.00,253.00,253.00
2026-08-27 06:27:34,253.00,253.00,253.00,253.00,253.00,253.00,253.00,253.00
2026-08-27 06:37:54,253.00,253.00,253.00,253.00,253.00,253.00,253.00,253.00
2026-08-27 06:47:57,253.00,253.00,253.00,253.00,253.00,253.00,253.00,253.00
2026-08-27 06:57:43,253.00,253.00,253.00,253.00,253.00,253.00,253.00,253.00
2026-08-27 07:08:06,253.00,253.00,253.00,253.00,253.00,253.00,253.00,253.00
2026-08-27 07:17:51,253.00,253.00,253.00,253.00,253.00,253.00,253.00,253.00
2026-08-27 07:27:51,253.00,253.00,253.00,253.00,253.00,253.00,253.00,253.00
2026-08-27 07:37:56,253.00,253.00,253.00,253.00,253.00,253.00,253.00,253.00
2026-08-27 07:47:49,253.00,253.00,253.00,253.00,253.00,253.00,253.00,253.00
2026-08-27 07:57:53,253.00,253.00,253.00,253.00,253.00,253.00,253.00,253.00
2026-08-27 08:08:01,253.00,253.00,253.00,253.00,253.00,253.00,253.00,253.00
2026-08-27 08:17:59,253.00,253.00,253.00,253.00,253.00,253.00,253.00,253.00
2026-08-27 08:27:50,253.00,253.00,253.00,253.00,253.00,253.00,253.00,253.00
2026-08-27 08:37:56,253.00,253.00,253.00,253.00,253.00,253.00,253.00,253.00
2026-08-27 08:47:45,253.00,253.00,253.00,253.00,253.00,253.00,253.00,253.00
2026-08-27 08:57:51,253.00,253.00,253.00,253.00,253.00,253.00,253.00,253.00
2026-08-27 09:07:55,253.00,253.00,253.00,253.00,253.00,253.00,253.00,253.00
2026-08-27 09:17:50,253.00,253.00,253.00,253.00,253.00,253.00,253.00,253.00
2026-08-27 09:27:54,253.00,253.00,253.00,253.00,253.00,253.00,253.00,253.00
2026-08-27 09:37:55,253.00,253.00,253.00,253.00,253.00,253.00,253.00,253.00
2026-08-27 09:47:57,253.00,253.00,253.00,253.00,253.00,253.00,253.00,253.00
2026-08-27 09:57:56,253.00,253.00,253.00,253.00,253.00,253.00,253.00,253.00
2026-08-27 10:07:52,253.00,253.00,253.00,253.00,253.00,253.00,253.00,253.00
2026-08-27 10:18:00,253.00,253.00,253.00,253.00,253.00,253.00,253.00,253.00
2026-08-27 10:28:18,253.00,253.00,253.00,253.00,253.00,253.00,253.00,253.00
2026-08-27 10:37:56,253.00,253.00,253.00,253.00,253.00,253.00,253.00,253.00
2026-08-27 10:47:59,253.00,253.00,253.00,253.00,253.00,253.00,253.00,253.00
2026-08-27 11:07:50,253.00,253.00,253.00,253.00,253.00,253.00,253.00,253.00
2026-08-27 11:17:55,253.00,253.00,253.00,253.00,253.00,253.00,253.00,253.00
2026-08-27 11:27:59,253.00,253.00,253.00,253.00,253.00,253.00,253.00,253.00
2026-08-27 11:37:56,253.00,253.00,253.00,253.00,253.00,253.00,253.00,253.00
2026-08-27 11:47:34,,253.00,,,253.00,,253.00,
2026-08-27 11:57:57,253.00,253.00,253.00,253.00,253.00,253.00,253.00,253.00
2026-08-27 12:07:59,253.00,253.00,253.00,253.00,253.00,253.00,253.00,253.00
2026-08-27 12:17:34,253.00,253.00,253.00,253.00,253.00,253.00,253.00,253.00
2026-08-27 12:28:00,253.00,253.00,253.00,253.00,253.00,253.00,253.00,253.00
2026-08-27 12:37:57,253.00,253.00,253.00,253.00,253.00,253.00,253.00,253.00
2026-08-27 12:47:56,253.00,253.00,253.00,253.00,253.00,253.00,253.00,253.00
2026-08-27 12:57:39,253.00,253.00,253.00,253.00,253.00,253.00,253.00,253.00
2026-08-27 13:07:53,253.00,253.00,253.00,253.00,253.00,253.00,253.00,253.00
2026-08-27 13:18:06,253.00,253.00,253.00,253.00,253.00,253.00,253.00,253.00
2026-08-27 13:28:04,253.00,253.00,253.00,253.00,253.00,253.00,253.00,253.00
2026-08-27 13:38:00,253.00,253.00,253.00,253.00,253.00,253.00,253.00,253.00
2026-08-27 13:47:55,253.00,253.00,253.00,253.00,253.00,253.00,253.00,253.00
2026-08-27 13:58:00,253.00,253.00,253.00,253.00,253.00,253.00,253.00,253.00
2026-08-27 14:08:04,253.00,253.00,253.00,253.00,253.00,253.00,253.00,253.00
2026-08-27 14:17:40,253.00,253.00,253.00,253.00,253.00,253.00,253.00,253.00
2026-08-27 14:28:01,253.00,253.00,253.00,253.00,253.00,253.00,253.00,253.00
2026-08-27 14:38:09,253.00,253.00,253.00,253.00,253.00,253.00,253.00,253.00
2026-08-27 14:48:02,253.00,253.00,253.00,253.00,253.00,253.00,253.00,253.00
2026-08-27 14:57:58,253.00,253.00,253.00,253.00,253.00,253.00,253.00,253.00
2026-08-27 15:08:03,253.00,253.00,253.00,253.00,253.00,253.00,253.00,253.00
2026-08-27 15:18:09,253.00,253.00,253.00,253.00,253.00,253.00,253.00,253.00
2026-08-27 15:28:00,253.00,253.00,253.00,253.00,253.00,253.00,253.00,253.00
2026-08-27 15:38:04,253.00,253.00,253.00,253.00,253.00,253.00,253.00,253.00
2026-08-27 15:47:59,253.00,253.00,253.00,253.00,253.00,253.00,253.00,253.00
2026-08-27 15:57:40,253.00,253.00,253.00,253.00,253.00,253.00,253.00,253.00
2026-08-27 16:08:14,253.00,253.00,253.00,253.00,253.00,253.00,253.00,253.00
2026-08-27 16:17:53,253.00,253.00,253.00,253.00,253.00,253.00,253.00,253.00
2026-08-27 16:28:06,253.00,253.00,253.00,253.00,253.00,253.00,253.00,253.00
2026-08-27 16:38:14,253.00,253.00,253.00,253.00,253.00,253.00,253.00,253.00
2026-08-27 16:48:18,253.00,253.00,253.00,253.00,253.00,253.00,253.00,253.00
2026-08-27 16:57:56,253.00,253.00,253.00,253.00,253.00,253.00,253.00,253.00
2026-08-27 17:07:45,253.00,253.00,253.00,253.00,253.00,253.00,253.00,253.00
2026-08-27 17:17:55,253.00,253.00,253.00,253.00,253.00,253.00,253.00,253.00
2026-08-27 17:27:42,253.00,253.00,253.00,253.00,253.00,253.00,253.00,253.00
2026-08-27 17:38:09,253.00,253.00,253.00,253.00,253.00,253.00,253.00,253.00
2026-08-27 17:48:03,253.00,253.00,253.00,253.00,253.00,253.00,253.00,253.00
2026-08-27 17:58:00,253.00,253.00,253.00,253.00,253.00,253.00,253.00,253.00
2026-08-27 18:08:06,253.00,253.00,253.00,253.00,253.00,253.00,253.00,253.00
2026-08-27 18:17:48,253.00,253.00,253.00,253.00,253.00,253.00,253.00,253.00
2026-08-27 18:28:05,253.00,253.00,253.00,253.00,253.00,253.00,253.00,253.00
2026-08-27 18:38:20,253.00,,253.00,253.00,,253.00,,253.00
2026-08-27 18:47:50,253.00,253.00,253.00,253.00,253.00,253.00,253.00,253.00
2026-08-27 18:58:12,253.00,253.00,253.00,253.00,253.00,253.00,253.00,253.00
2026-08-27 19:07:49,253.00,253.00,253.00,253.00,253.00,253.00,253.00,253.00
2026-08-27 19:18:04,253.00,253.00,253.00,253.00,253.00,253.00,253.00,253.00
2026-08-27 19:27:50,253.00,253.00,253.00,253.00,253.00,253.00,253.00,253.00
2026-08-27 19:38:04,253.00,253.00,253.00,253.00,253.00,253.00,253.00,253.00
2026-08-27 19:48:02,253.00,253.00,253.00,253.00,253.00,253.00,253.00,253.00
2026-08-27 19:58:05,253.00,253.00,253.00,253.00,253.00,253.00,253.00,253.00
2026-08-27 20:08:18,253.00,253.00,253.00,253.00,253.00,253.00,253.00,253.00
2026-08-27 20:18:10,253.00,253.00,253.00,253.00,253.00,253.00,253.00,253.00
2026-08-27 20:28:15,253.00,,253.00,253.00,,253.00,,253.00
2026-08-27 20:38:05,253.00,253.00,253.00,253.00,253.00,253.00,253.00,253.00
2026-08-27 20:47:58,,253.00,,,253.00,,253.00,
2026-08-27 20:57:52,253.00,253.00,253.00,253.00,253.00,253.00,253.00,253.00
2026-08-27 21:08:08,253.00,253.00,253.00,253.00,253.00,253.00,253.00,253.00
2026-08-27 21:17:51,253.00,253.00,253.00,253.00,253.00,253.00,253.00,253.00
2026-08-27 21:28:00,253.00,253.00,253.00,253.00,253.00,253.00,253.00,253.00
2026-08-27 21:37:58,253.00,253.00,253.00,253.00,253.00,253.00,253.00,253.00
2026-08-27 21:48:07,253.00,253.00,253.00,253.00,253.00,253.00,253.00,253.00
2026-08-27 21:57:45,253.00,253.00,253.00,253.00,253.00,253.00,253.00,253.00
2026-08-27 22:07:46,253.00,253.00,253.00,253.00,253.00,253.00,253.00,253.00
2026-08-27 22:17:48,253.00,253.00,253.00,253.00,253.00,253.00,253.00,253.00
2026-08-27 22:28:11,253.00,253.00,253.00,253.00,253.00,253.00,253.00,253.00
2026-08-27 22:38:07,253.00,253.00,253.00,253.00,253.00,253.00,253.00,253.00
2026-08-27 22:48:01,253.00,253.00,253.00,253.00,253.00,253.00,253.00,253.00
2026-08-27 22:57:43,253.00,253.00,253.00,253.00,253.00,253.00,253.00,253.00
2026-08-27 23:07:44,253.00,253.00,253.00,253.00,253.00,253.00,253.00,253.00
2026-08-27 23:17:34,253.00,253.00,253.00,253.00,253.00,253.00,253.00,253.00
2026-08-27 23:28:06,253.00,253.00,253.00,253.00,253.00,253.00,253.00,253.00
2026-08-27 23:38:05,253.00,253.00,253.00,253.00,253.00,253.00,253.00,253.00
2026-08-27 23:47:58,253.00,253.00,253.00,253.00,253.00,253.00,253.00,253.00
2026-08-27 23:58:02,253.00,253.00,253.00,253.00,253.00,253.00,253.00,253.00
2026-08-28 00:08:06,253.00,253.00,253.00,253.00,253.00,253.00,253.00,253.00
2026-08-28 00:18:02,253.00,253.00,253.00,253.00,253.00,253.00,253.00,253.00
2026-08-28 00:28:02,253.00,253.00,253.00,253.00,253.00,253.00,253.00,253.00
2026-08-28 00:38:20,253.00,,253.00,253.00,,253.00,,253.00
2026-08-28 00:47:51,253.00,253.00,253.00,253.00,253.00,253.00,253.00,253.00
2026-08-28 00:57:48,253.00,253.00,253.00,253.00,253.00,253.00,253.00,253.00
2026-08-28 01:08:01,253.00,253.00,253.00,253.00,253.00,253.00,253.00,253.00
2026-08-28 01:18:12,253.00,253.00,253.00,253.00,253.00,253.00,253.00,253.00
2026-08-28 01:28:07,253.00,253.00,253.00,253.00,253.00,253.00,253.00,253.00
2026-08-28 01:38:03,253.00,253.00,253.00,253.00,253.00,253.00,253.00,253.00
2026-08-28 01:47:49,253.00,253.00,253.00,253.00,253.00,253.00,253.00,253.00
2026-08-28 01:57:50,253.00,253.00,253.00,253.00,253.00,253.00,253.00,253.00
2026-08-28 02:07:36,253.00,253.00,253.00,253.00,253.00,253.00,253.00,253.00
2026-08-28 02:18:14,253.00,253.00,253.00,253.00,253.00,253.00,253.00,253.00
2026-08-28 02:27:39,253.00,253.00,253.00,253.00,253.00,253.00,253.00,253.00
2026-08-28 02:37:59,253.00,253.00,253.00,253.00,253.00,253.00,253.00,253.00
2026-08-28 02:48:03,253.00,253.00,253.00,253.00,253.00,253.00,253.00,253.00
2026-08-28 02:58:12,253.00,253.00,253.00,253.00,253.00,253.00,253.00,253.00
2026-08-28 03:08:14,253.00,253.00,253.00,253.00,253.00,253.00,253.00,253.00
2026-08-28 03:18:01,253.00,253.00,253.00,253.00,253.00,253.00,253.00,253.00
2026-08-28 03:28:13,253.00,253.00,253.00,253.00,253.00,253.00,253.00,253.00
2026-08-28 03:38:09,253.00,253.00,253.00,253.00,253.00,253.00,253.00,253.00
2026-08-28 03:48:13,253.00,253.00,253.00,253.00,253.00,253.00,253.00,253.00
2026-08-28 03:57:45,253.00,253.00,253.00,253.00,253.00,253.00,253.00,253.00
2026-08-28 04:08:05,253.00,253.00,253.00,253.00,253.00,253.00,253.00,253.00
2026-08-28 04:18:02,253.00,253.00,253.00,253.00,253.00,253.00,253.00,253.00
2026-08-28 04:28:06,253.00,253.00,253.00,253.00,253.00,253.00,253.00,253.00
2026-08-28 04:37:45,253.00,253.00,253.00,253.00,253.00,253.00,253.00,253.00
2026-08-28 04:48:04,253.00,253.00,253.00,253.00,253.00,253.00,253.00,253.00
2026-08-28 04:58:02,253.00,253.00,253.00,253.00,253.00,253.00,253.00,253.00
2026-08-28 05:08:10,253.00,253.00,253.00,253.00,253.00,253.00,253.00,253.00
2026-08-28 05:18:17,253.00,253.00,253.00,253.00,253.00,253.00,253.00,253.00
2026-08-28 05:28:05,253.00,253.00,253.00,253.00,253.00,253.00,253.00,253.00
2026-08-28 05:37:58,253.00,253.00,253.00,253.00,253.00,253.00,253.00,253.00
2026-08-28 05:48:02,253.00,253.00,253.00,253.00,253.00,253.00,253.00,253.00
2026-08-28 05:58:01,253.00,253.00,253.00,253.00,253.00,253.00,253.00,253.00
2026-08-28 06:07:43,253.00,253.00,253.00,253.00,253.00,253.00,253.00,253.00
2026-08-28 06:18:06,253.00,253.00,253.00,253.00,253.00,253.00,253.00,253.00
2026-08-28 06:28:06,253.00,253.00,253.00,253.00,253.00,253.00,253.00,253.00
2026-08-28 06:37:56,253.00,253.00,253.00,253.00,253.00,253.00,253.00,253.00
2026-08-28 06:48:02,253.00,253.00,253.00,253.00,253.00,253.00,253.00,253.00
2026-08-28 06:58:01,253.00,253.00,253.00,253.00,253.00,253.00,253.00,253.00
2026-08-28 07:08:05,253.00,253.00,253.00,253.00,253.00,253.00,253.00,253.00
2026-08-28 07:18:04,253.00,253.00,253.00,253.00,253.00,253.00,253.00,253.00
2026-08-28 07:28:03,253.00,253.00,253.00,253.00,253.00,253.00,253.00,253.00
2026-08-28 07:38:02,253.00,253.00,253.00,253.00,253.00,253.00,253.00,253.00
2026-08-28 07:48:10,253.00,253.00,253.00,253.00,253.00,253.00,253.00,253.00
2026-08-28 07:58:01,253.00,253.00,253.00,253.00,253.00,253.00,253.00,253.00
2026-08-28 08:07:43,253.00,253.00,253.00,253.00,253.00,253.00,253.00,253.00
2026-08-28 08:18:00,253.00,253.00,253.00,253.00,253.00,253.00,253.00,253.00
2026-08-28 08:27:56,253.00,253.00,253.00,253.00,253.00,253.00,253.00,253.00
2026-08-28 08:37:59,253.00,253.00,253.00,253.00,253.00,253.00,253.00,253.00
2026-08-28 08:48:01,253.00,253.00,253.00,253.00,253.00,253.00,253.00,253.00
2026-08-28 08:58:03,253.00,253.00,253.00,253.00,253.00,253.00,253.00,253.00
2026-08-28 09:08:02,253.00,253.00,253.00,253.00,253.00,253.00,253.00,253.00
2026-08-28 09:18:05,253.00,253.00,253.00,253.00,253.00,253.00,253.00,253.00
2026-08-28 09:28:06,253.00,253.00,253.00,253.00,253.00,253.00,253.00,253.00
2026-08-28 09:38:09,253.00,253.00,253.00,253.00,253.00,253.00,253.00,253.00
2026-08-28 09:47:59,253.00,253.00,253.00,253.00,253.00,253.00,253.00,253.00
2026-08-28 09:58:11,253.00,253.00,253.00,253.00,253.00,253.00,253.00,253.00
2026-08-28 10:08:05,253.00,253.00,253.00,253.00,253.00,253.00,253.00,253.00
2026-08-28 10:18:05,253.00,253.00,253.00,253.00,253.00,253.00,253.00,253.00
2026-08-28 10:28:03,253.00,253.00,253.00,253.00,253.00,253.00,253.00,253.00
2026-08-28 10:38:09,253.00,253.00,253.00,253.00,253.00,253.00,253.00,253.00
2026-08-28 10:47:45,253.00,253.00,253.00,253.00,253.00,253.00,253.00,253.00
2026-08-28 10:58:12,253.00,253.00,253.00,253.00,253.00,253.00,253.00,253.00
2026-08-28 11:07:46,253.00,253.00,253.00,253.00,253.00,253.00,253.00,253.00
2026-08-28 11:18:10,253.00,253.00,253.00,253.00,253.00,253.00,253.00,253.00
2026-08-28 11:28:11,253.00,253.00,253.00,253.00,253.00,253.00,253.00,253.00
2026-08-28 11:38:09,253.00,253.00,253.00,253.00,253.00,253.00,253.00,253.00
2026-08-28 11:48:07,253.00,253.00,253.00,253.00,253.00,253.00,253.00,253.00
2026-08-28 11:58:07,253.00,253.00,253.00,253.00,253.00,253.00,253.00,253.00
2026-08-28 12:07:44,,253.00,,,253.00,,253.00,
2026-08-28 12:18:09,253.00,253.00,253.00,253.00,253.00,253.00,253.00,253.00
2026-08-28 12:28:18,,253.00,,,253.00,,253.00,
2026-08-28 12:37:59,253.00,253.00,253.00,253.00,253.00,253.00,253.00,253.00
2026-08-28 12:48:07,253.00,253.00,253.00,253.00,253.00,253.00,253.00,253.00
2026-08-28 12:57:49,253.00,253.00,253.00,253.00,253.00,253.00,253.00,253.00
2026-08-28 13:08:09,253.00,253.00,253.00,253.00,253.00,253.00,253.00,253.00
2026-08-28 13:18:02,253.00,253.00,253.00,253.00,253.00,253.00,253.00,253.00
2026-08-28 13:27:46,253.00,253.00,253.00,253.00,253.00,253.00,253.00,253.00
2026-08-28 13:38:10,253.00,253.00,253.00,253.00,253.00,253.00,253.00,253.00
2026-08-28 13:48:09,253.00,253.00,253.00,253.00,253.00,253.00,253.00,253.00
2026-08-28 13:57:44,253.00,253.00,253.00,253.00,253.00,253.00,253.00,253.00
2026-08-28 14:07:55,253.00,253.00,253.00,253.00,253.00,253.00,253.00,253.00
2026-08-28 14:17:45,253.00,253.00,253.00,253.00,253.00,253.00,253.00,253.00
2026-08-28 14:27:51,253.00,253.00,253.00,253.00,253.00,253.00,253.00,253.00
2026-08-28 14:38:05,253.00,253.00,253.00,253.00,253.00,253.00,253.00,253.00
2026-08-28 14:48:09,253.00,253.00,253.00,253.00,253.00,253.00,253.00,253.00
2026-08-28 14:58:13,253.00,253.00,253.00,253.00,253.00,253.00,253.00,253.00
2026-08-28 15:08:13,253.00,253.00,253.00,253.00,253.00,253.00,253.00,253.00
2026-08-28 15:18:10,253.00,253.00,253.00,253.00,253.00,253.00,253.00,253.00
2026-08-28 15:28:14,253.00,253.00,253.00,253.00,253.00,253.00,253.00,253.00
2026-08-28 15:38:06,253.00,253.00,253.00,253.00,253.00,253.00,253.00,253.00
2026-08-28 15:48:06,253.00,253.00,253.00,253.00,253.00,253.00,253.00,253.00
2026-08-28 15:58:14,253.00,253.00,253.00,253.00,253.00,253.00,253.00,253.00
2026-08-28 16:08:16,253.00,253.00,253.00,253.00,253.00,253.00,253.00,253.00
2026-08-28 16:18:06,253.00,253.00,253.00,253.00,253.00,253.00,253.00,253.00
2026-08-28 16:28:16,253.00,253.00,253.00,253.00,253.00,253.00,253.00,253.00
2026-08-28 16:37:48,253.00,253.00,253.00,253.00,253.00,253.00,253.00,253.00
2026-08-28 16:48:17,253.00,253.00,253.00,253.00,253.00,253.00,253.00,253.00
2026-08-28 16:58:06,253.00,253.00,253.00,253.00,253.00,253.00,253.00,253.00
2026-08-28 17:08:13,253.00,253.00,253.00,253.00,253.00,253.00,253.00,253.00
2026-08-28 17:18:06,253.00,253.00,253.00,253.00,253.00,253.00,253.00,253.00
2026-08-28 17:27:53,253.00,253.00,253.00,253.00,253.00,253.00,253.00,253.00
2026-08-28 17:38:09,253.00,253.00,253.00,253.00,253.00,253.00,253.00,253.00
2026-08-28 17:48:08,253.00,253.00,253.00,253.00,253.00,253.00,253.00,253.00
2026-08-28 17:57:46,253.00,253.00,253.00,253.00,253.00,253.00,253.00,253.00
2026-08-28 18:08:13,253.00,253.00,253.00,253.00,253.00,253.00,253.00,253.00
2026-08-28 18:18:23,253.00,253.00,253.00,253.00,253.00,253.00,253.00,253.00
2026-08-28 18:28:08,253.00,253.00,253.00,253.00,253.00,253.00,253.00,253.00
2026-08-28 18:38:17,253.00,253.00,253.00,253.00,253.00,253.00,253.00,253.00
2026-08-28 18:48:14,253.00,253.00,253.00,253.00,253.00,253.00,253.00,253.00
2026-08-28 18:58:13,253.00,253.00,253.00,253.00,253.00,253.00,253.00,253.00
2026-08-28 19:08:17,253.00,253.00,253.00,253.00,253.00,253.00,253.00,253.00
2026-08-28 19:18:09,253.00,253.00,253.00,253.00,253.00,253.00,253.00,253.00
2026-08-28 19:27:40,253.00,253.00,253.00,253.00,253.00,253.00,253.00,253.00
2026-08-28 19:37:50,253.00,253.00,253.00,253.00,253.00,253.00,253.00,253.00
2026-08-28 19:48:03,253.00,253.00,253.00,253.00,253.00,253.00,253.00,253.00
2026-08-28 19:58:13,253.00,253.00,253.00,253.00,253.00,253.00,253.00,253.00
2026-08-28 20:08:28,253.00,253.00,253.00,253.00,253.00,253.00,253.00,253.00
2026-08-28 20:18:07,253.00,253.00,253.00,253.00,253.00,253.00,253.00,253.00
2026-08-28 20:28:19,253.00,253.00,253.00,253.00,253.00,253.00,253.00,253.00
2026-08-28 20:38:17,253.00,253.00,253.00,253.00,253.00,253.00,253.00,253.00
2026-08-28 20:48:18,253.00,253.00,253.00,253.00,253.00,253.00,253.00,253.00
2026-08-28 20:58:26,253.00,253.00,253.00,253.00,253.00,253.00,253.00,253.00
2026-08-28 21:08:16,253.00,253.00,253.00,253.00,253.00,253.00,253.00,253.00
2026-08-28 21:18:09,253.00,253.00,253.00,253.00,253.00,253.00,253.00,253.00
2026-08-28 21:27:40,253.00,253.00,253.00,253.00,253.00,253.00,253.00,253.00
2026-08-28 21:38:08,253.00,253.00,253.00,253.00,253.00,253.00,253.00,253.00
2026-08-28 21:48:16,253.00,253.00,253.00,253.00,253.00,253.00,253.00,253.00
2026-08-28 21:58:06,253.00,253.00,253.00,253.00,253.00,253.00,253.00,253.00
2026-08-28 22:08:11,253.00,253.00,253.00,253.00,253.00,253.00,253.00,253.00
2026-08-28 22:18:21,253.00,253.00,253.00,253.00,253.00,253.00,253.00,253.00
2026-08-28 22:28:11,253.00,253.00,253.00,253.00,253.00,253.00,253.00,253.00
2026-08-28 22:37:56,253.00,253.00,253.00,253.00,253.00,253.00,253.00,253.00
2026-08-28 22:47:53,253.00,253.00,253.00,253.00,253.00,253.00,253.00,253.00
2026-08-28 22:58:04,253.00,253.00,253.00,253.00,253.00,253.00,253.00,253.00
2026-08-28 23:08:02,253.00,253.00,253.00,253.00,253.00,253.00,253.00,253.00
2026-08-28 23:18:18,253.00,253.00,253.00,253.00,253.00,253.00,253.00,253.00
2026-08-28 23:28:56,253.00,253.00,253.00,253.00,253.00,253.00,253.00,253.00
2026-08-28 23:38:15,253.00,253.00,253.00,253.00,253.00,253.00,253.00,253.00
2026-08-28 23:48:18,253.00,253.00,253.00,253.00,253.00,253.00,253.00,253.00
2026-08-28 23:58:08,253.00,253.00,253.00,253.00,253.00,253.00,253.00,253.00
2026-08-29 00:08:21,253.00,253.00,253.00,253.00,253.00,253.00,253.00,253.00
2026-08-29 00:17:57,253.00,253.00,253.00,253.00,253.00,253.00,253.00,253.00
2026-08-29 00:28:14,253.00,253.00,253.00,253.00,253.00,253.00,253.00,253.00
2026-08-29 00:38:14,253.00,253.00,253.00,253.00,253.00,253.00,253.00,253.00
2026-08-29 00:48:22,253.00,253.00,253.00,253.00,253.00,253.00,253.00,253.00
2026-08-29 00:58:08,253.00,253.00,253.00,253.00,253.00,253.00,253.00,253.00
2026-08-29 01:08:09,253.00,253.00,253.00,253.00,253.00,253.00,253.00,253.00
2026-08-29 01:18:02,253.00,253.00,253.00,253.00,253.00,253.00,253.00,253.00
2026-08-29 01:28:20,253.00,253.00,253.00,253.00,253.00,253.00,253.00,253.00
2026-08-29 01:38:11,253.00,253.00,253.00,253.00,253.00,253.00,253.00,253.00
2026-08-29 01:47:55,253.00,253.00,253.00,253.00,253.00,253.00,253.00,253.00
2026-08-29 01:58:05,253.00,253.00,253.00,253.00,253.00,253.00,253.00,253.00
2026-08-29 02:07:41,253.00,253.00,253.00,253.00,253.00,253.00,253.00,253.00
2026-08-29 02:18:16,253.00,253.00,253.00,253.00,253.00,253.00,253.00,253.00
2026-08-29 02:28:13,253.00,253.00,253.00,253.00,253.00,253.00,253.00,253.00
2026-08-29 02:37:47,253.00,253.00,253.00,253.00,253.00,253.00,253.00,253.00
2026-08-29 02:48:10,253.00,253.00,253.00,253.00,253.00,253.00,253.00,253.00
2026-08-29 02:58:11,253.00,253.00,253.00,253.00,253.00,253.00,253.00,253.00
2026-08-29 03:07:53,253.00,253.00,253.00,253.00,253.00,253.00,253.00,253.00
2026-08-29 03:18:13,253.00,253.00,253.00,253.00,253.00,253.00,253.00,253.00
2026-08-29 03:28:11,253.00,253.00,253.00,253.00,253.00,253.00,253.00,253.00
2026-08-29 03:38:04,253.00,253.00,253.00,253.00,253.00,253.00,253.00,253.00
2026-08-29 03:48:13,253.00,253.00,253.00,253.00,253.00,253.00,253.00,253.00
2026-08-29 03:58:11,253.00,253.00,253.00,253.00,253.00,253.00,253.00,253.00
2026-08-29 04:08:14,253.00,253.00,253.00,253.00,253.00,253.00,253.00,253.00
2026-08-29 04:18:08,253.00,253.00,253.00,253.00,253.00,253.00,253.00,253.00
2026-08-29 04:28:12,253.00,253.00,253.00,253.00,253.00,253.00,253.00,253.00
2026-08-29 04:38:26,253.00,253.00,253.00,253.00,253.00,253.00,253.00,253.00
2026-08-29 04:48:12,253.00,253.00,253.00,253.00,253.00,253.00,253.00,253.00
2026-08-29 04:58:09,253.00,253.00,253.00,253.00,253.00,253.00,253.00,253.00
2026-08-29 05:08:12,253.00,253.00,253.00,253.00,253.00,253.00,253.00,253.00
2026-08-29 05:18:17,253.00,253.00,253.00,253.00,253.00,253.00,253.00,253.00
2026-08-29 05:27:47,253.00,253.00,253.00,253.00,253.00,253.00,253.00,253.00
2026-08-29 05:38:12,253.00,253.00,253.00,253.00,253.00,253.00,253.00,253.00
2026-08-29 05:48:12,253.00,253.00,253.00,253.00,253.00,253.00,253.00,253.00
2026-08-29 05:58:07,253.00,253.00,253.00,253.00,253.00,253.00,253.00,253.00
2026-08-29 06:08:11,253.00,253.00,253.00,253.00,253.00,253.00,253.00,253.00
2026-08-29 06:18:07,253.00,253.00,253.00,253.00,253.00,253.00,253.00,253.00
2026-08-29 06:27:39,253.00,253.00,253.00,253.00,253.00,253.00,253.00,253.00
2026-08-29 06:38:03,253.00,253.00,253.00,253.00,253.00,253.00,253.00,253.00
2026-08-29 06:48:07,253.00,253.00,253.00,253.00,253.00,253.00,253.00,253.00
2026-08-29 06:58:08,253.00,253.00,253.00,253.00,253.00,253.00,253.00,253.00
2026-08-29 07:08:10,253.00,253.00,253.00,253.00,253.00,253.00,253.00,253.00
2026-08-29 07:18:18,253.00,253.00,253.00,253.00,253.00,253.00,253.00,253.00
2026-08-29 07:28:14,253.00,253.00,253.00,253.00,253.00,253.00,253.00,253.00
2026-08-29 07:38:08,253.00,253.00,253.00,253.00,253.00,253.00,253.00,253.00
2026-08-29 07:47:51,253.00,253.00,253.00,253.00,253.00,253.00,253.00,253.00
2026-08-29 07:58:06,253.00,253.00,253.00,253.00,253.00,253.00,253.00,253.00
2026-08-29 08:08:13,253.00,253.00,253.00,253.00,253.00,253.00,253.00,253.00
2026-08-29 08:17:45,253.00,253.00,253.00,253.00,253.00,253.00,253.00,253.00
2026-08-29 08:28:10,253.00,253.00,253.00,253.00,253.00,253.00,253.00,253.00
2026-08-29 08:38:13,253.00,253.00,253.00,253.00,253.00,253.00,253.00,253.00
2026-08-29 08:48:08,253.00,253.00,253.00,253.00,253.00,253.00,253.00,253.00
2026-08-29 08:58:02,253.00,253.00,253.00,253.00,253.00,253.00,253.00,253.00
2026-08-29 09:08:10,253.00,253.00,253.00,253.00,253.00,253.00,253.00,253.00
2026-08-29 09:18:02,253.00,253.00,253.00,253.00,253.00,253.00,253.00,253.00
2026-08-29 09:28:10,253.00,253.00,253.00,253.00,253.00,253.00,253.00,253.00
2026-08-29 09:38:04,253.00,253.00,253.00,253.00,253.00,253.00,253.00,253.00
2026-08-29 09:48:11,253.00,253.00,253.00,253.00,253.00,253.00,253.00,253.00
2026-08-29 09:58:13,253.00,253.00,253.00,253.00,253.00,253.00,253.00,253.00
2026-08-29 10:08:08,253.00,253.00,253.00,253.00,253.00,253.00,253.00,253.00
2026-08-29 10:17:56,253.00,253.00,253.00,253.00,253.00,253.00,253.00,253.00
2026-08-29 10:28:04,253.00,253.00,253.00,253.00,253.00,253.00,253.00,253.00
2026-08-29 10:38:13,253.00,253.00,253.00,253.00,253.00,253.00,253.00,253.00
2026-08-29 10:48:06,253.00,253.00,253.00,253.00,253.00,253.00,253.00,253.00
2026-08-29 10:58:13,253.00,253.00,253.00,253.00,253.00,253.00,253.00,253.00
2026-08-29 11:08:12,253.00,253.00,253.00,253.00,253.00,253.00,253.00,253.00
2026-08-29 11:18:12,253.00,253.00,253.00,253.00,253.00,253.00,253.00,253.00
2026-08-29 11:28:05,253.00,253.00,253.00,253.00,253.00,253.00,253.00,253.00
2026-08-29 11:38:17,253.00,253.00,253.00,253.00,253.00,253.00,253.00,253.00
2026-08-29 11:48:23,253.00,253.00,253.00,253.00,253.00,253.00,253.00,253.00
2026-08-29 11:58:13,253.00,253.00,253.00,253.00,253.00,253.00,253.00,253.00
2026-08-29 12:07:56,253.00,253.00,253.00,253.00,253.00,253.00,253.00,253.00
2026-08-29 12:18:13,253.00,253.00,253.00,253.00,253.00,253.00,253.00,253.00
2026-08-29 12:27:53,253.00,253.00,253.00,253.00,253.00,253.00,253.00,253.00
2026-08-29 12:38:23,253.00,253.00,253.00,253.00,253.00,253.00,253.00,253.00
2026-08-29 12:48:17,253.00,253.00,253.00,253.00,253.00,253.00,253.00,253.00
2026-08-29 12:58:10,253.00,253.00,253.00,253.00,253.00,253.00,253.00,253.00
2026-08-29 13:08:00,253.00,253.00,253.00,253.00,253.00,253.00,253.00,253.00
2026-08-29 13:18:04,253.00,253.00,253.00,253.00,253.00,253.00,253.00,253.00
2026-08-29 13:28:00,253.00,253.00,253.00,253.00,253.00,253.00,253.00,253.00
2026-08-29 13:37:54,253.00,253.00,253.00,253.00,253.00,253.00,253.00,253.00
2026-08-29 13:48:14,253.00,253.00,253.00,253.00,253.00,253.00,253.00,253.00
2026-08-29 13:58:15,253.00,253.00,253.00,253.00,253.00,253.00,253.00,253.00
2026-08-29 14:08:18,253.00,253.00,253.00,253.00,253.00,253.00,253.00,253.00
2026-08-29 14:18:16,253.00,253.00,253.00,253.00,253.00,253.00,253.00,253.00
2026-08-29 14:28:21,253.00,253.00,253.00,253.00,253.00,253.00,253.00,253.00
2026-08-29 14:38:17,253.00,253.00,253.00,253.00,253.00,253.00,253.00,253.00
2026-08-29 14:47:43,253.00,253.00,253.00,253.00,253.00,253.00,253.00,253.00
2026-08-29 14:58:26,253.00,253.00,253.00,253.00,253.00,253.00,253.00,253.00
2026-08-29 15:07:51,253.00,253.00,253.00,253.00,253.00,253.00,253.00,253.00
2026-08-29 15:18:19,253.00,253.00,253.00,253.00,253.00,253.00,253.00,253.00
2026-08-29 15:28:16,253.00,253.00,253.00,253.00,253.00,253.00,253.00,253.00
2026-08-29 15:37:57,253.00,253.00,253.00,253.00,253.00,253.00,253.00,253.00
2026-08-29 15:48:18,253.00,253.00,253.00,253.00,253.00,253.00,253.00,253.00
2026-08-29 15:58:19,253.00,253.00,253.00,253.00,253.00,253.00,253.00,253.00
2026-08-29 16:08:14,253.00,253.00,253.00,253.00,253.00,253.00,253.00,253.00
2026-08-29 16:18:16,253.00,253.00,253.00,253.00,253.00,253.00,253.00,253.00
2026-08-29 16:28:16,253.00,253.00,253.00,253.00,253.00,253.00,253.00,253.00
2026-08-29 16:38:16,253.00,253.00,253.00,253.00,253.00,253.00,253.00,253.00
2026-08-29 16:48:09,253.00,253.00,253.00,253.00,253.00,253.00,253.00,253.00
2026-08-29 16:58:28,253.00,253.00,253.00,253.00,253.00,253.00,253.00,253.00
2026-08-29 17:08:22,253.00,253.00,253.00,253.00,253.00,253.00,253.00,253.00
2026-08-29 17:18:37,253.00,253.00,253.00,253.00,253.00,253.00,253.00,253.00
2026-08-29 17:28:14,253.00,253.00,253.00,253.00,253.00,253.00,253.00,253.00
2026-08-29 17:38:23,253.00,253.00,253.00,253.00,253.00,253.00,253.00,253.00
2026-08-29 17:47:43,253.00,253.00,253.00,253.00,253.00,253.00,253.00,253.00
2026-08-29 17:57:40,253.00,253.00,253.00,253.00,253.00,253.00,253.00,253.00
2026-08-29 18:08:23,253.00,253.00,253.00,253.00,253.00,253.00,253.00,253.00
2026-08-29 18:18:13,253.00,253.00,253.00,253.00,253.00,253.00,253.00,253.00
2026-08-29 18:28:13,253.00,253.00,253.00,253.00,253.00,253.00,253.00,253.00
2026-08-29 18:37:55,253.00,253.00,253.00,253.00,253.00,253.00,253.00,253.00
2026-08-29 18:48:15,253.00,253.00,253.00,253.00,253.00,253.00,253.00,253.00
2026-08-29 18:58:17,253.00,253.00,253.00,253.00,253.00,253.00,253.00,253.00
2026-08-29 19:08:21,253.00,253.00,253.00,253.00,253.00,253.00,253.00,253.00
2026-08-29 19:18:14,253.00,253.00,253.00,253.00,253.00,253.00,253.00,253.00
2026-08-29 19:28:13,253.00,253.00,253.00,253.00,253.00,253.00,253.00,253.00
2026-08-29 19:38:32,253.00,253.00,253.00,253.00,253.00,253.00,253.00,253.00
2026-08-29 19:48:19,253.00,253.00,253.00,253.00,253.00,253.00,253.00,253.00
2026-08-29 19:58:14,253.00,253.00,253.00,253.00,253.00,253.00,253.00,253.00
2026-08-29 20:08:00,253.00,253.00,253.00,253.00,253.00,253.00,253.00,253.00
2026-08-29 20:18:07,253.00,253.00,253.00,253.00,253.00,253.00,253.00,253.00
2026-08-29 20:28:24,253.00,253.00,253.00,253.00,253.00,253.00,253.00,253.00
2026-08-29 20:38:17,253.00,253.00,253.00,253.00,253.00,253.00,253.00,253.00
2026-08-29 20:48:07,253.00,253.00,253.00,253.00,253.00,253.00,253.00,253.00
2026-08-29 20:58:33,253.00,253.00,253.00,253.00,253.00,253.00,253.00,253.00
2026-08-29 21:08:26,253.00,253.00,253.00,253.00,253.00,253.00,253.00,253.00
2026-08-29 21:18:24,253.00,253.00,253.00,253.00,253.00,253.00,253.00,253.00
2026-08-29 21:28:09,253.00,253.00,253.00,253.00,253.00,253.00,253.00,253.00
2026-08-29 21:38:26,253.00,253.00,253.00,253.00,253.00,253.00,253.00,253.00
2026-08-29 21:48:22,253.00,253.00,253.00,253.00,253.00,253.00,253.00,253.00
2026-08-29 21:58:26,253.00,253.00,253.00,253.00,253.00,253.00,253.00,253.00
2026-08-29 22:08:21,253.00,253.00,253.00,253.00,253.00,253.00,253.00,253.00
2026-08-29 22:18:20,253.00,253.00,253.00,253.00,253.00,253.00,253.00,253.00
2026-08-29 22:28:26,253.00,253.00,253.00,253.00,253.00,253.00,253.00,253.00
2026-08-29 22:38:21,253.00,253.00,253.00,253.00,253.00,253.00,253.00,253.00
2026-08-29 22:48:32,253.00,253.00,253.00,253.00,253.00,253.00,253.00,253.00
2026-08-29 22:58:17,253.00,253.00,253.00,253.00,253.00,253.00,253.00,253.00
2026-08-29 23:08:25,253.00,253.00,253.00,253.00,253.00,253.00,253.00,253.00
2026-08-29 23:18:17,253.00,253.00,253.00,253.00,253.00,253.00,253.00,253.00
2026-08-29 23:28:02,253.00,253.00,253.00,253.00,253.00,253.00,253.00,253.00
2026-08-29 23:38:14,253.00,253.00,253.00,253.00,253.00,253.00,253.00,253.00
2026-08-29 23:48:08,253.00,253.00,253.00,253.00,253.00,253.00,253.00,253.00
2026-08-29 23:58:20,253.00,253.00,253.00,253.00,253.00,253.00,253.00,253.00
2026-08-30 00:08:26,253.00,253.00,253.00,253.00,253.00,253.00,253.00,253.00
2026-08-30 00:18:22,253.00,253.00,253.00,253.00,253.00,253.00,253.00,253.00
2026-08-30 00:28:04,253.00,253.00,253.00,253.00,253.00,253.00,253.00,253.00
2026-08-30 00:38:20,253.00,253.00,253.00,253.00,253.00,253.00,253.00,253.00
2026-08-30 00:48:07,253.00,253.00,253.00,253.00,253.00,253.00,253.00,253.00
2026-08-30 00:58:00,253.00,253.00,253.00,253.00,253.00,253.00,253.00,253.00
2026-08-30 01:08:22,253.00,253.00,253.00,253.00,253.00,253.00,253.00,253.00
2026-08-30 01:18:00,253.00,253.00,253.00,253.00,253.00,253.00,253.00,253.00
2026-08-30 01:28:18,253.00,253.00,253.00,253.00,253.00,253.00,253.00,253.00
2026-08-30 01:38:20,253.00,253.00,253.00,253.00,253.00,253.00,253.00,253.00
2026-08-30 01:48:13,253.00,253.00,253.00,253.00,253.00,253.00,253.00,253.00
2026-08-30 01:58:02,253.00,253.00,253.00,253.00,253.00,253.00,253.00,253.00
2026-08-30 02:08:00,253.00,253.00,253.00,253.00,253.00,253.00,253.00,253.00
2026-08-30 02:18:25,253.00,253.00,253.00,253.00,253.00,253.00,253.00,253.00
2026-08-30 02:28:19,253.00,253.00,253.00,253.00,253.00,253.00,253.00,253.00
2026-08-30 02:38:25,253.00,253.00,253.00,253.00,253.00,253.00,253.00,253.00
2026-08-30 02:48:21,253.00,253.00,253.00,253.00,253.00,253.00,253.00,253.00
2026-08-30 02:58:18,253.00,253.00,253.00,253.00,253.00,253.00,253.00,253.00
2026-08-30 03:07:58,253.00,253.00,253.00,253.00,253.00,253.00,253.00,253.00
2026-08-30 03:18:21,253.00,253.00,253.00,253.00,253.00,253.00,253.00,253.00
2026-08-30 03:28:25,253.00,253.00,253.00,253.00,253.00,253.00,253.00,253.00
2026-08-30 03:38:26,253.00,253.00,253.00,253.00,253.00,253.00,253.00,253.00
2026-08-30 03:48:26,253.00,253.00,253.00,253.00,253.00,253.00,253.00,253.00
2026-08-30 03:58:25,253.00,253.00,253.00,253.00,253.00,253.00,253.00,253.00
2026-08-30 04:08:23,253.00,253.00,253.00,253.00,253.00,253.00,253.00,253.00
2026-08-30 04:18:24,253.00,253.00,253.00,253.00,253.00,253.00,253.00,253.00
2026-08-30 04:28:23,253.00,253.00,253.00,253.00,253.00,253.00,253.00,253.00
2026-08-30 04:37:53,253.00,253.00,253.00,253.00,253.00,253.00,253.00,253.00
2026-08-30 04:47:43,253.00,253.00,253.00,253.00,253.00,253.00,253.00,253.00
2026-08-30 04:58:24,253.00,253.00,253.00,253.00,253.00,253.00,253.00,253.00
2026-08-30 05:08:22,253.00,253.00,253.00,253.00,253.00,253.00,253.00,253.00
2026-08-30 05:17:59,253.00,253.00,253.00,253.00,253.00,253.00,253.00,253.00
2026-08-30 05:28:17,253.00,253.00,253.00,253.00,253.00,253.00,253.00,253.00
2026-08-30 05:38:05,253.00,253.00,253.00,253.00,253.00,253.00,253.00,253.00
2026-08-30 05:47:49,253.00,253.00,253.00,253.00,253.00,253.00,253.00,253.00
2026-08-30 05:58:24,253.00,253.00,253.00,253.00,253.00,253.00,253.00,253.00
2026-08-30 06:08:15,253.00,253.00,253.00,253.00,253.00,253.00,253.00,253.00
2026-08-30 06:17:55,253.00,253.00,253.00,253.00,253.00,253.00,253.00,253.00
2026-08-30 06:28:16,253.00,253.00,253.00,253.00,253.00,253.00,253.00,253.00
2026-08-30 06:38:16,253.00,253.00,253.00,253.00,253.00,253.00,253.00,253.00
2026-08-30 06:48:16,253.00,253.00,253.00,253.00,253.00,253.00,253.00,253.00
2026-08-30 06:58:21,253.00,253.00,253.00,253.00,253.00,253.00,253.00,253.00
2026-08-30 07:08:12,253.00,253.00,253.00,253.00,253.00,253.00,253.00,253.00
2026-08-30 07:18:10,253.00,253.00,253.00,253.00,253.00,253.00,253.00,253.00
2026-08-30 07:28:24,253.00,253.00,253.00,253.00,253.00,253.00,253.00,253.00
2026-08-30 07:38:17,253.00,253.00,253.00,253.00,253.00,253.00,253.00,253.00
2026-08-30 07:47:43,253.00,253.00,253.00,253.00,253.00,253.00,253.00,253.00
2026-08-30 07:58:15,253.00,253.00,253.00,253.00,253.00,253.00,253.00,253.00
2026-08-30 08:08:12,253.00,253.00,253.00,253.00,253.00,253.00,253.00,253.00
2026-08-30 08:18:17,253.00,253.00,253.00,253.00,253.00,253.00,253.00,253.00
2026-08-30 08:28:20,253.00,253.00,253.00,253.00,253.00,253.00,253.00,253.00
2026-08-30 08:38:01,253.00,253.00,253.00,253.00,253.00,253.00,253.00,253.00
2026-08-30 08:48:16,253.00,253.00,253.00,253.00,253.00,253.00,253.00,253.00
2026-08-30 08:58:19,253.00,253.00,253.00,253.00,253.00,253.00,253.00,253.00
2026-08-30 09:08:12,253.00,253.00,253.00,253.00,253.00,253.00,253.00,253.00
2026-08-30 09:18:09,253.00,253.00,253.00,253.00,253.00,253.00,253.00,253.00
2026-08-30 09:28:19,253.00,253.00,253.00,253.00,253.00,253.00,253.00,253.00
2026-08-30 09:38:18,253.00,253.00,253.00,253.00,253.00,253.00,253.00,253.00
2026-08-30 09:48:15,253.00,253.00,253.00,253.00,253.00,253.00,253.00,253.00
2026-08-30 09:58:02,253.00,253.00,253.00,253.00,253.00,253.00,253.00,253.00
2026-08-30 10:08:17,253.00,253.00,253.00,253.00,253.00,253.00,253.00,253.00
2026-08-30 10:18:07,253.00,253.00,253.00,253.00,253.00,253.00,253.00,253.00
2026-08-30 10:27:42,253.00,253.00,253.00,253.00,253.00,253.00,253.00,253.00
2026-08-30 10:38:26,253.00,253.00,253.00,253.00,253.00,253.00,253.00,253.00
2026-08-30 10:48:27,253.00,253.00,253.00,253.00,253.00,253.00,253.00,253.00
2026-08-30 10:58:23,253.00,253.00,253.00,253.00,253.00,253.00,253.00,253.00
2026-08-30 11:08:17,253.00,253.00,253.00,253.00,253.00,253.00,253.00,253.00
2026-08-30 11:18:20,253.00,253.00,253.00,253.00,253.00,253.00,253.00,253.00
2026-08-30 11:28:21,253.00,253.00,253.00,253.00,253.00,253.00,253.00,253.00
2026-08-30 11:38:03,253.00,253.00,253.00,253.00,253.00,253.00,253.00,253.00
2026-08-30 11:48:25,253.00,253.00,253.00,253.00,253.00,253.00,253.00,253.00
2026-08-30 11:58:26,253.00,253.00,253.00,253.00,253.00,253.00,253.00,253.00
2026-08-30 12:07:52,253.00,253.00,253.00,253.00,253.00,253.00,253.00,253.00
2026-08-30 12:18:22,253.00,253.00,253.00,253.00,253.00,253.00,253.00,253.00
2026-08-30 12:28:22,253.00,253.00,253.00,253.00,253.00,253.00,253.00,253.00
2026-08-30 12:38:26,253.00,253.00,253.00,253.00,253.00,253.00,253.00,253.00
2026-08-30 12:48:20,253.00,253.00,253.00,253.00,253.00,253.00,253.00,253.00
2026-08-30 12:58:26,253.00,253.00,253.00,253.00,253.00,253.00,253.00,253.00
2026-08-30 13:08:11,253.00,253.00,253.00,253.00,253.00,253.00,253.00,253.00
2026-08-30 13:18:27,253.00,253.00,253.00,253.00,253.00,253.00,253.00,253.00
2026-08-30 13:28:28,253.00,253.00,253.00,253.00,253.00,253.00,253.00,253.00
2026-08-30 13:38:24,253.00,253.00,253.00,253.00,253.00,253.00,253.00,253.00
2026-08-30 13:48:24,253.00,253.00,253.00,253.00,253.00,253.00,253.00,253.00
2026-08-30 13:58:20,253.00,253.00,253.00,253.00,253.00,253.00,253.00,253.00
2026-08-30 14:08:02,253.00,253.00,253.00,253.00,253.00,253.00,253.00,253.00
2026-08-30 14:17:48,253.00,253.00,253.00,253.00,253.00,253.00,253.00,253.00
2026-08-30 14:28:29,253.00,253.00,253.00,253.00,253.00,253.00,253.00,253.00
2026-08-30 14:38:40,253.00,253.00,253.00,253.00,253.00,253.00,253.00,253.00
2026-08-30 14:48:02,253.00,253.00,253.00,253.00,253.00,253.00,253.00,253.00
2026-08-30 14:58:20,253.00,253.00,253.00,253.00,253.00,253.00,253.00,253.00
2026-08-30 15:08:34,253.00,253.00,253.00,253.00,253.00,253.00,253.00,253.00
2026-08-30 15:18:10,253.00,253.00,253.00,253.00,253.00,253.00,253.00,253.00
2026-08-30 15:27:47,253.00,253.00,253.00,253.00,253.00,253.00,253.00,253.00
2026-08-30 15:38:10,253.00,253.00,253.00,253.00,253.00,253.00,253.00,253.00
2026-08-30 15:48:32,253.00,253.00,253.00,253.00,253.00,253.00,253.00,253.00
2026-08-30 15:58:30,253.00,253.00,253.00,253.00,253.00,253.00,253.00,253.00
2026-08-30 16:08:26,253.00,253.00,253.00,253.00,253.00,253.00,253.00,253.00
2026-08-30 16:18:36,253.00,253.00,253.00,253.00,253.00,253.00,253.00,253.00
2026-08-30 16:28:35,253.00,253.00,253.00,253.00,253.00,253.00,253.00,253.00
2026-08-30 16:38:30,253.00,253.00,253.00,253.00,253.00,253.00,253.00,253.00
2026-08-30 16:48:30,253.00,253.00,253.00,253.00,253.00,253.00,253.00,253.00
2026-08-30 16:58:09,253.00,253.00,253.00,253.00,253.00,253.00,253.00,253.00
2026-08-30 17:08:32,253.00,253.00,253.00,253.00,253.00,253.00,253.00,253.00
2026-08-30 17:18:12,253.00,253.00,253.00,253.00,253.00,253.00,253.00,253.00
2026-08-30 17:28:33,253.00,253.00,253.00,253.00,253.00,253.00,253.00,253.00
2026-08-30 17:38:10,253.00,253.00,253.00,253.00,253.00,253.00,253.00,253.00
2026-08-30 17:48:23,253.00,253.00,253.00,253.00,253.00,253.00,253.00,253.00
2026-08-30 17:58:06,253.00,253.00,253.00,253.00,253.00,253.00,253.00,253.00
2026-08-30 18:08:28,253.00,253.00,253.00,253.00,253.00,253.00,253.00,253.00
2026-08-30 18:18:26,253.00,253.00,253.00,253.00,253.00,253.00,253.00,253.00
2026-08-30 18:28:41,253.00,253.00,253.00,253.00,253.00,253.00,253.00,253.00
2026-08-30 18:38:34,253.00,253.00,253.00,253.00,253.00,253.00,253.00,253.00
2026-08-30 18:48:19,253.00,253.00,253.00,253.00,253.00,253.00,253.00,253.00
2026-08-30 18:58:20,253.00,253.00,253.00,253.00,253.00,253.00,253.00,253.00
2026-08-30 19:08:27,253.00,253.00,253.00,253.00,253.00,253.00,253.00,253.00
2026-08-30 19:18:08,253.00,253.00,253.00,253.00,253.00,253.00,253.00,253.00
2026-08-30 19:28:30,253.00,253.00,253.00,253.00,253.00,253.00,253.00,253.00
2026-08-30 19:38:22,253.00,253.00,253.00,253.00,253.00,253.00,253.00,253.00
2026-08-30 19:48:16,253.00,253.00,253.00,253.00,253.00,253.00,253.00,253.00
2026-08-30 19:58:34,253.00,253.00,253.00,253.00,253.00,253.00,253.00,253.00
2026-08-30 20:08:12,253.00,253.00,253.00,253.00,253.00,253.00,253.00,253.00
2026-08-30 20:18:31,253.00,253.00,253.00,253.00,253.00,253.00,253.00,253.00
2026-08-30 20:28:32,253.00,253.00,253.00,253.00,253.00,253.00,253.00,253.00
2026-08-30 20:38:05,253.00,253.00,253.00,253.00,253.00,253.00,253.00,253.00
2026-08-30 20:48:30,253.00,253.00,253.00,253.00,253.00,253.00,253.00,253.00
2026-08-30 20:58:19,253.00,253.00,253.00,253.00,253.00,253.00,253.00,253.00
2026-08-30 21:08:39,253.00,253.00,253.00,253.00,253.00,253.00,253.00,253.00
2026-08-30 21:18:30,253.00,253.00,253.00,253.00,253.00,253.00,253.00,253.00
2026-08-30 21:28:32,253.00,253.00,253.00,253.00,253.00,253.00,253.00,253.00
2026-08-30 21:38:30,253.00,253.00,253.00,253.00,253.00,253.00,253.00,253.00
2026-08-30 21:48:41,253.00,253.00,253.00,253.00,253.00,253.00,253.00,253.00
2026-08-30 21:58:30,253.00,253.00,253.00,253.00,253.00,253.00,253.00,253.00
2026-08-30 22:08:09,253.00,253.00,253.00,253.00,253.00,253.00,253.00,253.00
2026-08-30 22:18:30,253.00,253.00,253.00,253.00,253.00,253.00,253.00,253.00
2026-08-30 22:27:44,253.00,253.00,253.00,253.00,253.00,253.00,253.00,253.00
2026-08-30 22:38:29,253.00,253.00,253.00,253.00,253.00,253.00,253.00,253.00
2026-08-30 22:48:20,253.00,253.00,253.00,253.00,253.00,253.00,253.00,253.00
2026-08-30 22:58:31,253.00,253.00,253.00,253.00,253.00,253.00,253.00,253.00
2026-08-30 23:08:33,253.00,253.00,253.00,253.00,253.00,253.00,253.00,253.00
2026-08-30 23:18:33,253.00,253.00,253.00,253.00,253.00,253.00,253.00,253.00
2026-08-30 23:28:03,253.00,253.00,253.00,253.00,253.00,253.00,253.00,253.00
2026-08-30 23:38:31,253.00,253.00,253.00,253.00,253.00,253.00,253.00,253.00
2026-08-30 23:48:25,253.00,253.00,253.00,253.00,253.00,253.00,253.00,253.00
2026-08-30 23:57:56,253.00,253.00,253.00,253.00,253.00,253.00,253.00,253.00
2026-08-31 00:08:20,253.00,253.00,253.00,253.00,253.00,253.00,253.00,253.00
2026-08-31 00:18:33,253.00,253.00,253.00,253.00,253.00,253.00,253.00,253.00
2026-08-31 00:28:35,253.00,253.00,253.00,253.00,253.00,253.00,253.00,253.00
2026-08-31 00:38:21,253.00,253.00,253.00,253.00,253.00,253.00,253.00,253.00
2026-08-31 00:48:34,253.00,253.00,253.00,253.00,253.00,253.00,253.00,253.00
2026-08-31 00:58:18,253.00,253.00,253.00,253.00,253.00,253.00,253.00,253.00
2026-08-31 01:08:23,253.00,253.00,253.00,253.00,253.00,253.00,253.00,253.00
2026-08-31 01:18:28,253.00,253.00,253.00,253.00,253.00,253.00,253.00,253.00
2026-08-31 01:28:36,253.00,253.00,253.00,253.00,253.00,253.00,253.00,253.00
2026-08-31 01:37:58,253.00,253.00,253.00,253.00,253.00,253.00,253.00,253.00
2026-08-31 01:48:34,253.00,253.00,253.00,253.00,253.00,253.00,253.00,253.00
2026-08-31 01:58:12,253.00,253.00,253.00,253.00,253.00,253.00,253.00,253.00
2026-08-31 02:08:33,253.00,253.00,253.00,253.00,253.00,253.00,253.00,253.00
2026-08-31 02:18:25,253.00,253.00,253.00,253.00,253.00,253.00,253.00,253.00
2026-08-31 02:28:10,253.00,253.00,253.00,253.00,253.00,253.00,253.00,253.00
2026-08-31 02:38:35,253.00,253.00,253.00,253.00,253.00,253.00,253.00,253.00
2026-08-31 02:48:31,253.00,253.00,253.00,253.00,253.00,253.00,253.00,253.00
2026-08-31 02:58:26,253.00,253.00,253.00,253.00,253.00,253.00,253.00,253.00
2026-08-31 03:08:28,253.00,253.00,253.00,253.00,253.00,253.00,253.00,253.00
2026-08-31 03:17:57,253.00,253.00,253.00,253.00,253.00,253.00,253.00,253.00
2026-08-31 03:28:30,253.00,253.00,253.00,253.00,253.00,253.00,253.00,253.00
2026-08-31 03:37:58,253.00,253.00,253.00,253.00,253.00,253.00,253.00,253.00
2026-08-31 03:48:32,253.00,253.00,253.00,253.00,253.00,253.00,253.00,253.00
2026-08-31 03:58:32,253.00,253.00,253.00,253.00,253.00,253.00,253.00,253.00
2026-08-31 04:08:10,253.00,253.00,253.00,253.00,253.00,253.00,253.00,253.00
2026-08-31 04:18:29,253.00,253.00,253.00,253.00,253.00,253.00,253.00,253.00
2026-08-31 04:28:26,253.00,253.00,253.00,253.00,253.00,253.00,253.00,253.00
2026-08-31 04:38:28,253.00,253.00,253.00,253.00,253.00,253.00,253.00,253.00
2026-08-31 04:48:33,253.00,253.00,253.00,253.00,253.00,253.00,253.00,253.00
2026-08-31 04:57:49,253.00,253.00,253.00,253.00,253.00,253.00,253.00,253.00
2026-08-31 05:08:38,253.00,253.00,253.00,253.00,253.00,253.00,253.00,253.00
2026-08-31 05:18:23,253.00,253.00,253.00,253.00,253.00,253.00,253.00,253.00
2026-08-31 05:28:30,253.00,253.00,253.00,253.00,253.00,253.00,253.00,253.00
2026-08-31 05:38:30,253.00,253.00,253.00,253.00,253.00,253.00,253.00,253.00
2026-08-31 05:48:25,253.00,253.00,253.00,253.00,253.00,253.00,253.00,253.00
2026-08-31 05:58:28,253.00,253.00,253.00,253.00,253.00,253.00,253.00,253.00
2026-08-31 06:08:29,253.00,253.00,253.00,253.00,253.00,253.00,253.00,253.00
2026-08-31 06:18:06,253.00,253.00,253.00,253.00,253.00,253.00,253.00,253.00
2026-08-31 06:28:02,253.00,253.00,253.00,253.00,253.00,253.00,253.00,253.00
2026-08-31 06:38:25,253.00,253.00,253.00,253.00,253.00,253.00,253.00,253.00
2026-08-31 06:48:21,253.00,253.00,253.00,253.00,253.00,253.00,253.00,253.00
2026-08-31 06:58:31,253.00,253.00,253.00,253.00,253.00,253.00,253.00,253.00
2026-08-31 07:08:36,253.00,253.00,253.00,253.00,253.00,253.00,253.00,253.00
2026-08-31 07:18:01,253.00,253.00,253.00,253.00,253.00,253.00,253.00,253.00
2026-08-31 07:28:32,253.00,253.00,253.00,253.00,253.00,253.00,253.00,253.00
2026-08-31 07:38:25,253.00,253.00,253.00,253.00,253.00,253.00,253.00,253.00
2026-08-31 07:47:46,253.00,253.00,253.00,253.00,253.00,253.00,253.00,253.00
2026-08-31 07:58:21,253.00,253.00,253.00,253.00,253.00,253.00,253.00,253.00
2026-08-31 08:08:24,253.00,253.00,253.00,253.00,253.00,253.00,253.00,253.00
2026-08-31 08:17:37,253.00,253.00,253.00,253.00,253.00,253.00,253.00,253.00
2026-08-31 08:28:25,253.00,253.00,253.00,253.00,253.00,253.00,253.00,253.00
2026-08-31 08:38:27,253.00,253.00,253.00,253.00,253.00,253.00,253.00,253.00
2026-08-31 08:48:26,253.00,253.00,253.00,253.00,253.00,253.00,253.00,253.00
2026-08-31 08:58:32,253.00,253.00,253.00,253.00,253.00,253.00,253.00,253.00
2026-08-31 09:08:26,253.00,253.00,253.00,253.00,253.00,253.00,253.00,253.00
2026-08-31 09:18:19,253.00,253.00,253.00,253.00,253.00,253.00,253.00,253.00
2026-08-31 09:28:36,253.00,253.00,253.00,253.00,253.00,253.00,253.00,253.00
2026-08-31 09:38:02,253.00,253.00,253.00,253.00,253.00,253.00,253.00,253.00
2026-08-31 09:48:28,253.00,253.00,253.00,253.00,253.00,253.00,253.00,253.00
2026-08-31 09:57:53,253.00,253.00,253.00,253.00,253.00,253.00,253.00,253.00
2026-08-31 10:08:34,253.00,253.00,253.00,253.00,253.00,253.00,253.00,253.00
2026-08-31 10:19:34,253.00,253.00,253.00,253.00,253.00,253.00,253.00,253.00
2026-08-31 10:28:42,253.00,253.00,253.00,253.00,253.00,253.00,253.00,253.00
2026-08-31 10:38:31,253.00,253.00,253.00,253.00,253.00,253.00,253.00,253.00
2026-08-31 10:48:06,253.00,253.00,253.00,253.00,253.00,253.00,253.00,253.00
2026-08-31 10:58:28,253.00,253.00,253.00,253.00,253.00,253.00,253.00,253.00
2026-08-31 11:08:39,253.00,253.00,253.00,253.00,253.00,253.00,253.00,253.00
2026-08-31 11:18:29,253.00,253.00,253.00,253.00,253.00,253.00,253.00,253.00
2026-08-31 11:27:47,253.00,253.00,253.00,253.00,253.00,253.00,253.00,253.00
2026-08-31 11:37:52,253.00,253.00,253.00,253.00,253.00,253.00,253.00,253.00
2026-08-31 11:49:20,253.00,253.00,253.00,253.00,253.00,253.00,253.00,253.00
2026-08-31 11:58:32,253.00,253.00,253.00,253.00,253.00,253.00,253.00,253.00
2026-08-31 12:08:35,253.00,253.00,253.00,253.00,253.00,253.00,253.00,253.00
2026-08-31 12:18:42,253.00,253.00,253.00,253.00,253.00,253.00,253.00,253.00
2026-08-31 12:28:29,253.00,253.00,253.00,253.00,253.00,253.00,253.00,253.00
2026-08-31 12:38:35,253.00,253.00,253.00,253.00,253.00,253.00,253.00,253.00
2026-08-31 12:48:30,253.00,253.00,253.00,253.00,253.00,253.00,253.00,253.00
2026-08-31 12:58:34,253.00,253.00,253.00,253.00,253.00,253.00,253.00,253.00
2026-08-31 13:08:38,253.00,253.00,253.00,253.00,253.00,253.00,253.00,253.00
2026-08-31 13:18:35,253.00,253.00,253.00,253.00,253.00,253.00,253.00,253.00
2026-08-31 13:28:39,253.00,253.00,253.00,253.00,253.00,253.00,253.00,253.00
2026-08-31 13:38:18,253.00,253.00,253.00,253.00,253.00,253.00,253.00,253.00
2026-08-31 13:48:22,253.00,253.00,253.00,253.00,253.00,253.00,253.00,253.00
2026-08-31 13:58:48,253.00,253.00,253.00,253.00,253.00,253.00,253.00,253.00
2026-08-31 14:08:04,253.00,253.00,253.00,253.00,253.00,253.00,253.00,253.00
2026-08-31 14:18:33,253.00,253.00,253.00,253.00,253.00,253.00,253.00,253.00
2026-08-31 14:28:13,253.00,253.00,253.00,253.00,253.00,253.00,253.00,253.00
2026-08-31 14:38:36,253.00,253.00,253.00,253.00,253.00,253.00,253.00,253.00
2026-08-31 14:48:42,253.00,253.00,253.00,253.00,253.00,253.00,253.00,253.00
2026-08-31 14:58:32,253.00,,253.00,253.00,,253.00,,253.00
2026-08-31 15:08:37,253.00,253.00,253.00,253.00,253.00,253.00,253.00,253.00
2026-08-31 15:29:16,253.00,253.00,253.00,253.00,253.00,253.00,253.00,253.00
2026-08-31 15:38:49,253.00,253.00,253.00,253.00,253.00,253.00,253.00,253.00
2026-08-31 15:48:38,253.00,253.00,253.00,253.00,253.00,253.00,253.00,253.00
2026-08-31 15:58:52,253.00,253.00,253.00,253.00,253.00,253.00,253.00,253.00
2026-08-31 16:08:39,253.00,253.00,253.00,253.00,253.00,253.00,253.00,253.00
2026-08-31 16:18:30,253.00,253.00,253.00,253.00,253.00,253.00,253.00,253.00
2026-08-31 16:28:41,253.00,253.00,253.00,253.00,253.00,253.00,253.00,253.00
2026-08-31 16:38:28,253.00,253.00,253.00,253.00,253.00,253.00,253.00,253.00
2026-08-31 16:48:41,253.00,253.00,253.00,253.00,253.00,253.00,253.00,253.00
2026-08-31 16:58:38,253.00,253.00,253.00,253.00,253.00,253.00,253.00,253.00
2026-08-31 17:08:40,253.00,253.00,253.00,253.00,253.00,253.00,253.00,253.00
2026-08-31 17:18:41,253.00,253.00,253.00,253.00,253.00,253.00,253.00,253.00
2026-08-31 17:28:36,253.00,253.00,253.00,253.00,253.00,253.00,253.00,253.00
2026-08-31 17:38:14,253.00,253.00,253.00,253.00,253.00,253.00,253.00,253.00
2026-08-31 17:48:43,253.00,253.00,253.00,253.00,253.00,253.00,253.00,253.00
2026-08-31 17:58:31,253.00,253.00,253.00,253.00,253.00,253.00,253.00,253.00
2026-08-31 18:08:41,253.00,253.00,253.00,253.00,253.00,253.00,253.00,253.00
2026-08-31 18:18:53,253.00,253.00,253.00,253.00,253.00,253.00,253.00,253.00
2026-08-31 18:28:48,253.00,253.00,253.00,253.00,253.00,253.00,253.00,253.00
2026-08-31 18:38:14,253.00,253.00,253.00,253.00,253.00,253.00,253.00,253.00
2026-08-31 18:48:40,253.00,253.00,253.00,253.00,253.00,253.00,253.00,253.00
2026-08-31 18:58:28,253.00,253.00,253.00,253.00,253.00,253.00,253.00,253.00
2026-08-31 19:08:20,253.00,253.00,253.00,253.00,253.00,253.00,253.00,253.00
2026-08-31 19:18:41,253.00,253.00,253.00,253.00,253.00,253.00,253.00,253.00
2026-08-31 19:28:08,253.00,253.00,253.00,253.00,253.00,253.00,253.00,253.00
2026-08-31 19:38:52,253.00,253.00,253.00,253.00,253.00,253.00,253.00,253.00
2026-08-31 19:48:37,253.00,253.00,253.00,253.00,253.00,253.00,253.00,253.00
2026-08-31 19:58:41,253.00,253.00,253.00,253.00,253.00,253.00,253.00,253.00
2026-08-31 20:08:43,253.00,253.00,253.00,253.00,253.00,253.00,253.00,253.00
2026-08-31 20:18:44,253.00,253.00,253.00,253.00,253.00,253.00,253.00,253.00
2026-08-31 20:28:36,253.00,253.00,253.00,253.00,253.00,253.00,253.00,253.00
2026-08-31 20:38:31,263.00,253.00,253.00,253.00,253.00,253.00,253.00,253.00
2026-08-31 20:48:43,263.00,263.00,253.00,253.00,253.00,253.00,253.00,253.00
2026-08-31 20:58:44,263.00,263.00,253.00,253.00,253.00,253.00,253.00,253.00
2026-08-31 21:08:33,263.00,263.00,253.00,253.00,253.00,253.00,253.00,253.00
2026-08-31 21:18:16,263.00,263.00,253.00,253.00,253.00,253.00,253.00,253.00
2026-08-31 21:28:37,263.00,263.00,253.00,253.00,253.00,253.00,253.00,253.00
2026-08-31 21:38:36,263.00,263.00,253.00,253.00,253.00,253.00,253.00,253.00
2026-08-31 21:48:51,263.00,263.00,253.00,253.00,253.00,253.00,253.00,253.00
2026-08-31 21:58:10,263.00,263.00,253.00,253.00,253.00,253.00,253.00,253.00
2026-08-31 22:08:44,263.00,263.00,253.00,253.00,253.00,253.00,253.00,253.00
2026-08-31 22:22:46,263.00,,253.00,253.00,,253.00,,253.00
2026-08-31 22:28:39,263.00,263.00,253.00,253.00,253.00,253.00,253.00,253.00
2026-08-31 22:38:38,263.00,263.00,253.00,253.00,253.00,253.00,253.00,253.00
2026-08-31 22:48:42,263.00,263.00,253.00,253.00,253.00,253.00,253.00,253.00
2026-08-31 22:58:27,263.00,263.00,253.00,253.00,253.00,253.00,253.00,253.00
2026-08-31 23:08:43,263.00,263.00,253.00,253.00,253.00,253.00,253.00,253.00
2026-08-31 23:18:44,263.00,263.00,253.00,253.00,253.00,253.00,253.00,253.00
2026-08-31 23:30:27,263.00,263.00,253.00,253.00,253.00,253.00,253.00,253.00
2026-08-31 23:38:46,263.00,263.00,253.00,253.00,253.00,253.00,253.00,253.00
2026-08-31 23:48:38,263.00,263.00,253.00,253.00,253.00,253.00,253.00,253.00
2026-08-31 23:58:43,263.00,263.00,253.00,253.00,253.00,253.00,253.00,253.00
2026-09-01 00:08:46,263.00,263.00,253.00,253.00,253.00,253.00,253.00,253.00
2026-09-01 00:18:45,263.00,263.00,253.00,253.00,253.00,253.00,253.00,253.00
2026-09-01 00:28:14,263.00,263.00,253.00,253.00,253.00,253.00,253.00,253.00
2026-09-01 00:38:46,263.00,263.00,253.00,253.00,253.00,253.00,253.00,253.00
2026-09-01 00:48:43,263.00,263.00,253.00,253.00,253.00,253.00,253.00,253.00
2026-09-01 00:58:23,263.00,263.00,253.00,253.00,253.00,253.00,253.00,253.00
2026-09-01 01:08:14,263.00,263.00,253.00,253.00,253.00,253.00,253.00,253.00
2026-09-01 01:18:40,263.00,263.00,253.00,253.00,253.00,253.00,253.00,253.00
2026-09-01 01:28:38,263.00,263.00,253.00,253.00,253.00,253.00,253.00,253.00
2026-09-01 01:38:44,263.00,263.00,253.00,253.00,253.00,253.00,253.00,253.00
2026-09-01 01:48:44,263.00,263.00,253.00,253.00,253.00,253.00,253.00,253.00
2026-09-01 01:58:49,263.00,263.00,253.00,253.00,253.00,253.00,253.00,253.00
2026-09-01 02:08:52,263.00,263.00,253.00,253.00,253.00,253.00,253.00,253.00
2026-09-01 02:18:42,263.00,263.00,253.00,253.00,253.00,253.00,253.00,253.00
2026-09-01 02:28:27,263.00,263.00,253.00,253.00,253.00,253.00,253.00,253.00
2026-09-01 02:38:40,263.00,263.00,253.00,253.00,253.00,253.00,253.00,253.00
2026-09-01 02:48:28,263.00,263.00,253.00,253.00,253.00,253.00,253.00,253.00
2026-09-01 02:58:46,263.00,263.00,253.00,253.00,253.00,253.00,253.00,253.00
2026-09-01 03:08:27,263.00,263.00,253.00,253.00,253.00,253.00,253.00,253.00
2026-09-01 03:18:40,263.00,263.00,253.00,253.00,253.00,253.00,253.00,253.00
2026-09-01 03:32:23,263.00,263.00,253.00,253.00,253.00,253.00,253.00,253.00
2026-09-01 03:38:38,263.00,263.00,253.00,253.00,253.00,253.00,253.00,253.00
2026-09-01 03:48:44,263.00,263.00,253.00,253.00,253.00,253.00,253.00,253.00
2026-09-01 03:58:40,263.00,263.00,253.00,253.00,253.00,253.00,253.00,253.00
2026-09-01 04:08:30,263.00,263.00,253.00,253.00,253.00,253.00,253.00,253.00
2026-09-01 04:18:22,263.00,263.00,253.00,253.00,253.00,253.00,253.00,253.00
2026-09-01 04:28:50,,263.00,,,253.00,,253.00,
2026-09-01 04:38:20,263.00,263.00,253.00,253.00,253.00,253.00,253.00,253.00
2026-09-01 04:48:09,263.00,263.00,253.00,253.00,253.00,253.00,253.00,253.00
2026-09-01 04:58:48,263.00,263.00,253.00,253.00,253.00,253.00,253.00,253.00
2026-09-01 05:10:54,263.00,263.00,253.00,253.00,253.00,253.00,253.00,253.00
2026-09-01 05:40:24,263.00,263.00,253.00,253.00,253.00,253.00,253.00,253.00
2026-09-01 05:48:42,263.00,263.00,253.00,253.00,253.00,253.00,253.00,253.00
2026-09-01 05:58:16,263.00,263.00,253.00,253.00,253.00,253.00,253.00,253.00
2026-09-01 06:08:45,263.00,263.00,253.00,253.00,253.00,253.00,253.00,253.00
2026-09-01 06:18:40,263.00,263.00,253.00,253.00,253.00,253.00,253.00,253.00
2026-09-01 06:28:31,263.00,263.00,253.00,253.00,253.00,253.00,253.00,253.00
2026-09-01 06:38:37,263.00,263.00,253.00,253.00,253.00,253.00,253.00,253.00
2026-09-01 06:48:44,263.00,263.00,253.00,253.00,253.00,253.00,253.00,253.00
2026-09-01 06:58:40,263.00,263.00,253.00,253.00,253.00,253.00,253.00,253.00
2026-09-01 07:08:42,263.00,263.00,253.00,253.00,253.00,253.00,253.00,253.00
2026-09-01 07:18:42,263.00,263.00,253.00,253.00,253.00,253.00,253.00,253.00
2026-09-01 07:28:36,263.00,263.00,253.00,253.00,253.00,253.00,253.00,253.00
2026-09-01 07:38:37,263.00,263.00,253.00,253.00,253.00,253.00,253.00,253.00
2026-09-01 07:49:13,263.00,263.00,253.00,253.00,253.00,253.00,253.00,253.00
2026-09-01 07:58:39,263.00,263.00,253.00,253.00,253.00,253.00,253.00,253.00
2026-09-01 08:08:43,263.00,263.00,253.00,253.00,253.00,253.00,253.00,253.00
2026-09-01 08:18:38,263.00,263.00,253.00,253.00,253.00,253.00,253.00,253.00
2026-09-01 08:28:43,263.00,263.00,253.00,253.00,253.00,253.00,253.00,253.00
2026-09-01 08:38:40,263.00,263.00,253.00,253.00,253.00,253.00,253.00,253.00
2026-09-01 08:48:43,263.00,263.00,253.00,253.00,253.00,253.00,253.00,253.00
2026-09-01 08:58:43,263.00,263.00,253.00,253.00,253.00,253.00,253.00,253.00
2026-09-01 09:08:45,263.00,263.00,253.00,253.00,253.00,253.00,253.00,253.00
2026-09-01 09:18:51,263.00,263.00,253.00,253.00,253.00,253.00,253.00,253.00
2026-09-01 09:27:45,263.00,263.00,253.00,253.00,253.00,253.00,253.00,253.00
2026-09-01 09:38:31,263.00,263.00,253.00,253.00,253.00,253.00,253.00,253.00
2026-09-01 09:48:43,263.00,263.00,253.00,253.00,253.00,253.00,253.00,253.00
2026-09-01 09:58:40,263.00,263.00,253.00,253.00,253.00,253.00,253.00,253.00
2026-09-01 10:08:39,263.00,263.00,253.00,253.00,253.00,253.00,253.00,253.00
2026-09-01 10:18:41,263.00,263.00,253.00,253.00,253.00,253.00,253.00,253.00
2026-09-01 10:28:58,263.00,263.00,253.00,253.00,253.00,253.00,253.00,253.00
2026-09-01 10:38:43,263.00,263.00,253.00,253.00,253.00,253.00,253.00,253.00
2026-09-01 10:48:48,263.00,263.00,253.00,253.00,253.00,253.00,253.00,253.00
2026-09-01 10:57:59,263.00,263.00,253.00,253.00,253.00,253.00,253.00,253.00
2026-09-01 11:08:52,263.00,263.00,253.00,253.00,253.00,253.00,253.00,253.00
2026-09-01 11:18:45,263.00,263.00,253.00,253.00,253.00,253.00,253.00,253.00
2026-09-01 11:28:34,263.00,263.00,253.00,253.00,253.00,253.00,253.00,253.00
2026-09-01 11:38:45,263.00,263.00,253.00,253.00,253.00,253.00,253.00,253.00
2026-09-01 11:48:43,263.00,263.00,253.00,253.00,253.00,253.00,253.00,253.00
2026-09-01 11:58:42,263.00,263.00,253.00,253.00,253.00,253.00,253.00,253.00
2026-09-01 12:08:40,263.00,263.00,253.00,253.00,253.00,253.00,253.00,253.00
2026-09-01 12:18:40,263.00,263.00,253.00,253.00,253.00,253.00,253.00,253.00
2026-09-01 12:28:47,263.00,263.00,253.00,253.00,253.00,253.00,253.00,253.00
2026-09-01 12:38:45,263.00,263.00,253.00,253.00,253.00,253.00,253.00,253.00
2026-09-01 12:48:40,263.00,263.00,253.00,253.00,253.00,253.00,253.00,253.00
2026-09-01 12:58:54,263.00,263.00,253.00,253.00,253.00,253.00,253.00,253.00
2026-09-01 13:08:43,263.00,263.00,253.00,253.00,253.00,253.00,253.00,253.00
2026-09-01 13:18:44,263.00,263.00,253.00,253.00,253.00,253.00,253.00,253.00
2026-09-01 13:28:50,263.00,263.00,253.00,253.00,253.00,253.00,253.00,253.00
2026-09-01 13:38:50,263.00,263.00,253.00,253.00,253.00,253.00,253.00,253.00
2026-09-01 13:48:52,263.00,263.00,253.00,253.00,253.00,253.00,253.00,253.00
2026-09-01 13:58:57,263.00,263.00,253.00,253.00,253.00,253.00,253.00,253.00
2026-09-01 14:10:08,,263.00,,,253.00,,253.00,
2026-09-01 14:18:52,263.00,263.00,253.00,253.00,253.00,253.00,253.00,253.00
2026-09-01 14:28:41,263.00,263.00,253.00,253.00,253.00,253.00,253.00,253.00
2026-09-01 14:38:23,,263.00,,,253.00,,253.00,
2026-09-01 14:48:42,263.00,263.00,253.00,253.00,253.00,253.00,253.00,253.00
2026-09-01 14:58:33,263.00,263.00,253.00,253.00,253.00,253.00,253.00,253.00
2026-09-01 15:09:00,263.00,263.00,253.00,253.00,253.00,253.00,253.00,253.00
2026-09-01 15:18:17,263.00,263.00,253.00,253.00,253.00,253.00,253.00,253.00
2026-09-01 15:29:52,263.00,263.00,253.00,253.00,253.00,253.00,253.00,253.00
2026-09-01 15:38:53,263.00,263.00,253.00,253.00,253.00,253.00,253.00,253.00
2026-09-01 15:48:54,263.00,263.00,253.00,253.00,253.00,253.00,253.00,253.00
2026-09-01 15:58:55,263.00,263.00,253.00,253.00,253.00,253.00,253.00,253.00
2026-09-01 16:08:56,263.00,263.00,253.00,253.00,253.00,253.00,253.00,253.00
2026-09-01 16:18:54,263.00,263.00,253.00,253.00,253.00,253.00,253.00,253.00
2026-09-01 16:28:25,263.00,263.00,253.00,253.00,253.00,253.00,253.00,253.00
2026-09-01 16:38:55,263.00,263.00,253.00,253.00,253.00,253.00,253.00,271.00
2026-09-01 16:48:56,263.00,263.00,253.00,253.00,253.00,253.00,253.00,271.00
2026-09-01 16:58:54,,263.00,,,253.00,,253.00,
2026-09-01 17:08:47,263.00,263.00,253.00,253.00,253.00,253.00,253.00,253.00
2026-09-01 17:19:04,263.00,263.00,253.00,253.00,253.00,253.00,253.00,271.00
2026-09-01 17:29:47,263.00,263.00,253.00,253.00,253.00,253.00,253.00,271.00
2026-09-01 17:38:59,263.00,263.00,253.00,253.00,253.00,253.00,253.00,271.00
2026-09-01 17:48:57,263.00,263.00,253.00,253.00,253.00,253.00,253.00,271.00
2026-09-01 17:59:03,263.00,263.00,253.00,253.00,253.00,253.00,253.00,271.00
2026-09-01 18:08:30,263.00,263.00,253.00,253.00,253.00,253.00,253.00,271.00
2026-09-01 18:18:55,263.00,263.00,253.00,253.00,253.00,253.00,253.00,271.00
2026-09-01 18:28:22,263.00,263.00,253.00,253.00,253.00,253.00,253.00,253.00
2026-09-01 18:38:56,263.00,263.00,253.00,253.00,253.00,253.00,253.00,253.00
2026-09-01 18:48:52,263.00,263.00,253.00,253.00,253.00,253.00,253.00,253.00
2026-09-01 18:59:11,263.00,,253.00,253.00,,253.00,,253.00
2026-09-01 19:08:52,263.00,263.00,253.00,253.00,253.00,253.00,253.00,253.00
2026-09-01 19:19:03,263.00,263.00,253.00,253.00,253.00,253.00,253.00,253.00
2026-09-01 19:38:24,263.00,263.00,253.00,253.00,253.00,253.00,253.00,253.00
2026-09-01 19:48:55,263.00,263.00,253.00,253.00,253.00,253.00,253.00,253.00
2026-09-01 19:58:56,263.00,263.00,253.00,253.00,253.00,253.00,253.00,253.00
2026-09-01 20:08:57,263.00,263.00,253.00,253.00,253.00,253.00,253.00,253.00
2026-09-01 20:18:42,263.00,263.00,253.00,253.00,253.00,253.00,253.00,253.00
2026-09-01 20:28:57,263.00,263.00,253.00,253.00,253.00,253.00,253.00,253.00
2026-09-01 20:38:59,263.00,263.00,253.00,253.00,253.00,253.00,253.00,253.00
2026-09-01 20:48:45,263.00,263.00,253.00,253.00,253.00,253.00,253.00,253.00
2026-09-01 20:59:07,263.00,263.00,253.00,253.00,253.00,253.00,253.00,253.00
2026-09-01 21:09:02,263.00,263.00,253.00,253.00,253.00,253.00,253.00,253.00
2026-09-01 21:18:59,263.00,263.00,253.00,253.00,253.00,253.00,253.00,253.00
2026-09-01 21:31:56,263.00,263.00,253.00,253.00,253.00,253.00,253.00,253.00
2026-09-01 21:39:10,263.00,263.00,253.00,253.00,253.00,253.00,253.00,253.00
2026-09-01 21:48:56,263.00,263.00,253.00,253.00,253.00,253.00,253.00,253.00
2026-09-01 22:08:34,263.00,263.00,253.00,253.00,253.00,253.00,253.00,253.00
2026-09-01 22:18:38,263.00,263.00,253.00,253.00,253.00,253.00,253.00,253.00
2026-09-01 22:29:16,263.00,263.00,253.00,253.00,253.00,253.00,253.00,253.00
2026-09-01 22:38:24,263.00,263.00,253.00,253.00,253.00,253.00,253.00,253.00
2026-09-01 22:48:59,263.00,263.00,253.00,253.00,253.00,253.00,253.00,253.00
2026-09-01 22:58:55,263.00,263.00,253.00,253.00,253.00,253.00,253.00,253.00
2026-09-01 23:09:07,263.00,263.00,253.00,253.00,253.00,253.00,253.00,253.00
2026-09-01 23:19:14,263.00,263.00,253.00,253.00,253.00,253.00,253.00,253.00
2026-09-01 23:29:02,263.00,263.00,253.00,253.00,253.00,253.00,253.00,253.00
2026-09-01 23:39:04,263.00,263.00,253.00,253.00,253.00,253.00,253.00,253.00
2026-09-01 23:49:01,263.00,263.00,253.00,253.00,253.00,253.00,253.00,253.00
2026-09-01 23:59:20,263.00,263.00,253.00,253.00,253.00,253.00,253.00,253.00
2026-09-02 00:09:05,263.00,263.00,253.00,253.00,253.00,253.00,253.00,253.00
2026-09-02 00:18:32,263.00,263.00,253.00,253.00,253.00,253.00,253.00,253.00
2026-09-02 00:29:09,263.00,263.00,253.00,253.00,253.00,253.00,253.00,253.00
2026-09-02 00:39:08,263.00,263.00,253.00,253.00,253.00,253.00,253.00,253.00
2026-09-02 00:49:05,263.00,263.00,253.00,253.00,253.00,253.00,253.00,253.00
2026-09-02 00:58:51,263.00,263.00,253.00,253.00,253.00,253.00,253.00,253.00
2026-09-02 01:08:36,263.00,263.00,253.00,253.00,253.00,253.00,253.00,253.00
2026-09-02 01:19:18,263.00,,253.00,253.00,,253.00,,253.00
2026-09-02 01:28:58,263.00,263.00,253.00,253.00,253.00,253.00,253.00,253.00
2026-09-02 01:39:04,263.00,263.00,253.00,253.00,253.00,253.00,253.00,253.00
2026-09-02 01:49:14,263.00,263.00,253.00,253.00,253.00,253.00,253.00,253.00
2026-09-02 01:58:52,263.00,263.00,253.00,253.00,253.00,253.00,253.00,253.00
2026-09-02 02:09:11,263.00,263.00,253.00,253.00,253.00,253.00,253.00,253.00
2026-09-02 02:19:14,263.00,263.00,253.00,253.00,253.00,253.00,253.00,253.00
2026-09-02 02:29:03,263.00,263.00,253.00,253.00,253.00,253.00,253.00,253.00
2026-09-02 02:39:05,263.00,263.00,253.00,253.00,253.00,253.00,253.00,253.00
2026-09-02 02:49:12,263.00,263.00,253.00,253.00,253.00,253.00,253.00,253.00
2026-09-02 02:58:47,263.00,263.00,253.00,253.00,253.00,253.00,253.00,253.00
2026-09-02 03:09:05,263.00,263.00,253.00,253.00,253.00,253.00,253.00,253.00
2026-09-02 03:18:58,263.00,263.00,253.00,253.00,253.00,253.00,253.00,253.00
2026-09-02 03:29:17,263.00,263.00,253.00,253.00,253.00,253.00,253.00,253.00
2026-09-02 03:38:41,263.00,263.00,253.00,253.00,253.00,253.00,253.00,253.00
2026-09-02 03:48:15,263.00,263.00,253.00,253.00,253.00,253.00,253.00,253.00
2026-09-02 03:59:08,263.00,263.00,253.00,253.00,253.00,253.00,253.00,253.00
2026-09-02 04:09:00,263.00,263.00,253.00,253.00,253.00,253.00,253.00,253.00
2026-09-02 04:18:53,263.00,263.00,253.00,253.00,253.00,253.00,253.00,253.00
2026-09-02 04:28:21,263.00,263.00,253.00,253.00,253.00,253.00,253.00,253.00
2026-09-02 04:37:56,263.00,263.00,253.00,253.00,253.00,253.00,253.00,253.00
2026-09-02 04:48:45,263.00,263.00,253.00,253.00,253.00,253.00,253.00,253.00
2026-09-02 04:58:48,263.00,263.00,253.00,253.00,253.00,253.00,253.00,253.00
2026-09-02 05:08:18,263.00,263.00,253.00,253.00,253.00,253.00,253.00,253.00
2026-09-02 05:18:17,263.00,263.00,253.00,253.00,253.00,253.00,253.00,253.00
2026-09-02 05:28:26,263.00,263.00,253.00,253.00,253.00,253.00,253.00,253.00
2026-09-02 05:38:15,263.00,263.00,253.00,253.00,253.00,253.00,253.00,253.00
2026-09-02 05:48:53,263.00,263.00,253.00,253.00,253.00,253.00,253.00,253.00
2026-09-02 05:58:47,263.00,263.00,253.00,253.00,253.00,253.00,253.00,253.00
2026-09-02 06:08:58,263.00,263.00,253.00,253.00,253.00,253.00,253.00,253.00
2026-09-02 06:18:31,263.00,263.00,253.00,253.00,253.00,253.00,253.00,253.00
2026-09-02 06:28:51,263.00,263.00,253.00,253.00,253.00,253.00,253.00,253.00
2026-09-02 06:38:21,263.00,263.00,253.00,253.00,253.00,253.00,253.00,253.00
2026-09-02 06:48:50,263.00,263.00,253.00,253.00,253.00,253.00,253.00,253.00
2026-09-02 06:58:52,263.00,263.00,253.00,253.00,253.00,253.00,253.00,253.00
2026-09-02 07:08:53,263.00,263.00,253.00,253.00,253.00,253.00,253.00,253.00
2026-09-02 07:18:53,263.00,263.00,253.00,253.00,253.00,253.00,253.00,253.00
2026-09-02 07:27:54,263.00,263.00,253.00,253.00,253.00,253.00,253.00,253.00
2026-09-02 07:38:55,263.00,263.00,253.00,253.00,253.00,253.00,253.00,253.00
2026-09-02 07:48:37,263.00,263.00,253.00,253.00,253.00,253.00,253.00,253.00
2026-09-02 07:58:28,263.00,263.00,253.00,253.00,253.00,253.00,253.00,253.00
2026-09-02 08:08:50,263.00,263.00,253.00,253.00,253.00,253.00,253.00,253.00
2026-09-02 08:18:40,263.00,263.00,253.00,253.00,253.00,253.00,253.00,253.00
2026-09-02 08:28:41,263.00,263.00,253.00,253.00,253.00,253.00,253.00,253.00
2026-09-02 08:38:46,263.00,263.00,253.00,253.00,253.00,253.00,253.00,253.00
2026-09-02 08:48:58,263.00,263.00,253.00,253.00,253.00,253.00,253.00,253.00
2026-09-02 08:58:33,263.00,263.00,253.00,253.00,253.00,253.00,253.00,253.00
2026-09-02 09:08:28,263.00,263.00,253.00,253.00,253.00,253.00,253.00,253.00
2026-09-02 09:18:56,263.00,263.00,253.00,253.00,253.00,253.00,253.00,253.00
2026-09-02 09:28:57,263.00,263.00,253.00,253.00,253.00,253.00,253.00,253.00
2026-09-02 09:38:51,,263.00,,,253.00,,253.00,
2026-09-02 09:48:56,263.00,263.00,253.00,253.00,253.00,253.00,253.00,253.00
2026-09-02 09:58:27,263.00,263.00,253.00,253.00,253.00,253.00,253.00,253.00
2026-09-02 10:08:52,263.00,263.00,253.00,253.00,253.00,253.00,253.00,253.00
2026-09-02 10:18:56,263.00,263.00,253.00,253.00,253.00,253.00,253.00,253.00
2026-09-02 10:28:31,263.00,263.00,253.00,253.00,253.00,253.00,253.00,253.00
2026-09-02 10:38:36,263.00,263.00,253.00,253.00,253.00,253.00,253.00,253.00
2026-09-02 10:48:52,263.00,263.00,253.00,253.00,253.00,253.00,253.00,253.00
2026-09-02 10:58:54,263.00,263.00,253.00,253.00,253.00,253.00,253.00,253.00
2026-09-02 11:09:04,263.00,263.00,253.00,253.00,253.00,253.00,253.00,253.00
2026-09-02 11:17:57,263.00,263.00,253.00,253.00,253.00,253.00,253.00,253.00
2026-09-02 11:28:44,263.00,263.00,253.00,253.00,253.00,253.00,253.00,253.00
2026-09-02 11:38:53,263.00,263.00,253.00,253.00,253.00,253.00,253.00,253.00
2026-09-02 11:49:01,263.00,263.00,253.00,253.00,253.00,253.00,253.00,253.00
2026-09-02 11:58:51,263.00,263.00,253.00,253.00,253.00,253.00,253.00,253.00
2026-09-02 12:08:33,263.00,263.00,253.00,253.00,253.00,253.00,253.00,253.00
2026-09-02 12:18:47,263.00,263.00,253.00,253.00,253.00,253.00,253.00,253.00
2026-09-02 12:28:10,263.00,263.00,253.00,253.00,253.00,253.00,253.00,253.00
2026-09-02 12:39:01,263.00,263.00,253.00,253.00,253.00,253.00,253.00,253.00
2026-09-02 12:48:54,263.00,263.00,253.00,253.00,253.00,253.00,253.00,253.00
2026-09-02 12:58:58,263.00,263.00,253.00,253.00,253.00,253.00,253.00,253.00
2026-09-02 13:07:56,263.00,263.00,253.00,253.00,253.00,253.00,253.00,253.00
2026-09-02 13:19:04,263.00,263.00,253.00,253.00,253.00,253.00,253.00,253.00
2026-09-02 13:29:03,263.00,263.00,253.00,253.00,253.00,253.00,253.00,253.00
2026-09-02 13:39:03,263.00,263.00,253.00,253.00,253.00,253.00,253.00,253.00
2026-09-02 13:59:02,263.00,263.00,253.00,253.00,253.00,253.00,253.00,253.00
2026-09-02 14:09:15,263.00,263.00,253.00,253.00,253.00,253.00,253.00,253.00
2026-09-02 14:18:49,263.00,263.00,253.00,253.00,253.00,253.00,253.00,253.00
2026-09-02 14:29:04,263.00,263.00,253.00,253.00,253.00,253.00,253.00,253.00
2026-09-02 14:39:02,263.00,263.00,253.00,253.00,253.00,253.00,253.00,253.00
2026-09-02 14:48:52,263.00,263.00,253.00,253.00,253.00,253.00,253.00,253.00
2026-09-02 14:58:58,263.00,263.00,253.00,253.00,253.00,253.00,253.00,253.00
2026-09-02 15:08:36,263.00,263.00,253.00,253.00,253.00,253.00,253.00,253.00
2026-09-02 15:19:06,263.00,263.00,253.00,253.00,253.00,253.00,253.00,253.00
2026-09-02 15:29:47,263.00,263.00,253.00,253.00,253.00,253.00,253.00,253.00
2026-09-02 15:39:07,263.00,263.00,253.00,253.00,253.00,253.00,253.00,253.00
2026-09-02 15:49:07,263.00,263.00,253.00,253.00,253.00,253.00,253.00,253.00
2026-09-02 15:58:55,263.00,263.00,253.00,253.00,253.00,253.00,253.00,253.00
2026-09-02 16:09:05,263.00,263.00,253.00,253.00,253.00,253.00,253.00,253.00
2026-09-02 16:19:04,263.00,263.00,253.00,253.00,253.00,253.00,253.00,253.00
2026-09-02 16:28:33,263.00,263.00,253.00,253.00,253.00,253.00,253.00,253.00
2026-09-02 16:39:03,263.00,263.00,253.00,253.00,253.00,253.00,253.00,253.00
2026-09-02 16:48:29,263.00,,253.00,253.00,,253.00,,253.00
2026-09-02 16:59:03,263.00,263.00,253.00,253.00,253.00,253.00,253.00,253.00
2026-09-02 17:08:09,263.00,263.00,253.00,253.00,253.00,253.00,253.00,253.00
2026-09-02 17:19:04,263.00,263.00,253.00,253.00,253.00,253.00,253.00,253.00
2026-09-02 17:31:55,263.00,263.00,253.00,253.00,253.00,253.00,253.00,253.00
2026-09-02 17:38:55,263.00,263.00,253.00,253.00,253.00,253.00,253.00,253.00
2026-09-02 17:48:54,253.00,253.00,253.00,253.00,253.00,253.00,253.00,253.00
2026-09-02 17:58:22,253.00,253.00,253.00,253.00,253.00,253.00,253.00,253.00
2026-09-02 18:08:58,253.00,253.00,253.00,253.00,253.00,253.00,253.00,253.00
2026-09-02 18:18:22,253.00,253.00,253.00,253.00,253.00,253.00,253.00,253.00
2026-09-02 18:29:11,253.00,253.00,253.00,253.00,253.00,253.00,253.00,253.00
2026-09-02 18:39:04,253.00,253.00,253.00,253.00,253.00,253.00,253.00,253.00
2026-09-02 18:48:21,253.00,253.00,253.00,253.00,253.00,253.00,253.00,253.00
2026-09-02 18:59:07,253.00,253.00,253.00,253.00,253.00,253.00,253.00,253.00
2026-09-02 19:08:35,253.00,253.00,253.00,253.00,253.00,253.00,253.00,253.00
2026-09-02 19:19:10,253.00,253.00,253.00,253.00,253.00,253.00,253.00,253.00
2026-09-02 19:29:33,253.00,253.00,253.00,253.00,253.00,253.00,253.00,253.00
2026-09-02 19:39:14,253.00,253.00,253.00,253.00,253.00,253.00,253.00,253.00
2026-09-02 19:49:04,253.00,253.00,253.00,253.00,253.00,253.00,253.00,253.00
2026-09-02 19:59:05,253.00,253.00,253.00,253.00,253.00,253.00,253.00,253.00
2026-09-02 20:08:32,253.00,253.00,253.00,253.00,253.00,253.00,253.00,253.00
2026-09-02 20:19:04,253.00,253.00,253.00,253.00,253.00,253.00,253.00,253.00
2026-09-02 20:28:59,253.00,253.00,253.00,253.00,253.00,253.00,253.00,253.00
2026-09-02 20:38:59,253.00,253.00,253.00,253.00,253.00,253.00,253.00,253.00
2026-09-02 20:48:27,253.00,253.00,253.00,253.00,253.00,253.00,253.00,253.00
2026-09-02 20:59:05,253.00,253.00,253.00,253.00,253.00,253.00,253.00,253.00
2026-09-03 18:09:32,253.00,,253.00,253.00,,253.00,,270.00
2026-09-03 18:19:05,253.00,253.00,253.00,253.00,253.00,253.00,253.00,270.00
2026-09-03 18:29:07,253.00,253.00,253.00,253.00,253.00,253.00,253.00,270.00
2026-09-03 18:39:12,253.00,253.00,253.00,253.00,253.00,253.00,253.00,270.00
2026-09-03 18:49:10,253.00,253.00,253.00,253.00,253.00,253.00,253.00,270.00
2026-09-03 18:59:02,253.00,253.00,253.00,253.00,253.00,253.00,253.00,270.00
2026-09-03 19:08:59,253.00,253.00,253.00,253.00,253.00,253.00,253.00,270.00
2026-09-03 19:18:47,253.00,253.00,253.00,253.00,253.00,253.00,253.00,270.00
2026-09-03 19:29:10,253.00,253.00,253.00,253.00,253.00,253.00,253.00,270.00
2026-09-03 19:39:07,253.00,253.00,253.00,253.00,253.00,253.00,253.00,270.00
2026-09-03 19:49:16,253.00,253.00,253.00,253.00,253.00,253.00,253.00,270.00
2026-09-03 19:58:58,253.00,253.00,253.00,253.00,253.00,253.00,253.00,270.00
2026-09-03 20:09:03,253.00,253.00,253.00,253.00,253.00,253.00,253.00,270.00
2026-09-03 20:19:09,253.00,253.00,253.00,253.00,253.00,253.00,253.00,253.00
2026-09-03 20:29:05,253.00,253.00,253.00,253.00,253.00,253.00,253.00,253.00
2026-09-03 20:38:16,253.00,253.00,253.00,253.00,253.00,253.00,253.00,253.00
2026-09-03 20:49:06,253.00,253.00,253.00,253.00,253.00,253.00,253.00,253.00
2026-09-03 20:58:36,253.00,253.00,253.00,253.00,253.00,253.00,253.00,253.00
2026-09-03 21:09:02,253.00,253.00,253.00,253.00,253.00,253.00,253.00,253.00
2026-09-03 21:19:05,253.00,253.00,253.00,253.00,253.00,253.00,253.00,253.00
2026-09-03 21:33:36,253.00,253.00,253.00,253.00,253.00,253.00,253.00,253.00
2026-09-03 21:39:13,253.00,253.00,253.00,253.00,253.00,253.00,253.00,253.00
2026-09-03 21:49:12,253.00,253.00,253.00,253.00,253.00,253.00,253.00,270.00
2026-09-03 21:58:46,253.00,253.00,253.00,253.00,253.00,253.00,253.00,270.00
2026-09-03 22:09:06,253.00,253.00,253.00,253.00,253.00,253.00,253.00,270.00
2026-09-03 22:19:12,253.00,253.00,253.00,253.00,253.00,253.00,253.00,270.00
2026-09-03 22:29:05,253.00,253.00,253.00,253.00,253.00,253.00,253.00,270.00
2026-09-03 22:39:03,253.00,253.00,253.00,253.00,253.00,253.00,253.00,270.00
2026-09-03 22:48:59,253.00,253.00,253.00,253.00,253.00,253.00,253.00,270.00
2026-09-03 22:59:11,253.00,253.00,253.00,253.00,253.00,253.00,253.00,270.00
2026-09-03 23:09:02,253.00,253.00,253.00,253.00,253.00,253.00,253.00,270.00
2026-09-03 23:19:07,253.00,253.00,253.00,253.00,253.00,253.00,253.00,270.00
2026-09-03 23:29:04,253.00,253.00,253.00,253.00,253.00,253.00,253.00,270.00
2026-09-03 23:39:53,253.00,253.00,253.00,253.00,253.00,253.00,253.00,270.00
2026-09-03 23:49:07,253.00,253.00,253.00,253.00,253.00,253.00,253.00,270.00
2026-09-03 23:59:03,253.00,253.00,253.00,253.00,253.00,253.00,253.00,270.00
2026-09-04 00:09:11,253.00,253.00,253.00,253.00,253.00,253.00,253.00,270.00
2026-09-04 00:19:33,253.00,253.00,253.00,253.00,253.00,253.00,253.00,270.00
2026-09-04 00:28:54,253.00,253.00,253.00,253.00,253.00,253.00,253.00,270.00
2026-09-04 00:38:59,263.00,263.00,253.00,253.00,253.00,253.00,253.00,270.00
2026-09-04 00:49:11,263.00,263.00,253.00,253.00,253.00,253.00,253.00,270.00
2026-09-04 00:58:07,263.00,263.00,253.00,253.00,253.00,253.00,253.00,270.00
2026-09-04 01:08:56,263.00,263.00,253.00,253.00,253.00,253.00,253.00,270.00
2026-09-04 01:19:07,263.00,263.00,253.00,253.00,253.00,253.00,253.00,270.00
2026-09-04 01:29:07,263.00,263.00,253.00,253.00,253.00,253.00,253.00,270.00
2026-09-04 01:39:07,263.00,263.00,253.00,253.00,253.00,253.00,253.00,270.00
2026-09-04 01:49:09,263.00,263.00,253.00,253.00,253.00,253.00,253.00,270.00
2026-09-04 01:59:04,263.00,263.00,253.00,253.00,253.00,253.00,253.00,270.00
2026-09-04 02:08:07,263.00,263.00,253.00,253.00,253.00,253.00,253.00,270.00
2026-09-04 02:18:56,263.00,263.00,253.00,253.00,253.00,253.00,253.00,270.00
2026-09-04 02:28:49,263.00,263.00,253.00,253.00,253.00,253.00,253.00,270.00
2026-09-04 02:39:02,263.00,263.00,253.00,253.00,253.00,253.00,253.00,270.00
2026-09-04 02:48:53,263.00,263.00,253.00,253.00,253.00,253.00,253.00,270.00
2026-09-04 02:59:09,263.00,263.00,253.00,253.00,253.00,253.00,253.00,270.00
2026-09-04 03:08:26,263.00,263.00,253.00,253.00,253.00,253.00,253.00,270.00
2026-09-04 03:19:01,263.00,263.00,253.00,253.00,253.00,253.00,253.00,270.00
2026-09-04 03:29:03,263.00,263.00,253.00,253.00,253.00,253.00,253.00,270.00
2026-09-04 03:39:00,263.00,263.00,253.00,253.00,253.00,253.00,253.00,270.00
2026-09-04 03:48:57,263.00,263.00,253.00,253.00,253.00,253.00,253.00,270.00
2026-09-04 03:59:01,263.00,263.00,253.00,253.00,253.00,253.00,253.00,270.00
2026-09-04 04:08:58,263.00,263.00,253.00,253.00,253.00,253.00,253.00,270.00
2026-09-04 04:18:59,263.00,263.00,253.00,253.00,253.00,253.00,253.00,270.00
2026-09-04 04:28:55,263.00,263.00,253.00,253.00,253.00,253.00,253.00,270.00
2026-09-04 04:38:54,263.00,263.00,253.00,253.00,253.00,253.00,253.00,270.00
2026-09-04 04:48:59,263.00,263.00,253.00,253.00,253.00,253.00,253.00,270.00
2026-09-04 04:58:59,263.00,263.00,253.00,253.00,253.00,253.00,253.00,270.00
2026-09-04 05:08:58,263.00,263.00,253.00,253.00,253.00,253.00,253.00,270.00
2026-09-04 05:19:09,263.00,263.00,253.00,253.00,253.00,253.00,253.00,270.00
2026-09-04 05:28:56,263.00,263.00,253.00,253.00,253.00,253.00,253.00,270.00
2026-09-04 05:39:35,263.00,263.00,253.00,253.00,253.00,253.00,253.00,270.00
2026-09-04 05:48:56,263.00,263.00,253.00,253.00,253.00,253.00,253.00,270.00
2026-09-04 05:58:54,263.00,263.00,253.00,253.00,253.00,253.00,253.00,270.00
2026-09-04 06:09:03,263.00,263.00,253.00,253.00,253.00,253.00,253.00,270.00
2026-09-04 06:19:07,263.00,263.00,253.00,253.00,253.00,253.00,253.00,270.00
2026-09-04 06:29:02,263.00,263.00,253.00,253.00,253.00,253.00,253.00,270.00
2026-09-04 06:38:57,263.00,263.00,253.00,253.00,253.00,253.00,253.00,270.00
2026-09-04 06:48:32,263.00,263.00,253.00,253.00,253.00,253.00,253.00,270.00
2026-09-04 06:59:02,263.00,263.00,253.00,253.00,253.00,253.00,253.00,270.00
2026-09-04 07:09:00,263.00,263.00,253.00,253.00,253.00,253.00,253.00,270.00
2026-09-04 07:19:06,263.00,263.00,253.00,253.00,253.00,253.00,253.00,270.00
2026-09-04 07:31:39,263.00,263.00,253.00,253.00,253.00,253.00,253.00,270.00
2026-09-04 07:39:06,263.00,263.00,253.00,253.00,253.00,253.00,253.00,270.00
2026-09-04 07:48:59,263.00,263.00,253.00,253.00,253.00,253.00,253.00,270.00
2026-09-04 07:59:06,263.00,263.00,253.00,253.00,253.00,253.00,253.00,270.00
2026-09-04 08:08:53,263.00,263.00,253.00,253.00,253.00,253.00,253.00,270.00
2026-09-04 08:18:54,263.00,263.00,253.00,253.00,253.00,253.00,253.00,270.00
2026-09-04 08:28:42,263.00,263.00,253.00,253.00,253.00,253.00,253.00,270.00
2026-09-04 08:38:57,263.00,263.00,253.00,253.00,253.00,253.00,253.00,270.00
2026-09-04 08:48:56,263.00,263.00,253.00,253.00,253.00,253.00,253.00,270.00
2026-09-04 08:58:04,263.00,263.00,253.00,253.00,253.00,253.00,253.00,270.00
2026-09-04 09:08:57,263.00,263.00,253.00,253.00,253.00,253.00,253.00,270.00
2026-09-04 09:19:35,263.00,263.00,253.00,253.00,253.00,253.00,253.00,270.00
2026-09-04 09:28:08,263.00,263.00,253.00,253.00,253.00,253.00,253.00,270.00
2026-09-04 09:38:56,263.00,263.00,253.00,253.00,253.00,253.00,253.00,270.00
2026-09-04 09:49:03,263.00,263.00,253.00,253.00,253.00,253.00,253.00,270.00
2026-09-04 09:59:06,263.00,263.00,253.00,253.00,253.00,253.00,253.00,270.00
2026-09-04 10:09:05,263.00,263.00,253.00,253.00,253.00,253.00,253.00,270.00
2026-09-04 10:19:05,263.00,263.00,253.00,253.00,253.00,253.00,253.00,270.00
2026-09-04 10:28:39,263.00,263.00,253.00,253.00,253.00,253.00,253.00,253.00
2026-09-04 10:39:04,263.00,263.00,253.00,253.00,253.00,253.00,253.00,253.00
2026-09-04 10:49:03,263.00,263.00,253.00,253.00,253.00,253.00,253.00,253.00
2026-09-04 10:58:56,263.00,263.00,253.00,253.00,253.00,253.00,253.00,253.00
2026-09-04 11:08:54,263.00,263.00,253.00,253.00,253.00,253.00,253.00,253.00
2026-09-04 11:19:03,263.00,263.00,253.00,253.00,253.00,253.00,253.00,253.00
2026-09-04 11:38:50,263.00,263.00,253.00,253.00,253.00,253.00,253.00,253.00
2026-09-04 11:49:04,263.00,263.00,253.00,253.00,253.00,253.00,253.00,253.00
2026-09-04 11:59:10,263.00,263.00,253.00,253.00,253.00,253.00,253.00,253.00
2026-09-04 12:09:40,263.00,263.00,253.00,253.00,253.00,253.00,253.00,253.00
2026-09-04 12:18:47,263.00,263.00,253.00,253.00,253.00,253.00,253.00,253.00
2026-09-04 12:28:33,263.00,263.00,253.00,253.00,253.00,253.00,253.00,253.00
2026-09-04 12:39:06,263.00,263.00,253.00,253.00,253.00,253.00,253.00,253.00
2026-09-04 12:49:10,263.00,263.00,253.00,253.00,253.00,253.00,253.00,253.00
2026-09-04 12:59:15,263.00,263.00,253.00,253.00,253.00,253.00,253.00,253.00
2026-09-04 13:08:57,263.00,263.00,253.00,253.00,253.00,253.00,253.00,253.00
2026-09-04 13:19:15,263.00,263.00,253.00,253.00,253.00,253.00,253.00,253.00
2026-09-04 13:31:51,263.00,263.00,253.00,253.00,253.00,253.00,253.00,253.00
2026-09-04 13:39:10,263.00,263.00,253.00,253.00,253.00,253.00,253.00,253.00
2026-09-04 13:49:11,263.00,263.00,253.00,253.00,253.00,253.00,253.00,253.00
2026-09-04 13:59:06,263.00,263.00,253.00,253.00,253.00,253.00,253.00,253.00
2026-09-04 14:09:12,263.00,263.00,253.00,253.00,253.00,253.00,253.00,253.00
2026-09-04 14:18:15,263.00,263.00,253.00,253.00,253.00,253.00,253.00,253.00
2026-09-04 14:29:05,263.00,263.00,253.00,253.00,253.00,253.00,253.00,253.00
2026-09-04 14:39:09,263.00,263.00,253.00,253.00,253.00,253.00,253.00,253.00
2026-09-04 14:48:19,263.00,263.00,253.00,253.00,253.00,253.00,253.00,253.00
2026-09-04 14:59:12,263.00,263.00,253.00,253.00,253.00,253.00,253.00,253.00
2026-09-04 15:09:11,263.00,263.00,253.00,253.00,253.00,253.00,253.00,253.00
2026-09-04 15:19:20,263.00,263.00,253.00,253.00,253.00,253.00,253.00,253.00
2026-09-04 15:29:03,263.00,263.00,253.00,253.00,253.00,253.00,253.00,253.00
2026-09-04 15:38:31,263.00,263.00,253.00,253.00,253.00,253.00,253.00,253.00
2026-09-04 15:49:08,263.00,263.00,253.00,253.00,253.00,253.00,253.00,253.00
2026-09-04 15:59:08,263.00,263.00,253.00,253.00,253.00,253.00,253.00,253.00
2026-09-04 16:09:12,263.00,263.00,253.00,253.00,253.00,253.00,253.00,253.00
2026-09-04 16:19:08,263.00,263.00,253.00,253.00,253.00,253.00,253.00,253.00
2026-09-04 16:29:11,263.00,263.00,253.00,253.00,253.00,253.00,253.00,253.00
2026-09-04 16:39:02,263.00,263.00,253.00,253.00,253.00,253.00,253.00,253.00
2026-09-04 16:49:02,263.00,263.00,253.00,253.00,253.00,253.00,253.00,270.00
2026-09-04 16:59:05,263.00,263.00,253.00,253.00,253.00,253.00,253.00,270.00
2026-09-04 17:08:38,263.00,263.00,253.00,253.00,253.00,253.00,253.00,270.00
2026-09-04 17:19:16,263.00,263.00,253.00,253.00,253.00,253.00,253.00,270.00
2026-09-04 17:31:23,263.00,263.00,253.00,253.00,253.00,253.00,253.00,270.00
2026-09-04 17:39:04,263.00,263.00,253.00,253.00,253.00,253.00,253.00,270.00
2026-09-04 17:49:11,263.00,263.00,253.00,253.00,253.00,253.00,253.00,270.00
2026-09-04 17:59:09,263.00,263.00,253.00,253.00,253.00,253.00,253.00,270.00
2026-09-04 18:09:19,263.00,263.00,253.00,253.00,253.00,253.00,253.00,270.00
2026-09-04 18:19:20,263.00,263.00,253.00,253.00,253.00,253.00,253.00,270.00
2026-09-04 18:29:14,263.00,263.00,253.00,253.00,253.00,253.00,253.00,270.00
2026-09-04 18:39:06,263.00,263.00,253.00,253.00,253.00,253.00,253.00,270.00
2026-09-04 18:48:02,263.00,263.00,253.00,253.00,253.00,253.00,253.00,270.00
2026-09-04 18:59:01,263.00,263.00,253.00,253.00,253.00,253.00,253.00,270.00
2026-09-04 19:08:57,263.00,263.00,253.00,253.00,253.00,253.00,253.00,270.00
2026-09-04 19:19:15,263.00,263.00,253.00,253.00,253.00,253.00,253.00,270.00
2026-09-04 19:31:32,263.00,263.00,253.00,253.00,253.00,253.00,253.00,270.00
2026-09-04 19:39:15,263.00,263.00,253.00,253.00,253.00,253.00,253.00,270.00
2026-09-04 19:48:42,263.00,263.00,253.00,253.00,253.00,253.00,253.00,270.00
2026-09-04 19:59:08,263.00,263.00,253.00,253.00,253.00,253.00,253.00,270.00
2026-09-04 20:09:20,263.00,263.00,253.00,253.00,253.00,253.00,253.00,270.00
2026-09-04 20:19:15,263.00,263.00,253.00,253.00,253.00,253.00,253.00,270.00
2026-09-04 20:29:09,263.00,263.00,253.00,253.00,253.00,253.00,253.00,270.00
2026-09-04 20:39:00,263.00,263.00,253.00,253.00,263.00,253.00,263.00,270.00
2026-09-04 20:49:17,263.00,263.00,263.00,263.00,263.00,263.00,263.00,280.00
2026-09-04 20:59:21,263.00,263.00,263.00,263.00,263.00,263.00,263.00,280.00
2026-09-04 21:09:08,263.00,263.00,263.00,263.00,263.00,263.00,263.00,280.00
2026-09-04 21:18:55,263.00,263.00,263.00,263.00,263.00,263.00,263.00,280.00
2026-09-04 21:31:11,263.00,263.00,263.00,263.00,263.00,263.00,263.00,280.00
2026-09-04 21:39:02,263.00,263.00,263.00,263.00,263.00,263.00,263.00,280.00
2026-09-04 21:48:56,263.00,263.00,263.00,263.00,263.00,263.00,263.00,280.00
2026-09-04 21:59:10,263.00,263.00,263.00,263.00,263.00,263.00,263.00,280.00
2026-09-04 22:09:04,263.00,263.00,263.00,263.00,263.00,263.00,263.00,280.00
2026-09-04 22:19:06,263.00,263.00,263.00,263.00,263.00,263.00,263.00,280.00
2026-09-04 22:28:37,263.00,263.00,263.00,263.00,263.00,263.00,263.00,280.00
2026-09-04 22:39:06,263.00,263.00,263.00,263.00,263.00,263.00,263.00,280.00
2026-09-04 22:49:10,263.00,263.00,263.00,263.00,263.00,263.00,263.00,280.00
2026-09-04 22:59:05,263.00,263.00,263.00,263.00,263.00,263.00,263.00,280.00
2026-09-04 23:09:13,263.00,263.00,263.00,263.00,263.00,263.00,263.00,280.00
2026-09-04 23:19:05,263.00,263.00,263.00,263.00,263.00,263.00,263.00,280.00
2026-09-04 23:30:55,263.00,263.00,263.00,263.00,263.00,263.00,263.00,280.00
2026-09-04 23:38:55,263.00,263.00,263.00,263.00,263.00,263.00,263.00,280.00
2026-09-04 23:49:08,263.00,263.00,263.00,263.00,263.00,263.00,263.00,280.00
2026-09-05 00:09:11,263.00,263.00,263.00,263.00,263.00,263.00,263.00,280.00
2026-09-05 00:18:44,263.00,263.00,263.00,263.00,263.00,263.00,263.00,280.00
2026-09-05 00:28:40,263.00,263.00,263.00,263.00,263.00,263.00,263.00,280.00
2026-09-05 00:38:37,263.00,263.00,263.00,263.00,263.00,263.00,263.00,280.00
2026-09-05 00:48:33,,263.00,,,263.00,,263.00,
2026-09-05 00:59:05,263.00,263.00,263.00,263.00,263.00,263.00,263.00,280.00
2026-09-05 01:09:10,263.00,263.00,263.00,263.00,263.00,263.00,263.00,280.00
2026-09-05 01:19:06,263.00,263.00,263.00,263.00,263.00,263.00,263.00,280.00
2026-09-05 01:29:12,263.00,263.00,263.00,263.00,263.00,263.00,263.00,280.00
2026-09-05 01:38:32,263.00,263.00,263.00,263.00,263.00,263.00,263.00,280.00
2026-09-05 01:48:30,263.00,263.00,263.00,263.00,263.00,263.00,263.00,280.00
2026-09-05 01:59:07,263.00,263.00,263.00,263.00,263.00,263.00,263.00,282.00
2026-09-05 02:09:09,263.00,263.00,263.00,263.00,263.00,263.00,263.00,282.00
2026-09-05 02:19:12,263.00,263.00,263.00,263.00,263.00,263.00,263.00,281.00
2026-09-05 02:29:10,263.00,263.00,263.00,263.00,263.00,263.00,263.00,281.00
2026-09-05 02:38:31,263.00,263.00,263.00,263.00,263.00,263.00,263.00,281.00
2026-09-05 02:49:20,263.00,263.00,263.00,263.00,263.00,263.00,263.00,281.00
2026-09-05 02:58:33,263.00,263.00,263.00,263.00,263.00,263.00,263.00,281.00
2026-09-05 03:09:02,263.00,263.00,263.00,263.00,263.00,263.00,263.00,281.00
2026-09-05 03:18:35,263.00,263.00,263.00,263.00,263.00,263.00,263.00,281.00
2026-09-05 03:29:12,263.00,263.00,263.00,263.00,263.00,263.00,263.00,281.00
2026-09-05 03:39:04,263.00,263.00,263.00,263.00,263.00,263.00,263.00,281.00
2026-09-05 03:49:10,263.00,263.00,263.00,263.00,263.00,263.00,263.00,281.00
2026-09-05 03:59:08,263.00,263.00,263.00,263.00,263.00,263.00,263.00,281.00
2026-09-05 04:09:12,263.00,263.00,263.00,263.00,263.00,263.00,263.00,281.00
2026-09-05 04:19:05,263.00,263.00,263.00,263.00,263.00,263.00,263.00,281.00
2026-09-05 04:29:00,263.00,263.00,263.00,263.00,263.00,263.00,263.00,281.00
2026-09-05 04:39:10,263.00,263.00,263.00,263.00,263.00,263.00,263.00,281.00
2026-09-05 04:49:15,263.00,263.00,263.00,263.00,263.00,263.00,263.00,281.00
2026-09-05 04:59:04,263.00,263.00,263.00,263.00,263.00,263.00,263.00,281.00
2026-09-05 05:09:07,263.00,263.00,263.00,263.00,263.00,263.00,263.00,281.00
2026-09-05 05:19:14,263.00,263.00,263.00,263.00,263.00,263.00,263.00,281.00
2026-09-05 05:28:29,263.00,263.00,263.00,263.00,263.00,263.00,263.00,281.00
2026-09-05 05:39:13,263.00,263.00,263.00,263.00,263.00,263.00,263.00,281.00
2026-09-05 05:49:09,263.00,263.00,263.00,263.00,263.00,263.00,263.00,281.00
2026-09-05 05:59:09,263.00,263.00,263.00,263.00,263.00,263.00,263.00,281.00
2026-09-05 06:09:05,263.00,263.00,263.00,263.00,263.00,263.00,263.00,281.00
2026-09-05 06:19:08,263.00,263.00,263.00,263.00,263.00,263.00,263.00,263.00
2026-09-05 06:29:04,263.00,263.00,263.00,263.00,263.00,263.00,263.00,263.00
2026-09-05 06:39:08,263.00,263.00,263.00,263.00,263.00,263.00,263.00,263.00
2026-09-05 06:48:10,263.00,263.00,263.00,263.00,263.00,263.00,263.00,263.00
2026-09-05 07:08:59,263.00,263.00,263.00,263.00,263.00,263.00,263.00,263.00
2026-09-05 07:18:58,263.00,263.00,263.00,263.00,263.00,263.00,263.00,263.00
2026-09-05 07:29:15,263.00,263.00,263.00,263.00,263.00,263.00,263.00,263.00
2026-09-05 07:39:05,263.00,263.00,263.00,263.00,263.00,263.00,263.00,263.00
2026-09-05 07:50:58,263.00,263.00,263.00,263.00,263.00,263.00,263.00,263.00
2026-09-05 07:59:06,263.00,263.00,263.00,263.00,263.00,263.00,263.00,263.00
2026-09-05 08:09:10,263.00,263.00,263.00,263.00,263.00,263.00,263.00,263.00
2026-09-05 08:19:08,263.00,263.00,263.00,263.00,263.00,263.00,263.00,263.00
2026-09-05 08:29:09,263.00,263.00,263.00,263.00,263.00,263.00,263.00,263.00
2026-09-05 08:38:08,263.00,263.00,263.00,263.00,263.00,263.00,263.00,263.00
2026-09-05 08:49:10,263.00,263.00,263.00,263.00,263.00,263.00,263.00,263.00
2026-09-05 08:59:12,263.00,263.00,263.00,263.00,263.00,263.00,263.00,263.00
2026-09-05 09:09:08,263.00,263.00,263.00,263.00,263.00,263.00,263.00,263.00
2026-09-05 09:19:07,263.00,263.00,263.00,263.00,263.00,263.00,263.00,263.00
2026-09-05 09:29:09,263.00,263.00,263.00,263.00,263.00,263.00,263.00,263.00
2026-09-05 09:39:09,263.00,263.00,263.00,263.00,263.00,263.00,263.00,263.00
2026-09-05 09:49:10,263.00,263.00,263.00,263.00,263.00,263.00,263.00,263.00
2026-09-05 09:58:59,263.00,263.00,263.00,263.00,263.00,263.00,263.00,263.00
2026-09-05 10:08:58,263.00,263.00,263.00,263.00,263.00,263.00,263.00,263.00
2026-09-05 10:19:08,263.00,263.00,263.00,263.00,263.00,263.00,263.00,263.00
2026-09-05 10:28:39,263.00,263.00,263.00,263.00,263.00,263.00,263.00,263.00
2026-09-05 10:38:58,263.00,263.00,263.00,263.00,263.00,263.00,263.00,263.00
2026-09-05 10:49:08,263.00,263.00,263.00,263.00,263.00,263.00,263.00,263.00
2026-09-05 10:59:04,263.00,263.00,263.00,263.00,263.00,263.00,263.00,263.00
2026-09-05 11:08:46,263.00,263.00,263.00,263.00,263.00,263.00,263.00,263.00
2026-09-05 11:19:11,263.00,263.00,263.00,263.00,263.00,263.00,263.00,263.00
2026-09-05 11:29:02,263.00,263.00,263.00,263.00,263.00,263.00,263.00,263.00
2026-09-05 11:39:02,263.00,263.00,263.00,263.00,263.00,263.00,263.00,263.00
2026-09-05 11:49:11,263.00,263.00,263.00,263.00,263.00,263.00,263.00,263.00
2026-09-05 11:59:08,263.00,263.00,263.00,263.00,263.00,263.00,263.00,263.00
2026-09-05 12:08:32,263.00,263.00,263.00,263.00,263.00,263.00,263.00,263.00
2026-09-05 12:19:12,263.00,263.00,263.00,263.00,263.00,263.00,263.00,263.00
2026-09-05 12:29:13,263.00,263.00,263.00,263.00,263.00,263.00,263.00,263.00
2026-09-05 12:39:13,263.00,263.00,263.00,263.00,263.00,263.00,263.00,263.00
2026-09-05 12:48:36,263.00,263.00,263.00,263.00,263.00,263.00,263.00,263.00
2026-09-05 12:58:26,263.00,263.00,263.00,263.00,263.00,263.00,263.00,263.00
2026-09-05 13:08:55,263.00,263.00,263.00,263.00,263.00,263.00,263.00,263.00
2026-09-05 13:19:18,263.00,263.00,263.00,263.00,263.00,263.00,263.00,263.00
2026-09-05 13:29:07,263.00,263.00,263.00,263.00,263.00,263.00,263.00,263.00
2026-09-05 13:39:17,,263.00,,,263.00,,263.00,
2026-09-05 13:49:13,263.00,263.00,263.00,263.00,263.00,263.00,263.00,263.00
2026-09-05 13:59:12,263.00,263.00,263.00,263.00,263.00,263.00,263.00,263.00
2026-09-05 14:09:15,263.00,263.00,263.00,263.00,263.00,263.00,263.00,263.00
2026-09-05 14:19:17,263.00,263.00,263.00,263.00,263.00,263.00,263.00,263.00
2026-09-05 14:29:10,263.00,263.00,263.00,263.00,263.00,263.00,263.00,263.00
2026-09-05 14:43:54,263.00,263.00,263.00,263.00,263.00,263.00,263.00,263.00
2026-09-05 14:49:18,263.00,263.00,263.00,263.00,263.00,263.00,263.00,263.00
2026-09-05 14:59:19,263.00,263.00,263.00,263.00,263.00,263.00,263.00,263.00
2026-09-05 15:09:09,263.00,263.00,263.00,263.00,263.00,263.00,263.00,263.00
2026-09-05 15:19:17,263.00,263.00,263.00,263.00,263.00,263.00,263.00,263.00
2026-09-05 15:29:22,263.00,263.00,263.00,263.00,263.00,263.00,263.00,263.00
2026-09-05 15:39:05,263.00,263.00,263.00,263.00,263.00,263.00,263.00,263.00
2026-09-05 15:49:20,263.00,263.00,263.00,263.00,263.00,263.00,263.00,263.00
2026-09-05 15:58:50,263.00,263.00,263.00,263.00,263.00,263.00,263.00,263.00
2026-09-05 16:09:16,263.00,263.00,263.00,263.00,263.00,263.00,263.00,263.00
2026-09-05 16:19:10,263.00,263.00,263.00,263.00,263.00,263.00,263.00,263.00
2026-09-05 16:29:16,263.00,263.00,263.00,263.00,263.00,263.00,263.00,263.00
2026-09-05 16:39:26,263.00,263.00,263.00,263.00,263.00,263.00,263.00,263.00
2026-09-05 16:48:07,263.00,263.00,263.00,263.00,263.00,263.00,263.00,263.00
2026-09-05 16:59:18,263.00,263.00,263.00,263.00,263.00,263.00,263.00,263.00
2026-09-05 17:09:14,263.00,263.00,263.00,263.00,263.00,263.00,263.00,263.00
2026-09-05 17:18:38,263.00,263.00,263.00,263.00,263.00,263.00,263.00,263.00
2026-09-05 17:29:18,263.00,263.00,263.00,263.00,263.00,263.00,263.00,263.00
2026-09-05 17:39:11,263.00,263.00,263.00,263.00,263.00,263.00,263.00,263.00
2026-09-05 17:49:15,263.00,263.00,263.00,263.00,263.00,263.00,263.00,263.00
2026-09-05 17:59:16,263.00,263.00,263.00,263.00,263.00,263.00,263.00,263.00
2026-09-05 18:09:14,263.00,263.00,263.00,263.00,263.00,263.00,263.00,263.00
2026-09-05 18:19:20,263.00,263.00,263.00,263.00,263.00,263.00,263.00,263.00
2026-09-05 18:28:35,263.00,263.00,263.00,263.00,263.00,263.00,263.00,263.00
2026-09-05 18:39:14,263.00,263.00,263.00,263.00,263.00,263.00,263.00,263.00
2026-09-05 18:49:22,263.00,263.00,263.00,263.00,263.00,263.00,263.00,263.00
2026-09-05 18:58:40,263.00,263.00,263.00,263.00,263.00,263.00,263.00,263.00
2026-09-05 19:09:01,263.00,263.00,263.00,263.00,263.00,263.00,263.00,263.00
2026-09-05 19:19:03,263.00,263.00,263.00,263.00,263.00,263.00,263.00,263.00
2026-09-05 19:29:18,263.00,263.00,263.00,263.00,263.00,263.00,263.00,263.00
2026-09-05 19:39:16,263.00,263.00,263.00,263.00,263.00,263.00,263.00,263.00
2026-09-05 19:49:10,263.00,263.00,263.00,263.00,263.00,263.00,263.00,263.00
2026-09-05 19:59:23,263.00,263.00,263.00,263.00,263.00,263.00,263.00,263.00
2026-09-05 20:09:10,263.00,263.00,263.00,263.00,263.00,263.00,263.00,263.00
2026-09-05 20:18:22,263.00,263.00,263.00,263.00,263.00,263.00,263.00,263.00
2026-09-05 20:29:02,263.00,263.00,263.00,263.00,263.00,263.00,263.00,263.00
2026-09-05 20:38:03,263.00,263.00,263.00,263.00,263.00,263.00,263.00,263.00
2026-09-05 20:49:08,263.00,263.00,263.00,263.00,263.00,263.00,263.00,263.00
2026-09-05 20:59:14,263.00,263.00,263.00,263.00,263.00,263.00,263.00,263.00
2026-09-05 21:08:54,263.00,263.00,263.00,263.00,263.00,263.00,263.00,263.00
2026-09-05 21:19:14,263.00,263.00,263.00,263.00,263.00,263.00,263.00,263.00
2026-09-05 21:29:04,263.00,263.00,263.00,263.00,263.00,263.00,263.00,263.00
2026-09-05 21:38:40,263.00,263.00,263.00,263.00,263.00,263.00,263.00,263.00
2026-09-05 21:49:14,263.00,263.00,263.00,263.00,263.00,263.00,263.00,263.00
2026-09-05 21:59:26,263.00,263.00,263.00,263.00,263.00,263.00,263.00,263.00
2026-09-05 22:08:59,263.00,263.00,263.00,263.00,263.00,263.00,263.00,263.00
2026-09-05 22:18:15,263.00,263.00,263.00,263.00,263.00,263.00,263.00,263.00
2026-09-05 22:28:28,263.00,263.00,263.00,263.00,263.00,263.00,263.00,263.00
2026-09-05 22:39:13,263.00,263.00,263.00,263.00,263.00,263.00,263.00,263.00
2026-09-05 22:49:12,263.00,263.00,263.00,263.00,263.00,263.00,263.00,263.00
2026-09-05 22:59:14,263.00,263.00,263.00,263.00,263.00,263.00,263.00,263.00
2026-09-05 23:09:13,263.00,263.00,263.00,263.00,263.00,263.00,263.00,263.00
2026-09-05 23:19:17,263.00,263.00,263.00,263.00,263.00,263.00,263.00,263.00
2026-09-05 23:29:06,263.00,263.00,263.00,263.00,263.00,263.00,263.00,263.00
2026-09-05 23:39:23,263.00,263.00,263.00,263.00,263.00,263.00,263.00,263.00
2026-09-05 23:48:44,263.00,263.00,263.00,263.00,263.00,263.00,263.00,263.00
2026-09-05 23:59:18,263.00,263.00,263.00,263.00,263.00,263.00,263.00,263.00
2026-09-06 00:09:29,263.00,263.00,263.00,263.00,263.00,263.00,263.00,263.00
2026-09-06 00:19:20,263.00,263.00,263.00,263.00,263.00,263.00,263.00,263.00
2026-09-06 00:29:24,263.00,263.00,263.00,263.00,263.00,263.00,263.00,263.00
2026-09-06 00:39:07,263.00,263.00,263.00,263.00,263.00,263.00,263.00,263.00
2026-09-06 00:49:11,263.00,263.00,263.00,263.00,263.00,263.00,263.00,263.00
2026-09-06 00:59:31,263.00,263.00,263.00,263.00,263.00,263.00,263.00,263.00
2026-09-06 01:09:20,263.00,263.00,263.00,263.00,263.00,263.00,263.00,263.00
2026-09-06 01:19:01,263.00,263.00,263.00,263.00,263.00,263.00,263.00,263.00
2026-09-06 01:29:38,263.00,,263.00,263.00,,263.00,,263.00
2026-09-06 01:39:21,263.00,263.00,263.00,263.00,263.00,263.00,263.00,263.00
2026-09-06 01:49:16,263.00,263.00,263.00,263.00,263.00,263.00,263.00,263.00
2026-09-06 01:59:23,263.00,263.00,263.00,263.00,263.00,263.00,263.00,263.00
2026-09-06 02:09:14,263.00,263.00,263.00,263.00,263.00,263.00,263.00,263.00
2026-09-06 02:18:18,263.00,263.00,263.00,263.00,263.00,263.00,263.00,263.00
2026-09-06 02:28:18,263.00,263.00,263.00,263.00,263.00,263.00,263.00,263.00
2026-09-06 02:39:17,263.00,263.00,263.00,263.00,263.00,263.00,263.00,263.00
2026-09-06 02:48:44,263.00,263.00,263.00,263.00,263.00,263.00,263.00,263.00
2026-09-06 02:58:31,263.00,263.00,263.00,263.00,263.00,263.00,263.00,263.00
2026-09-06 03:09:20,263.00,263.00,263.00,263.00,263.00,263.00,263.00,263.00
2026-09-06 03:19:29,263.00,263.00,263.00,263.00,263.00,263.00,263.00,263.00
2026-09-06 03:29:19,263.00,263.00,263.00,263.00,263.00,263.00,263.00,263.00
2026-09-06 03:39:19,263.00,263.00,263.00,263.00,263.00,263.00,263.00,263.00
2026-09-06 03:49:18,263.00,263.00,263.00,263.00,263.00,263.00,263.00,263.00
2026-09-06 03:58:39,263.00,263.00,263.00,263.00,263.00,263.00,263.00,263.00
2026-09-06 04:09:16,263.00,263.00,263.00,263.00,263.00,263.00,263.00,263.00
2026-09-06 04:19:20,263.00,263.00,263.00,263.00,263.00,263.00,263.00,263.00
2026-09-06 04:29:06,263.00,263.00,263.00,263.00,263.00,263.00,263.00,263.00
2026-09-06 04:39:33,263.00,263.00,263.00,263.00,263.00,263.00,263.00,263.00
2026-09-06 04:49:19,263.00,263.00,263.00,263.00,263.00,263.00,263.00,263.00
2026-09-06 04:58:47,263.00,263.00,263.00,263.00,263.00,263.00,263.00,263.00
2026-09-06 05:09:24,263.00,263.00,263.00,263.00,263.00,263.00,263.00,263.00
2026-09-06 05:19:06,263.00,263.00,263.00,263.00,263.00,263.00,263.00,263.00
2026-09-06 05:29:17,263.00,263.00,263.00,263.00,263.00,263.00,263.00,263.00
2026-09-06 05:38:41,263.00,263.00,263.00,263.00,263.00,263.00,263.00,263.00
2026-09-06 05:49:18,263.00,263.00,263.00,263.00,263.00,263.00,263.00,263.00
2026-09-06 05:59:17,263.00,263.00,263.00,263.00,263.00,263.00,263.00,263.00
2026-09-06 06:09:17,263.00,263.00,263.00,263.00,263.00,263.00,263.00,263.00
2026-09-06 06:19:17,263.00,263.00,263.00,263.00,263.00,263.00,263.00,263.00
2026-09-06 06:29:26,263.00,263.00,263.00,263.00,263.00,263.00,263.00,263.00
2026-09-06 06:39:24,263.00,263.00,263.00,263.00,263.00,263.00,263.00,263.00
2026-09-06 06:49:12,263.00,263.00,263.00,263.00,263.00,263.00,263.00,263.00
2026-09-06 06:59:10,263.00,263.00,263.00,263.00,263.00,263.00,263.00,263.00
2026-09-06 07:09:17,263.00,263.00,263.00,263.00,263.00,263.00,263.00,263.00
2026-09-06 07:19:13,263.00,263.00,263.00,263.00,263.00,263.00,263.00,263.00
2026-09-06 07:28:19,263.00,263.00,263.00,263.00,263.00,263.00,263.00,263.00
2026-09-06 07:39:19,263.00,263.00,263.00,263.00,263.00,263.00,263.00,263.00
2026-09-06 07:48:22,263.00,263.00,263.00,263.00,263.00,263.00,263.00,263.00
2026-09-06 07:59:16,263.00,263.00,263.00,263.00,263.00,263.00,263.00,263.00
2026-09-06 08:09:20,263.00,263.00,263.00,263.00,263.00,263.00,263.00,263.00
2026-09-06 08:19:19,263.00,263.00,263.00,263.00,263.00,263.00,263.00,263.00
2026-09-06 08:28:40,263.00,263.00,263.00,263.00,263.00,263.00,263.00,263.00
2026-09-06 08:39:13,263.00,263.00,263.00,263.00,263.00,263.00,263.00,263.00
2026-09-06 08:49:08,263.00,263.00,263.00,263.00,263.00,263.00,263.00,263.00
2026-09-06 09:03:12,263.00,,263.00,263.00,,263.00,,263.00
2026-09-06 09:08:40,263.00,263.00,263.00,263.00,263.00,263.00,263.00,263.00
2026-09-06 09:19:15,263.00,263.00,263.00,263.00,263.00,263.00,263.00,263.00
2026-09-06 09:30:58,263.00,263.00,263.00,263.00,263.00,263.00,263.00,263.00
2026-09-06 09:39:14,263.00,263.00,263.00,263.00,263.00,263.00,263.00,263.00
2026-09-06 09:59:17,263.00,263.00,263.00,263.00,263.00,263.00,263.00,263.00
2026-09-06 10:09:08,263.00,263.00,263.00,263.00,263.00,263.00,263.00,263.00
2026-09-06 10:19:33,263.00,263.00,263.00,263.00,263.00,263.00,263.00,263.00
2026-09-06 10:28:42,263.00,263.00,263.00,263.00,263.00,263.00,263.00,263.00
2026-09-06 10:39:16,263.00,263.00,263.00,263.00,263.00,263.00,263.00,263.00
2026-09-06 10:48:43,263.00,263.00,263.00,263.00,263.00,263.00,263.00,263.00
2026-09-06 11:00:11,263.00,263.00,263.00,263.00,263.00,263.00,263.00,263.00
2026-09-06 11:09:21,263.00,263.00,263.00,263.00,263.00,263.00,263.00,263.00
2026-09-06 11:19:57,263.00,263.00,263.00,263.00,263.00,263.00,263.00,263.00
2026-09-06 11:31:54,263.00,,263.00,263.00,,263.00,,263.00
2026-09-06 11:38:43,263.00,263.00,263.00,263.00,263.00,263.00,263.00,263.00
2026-09-06 11:49:22,263.00,263.00,263.00,263.00,263.00,263.00,263.00,263.00
2026-09-06 11:59:15,263.00,263.00,263.00,263.00,263.00,263.00,263.00,263.00
2026-09-06 12:09:20,263.00,263.00,263.00,263.00,263.00,263.00,263.00,263.00
2026-09-06 12:18:52,263.00,263.00,263.00,263.00,263.00,263.00,263.00,263.00
2026-09-06 12:29:24,263.00,263.00,263.00,263.00,263.00,263.00,263.00,263.00
2026-09-06 12:39:20,263.00,263.00,263.00,263.00,263.00,263.00,263.00,263.00
2026-09-06 12:49:14,263.00,263.00,263.00,263.00,263.00,263.00,263.00,263.00
2026-09-06 12:59:16,263.00,263.00,263.00,263.00,263.00,263.00,263.00,263.00
2026-09-06 13:10:50,263.00,,263.00,263.00,,263.00,,263.00
2026-09-06 13:18:43,263.00,263.00,263.00,263.00,263.00,263.00,263.00,263.00
2026-09-06 13:28:46,263.00,263.00,263.00,263.00,263.00,263.00,263.00,263.00
2026-09-06 13:39:55,263.00,,263.00,263.00,,263.00,,263.00
2026-09-06 13:49:19,263.00,263.00,263.00,263.00,263.00,263.00,263.00,263.00
2026-09-06 13:58:17,263.00,263.00,263.00,263.00,263.00,263.00,263.00,263.00
2026-09-06 14:09:14,263.00,263.00,263.00,263.00,263.00,263.00,263.00,263.00
2026-09-06 14:19:30,263.00,263.00,263.00,263.00,263.00,263.00,263.00,263.00
2026-09-06 14:29:22,263.00,263.00,263.00,263.00,263.00,263.00,263.00,263.00
2026-09-06 14:38:39,263.00,263.00,263.00,263.00,263.00,263.00,263.00,263.00
2026-09-06 14:49:28,263.00,263.00,263.00,263.00,263.00,263.00,263.00,263.00
2026-09-06 14:59:27,263.00,263.00,263.00,263.00,263.00,263.00,263.00,263.00
2026-09-06 15:09:23,263.00,263.00,263.00,263.00,263.00,263.00,263.00,263.00
2026-09-06 15:19:38,263.00,263.00,263.00,263.00,263.00,263.00,263.00,263.00
2026-09-06 15:30:24,263.00,263.00,263.00,263.00,263.00,263.00,263.00,263.00
2026-09-06 15:39:29,263.00,263.00,263.00,263.00,263.00,263.00,263.00,263.00
2026-09-06 15:49:25,263.00,263.00,263.00,263.00,263.00,263.00,263.00,263.00
2026-09-06 15:59:35,263.00,263.00,263.00,263.00,263.00,263.00,263.00,263.00
2026-09-06 16:10:04,263.00,263.00,263.00,263.00,263.00,263.00,263.00,263.00
2026-09-06 16:19:29,263.00,263.00,263.00,263.00,263.00,263.00,263.00,263.00
2026-09-06 16:29:28,263.00,263.00,263.00,263.00,263.00,263.00,263.00,263.00
2026-09-06 16:39:28,263.00,263.00,263.00,263.00,263.00,263.00,263.00,263.00
2026-09-06 16:49:20,263.00,263.00,263.00,263.00,263.00,263.00,263.00,263.00
2026-09-06 16:59:12,263.00,263.00,263.00,263.00,263.00,263.00,263.00,263.00
2026-09-06 17:09:14,263.00,263.00,263.00,263.00,263.00,263.00,263.00,263.00
2026-09-06 17:18:55,263.00,263.00,263.00,263.00,263.00,263.00,263.00,263.00
2026-09-06 17:32:13,263.00,263.00,263.00,263.00,263.00,263.00,263.00,263.00
2026-09-06 17:39:18,263.00,263.00,263.00,263.00,263.00,263.00,263.00,263.00
2026-09-06 17:49:29,263.00,263.00,263.00,263.00,263.00,263.00,263.00,263.00
2026-09-06 17:59:23,263.00,263.00,263.00,263.00,263.00,263.00,263.00,263.00
2026-09-06 18:09:28,263.00,263.00,263.00,263.00,263.00,263.00,263.00,263.00
2026-09-06 18:19:27,263.00,263.00,263.00,263.00,263.00,263.00,263.00,263.00
2026-09-06 18:29:33,263.00,263.00,263.00,263.00,263.00,263.00,263.00,263.00
2026-09-06 18:39:25,263.00,263.00,263.00,263.00,263.00,263.00,263.00,263.00
2026-09-06 18:49:19,263.00,263.00,263.00,263.00,263.00,263.00,263.00,263.00
