checked_at,AA1200,AA2023,AA2345,AA2633,AA315,AA4494,AA495,AA522,AA523,AA808,UA1061,UA1077,UA1705,UA1793,UA2668,UA2774,UA2847,UA307,UA441,UA482,UA638,UA694
2026-08-18 16:04:01,99.00,99.00,99.00,99.00,99.00,99.00,99.00,99.00,99.00,99.00,89.00,89.00,89.00,89.00,89.00,89.00,89.00,89.00,89.00,89.00,89.00,89.00
2026-08-18 16:13:35,99.00,99.00,99.00,99.00,99.00,99.00,99.00,99.00,99.00,99.00,89.00,89.00,89.00,89.00,89.00,89.00,89.00,89.00,89.00,89.00,89.00,89.00
2026-08-18 16:23:41,99.00,99.00,99.00,99.00,99.00,99.00,99.00,99.00,99.00,99.00,89.00,89.00,89.00,89.00,89.00,89.00,89.00,89.00,89.00,89.00,89.00,89.00
2026-08-18 16:31:55,99.00,99.00,99.00,99.00,99.00,99.00,99.00,99.00,99.00,99.00,89.00,89.00,89.00,89.00,89.00,89.00,89.00,89.00,89.00,89.00,89.00,89.00
2026-08-18 16:38:01,99.00,99.00,99.00,99.00,99.00,99.00,99.00,99.00,99.00,99.00,89.00,89.00,89.00,89.00,89.00,89.00,89.00,89.00,89.00,89.00,89.00,89.00
2026-08-18 16:44:24,99.00,99.00,99.00,99.00,99.00,99.00,99.00,99.00,99.00,99.00,89.00,89.00,89.00,89.00,89.00,89.00,89.00,89.00,89.00,89.00,89.00,89.00
2026-08-18 16:53:56,99.00,99.00,99.00,99.00,99.00,99.00,99.00,99.00,99.00,99.00,89.00,89.00,89.00,89.00,89.00,89.00,89.00,89.00,89.00,89.00,89.00,89.00
2026-08-18 17:02:12,99.00,99.00,99.00,99.00,99.00,99.00,99.00,99.00,99.00,99.00,89.00,89.00,89.00,89.00,89.00,89.00,89.00,89.00,89.00,89.00,89.00,89.00
2026-08-18 17:08:06,99.00,99.00,99.00,99.00,99.00,99.00,99.00,99.00,99.00,99.00,89.00,89.00,89.00,89.00,89.00,89.00,89.00,89.00,89.00,89.00,89.00,89.00
2026-08-18 17:14:13,99.00,99.00,99.00,99.00,99.00,99.00,99.00,99.00,99.00,99.00,89.00,89.00,89.00,89.00,89.00,89.00,89.00,89.00,89.00,89.00,89.00,89.00
2026-08-18 17:23:46,99.00,99.00,99.00,99.00,99.00,99.00,99.00,99.00,99.00,99.00,89.00,89.00,89.00,89.00,89.00,89.00,89.00,89.00,89.00,89.00,89.00,89.00
2026-08-18 17:33:40,,99.00,,99.00,,,,99.00,99.00,99.00,89.00,,,89.00,,89.00,,,89.00,,89.00,89.00
2026-08-18 17:43:46,99.00,99.00,99.00,99.00,99.00,99.00,99.00,99.00,99.00,99.00,89.00,89.00,89.00,89.00,89.00,89.00,89.00,89.00,89.00,89.00,89.00,89.00
2026-08-18 17:53:31,99.00,99.00,99.00,99.00,99.00,89.00,89.00,99.00,99.00,99.00,89.00,89.00,89.00,89.00,89.00,89.00,89.00,89.00,89.00,89.00,89.00,89.00
2026-08-18 18:03:51,89.00,89.00,89.00,89.00,89.00,89.00,89.00,89.00,89.00,89.00,89.00,89.00,89.00,89.00,89.00,89.00,89.00,89.00,89.00,89.00,89.00,89.00
2026-08-18 18:13:43,89.00,89.00,89.00,89.00,89.00,89.00,89.00,89.00,89.00,89.00,89.00,89.00,89.00,89.00,89.00,89.00,89.00,89.00,89.00,89.00,89.00,89.00
2026-08-18 18:23:37,89.00,89.00,89.00,89.00,89.00,89.00,89.00,89.00,89.00,89.00,89.00,89.00,89.00,89.00,89.00,89.00,89.00,89.00,89.00,89.00,89.00,89.00
2026-08-18 18:33:45,89.00,89.00,89.00,89.00,89.00,89.00,89.00,89.00,89.00,89.00,89.00,89.00,89.00,89.00,89.00,89.00,89.00,89.00,89.00,89.00,89.00,89.00
2026-08-18 18:43:49,89.00,89.00,89.00,89.00,89.00,89.00,89.00,89.00,89.00,89.00,89.00,89.00,89.00,89.00,89.00,89.00,89.00,89.00,89.00,89.00,89.00,89.00
2026-08-18 18:53:48,89.00,89.00,89.00,89.00,89.00,89.00,89.00,89.00,89.00,89.00,89.00,89.00,89.00,89.00,89.00,89.00,89.00,89.00,89.00,89.00,89.00,89.00
2026-08-18 19:03:49,89.00,89.00,89.00,89.00,89.00,89.00,89.00,89.00,89.00,89.00,89.00,89.00,89.00,89.00,89.00,89.00,89.00,89.00,89.00,89.00,89.00,89.00
2026-08-18 19:13:44,,89.00,,89.00,,,,89.00,89.00,89.00,89.00,,,89.00,,89.00,,,89.00,,89.00,89.00
2026-08-18 19:23:53,89.00,89.00,89.00,89.00,89.00,89.00,89.00,89.00,89.00,89.00,89.00,89.00,89.00,89.00,89.00,89.00,89.00,89.00,89.00,89.00,89.00,89.00
2026-08-18 19:33:56,89.00,89.00,89.00,89.00,89.00,89.00,89.00,89.00,89.00,89.00,89.00,89.00,89.00,89.00,89.00,89.00,89.00,89.00,89.00,89.00,89.00,89.00
2026-08-18 19:43:47,89.00,89.00,89.00,89.00,89.00,89.00,89.00,89.00,89.00,89.00,89.00,89.00,89.00,89.00,89.00,89.00,89.00,89.00,89.00,89.00,89.00,89.00
2026-08-18 19:53:45,89.00,89.00,89.00,89.00,89.00,89.00,89.00,89.00,89.00,89.00,89.00,89.00,89.00,89.00,89.00,89.00,89.00,89.00,89.00,89.00,89.00,89.00
2026-08-18 20:03:58,89.00,89.00,89.00,89.00,89.00,89.00,89.00,89.00,89.00,89.00,89.00,89.00,89.00,89.00,89.00,89.00,89.00,89.00,89.00,89.00,89.00,89.00
2026-08-18 20:13:59,89.00,89.00,89.00,89.00,89.00,89.00,89.00,89.00,89.00,89.00,89.00,89.00,89.00,89.00,89.00,89.00,89.00,89.00,89.00,89.00,89.00,89.00
2026-08-18 20:24:05,89.00,89.00,89.00,89.00,89.00,89.00,89.00,89.00,89.00,89.00,89.00,89.00,89.00,89.00,89.00,89.00,89.00,89.00,89.00,89.00,89.00,89.00
2026-08-18 20:34:03,89.00,89.00,89.00,89.00,89.00,89.00,89.00,89.00,89.00,89.00,89.00,89.00,89.00,89.00,89.00,89.00,89.00,89.00,89.00,89.00,89.00,89.00
2026-08-18 20:43:49,89.00,89.00,89.00,89.00,89.00,89.00,89.00,89.00,89.00,89.00,89.00,89.00,89.00,89.00,89.00,89.00,89.00,89.00,89.00,89.00,89.00,89.00
2026-08-18 20:53:38,89.00,89.00,89.00,89.00,89.00,89.00,89.00,89.00,89.00,89.00,89.00,89.00,89.00,89.00,89.00,89.00,89.00,89.00,89.00,89.00,89.00,89.00
2026-08-18 21:04:09,89.00,89.00,89.00,89.00,89.00,89.00,89.00,89.00,89.00,89.00,89.00,89.00,89.00,89.00,89.00,89.00,89.00,89.00,89.00,89.00,89.00,89.00
2026-08-18 21:13:39,89.00,89.00,89.00,89.00,89.00,89.00,89.00,89.00,89.00,89.00,89.00,89.00,89.00,89.00,89.00,89.00,89.00,89.00,89.00,89.00,89.00,89.00
2026-08-18 21:23:43,89.00,89.00,89.00,89.00,89.00,89.00,89.00,89.00,89.00,89.00,89.00,89.00,89.00,89.00,89.00,89.00,89.00,89.00,89.00,89.00,89.00,89.00
2026-08-18 21:33:54,,89.00,,89.00,,,,89.00,89.00,89.00,89.00,,,89.00,,89.00,,,89.00,,89.00,89.00
2026-08-18 21:43:50,89.00,89.00,89.00,89.00,89.00,89.00,89.00,89.00,89.00,89.00,89.00,89.00,89.00,89.00,89.00,89.00,89.00,89.00,89.00,89.00,89.00,89.00
2026-08-18 21:53:46,89.00,89.00,89.00,89.00,89.00,89.00,89.00,89.00,89.00,89.00,89.00,89.00,89.00,89.00,89.00,89.00,89.00,89.00,89.00,89.00,89.00,89.00
2026-08-18 22:03:52,89.00,89.00,89.00,89.00,89.00,89.00,89.00,89.00,89.00,89.00,89.00,89.00,89.00,89.00,89.00,89.00,89.00,89.00,89.00,89.00,89.00,89.00
2026-08-18 22:13:44,89.00,89.00,89.00,89.00,89.00,89.00,89.00,89.00,89.00,89.00,89.00,89.00,89.00,89.00,89.00,89.00,89.00,89.00,89.00,89.00,89.00,89.00
2026-08-18 22:23:40,89.00,89.00,89.00,89.00,89.00,89.00,89.00,89.00,89.00,89.00,89.00,89.00,89.00,89.00,89.00,89.00,89.00,89.00,89.00,89.00,89.00,89.00
2026-08-18 22:33:47,89.00,89.00,89.00,89.00,89.00,89.00,89.00,89.00,89.00,89.00,89.00,89.00,89.00,89.00,89.00,89.00,89.00,89.00,89.00,89.00,89.00,89.00
2026-08-18 22:44:11,89.00,89.00,89.00,89.00,89.00,89.00,89.00,89.00,89.00,89.00,89.00,89.00,89.00,89.00,89.00,89.00,89.00,89.00,89.00,89.00,89.00,89.00
2026-08-18 22:53:48,89.00,89.00,89.00,89.00,89.00,89.00,89.00,89.00,89.00,89.00,89.00,89.00,89.00,89.00,89.00,89.00,89.00,89.00,89.00,89.00,89.00,89.00
2026-08-18 23:03:55,89.00,89.00,89.00,89.00,89.00,89.00,89.00,89.00,89.00,89.00,89.00,89.00,89.00,89.00,89.00,89.00,89.00,89.00,89.00,89.00,89.00,89.00
2026-08-18 23:13:39,89.00,89.00,89.00,89.00,89.00,89.00,89.00,89.00,89.00,89.00,89.00,89.00,89.00,89.00,89.00,89.00,89.00,89.00,89.00,89.00,89.00,89.00
2026-08-18 23:24:14,89.00,89.00,89.00,89.00,89.00,89.00,89.00,89.00,89.00,89.00,89.00,89.00,89.00,89.00,89.00,89.00,89.00,89.00,89.00,89.00,89.00,89.00
2026-08-18 23:34:00,89.00,89.00,89.00,89.00,89.00,89.00,89.00,89.00,89.00,89.00,89.00,89.00,89.00,89.00,89.00,89.00,89.00,89.00,89.00,89.00,89.00,89.00
2026-08-18 23:43:54,89.00,89.00,89.00,89.00,89.00,89.00,89.00,89.00,89.00,89.00,89.00,89.00,89.00,89.00,89.00,89.00,89.00,89.00,89.00,89.00,89.00,89.00
2026-08-18 23:53:52,89.00,89.00,89.00,89.00,89.00,89.00,89.00,89.00,89.00,89.00,89.00,89.00,89.00,89.00,89.00,89.00,89.00,89.00,89.00,89.00,89.00,89.00
2026-08-19 00:03:54,89.00,89.00,89.00,89.00,89.00,89.00,89.00,89.00,89.00,89.00,89.00,89.00,89.00,89.00,89.00,89.00,89.00,89.00,89.00,89.00,89.00,89.00
2026-08-19 00:13:49,89.00,89.00,89.00,89.00,89.00,89.00,89.00,89.00,89.00,89.00,89.00,89.00,89.00,89.00,89.00,89.00,89.00,89.00,89.00,89.00,89.00,89.00
2026-08-19 00:23:47,89.00,89.00,89.00,89.00,89.00,89.00,89.00,89.00,89.00,89.00,89.00,89.00,89.00,89.00,89.00,89.00,89.00,89.00,89.00,89.00,89.00,89.00
2026-08-19 00:33:52,89.00,89.00,89.00,89.00,89.00,89.00,89.00,89.00,89.00,89.00,89.00,89.00,89.00,89.00,89.00,89.00,89.00,89.00,89.00,89.00,89.00,89.00
2026-08-19 00:43:46,89.00,89.00,89.00,89.00,89.00,89.00,89.00,89.00,89.00,89.00,89.00,89.00,89.00,89.00,89.00,89.00,89.00,89.00,89.00,89.00,89.00,89.00
2026-08-19 00:53:51,89.00,89.00,89.00,89.00,89.00,89.00,89.00,89.00,89.00,89.00,89.00,89.00,89.00,89.00,89.00,89.00,89.00,89.00,89.00,89.00,89.00,89.00
2026-08-19 01:04:17,89.00,,89.00,,89.00,89.00,89.00,,89.00,,,89.00,89.00,,89.00,,89.00,89.00,,89.00,,
2026-08-19 01:13:46,89.00,89.00,89.00,89.00,89.00,89.00,89.00,89.00,89.00,89.00,89.00,89.00,89.00,89.00,89.00,89.00,89.00,89.00,89.00,89.00,89.00,89.00
2026-08-19 01:23:54,89.00,89.00,89.00,89.00,89.00,89.00,89.00,89.00,89.00,89.00,89.00,89.00,89.00,89.00,89.00,89.00,89.00,89.00,89.00,89.00,89.00,89.00
2026-08-19 01:34:00,89.00,89.00,89.00,89.00,89.00,89.00,89.00,89.00,89.00,89.00,89.00,89.00,89.00,89.00,89.00,89.00,89.00,89.00,89.00,89.00,89.00,89.00
2026-08-19 01:43:46,89.00,89.00,89.00,89.00,89.00,89.00,89.00,89.00,89.00,89.00,89.00,89.00,89.00,89.00,89.00,89.00,89.00,89.00,89.00,89.00,89.00,89.00
2026-08-19 01:53:50,89.00,89.00,89.00,89.00,89.00,89.00,89.00,89.00,89.00,89.00,89.00,89.00,89.00,89.00,89.00,89.00,89.00,89.00,89.00,89.00,89.00,89.00
2026-08-19 02:04:03,89.00,89.00,89.00,89.00,89.00,89.00,89.00,89.00,89.00,89.00,89.00,89.00,89.00,89.00,89.00,89.00,89.00,89.00,89.00,89.00,89.00,89.00
2026-08-19 02:14:14,89.00,89.00,89.00,89.00,89.00,89.00,89.00,89.00,89.00,89.00,89.00,89.00,89.00,89.00,89.00,89.00,89.00,89.00,89.00,89.00,89.00,89.00
2026-08-19 02:24:16,89.00,89.00,89.00,89.00,89.00,89.00,89.00,89.00,89.00,89.00,89.00,89.00,89.00,89.00,89.00,89.00,89.00,89.00,89.00,89.00,89.00,89.00
2026-08-19 02:33:53,89.00,89.00,89.00,89.00,89.00,89.00,89.00,89.00,89.00,89.00,89.00,89.00,89.00,89.00,89.00,89.00,89.00,89.00,89.00,89.00,89.00,89.00
2026-08-19 02:44:19,89.00,89.00,89.00,89.00,89.00,89.00,89.00,89.00,89.00,89.00,89.00,89.00,89.00,89.00,89.00,89.00,89.00,89.00,89.00,89.00,89.00,89.00
2026-08-19 02:54:14,89.00,89.00,89.00,89.00,89.00,89.00,89.00,89.00,89.00,89.00,89.00,89.00,89.00,89.00,89.00,89.00,89.00,89.00,89.00,89.00,89.00,89.00
2026-08-19 03:04:04,89.00,89.00,89.00,89.00,89.00,89.00,89.00,89.00,89.00,89.00,89.00,89.00,89.00,89.00,89.00,89.00,89.00,89.00,89.00,89.00,89.00,89.00
2026-08-19 03:14:00,89.00,89.00,89.00,89.00,89.00,89.00,89.00,89.00,89.00,89.00,89.00,89.00,89.00,89.00,89.00,89.00,89.00,89.00,89.00,89.00,89.00,89.00
2026-08-19 03:23:59,89.00,89.00,89.00,89.00,89.00,89.00,89.00,89.00,89.00,89.00,89.00,89.00,89.00,89.00,89.00,89.00,89.00,89.00,89.00,89.00,89.00,89.00
2026-08-19 03:34:10,89.00,89.00,89.00,89.00,89.00,89.00,89.00,89.00,89.00,89.00,89.00,89.00,89.00,89.00,89.00,89.00,89.00,89.00,89.00,89.00,89.00,89.00
2026-08-19 03:43:58,89.00,89.00,89.00,89.00,89.00,89.00,89.00,89.00,89.00,89.00,89.00,89.00,89.00,89.00,89.00,89.00,89.00,89.00,89.00,89.00,89.00,89.00
2026-08-19 03:53:51,89.00,89.00,89.00,89.00,89.00,89.00,89.00,89.00,89.00,89.00,89.00,89.00,89.00,89.00,89.00,89.00,89.00,89.00,89.00,89.00,89.00,89.00
2026-08-19 04:04:04,89.00,89.00,89.00,89.00,89.00,89.00,89.00,89.00,89.00,89.00,89.00,89.00,89.00,89.00,89.00,89.00,89.00,89.00,89.00,89.00,89.00,89.00
2026-08-19 04:13:58,89.00,89.00,89.00,89.00,89.00,89.00,89.00,89.00,89.00,89.00,89.00,89.00,89.00,89.00,89.00,89.00,89.00,89.00,89.00,89.00,89.00,89.00
2026-08-19 04:24:03,89.00,89.00,89.00,89.00,89.00,89.00,89.00,89.00,89.00,89.00,89.00,89.00,89.00,89.00,89.00,89.00,89.00,89.00,89.00,89.00,89.00,89.00
2026-08-19 04:34:06,89.00,89.00,89.00,89.00,89.00,89.00,89.00,89.00,89.00,89.00,89.00,89.00,89.00,89.00,89.00,89.00,89.00,89.00,89.00,89.00,89.00,89.00
2026-08-19 04:43:49,89.00,89.00,89.00,89.00,89.00,89.00,89.00,89.00,89.00,89.00,89.00,89.00,89.00,89.00,89.00,89.00,89.00,89.00,89.00,89.00,89.00,89.00
2026-08-19 04:54:04,89.00,89.00,89.00,89.00,89.00,89.00,89.00,89.00,89.00,89.00,89.00,89.00,89.00,89.00,89.00,89.00,89.00,89.00,89.00,89.00,89.00,89.00
2026-08-19 05:03:56,89.00,89.00,89.00,89.00,89.00,89.00,89.00,89.00,89.00,89.00,89.00,89.00,89.00,89.00,89.00,89.00,89.00,89.00,89.00,89.00,89.00,89.00
2026-08-19 05:13:56,89.00,89.00,89.00,89.00,89.00,89.00,89.00,89.00,89.00,89.00,89.00,89.00,89.00,89.00,89.00,89.00,89.00,89.00,89.00,89.00,89.00,89.00
2026-08-19 05:23:48,89.00,89.00,89.00,89.00,89.00,89.00,89.00,89.00,89.00,89.00,89.00,89.00,89.00,89.00,89.00,89.00,89.00,89.00,89.00,89.00,89.00,89.00
2026-08-19 05:33:59,89.00,89.00,89.00,89.00,89.00,89.00,89.00,89.00,89.00,89.00,89.00,89.00,89.00,89.00,89.00,89.00,89.00,89.00,89.00,89.00,89.00,89.00
2026-08-19 05:43:48,89.00,89.00,89.00,89.00,89.00,89.00,89.00,89.00,89.00,89.00,89.00,89.00,89.00,89.00,89.00,89.00,89.00,89.00,89.00,89.00,89.00,89.00
2026-08-19 05:53:56,89.00,89.00,89.00,89.00,89.00,89.00,89.00,89.00,89.00,89.00,89.00,89.00,89.00,89.00,89.00,89.00,89.00,89.00,89.00,89.00,89.00,89.00
2026-08-19 06:03:53,89.00,89.00,89.00,89.00,89.00,89.00,89.00,89.00,89.00,89.00,89.00,89.00,89.00,89.00,89.00,89.00,89.00,89.00,89.00,89.00,89.00,89.00
2026-08-19 06:13:51,89.00,89.00,89.00,89.00,89.00,89.00,89.00,89.00,89.00,89.00,89.00,89.00,89.00,89.00,89.00,89.00,89.00,89.00,89.00,89.00,89.00,89.00
2026-08-19 06:23:49,89.00,89.00,89.00,89.00,89.00,89.00,89.00,89.00,89.00,89.00,89.00,89.00,89.00,89.00,89.00,89.00,89.00,89.00,89.00,89.00,89.00,89.00
2026-08-19 06:34:00,89.00,89.00,89.00,89.00,89.00,89.00,89.00,89.00,89.00,89.00,89.00,89.00,89.00,89.00,89.00,89.00,89.00,89.00,89.00,89.00,89.00,89.00
2026-08-19 06:43:50,89.00,89.00,89.00,89.00,89.00,89.00,89.00,89.00,89.00,89.00,89.00,89.00,89.00,89.00,89.00,89.00,89.00,89.00,89.00,89.00,89.00,89.00
2026-08-19 06:53:53,89.00,89.00,89.00,89.00,89.00,89.00,89.00,89.00,89.00,89.00,89.00,89.00,89.00,89.00,89.00,89.00,89.00,89.00,89.00,89.00,89.00,89.00
2026-08-19 07:03:58,89.00,89.00,89.00,89.00,89.00,89.00,89.00,89.00,89.00,89.00,89.00,89.00,89.00,89.00,89.00,89.00,89.00,89.00,89.00,89.00,89.00,89.00
2026-08-19 07:14:03,89.00,89.00,89.00,89.00,89.00,89.00,89.00,89.00,89.00,89.00,89.00,89.00,89.00,89.00,89.00,89.00,89.00,89.00,89.00,89.00,89.00,89.00
2026-08-19 07:24:04,89.00,89.00,89.00,89.00,89.00,89.00,89.00,89.00,89.00,89.00,89.00,89.00,89.00,89.00,89.00,89.00,89.00,89.00,89.00,89.00,89.00,89.00
2026-08-19 07:34:01,89.00,89.00,89.00,89.00,89.00,89.00,89.00,89.00,89.00,89.00,89.00,89.00,89.00,89.00,89.00,89.00,89.00,89.00,89.00,89.00,89.00,89.00
2026-08-19 07:43:54,89.00,89.00,89.00,89.00,89.00,89.00,89.00,89.00,89.00,89.00,89.00,89.00,89.00,89.00,89.00,89.00,89.00,89.00,89.00,89.00,89.00,89.00
2026-08-19 07:54:01,89.00,89.00,89.00,89.00,89.00,89.00,89.00,89.00,89.00,89.00,89.00,89.00,89.00,89.00,89.00,89.00,89.00,89.00,89.00,89.00,89.00,89.00
2026-08-19 08:04:02,89.00,89.00,89.00,89.00,89.00,89.00,89.00,89.00,89.00,89.00,89.00,89.00,89.00,89.00,89.00,89.00,89.00,89.00,89.00,89.00,89.00,89.00
2026-08-19 08:13:58,89.00,89.00,89.00,89.00,89.00,89.00,89.00,89.00,89.00,89.00,89.00,89.00,89.00,89.00,89.00,89.00,89.00,89.00,89.00,89.00,89.00,89.00
2026-08-19 08:23:49,89.00,89.00,89.00,89.00,89.00,89.00,89.00,89.00,89.00,89.00,89.00,89.00,89.00,89.00,89.00,89.00,89.00,89.00,89.00,89.00,89.00,89.00
2026-08-19 08:34:04,89.00,89.00,89.00,89.00,89.00,89.00,89.00,89.00,89.00,89.00,89.00,89.00,89.00,89.00,89.00,89.00,89.00,89.00,89.00,89.00,89.00,89.00
2026-08-19 08:43:55,89.00,89.00,89.00,89.00,89.00,89.00,89.00,89.00,89.00,89.00,89.00,89.00,89.00,89.00,89.00,89.00,89.00,89.00,89.00,89.00,89.00,89.00
2026-08-19 08:53:56,89.00,89.00,89.00,89.00,89.00,89.00,89.00,89.00,89.00,89.00,89.00,89.00,89.00,89.00,89.00,89.00,89.00,89.00,89.00,89.00,89.00,89.00
2026-08-19 09:04:05,89.00,89.00,89.00,89.00,89.00,89.00,89.00,89.00,89.00,89.00,89.00,89.00,89.00,89.00,89.00,89.00,89.00,89.00,89.00,89.00,89.00,89.00
2026-08-19 09:13:52,89.00,89.00,89.00,89.00,89.00,89.00,89.00,89.00,89.00,89.00,89.00,89.00,89.00,89.00,89.00,89.00,89.00,89.00,89.00,89.00,89.00,89.00
2026-08-19 09:23:52,89.00,89.00,89.00,89.00,89.00,89.00,89.00,89.00,89.00,89.00,89.00,89.00,89.00,89.00,89.00,89.00,89.00,89.00,89.00,89.00,89.00,89.00
2026-08-19 09:33:57,89.00,89.00,89.00,89.00,89.00,89.00,89.00,89.00,89.00,89.00,89.00,89.00,89.00,89.00,89.00,89.00,89.00,89.00,89.00,89.00,89.00,89.00
2026-08-19 09:43:52,89.00,89.00,89.00,89.00,89.00,89.00,89.00,89.00,89.00,89.00,89.00,89.00,89.00,89.00,89.00,89.00,89.00,89.00,89.00,89.00,89.00,89.00
2026-08-19 09:53:55,89.00,89.00,89.00,89.00,89.00,89.00,89.00,89.00,89.00,89.00,89.00,89.00,89.00,89.00,89.00,89.00,89.00,89.00,89.00,89.00,89.00,89.00
2026-08-19 10:04:01,89.00,89.00,89.00,89.00,89.00,89.00,89.00,89.00,89.00,89.00,89.00,89.00,89.00,89.00,89.00,89.00,89.00,89.00,89.00,89.00,89.00,89.00
2026-08-19 10:13:52,89.00,89.00,89.00,89.00,89.00,89.00,89.00,89.00,89.00,89.00,89.00,89.00,89.00,89.00,89.00,89.00,89.00,89.00,89.00,89.00,89.00,89.00
2026-08-19 10:23:47,89.00,89.00,89.00,89.00,89.00,89.00,89.00,89.00,89.00,89.00,89.00,89.00,89.00,89.00,89.00,89.00,89.00,89.00,89.00,89.00,89.00,89.00
2026-08-19 10:33:51,89.00,89.00,89.00,89.00,89.00,89.00,89.00,89.00,89.00,89.00,89.00,89.00,89.00,89.00,89.00,89.00,89.00,89.00,89.00,89.00,89.00,89.00
2026-08-19 10:43:55,89.00,89.00,89.00,89.00,89.00,89.00,89.00,89.00,89.00,89.00,89.00,89.00,89.00,89.00,89.00,89.00,89.00,89.00,89.00,89.00,89.00,89.00
2026-08-19 10:53:49,89.00,89.00,89.00,89.00,89.00,89.00,89.00,89.00,89.00,89.00,89.00,89.00,89.00,89.00,89.00,89.00,89.00,89.00,89.00,89.00,89.00,89.00
2026-08-19 11:03:58,89.00,89.00,89.00,89.00,89.00,89.00,89.00,89.00,89.00,89.00,89.00,89.00,89.00,89.00,89.00,89.00,89.00,89.00,89.00,89.00,89.00,89.00
2026-08-19 11:13:51,89.00,89.00,89.00,89.00,89.00,89.00,89.00,89.00,89.00,89.00,89.00,89.00,89.00,89.00,89.00,89.00,89.00,89.00,89.00,89.00,89.00,89.00
2026-08-19 11:24:03,89.00,89.00,89.00,89.00,89.00,89.00,89.00,89.00,89.00,89.00,89.00,89.00,89.00,89.00,89.00,89.00,89.00,89.00,89.00,89.00,89.00,89.00
2026-08-19 11:33:51,89.00,89.00,89.00,89.00,89.00,89.00,89.00,89.00,89.00,89.00,89.00,89.00,89.00,89.00,89.00,89.00,89.00,89.00,89.00,89.00,89.00,89.00
2026-08-19 11:43:47,89.00,89.00,89.00,89.00,89.00,89.00,89.00,89.00,89.00,89.00,89.00,89.00,89.00,89.00,89.00,89.00,89.00,89.00,89.00,89.00,89.00,89.00
2026-08-19 11:54:06,89.00,89.00,89.00,89.00,89.00,89.00,89.00,89.00,89.00,89.00,89.00,89.00,89.00,89.00,89.00,89.00,89.00,89.00,89.00,89.00,89.00,89.00
2026-08-19 12:03:53,89.00,89.00,89.00,89.00,89.00,89.00,89.00,89.00,89.00,89.00,89.00,89.00,89.00,89.00,89.00,89.00,89.00,89.00,89.00,89.00,89.00,89.00
2026-08-19 12:13:55,89.00,89.00,89.00,89.00,89.00,89.00,89.00,89.00,89.00,89.00,89.00,89.00,89.00,89.00,89.00,89.00,89.00,89.00,89.00,89.00,89.00,89.00
2026-08-19 12:24:10,89.00,89.00,89.00,89.00,89.00,89.00,89.00,89.00,89.00,89.00,89.00,89.00,89.00,89.00,89.00,89.00,89.00,89.00,89.00,89.00,89.00,89.00
2026-08-19 12:34:15,89.00,89.00,89.00,89.00,89.00,89.00,89.00,89.00,89.00,89.00,89.00,89.00,89.00,89.00,89.00,89.00,89.00,89.00,89.00,89.00,89.00,89.00
2026-08-19 12:44:05,89.00,89.00,89.00,89.00,89.00,89.00,89.00,89.00,89.00,89.00,89.00,89.00,89.00,89.00,89.00,89.00,89.00,89.00,89.00,89.00,89.00,89.00
2026-08-19 12:53:49,89.00,89.00,89.00,89.00,89.00,89.00,89.00,89.00,89.00,89.00,89.00,89.00,89.00,89.00,89.00,89.00,89.00,89.00,89.00,89.00,89.00,89.00
2026-08-19 13:04:00,89.00,89.00,89.00,89.00,89.00,89.00,89.00,89.00,89.00,89.00,89.00,89.00,89.00,89.00,89.00,89.00,89.00,89.00,89.00,89.00,89.00,89.00
2026-08-19 13:14:02,89.00,89.00,89.00,89.00,89.00,89.00,89.00,89.00,89.00,89.00,89.00,89.00,89.00,89.00,89.00,89.00,89.00,89.00,89.00,89.00,89.00,89.00
2026-08-19 13:24:00,89.00,89.00,89.00,89.00,89.00,89.00,89.00,89.00,89.00,89.00,89.00,89.00,89.00,89.00,89.00,89.00,89.00,89.00,89.00,89.00,89.00,89.00
2026-08-19 13:34:05,89.00,89.00,89.00,89.00,89.00,89.00,89.00,89.00,89.00,89.00,89.00,89.00,89.00,89.00,89.00,89.00,89.00,89.00,89.00,89.00,89.00,89.00
2026-08-19 13:44:05,89.00,89.00,89.00,89.00,89.00,89.00,89.00,89.00,89.00,89.00,89.00,89.00,89.00,89.00,89.00,89.00,89.00,89.00,89.00,89.00,89.00,89.00
2026-08-19 13:54:01,89.00,89.00,89.00,89.00,89.00,89.00,89.00,89.00,89.00,89.00,89.00,89.00,89.00,89.00,89.00,89.00,89.00,89.00,89.00,89.00,89.00,89.00
2026-08-19 14:04:11,89.00,89.00,89.00,89.00,89.00,89.00,89.00,89.00,89.00,89.00,89.00,89.00,89.00,89.00,89.00,89.00,89.00,89.00,89.00,89.00,89.00,89.00
2026-08-19 14:14:03,89.00,89.00,89.00,89.00,89.00,89.00,89.00,89.00,89.00,89.00,89.00,89.00,89.00,89.00,89.00,89.00,89.00,89.00,89.00,89.00,89.00,89.00
2026-08-19 14:24:05,89.00,89.00,89.00,89.00,89.00,89.00,89.00,89.00,89.00,89.00,89.00,89.00,89.00,89.00,89.00,89.00,89.00,89.00,89.00,89.00,89.00,89.00
2026-08-19 14:34:01,89.00,89.00,89.00,89.00,89.00,89.00,89.00,89.00,89.00,89.00,89.00,89.00,89.00,89.00,89.00,89.00,89.00,89.00,89.00,89.00,89.00,89.00
2026-08-19 14:44:06,89.00,89.00,89.00,89.00,89.00,89.00,89.00,89.00,89.00,89.00,89.00,89.00,89.00,89.00,89.00,89.00,89.00,89.00,89.00,89.00,89.00,89.00
2026-08-19 14:53:54,89.00,89.00,89.00,89.00,89.00,89.00,89.00,89.00,89.00,89.00,89.00,89.00,89.00,89.00,89.00,89.00,89.00,89.00,89.00,89.00,89.00,89.00
2026-08-19 15:04:08,89.00,89.00,89.00,89.00,89.00,89.00,89.00,89.00,89.00,89.00,89.00,89.00,89.00,89.00,89.00,89.00,89.00,89.00,89.00,89.00,89.00,89.00
2026-08-19 15:14:02,89.00,89.00,89.00,89.00,89.00,89.00,89.00,89.00,89.00,89.00,89.00,89.00,89.00,89.00,89.00,89.00,89.00,89.00,89.00,89.00,89.00,89.00
2026-08-19 15:24:00,89.00,89.00,89.00,89.00,89.00,89.00,89.00,89.00,89.00,89.00,89.00,89.00,89.00,89.00,89.00,89.00,89.00,89.00,89.00,89.00,89.00,89.00
2026-08-19 15:34:34,89.00,89.00,89.00,89.00,89.00,89.00,89.00,89.00,89.00,89.00,89.00,89.00,89.00,89.00,89.00,89.00,89.00,89.00,89.00,89.00,89.00,89.00
2026-08-19 15:44:14,89.00,89.00,89.00,89.00,89.00,89.00,89.00,89.00,89.00,89.00,89.00,89.00,89.00,89.00,89.00,89.00,89.00,89.00,89.00,89.00,89.00,89.00
2026-08-19 15:54:08,89.00,89.00,89.00,89.00,89.00,89.00,89.00,89.00,89.00,89.00,89.00,89.00,89.00,89.00,89.00,89.00,89.00,89.00,89.00,89.00,89.00,89.00
2026-08-19 16:04:12,89.00,89.00,89.00,89.00,89.00,89.00,89.00,89.00,89.00,89.00,89.00,89.00,89.00,89.00,89.00,89.00,89.00,89.00,89.00,89.00,89.00,89.00
2026-08-19 16:14:02,89.00,89.00,89.00,89.00,89.00,89.00,89.00,89.00,89.00,89.00,89.00,89.00,89.00,89.00,89.00,89.00,89.00,89.00,89.00,89.00,89.00,89.00
2026-08-19 16:24:06,89.00,89.00,89.00,89.00,89.00,89.00,89.00,89.00,89.00,89.00,89.00,89.00,89.00,89.00,89.00,89.00,89.00,89.00,89.00,89.00,89.00,89.00
2026-08-19 16:34:10,89.00,89.00,89.00,89.00,89.00,89.00,89.00,89.00,89.00,89.00,89.00,89.00,89.00,89.00,89.00,89.00,89.00,89.00,89.00,89.00,89.00,89.00
2026-08-19 16:44:05,89.00,89.00,89.00,89.00,89.00,89.00,89.00,89.00,89.00,89.00,89.00,89.00,89.00,89.00,89.00,89.00,89.00,89.00,89.00,89.00,89.00,89.00
2026-08-19 16:54:39,89.00,,89.00,,89.00,89.00,89.00,,89.00,,,89.00,89.00,,89.00,,89.00,89.00,,89.00,,
2026-08-19 17:04:13,89.00,89.00,89.00,89.00,89.00,89.00,89.00,89.00,89.00,89.00,89.00,89.00,89.00,89.00,89.00,89.00,89.00,89.00,89.00,89.00,89.00,89.00
2026-08-19 17:13:58,89.00,89.00,89.00,89.00,89.00,89.00,89.00,89.00,89.00,89.00,89.00,89.00,89.00,89.00,89.00,89.00,89.00,89.00,89.00,89.00,89.00,89.00
2026-08-19 17:24:01,,89.00,,89.00,,,,89.00,89.00,89.00,89.00,,,89.00,,89.00,,,89.00,,89.00,89.00
2026-08-19 17:34:11,89.00,89.00,89.00,89.00,89.00,89.00,89.00,89.00,89.00,89.00,89.00,89.00,89.00,89.00,89.00,89.00,89.00,89.00,89.00,89.00,89.00,89.00
2026-08-19 17:44:08,89.00,89.00,89.00,89.00,89.00,89.00,89.00,89.00,89.00,89.00,89.00,89.00,89.00,89.00,89.00,89.00,89.00,89.00,89.00,89.00,89.00,89.00
2026-08-19 17:54:01,89.00,89.00,89.00,89.00,89.00,89.00,89.00,89.00,89.00,89.00,89.00,89.00,89.00,89.00,89.00,89.00,89.00,89.00,89.00,89.00,89.00,89.00
2026-08-19 18:04:07,89.00,89.00,89.00,89.00,89.00,89.00,89.00,89.00,89.00,89.00,89.00,89.00,89.00,89.00,89.00,89.00,89.00,89.00,89.00,89.00,89.00,89.00
2026-08-19 18:14:06,89.00,89.00,89.00,89.00,89.00,89.00,89.00,89.00,89.00,89.00,89.00,89.00,89.00,89.00,89.00,89.00,89.00,89.00,89.00,89.00,89.00,89.00
2026-08-19 18:24:07,89.00,89.00,89.00,89.00,89.00,89.00,89.00,89.00,89.00,89.00,89.00,89.00,89.00,89.00,89.00,89.00,89.00,89.00,89.00,89.00,89.00,89.00
2026-08-19 18:34:07,89.00,89.00,89.00,89.00,89.00,89.00,89.00,89.00,89.00,89.00,89.00,89.00,89.00,89.00,89.00,89.00,89.00,89.00,89.00,89.00,89.00,89.00
2026-08-19 18:44:04,89.00,89.00,89.00,89.00,89.00,89.00,89.00,89.00,89.00,89.00,89.00,89.00,89.00,89.00,89.00,89.00,89.00,89.00,89.00,89.00,89.00,89.00
2026-08-19 18:54:01,89.00,89.00,89.00,89.00,89.00,89.00,89.00,89.00,89.00,89.00,89.00,89.00,89.00,89.00,89.00,89.00,89.00,89.00,89.00,89.00,89.00,89.00
2026-08-19 19:04:08,89.00,89.00,89.00,89.00,89.00,89.00,89.00,89.00,89.00,89.00,89.00,89.00,89.00,89.00,89.00,89.00,89.00,89.00,89.00,89.00,89.00,89.00
2026-08-19 19:14:03,89.00,89.00,89.00,89.00,89.00,89.00,89.00,89.00,89.00,89.00,89.00,89.00,89.00,89.00,89.00,89.00,89.00,89.00,89.00,89.00,89.00,89.00
2026-08-19 19:24:07,89.00,89.00,89.00,89.00,89.00,89.00,89.00,89.00,89.00,89.00,89.00,89.00,89.00,89.00,89.00,89.00,89.00,89.00,89.00,89.00,89.00,89.00
2026-08-19 19:34:19,89.00,89.00,89.00,89.00,89.00,89.00,89.00,89.00,89.00,89.00,89.00,89.00,89.00,89.00,89.00,89.00,89.00,89.00,89.00,89.00,89.00,89.00
2026-08-19 19:43:59,89.00,89.00,89.00,89.00,89.00,89.00,89.00,89.00,89.00,89.00,89.00,89.00,89.00,89.00,89.00,89.00,89.00,89.00,89.00,89.00,89.00,89.00
2026-08-19 19:54:01,89.00,89.00,89.00,89.00,89.00,89.00,89.00,89.00,89.00,89.00,89.00,89.00,89.00,89.00,89.00,89.00,89.00,89.00,89.00,89.00,89.00,89.00
2026-08-19 20:04:10,89.00,89.00,89.00,89.00,89.00,89.00,89.00,89.00,89.00,89.00,89.00,89.00,89.00,89.00,89.00,89.00,89.00,89.00,89.00,89.00,89.00,89.00
2026-08-19 20:14:10,89.00,89.00,89.00,89.00,89.00,89.00,89.00,89.00,89.00,89.00,89.00,89.00,89.00,89.00,89.00,89.00,89.00,89.00,89.00,89.00,89.00,89.00
2026-08-19 20:24:01,89.00,89.00,89.00,89.00,89.00,89.00,89.00,89.00,89.00,89.00,89.00,89.00,89.00,89.00,89.00,89.00,89.00,89.00,89.00,89.00,89.00,89.00
2026-08-19 20:34:14,89.00,89.00,89.00,89.00,89.00,89.00,89.00,89.00,89.00,89.00,89.00,89.00,89.00,89.00,89.00,89.00,89.00,89.00,89.00,89.00,89.00,89.00
2026-08-19 20:44:16,89.00,89.00,89.00,89.00,89.00,89.00,89.00,89.00,89.00,89.00,89.00,89.00,89.00,89.00,89.00,89.00,89.00,89.00,89.00,89.00,89.00,89.00
2026-08-19 20:54:18,89.00,89.00,89.00,89.00,89.00,89.00,89.00,89.00,89.00,89.00,89.00,89.00,89.00,89.00,89.00,89.00,89.00,89.00,89.00,89.00,89.00,89.00
2026-08-19 21:04:19,89.00,89.00,89.00,89.00,89.00,89.00,89.00,89.00,89.00,89.00,89.00,89.00,89.00,89.00,89.00,89.00,89.00,89.00,89.00,89.00,89.00,89.00
2026-08-19 21:14:02,89.00,89.00,89.00,89.00,89.00,89.00,89.00,89.00,89.00,89.00,89.00,89.00,89.00,89.00,89.00,89.00,89.00,89.00,89.00,89.00,89.00,89.00
2026-08-19 21:24:00,89.00,89.00,89.00,89.00,89.00,89.00,89.00,89.00,89.00,89.00,89.00,89.00,89.00,89.00,89.00,89.00,89.00,89.00,89.00,89.00,89.00,89.00
2026-08-19 21:34:12,89.00,89.00,89.00,89.00,89.00,89.00,89.00,89.00,89.00,89.00,89.00,89.00,89.00,89.00,89.00,89.00,89.00,89.00,89.00,89.00,89.00,89.00
2026-08-19 21:44:12,89.00,89.00,89.00,89.00,89.00,89.00,89.00,89.00,89.00,89.00,89.00,89.00,89.00,89.00,89.00,89.00,89.00,89.00,89.00,89.00,89.00,89.00
2026-08-19 21:54:01,89.00,89.00,89.00,89.00,89.00,89.00,89.00,89.00,89.00,89.00,89.00,89.00,89.00,89.00,89.00,89.00,89.00,89.00,89.00,89.00,89.00,89.00
2026-08-19 22:04:20,89.00,89.00,89.00,89.00,89.00,89.00,89.00,89.00,89.00,89.00,89.00,89.00,89.00,89.00,89.00,89.00,89.00,89.00,89.00,89.00,89.00,89.00
2026-08-19 22:14:02,89.00,89.00,89.00,89.00,89.00,89.00,89.00,89.00,89.00,89.00,89.00,89.00,89.00,89.00,89.00,89.00,89.00,89.00,89.00,89.00,89.00,89.00
2026-08-19 22:24:03,89.00,89.00,89.00,89.00,89.00,89.00,89.00,89.00,89.00,89.00,89.00,89.00,89.00,89.00,89.00,89.00,89.00,89.00,89.00,89.00,89.00,89.00
2026-08-19 22:34:16,89.00,89.00,89.00,89.00,89.00,89.00,89.00,89.00,89.00,89.00,89.00,89.00,89.00,89.00,89.00,89.00,89.00,89.00,89.00,89.00,89.00,89.00
2026-08-19 22:44:01,89.00,89.00,89.00,89.00,89.00,89.00,89.00,89.00,89.00,89.00,89.00,89.00,89.00,89.00,89.00,89.00,89.00,89.00,89.00,89.00,89.00,89.00
2026-08-19 22:54:05,89.00,89.00,89.00,89.00,89.00,89.00,89.00,89.00,89.00,89.00,89.00,89.00,89.00,89.00,89.00,89.00,89.00,89.00,89.00,89.00,89.00,89.00
2026-08-19 23:04:07,89.00,89.00,89.00,89.00,89.00,89.00,89.00,89.00,89.00,89.00,89.00,89.00,89.00,89.00,89.00,89.00,89.00,89.00,89.00,89.00,89.00,89.00
2026-08-19 23:14:18,89.00,89.00,89.00,89.00,89.00,89.00,89.00,89.00,89.00,89.00,89.00,89.00,89.00,89.00,89.00,89.00,89.00,89.00,89.00,89.00,89.00,89.00
2026-08-19 23:23:57,89.00,89.00,89.00,89.00,89.00,89.00,89.00,89.00,89.00,89.00,89.00,89.00,89.00,89.00,89.00,89.00,89.00,89.00,89.00,89.00,89.00,89.00
2026-08-19 23:34:12,89.00,89.00,89.00,89.00,89.00,89.00,89.00,89.00,89.00,89.00,89.00,89.00,89.00,89.00,89.00,89.00,89.00,89.00,89.00,89.00,89.00,89.00
2026-08-19 23:43:59,89.00,89.00,89.00,89.00,89.00,89.00,89.00,89.00,89.00,89.00,89.00,89.00,89.00,89.00,89.00,89.00,89.00,89.00,89.00,89.00,89.00,89.00
2026-08-19 23:54:05,89.00,89.00,89.00,89.00,89.00,89.00,89.00,89.00,89.00,89.00,89.00,89.00,89.00,89.00,89.00,89.00,89.00,89.00,89.00,89.00,89.00,89.00
2026-08-20 00:04:30,89.00,89.00,89.00,89.00,89.00,89.00,89.00,89.00,89.00,89.00,89.00,89.00,89.00,89.00,89.00,89.00,89.00,89.00,89.00,89.00,89.00,89.00
2026-08-20 00:14:03,89.00,89.00,89.00,89.00,89.00,89.00,89.00,89.00,89.00,89.00,89.00,89.00,89.00,89.00,89.00,89.00,89.00,89.00,89.00,89.00,89.00,89.00
2026-08-20 00:24:15,89.00,89.00,89.00,89.00,89.00,89.00,89.00,89.00,89.00,89.00,89.00,89.00,89.00,89.00,89.00,89.00,89.00,89.00,89.00,89.00,89.00,89.00
2026-08-20 00:34:05,89.00,89.00,89.00,89.00,89.00,89.00,89.00,89.00,89.00,89.00,89.00,89.00,89.00,89.00,89.00,89.00,89.00,89.00,89.00,89.00,89.00,89.00
2026-08-20 00:44:04,89.00,89.00,89.00,89.00,89.00,89.00,89.00,89.00,89.00,89.00,89.00,89.00,89.00,89.00,89.00,89.00,89.00,89.00,89.00,89.00,89.00,89.00
2026-08-20 00:54:06,89.00,89.00,89.00,89.00,89.00,89.00,89.00,89.00,89.00,89.00,89.00,89.00,89.00,89.00,89.00,89.00,89.00,89.00,89.00,89.00,89.00,89.00
2026-08-20 01:04:22,89.00,89.00,89.00,89.00,89.00,89.00,89.00,89.00,89.00,89.00,89.00,89.00,89.00,89.00,89.00,89.00,89.00,89.00,89.00,89.00,89.00,89.00
2026-08-20 01:14:23,89.00,89.00,89.00,89.00,89.00,89.00,89.00,89.00,89.00,89.00,89.00,89.00,89.00,89.00,89.00,89.00,89.00,89.00,89.00,89.00,89.00,89.00
2026-08-20 01:24:11,89.00,89.00,89.00,89.00,89.00,89.00,89.00,89.00,89.00,89.00,89.00,89.00,89.00,89.00,89.00,89.00,89.00,89.00,89.00,89.00,89.00,89.00
2026-08-20 01:34:03,89.00,89.00,89.00,89.00,89.00,89.00,89.00,89.00,89.00,89.00,89.00,89.00,89.00,89.00,89.00,89.00,89.00,89.00,89.00,89.00,89.00,89.00
2026-08-20 01:44:01,89.00,89.00,89.00,89.00,89.00,89.00,89.00,89.00,89.00,89.00,89.00,89.00,89.00,89.00,89.00,89.00,89.00,89.00,89.00,89.00,89.00,89.00
2026-08-20 01:54:08,89.00,89.00,89.00,89.00,89.00,89.00,89.00,89.00,89.00,89.00,89.00,89.00,89.00,89.00,89.00,89.00,89.00,89.00,89.00,89.00,89.00,89.00
2026-08-20 02:04:29,89.00,89.00,89.00,89.00,89.00,89.00,89.00,89.00,89.00,89.00,89.00,89.00,89.00,89.00,89.00,89.00,89.00,89.00,89.00,89.00,89.00,89.00
2026-08-20 02:14:23,89.00,89.00,89.00,89.00,89.00,89.00,89.00,89.00,89.00,89.00,89.00,89.00,89.00,89.00,89.00,89.00,89.00,89.00,89.00,89.00,89.00,89.00
2026-08-20 02:24:13,89.00,89.00,89.00,89.00,89.00,89.00,89.00,89.00,89.00,89.00,89.00,89.00,89.00,89.00,89.00,89.00,89.00,89.00,89.00,89.00,89.00,89.00
2026-08-20 02:34:18,89.00,89.00,89.00,89.00,89.00,89.00,89.00,89.00,89.00,89.00,89.00,89.00,89.00,89.00,89.00,89.00,89.00,89.00,89.00,89.00,89.00,89.00
2026-08-20 02:44:15,89.00,89.00,89.00,89.00,89.00,89.00,89.00,89.00,89.00,89.00,89.00,89.00,89.00,89.00,89.00,89.00,89.00,89.00,89.00,89.00,89.00,89.00
2026-08-20 02:54:05,89.00,89.00,89.00,89.00,89.00,89.00,89.00,89.00,89.00,89.00,89.00,89.00,89.00,89.00,89.00,89.00,89.00,89.00,89.00,89.00,89.00,89.00
2026-08-20 03:04:14,89.00,89.00,89.00,89.00,89.00,89.00,89.00,89.00,89.00,89.00,89.00,89.00,89.00,89.00,89.00,89.00,89.00,89.00,89.00,89.00,89.00,89.00
2026-08-20 03:14:09,89.00,89.00,89.00,89.00,89.00,89.00,89.00,89.00,89.00,89.00,89.00,89.00,89.00,89.00,89.00,89.00,89.00,89.00,89.00,89.00,89.00,89.00
2026-08-20 03:24:04,89.00,89.00,89.00,89.00,89.00,89.00,89.00,89.00,89.00,89.00,89.00,89.00,89.00,89.00,89.00,89.00,89.00,89.00,89.00,89.00,89.00,89.00
2026-08-20 03:34:18,89.00,89.00,89.00,89.00,89.00,89.00,89.00,89.00,89.00,89.00,89.00,89.00,89.00,89.00,89.00,89.00,89.00,89.00,89.00,89.00,89.00,89.00
2026-08-20 03:44:12,89.00,89.00,89.00,89.00,89.00,89.00,89.00,89.00,89.00,89.00,89.00,89.00,89.00,89.00,89.00,89.00,89.00,89.00,89.00,89.00,89.00,89.00
2026-08-20 03:54:04,89.00,89.00,89.00,89.00,89.00,89.00,89.00,89.00,89.00,89.00,89.00,89.00,89.00,89.00,89.00,89.00,89.00,89.00,89.00,89.00,89.00,89.00
2026-08-20 04:04:23,89.00,89.00,89.00,89.00,89.00,89.00,89.00,89.00,89.00,89.00,89.00,89.00,89.00,89.00,89.00,89.00,89.00,89.00,89.00,89.00,89.00,89.00
2026-08-20 04:14:08,89.00,89.00,89.00,89.00,89.00,89.00,89.00,89.00,89.00,89.00,89.00,89.00,89.00,89.00,89.00,89.00,89.00,89.00,89.00,89.00,89.00,89.00
2026-08-20 04:24:12,89.00,89.00,89.00,89.00,89.00,89.00,89.00,89.00,89.00,89.00,89.00,89.00,89.00,89.00,89.00,89.00,89.00,89.00,89.00,89.00,89.00,89.00
2026-08-20 04:34:05,89.00,89.00,89.00,89.00,89.00,89.00,89.00,89.00,89.00,89.00,89.00,89.00,89.00,89.00,89.00,89.00,89.00,89.00,89.00,89.00,89.00,89.00
2026-08-20 04:44:03,89.00,89.00,89.00,89.00,89.00,89.00,89.00,89.00,89.00,89.00,89.00,89.00,89.00,89.00,89.00,89.00,89.00,89.00,89.00,89.00,89.00,89.00
2026-08-20 04:54:03,89.00,89.00,89.00,89.00,89.00,89.00,89.00,89.00,89.00,89.00,89.00,89.00,89.00,89.00,89.00,89.00,89.00,89.00,89.00,89.00,89.00,89.00
2026-08-20 05:04:07,89.00,89.00,89.00,89.00,89.00,89.00,89.00,89.00,89.00,89.00,89.00,89.00,89.00,89.00,89.00,89.00,89.00,89.00,89.00,89.00,89.00,89.00
2026-08-20 05:14:04,89.00,89.00,89.00,89.00,89.00,89.00,89.00,89.00,89.00,89.00,89.00,89.00,89.00,89.00,89.00,89.00,89.00,89.00,89.00,89.00,89.00,89.00
2026-08-20 05:24:07,89.00,89.00,89.00,89.00,89.00,89.00,89.00,89.00,89.00,89.00,89.00,89.00,89.00,89.00,89.00,89.00,89.00,89.00,89.00,89.00,89.00,89.00
2026-08-20 05:34:13,89.00,89.00,89.00,89.00,89.00,89.00,89.00,89.00,89.00,89.00,89.00,89.00,89.00,89.00,89.00,89.00,89.00,89.00,89.00,89.00,89.00,89.00
2026-08-20 05:44:08,89.00,89.00,89.00,89.00,89.00,89.00,89.00,89.00,89.00,89.00,89.00,89.00,89.00,89.00,89.00,89.00,89.00,89.00,89.00,89.00,89.00,89.00
2026-08-20 05:53:59,89.00,89.00,89.00,89.00,89.00,89.00,89.00,89.00,89.00,89.00,89.00,89.00,89.00,89.00,89.00,89.00,89.00,89.00,89.00,89.00,89.00,89.00
2026-08-20 06:04:23,89.00,89.00,89.00,89.00,89.00,89.00,89.00,89.00,89.00,89.00,89.00,89.00,89.00,89.00,89.00,89.00,89.00,89.00,89.00,89.00,89.00,89.00
2026-08-20 06:14:01,89.00,89.00,89.00,89.00,89.00,89.00,89.00,89.00,89.00,89.00,89.00,89.00,89.00,89.00,89.00,89.00,89.00,89.00,89.00,89.00,89.00,89.00
2026-08-20 06:23:59,89.00,89.00,89.00,89.00,89.00,89.00,89.00,89.00,89.00,89.00,89.00,89.00,89.00,89.00,89.00,89.00,89.00,89.00,89.00,89.00,89.00,89.00
2026-08-20 06:34:09,89.00,89.00,89.00,89.00,89.00,89.00,89.00,89.00,89.00,89.00,89.00,89.00,89.00,89.00,89.00,89.00,89.00,89.00,89.00,89.00,89.00,89.00
2026-08-20 06:44:03,89.00,89.00,89.00,89.00,89.00,89.00,89.00,89.00,89.00,89.00,89.00,89.00,89.00,89.00,89.00,89.00,89.00,89.00,89.00,89.00,89.00,89.00
2026-08-20 06:54:01,89.00,89.00,89.00,89.00,89.00,89.00,89.00,89.00,89.00,89.00,89.00,89.00,89.00,89.00,89.00,89.00,89.00,89.00,89.00,89.00,89.00,89.00
2026-08-20 07:04:15,89.00,89.00,89.00,89.00,89.00,89.00,89.00,89.00,89.00,89.00,89.00,89.00,89.00,89.00,89.00,89.00,89.00,89.00,89.00,89.00,89.00,89.00
2026-08-20 07:14:09,89.00,89.00,89.00,89.00,89.00,89.00,89.00,89.00,89.00,89.00,89.00,89.00,89.00,89.00,89.00,89.00,89.00,89.00,89.00,89.00,89.00,89.00
2026-08-20 07:24:01,89.00,89.00,89.00,89.00,89.00,89.00,89.00,89.00,89.00,89.00,89.00,89.00,89.00,89.00,89.00,89.00,89.00,89.00,89.00,89.00,89.00,89.00
2026-08-20 07:34:13,89.00,89.00,89.00,89.00,89.00,89.00,89.00,89.00,89.00,89.00,89.00,89.00,89.00,89.00,89.00,89.00,89.00,89.00,89.00,89.00,89.00,89.00
2026-08-20 07:44:07,89.00,89.00,89.00,89.00,89.00,89.00,89.00,89.00,89.00,89.00,89.00,89.00,89.00,89.00,89.00,89.00,89.00,89.00,89.00,89.00,89.00,89.00
2026-08-20 07:54:05,89.00,89.00,89.00,89.00,89.00,89.00,89.00,89.00,89.00,89.00,89.00,89.00,89.00,89.00,89.00,89.00,89.00,89.00,89.00,89.00,89.00,89.00
2026-08-20 08:04:09,89.00,89.00,89.00,89.00,89.00,89.00,89.00,89.00,89.00,89.00,89.00,89.00,89.00,89.00,89.00,89.00,89.00,89.00,89.00,89.00,89.00,89.00
2026-08-20 08:14:02,89.00,89.00,89.00,89.00,89.00,89.00,89.00,89.00,89.00,89.00,89.00,89.00,89.00,89.00,89.00,89.00,89.00,89.00,89.00,89.00,89.00,89.00
2026-08-20 08:24:06,89.00,89.00,89.00,89.00,89.00,89.00,89.00,89.00,89.00,89.00,89.00,89.00,89.00,89.00,89.00,89.00,89.00,89.00,89.00,89.00,89.00,89.00
2026-08-20 08:34:10,89.00,89.00,89.00,89.00,89.00,89.00,89.00,89.00,89.00,89.00,89.00,89.00,89.00,89.00,89.00,89.00,89.00,89.00,89.00,89.00,89.00,89.00
2026-08-20 08:44:04,89.00,89.00,89.00,89.00,89.00,89.00,89.00,89.00,89.00,89.00,89.00,89.00,89.00,89.00,89.00,89.00,89.00,89.00,89.00,89.00,89.00,89.00
2026-08-20 08:54:06,89.00,89.00,89.00,89.00,89.00,89.00,89.00,89.00,89.00,89.00,89.00,89.00,89.00,89.00,89.00,89.00,89.00,89.00,89.00,89.00,89.00,89.00
2026-08-20 09:04:12,89.00,89.00,89.00,89.00,89.00,89.00,89.00,89.00,89.00,89.00,89.00,89.00,89.00,89.00,89.00,89.00,89.00,89.00,89.00,89.00,89.00,89.00
2026-08-20 09:14:03,89.00,89.00,89.00,89.00,89.00,89.00,89.00,89.00,89.00,89.00,89.00,89.00,89.00,89.00,89.00,89.00,89.00,89.00,89.00,89.00,89.00,89.00
2026-08-20 09:23:59,89.00,89.00,89.00,89.00,89.00,89.00,89.00,89.00,89.00,89.00,89.00,89.00,89.00,89.00,89.00,89.00,89.00,89.00,89.00,89.00,89.00,89.00
2026-08-20 09:34:08,89.00,89.00,89.00,89.00,89.00,89.00,89.00,89.00,89.00,89.00,89.00,89.00,89.00,89.00,89.00,89.00,89.00,89.00,89.00,89.00,89.00,89.00
2026-08-20 09:43:57,89.00,89.00,89.00,89.00,89.00,89.00,89.00,89.00,89.00,89.00,89.00,89.00,89.00,89.00,89.00,89.00,89.00,89.00,89.00,89.00,89.00,89.00
2026-08-20 09:54:14,89.00,89.00,89.00,89.00,89.00,89.00,89.00,89.00,89.00,89.00,89.00,89.00,89.00,89.00,89.00,89.00,89.00,89.00,89.00,89.00,89.00,89.00
2026-08-20 10:04:06,89.00,89.00,89.00,89.00,89.00,89.00,89.00,89.00,89.00,89.00,89.00,89.00,89.00,89.00,89.00,89.00,89.00,89.00,89.00,89.00,89.00,89.00
2026-08-20 10:13:53,89.00,89.00,89.00,89.00,89.00,89.00,89.00,89.00,89.00,89.00,89.00,89.00,89.00,89.00,89.00,89.00,89.00,89.00,89.00,89.00,89.00,89.00
2026-08-20 10:24:06,89.00,89.00,89.00,89.00,89.00,89.00,89.00,89.00,89.00,89.00,89.00,89.00,89.00,89.00,89.00,89.00,89.00,89.00,89.00,89.00,89.00,89.00
2026-08-20 10:34:16,89.00,89.00,89.00,89.00,89.00,89.00,89.00,89.00,89.00,89.00,89.00,89.00,89.00,89.00,89.00,89.00,89.00,89.00,89.00,89.00,89.00,89.00
2026-08-20 10:44:13,89.00,89.00,89.00,89.00,89.00,89.00,89.00,89.00,89.00,89.00,89.00,89.00,89.00,89.00,89.00,89.00,89.00,89.00,89.00,89.00,89.00,89.00
2026-08-20 10:54:12,89.00,89.00,89.00,89.00,89.00,89.00,89.00,89.00,89.00,89.00,89.00,89.00,89.00,89.00,89.00,89.00,89.00,89.00,89.00,89.00,89.00,89.00
2026-08-20 11:04:27,89.00,89.00,89.00,89.00,89.00,89.00,89.00,89.00,89.00,89.00,89.00,89.00,89.00,89.00,89.00,89.00,89.00,89.00,89.00,89.00,89.00,89.00
2026-08-20 11:14:07,89.00,89.00,89.00,89.00,89.00,89.00,89.00,89.00,89.00,89.00,89.00,89.00,89.00,89.00,89.00,89.00,89.00,89.00,89.00,89.00,89.00,89.00
2026-08-20 11:24:15,89.00,89.00,89.00,89.00,89.00,89.00,89.00,89.00,89.00,89.00,89.00,89.00,89.00,89.00,89.00,89.00,89.00,89.00,89.00,89.00,89.00,89.00
2026-08-20 11:34:17,89.00,89.00,89.00,89.00,89.00,89.00,89.00,89.00,89.00,89.00,89.00,89.00,89.00,89.00,89.00,89.00,89.00,89.00,89.00,89.00,89.00,89.00
2026-08-20 11:44:21,89.00,89.00,89.00,89.00,89.00,89.00,89.00,89.00,89.00,89.00,89.00,89.00,89.00,89.00,89.00,89.00,89.00,89.00,89.00,89.00,89.00,89.00
2026-08-20 11:54:22,89.00,89.00,89.00,89.00,89.00,89.00,89.00,89.00,89.00,89.00,89.00,89.00,89.00,89.00,89.00,89.00,89.00,89.00,89.00,89.00,89.00,89.00
2026-08-20 12:04:28,89.00,89.00,89.00,89.00,89.00,89.00,89.00,89.00,89.00,89.00,89.00,89.00,89.00,89.00,89.00,89.00,89.00,89.00,89.00,89.00,89.00,89.00
2026-08-20 12:14:09,89.00,89.00,89.00,89.00,89.00,89.00,89.00,89.00,89.00,89.00,89.00,89.00,89.00,89.00,89.00,89.00,89.00,89.00,89.00,89.00,89.00,89.00
2026-08-20 12:24:12,89.00,89.00,89.00,89.00,89.00,89.00,89.00,89.00,89.00,89.00,89.00,89.00,89.00,89.00,89.00,89.00,89.00,89.00,89.00,89.00,89.00,89.00
2026-08-20 12:34:15,89.00,89.00,89.00,89.00,89.00,89.00,89.00,89.00,89.00,89.00,89.00,89.00,89.00,89.00,89.00,89.00,89.00,89.00,89.00,89.00,89.00,89.00
2026-08-20 12:44:23,89.00,89.00,89.00,89.00,89.00,89.00,89.00,89.00,89.00,89.00,89.00,89.00,89.00,89.00,89.00,89.00,89.00,89.00,89.00,89.00,89.00,89.00
2026-08-20 12:54:14,89.00,89.00,89.00,89.00,89.00,89.00,89.00,89.00,89.00,89.00,89.00,89.00,89.00,89.00,89.00,89.00,89.00,89.00,89.00,89.00,89.00,89.00
2026-08-20 13:04:48,89.00,89.00,89.00,89.00,89.00,89.00,89.00,89.00,89.00,89.00,89.00,89.00,89.00,89.00,89.00,89.00,89.00,89.00,89.00,89.00,89.00,89.00
2026-08-20 13:14:13,,89.00,,89.00,,,,89.00,89.00,89.00,89.00,,,89.00,,89.00,,,89.00,,89.00,89.00
2026-08-20 13:24:11,89.00,89.00,89.00,89.00,89.00,89.00,89.00,89.00,89.00,89.00,89.00,89.00,89.00,89.00,89.00,89.00,89.00,89.00,89.00,89.00,89.00,89.00
2026-08-20 13:34:17,89.00,89.00,89.00,89.00,89.00,89.00,89.00,89.00,89.00,89.00,89.00,89.00,89.00,89.00,89.00,89.00,89.00,89.00,89.00,89.00,89.00,89.00
2026-08-20 13:44:11,89.00,89.00,89.00,89.00,89.00,89.00,89.00,89.00,89.00,89.00,89.00,89.00,89.00,89.00,89.00,89.00,89.00,89.00,89.00,89.00,89.00,89.00
2026-08-20 13:54:26,89.00,89.00,89.00,89.00,89.00,89.00,89.00,89.00,89.00,89.00,89.00,89.00,89.00,89.00,89.00,89.00,89.00,89.00,89.00,89.00,89.00,89.00
2026-08-20 14:04:29,89.00,89.00,89.00,89.00,89.00,89.00,89.00,89.00,89.00,89.00,89.00,89.00,89.00,89.00,89.00,89.00,89.00,89.00,89.00,89.00,89.00,89.00
2026-08-20 14:14:15,89.00,89.00,89.00,89.00,89.00,89.00,89.00,89.00,89.00,89.00,89.00,89.00,89.00,89.00,89.00,89.00,89.00,89.00,89.00,89.00,89.00,89.00
2026-08-20 14:24:15,89.00,89.00,89.00,89.00,89.00,89.00,89.00,89.00,89.00,89.00,89.00,89.00,89.00,89.00,89.00,89.00,89.00,89.00,89.00,89.00,89.00,89.00
2026-08-20 14:34:17,89.00,89.00,89.00,89.00,89.00,89.00,89.00,89.00,89.00,89.00,89.00,89.00,89.00,89.00,89.00,89.00,89.00,89.00,89.00,89.00,89.00,89.00
2026-08-20 14:44:20,89.00,89.00,89.00,89.00,89.00,89.00,89.00,89.00,89.00,89.00,89.00,89.00,89.00,89.00,89.00,89.00,89.00,89.00,89.00,89.00,89.00,89.00
2026-08-20 14:54:26,,89.00,,89.00,,,,89.00,89.00,89.00,89.00,,,89.00,,89.00,,,89.00,,89.00,89.00
2026-08-20 15:04:16,89.00,89.00,89.00,89.00,89.00,89.00,89.00,89.00,89.00,89.00,89.00,89.00,89.00,89.00,89.00,89.00,89.00,89.00,89.00,89.00,89.00,89.00
2026-08-20 15:14:16,89.00,89.00,89.00,89.00,89.00,89.00,89.00,89.00,89.00,89.00,89.00,89.00,89.00,89.00,89.00,89.00,89.00,89.00,89.00,89.00,89.00,89.00
2026-08-20 15:24:23,89.00,89.00,89.00,89.00,89.00,89.00,89.00,89.00,89.00,89.00,89.00,89.00,89.00,89.00,89.00,89.00,89.00,89.00,89.00,89.00,89.00,89.00
2026-08-20 15:34:44,89.00,89.00,89.00,89.00,89.00,89.00,89.00,89.00,89.00,89.00,89.00,89.00,89.00,89.00,89.00,89.00,89.00,89.00,89.00,89.00,89.00,89.00
2026-08-20 15:44:12,89.00,89.00,89.00,89.00,89.00,89.00,89.00,89.00,89.00,89.00,89.00,89.00,89.00,89.00,89.00,89.00,89.00,89.00,89.00,89.00,89.00,89.00
2026-08-20 15:54:20,89.00,89.00,89.00,89.00,89.00,89.00,89.00,89.00,89.00,89.00,89.00,89.00,89.00,89.00,89.00,89.00,89.00,89.00,89.00,89.00,89.00,89.00
2026-08-20 16:04:10,89.00,89.00,89.00,89.00,89.00,89.00,89.00,89.00,89.00,89.00,89.00,89.00,89.00,89.00,89.00,89.00,89.00,89.00,89.00,89.00,89.00,89.00
2026-08-20 16:14:24,89.00,89.00,89.00,89.00,89.00,89.00,89.00,89.00,89.00,89.00,89.00,89.00,89.00,89.00,89.00,89.00,89.00,89.00,89.00,89.00,89.00,89.00
2026-08-20 16:24:24,89.00,89.00,89.00,89.00,89.00,89.00,89.00,89.00,89.00,89.00,89.00,89.00,89.00,89.00,89.00,89.00,89.00,89.00,89.00,89.00,89.00,89.00
2026-08-20 16:34:26,89.00,89.00,89.00,89.00,89.00,89.00,89.00,89.00,89.00,89.00,89.00,89.00,89.00,89.00,89.00,89.00,89.00,89.00,89.00,89.00,89.00,89.00
2026-08-20 16:44:33,89.00,89.00,89.00,89.00,89.00,89.00,89.00,89.00,89.00,89.00,89.00,89.00,89.00,89.00,89.00,89.00,89.00,89.00,89.00,89.00,89.00,89.00
2026-08-20 16:54:20,89.00,89.00,89.00,89.00,89.00,89.00,89.00,89.00,89.00,89.00,89.00,89.00,89.00,89.00,89.00,89.00,89.00,89.00,89.00,89.00,89.00,89.00
2026-08-20 17:04:27,89.00,89.00,89.00,89.00,89.00,89.00,89.00,89.00,89.00,89.00,89.00,89.00,89.00,89.00,89.00,89.00,89.00,89.00,89.00,89.00,89.00,89.00
2026-08-20 17:19:26,89.00,89.00,89.00,89.00,89.00,89.00,89.00,89.00,89.00,89.00,89.00,89.00,89.00,89.00,89.00,89.00,89.00,89.00,89.00,89.00,89.00,89.00
2026-08-20 17:26:26,89.00,89.00,89.00,89.00,89.00,89.00,89.00,89.00,89.00,89.00,89.00,89.00,89.00,89.00,89.00,89.00,89.00,89.00,89.00,89.00,89.00,89.00
2026-08-20 17:34:17,89.00,89.00,89.00,89.00,89.00,89.00,89.00,89.00,89.00,89.00,89.00,89.00,89.00,89.00,89.00,89.00,89.00,89.00,89.00,89.00,89.00,89.00
2026-08-20 17:44:28,89.00,89.00,89.00,89.00,89.00,89.00,89.00,89.00,89.00,89.00,89.00,89.00,89.00,89.00,89.00,89.00,89.00,89.00,89.00,89.00,89.00,89.00
2026-08-20 17:54:22,89.00,89.00,89.00,89.00,89.00,89.00,89.00,89.00,89.00,89.00,89.00,89.00,89.00,89.00,89.00,89.00,89.00,89.00,89.00,89.00,89.00,89.00
2026-08-20 18:04:30,89.00,89.00,89.00,89.00,89.00,89.00,89.00,89.00,89.00,89.00,89.00,89.00,89.00,89.00,89.00,89.00,89.00,89.00,89.00,89.00,89.00,89.00
2026-08-20 18:14:10,89.00,89.00,89.00,89.00,89.00,89.00,89.00,89.00,89.00,89.00,89.00,89.00,89.00,89.00,89.00,89.00,89.00,89.00,89.00,89.00,89.00,89.00
2026-08-20 18:24:23,89.00,89.00,89.00,89.00,89.00,89.00,89.00,89.00,89.00,89.00,89.00,89.00,89.00,89.00,89.00,89.00,89.00,89.00,89.00,89.00,89.00,89.00
2026-08-20 18:34:27,89.00,89.00,89.00,89.00,89.00,89.00,89.00,89.00,89.00,89.00,89.00,89.00,89.00,89.00,89.00,89.00,89.00,89.00,89.00,89.00,89.00,89.00
2026-08-20 18:44:25,89.00,89.00,89.00,89.00,89.00,89.00,89.00,89.00,89.00,89.00,89.00,89.00,89.00,89.00,89.00,89.00,89.00,89.00,89.00,89.00,89.00,89.00
2026-08-20 18:54:25,89.00,89.00,89.00,89.00,89.00,89.00,89.00,89.00,89.00,89.00,89.00,89.00,89.00,89.00,89.00,89.00,89.00,89.00,89.00,89.00,89.00,89.00
2026-08-20 19:04:40,89.00,89.00,89.00,89.00,89.00,89.00,89.00,89.00,89.00,89.00,89.00,89.00,89.00,89.00,89.00,89.00,89.00,89.00,89.00,89.00,89.00,89.00
2026-08-20 19:14:25,89.00,89.00,89.00,89.00,89.00,89.00,89.00,89.00,89.00,89.00,89.00,89.00,89.00,89.00,89.00,89.00,89.00,89.00,89.00,89.00,89.00,89.00
2026-08-20 19:24:25,89.00,89.00,89.00,89.00,89.00,89.00,89.00,89.00,89.00,89.00,89.00,89.00,89.00,89.00,89.00,89.00,89.00,89.00,89.00,89.00,89.00,89.00
2026-08-20 19:34:34,89.00,89.00,89.00,89.00,89.00,89.00,89.00,89.00,89.00,89.00,89.00,89.00,89.00,89.00,89.00,89.00,89.00,89.00,89.00,89.00,89.00,89.00
2026-08-20 19:44:33,89.00,89.00,89.00,89.00,89.00,89.00,89.00,89.00,89.00,89.00,89.00,89.00,89.00,89.00,89.00,89.00,89.00,89.00,89.00,89.00,89.00,89.00
2026-08-20 19:54:26,89.00,89.00,89.00,89.00,89.00,89.00,89.00,89.00,89.00,89.00,89.00,89.00,89.00,89.00,89.00,89.00,89.00,89.00,89.00,89.00,89.00,89.00
2026-08-20 20:04:32,89.00,89.00,89.00,89.00,89.00,89.00,89.00,89.00,89.00,89.00,89.00,89.00,89.00,89.00,89.00,89.00,89.00,89.00,89.00,89.00,89.00,89.00
2026-08-20 20:14:25,89.00,89.00,89.00,89.00,89.00,89.00,89.00,89.00,89.00,89.00,89.00,89.00,89.00,89.00,89.00,89.00,89.00,89.00,89.00,89.00,89.00,89.00
2026-08-20 20:24:07,89.00,89.00,89.00,89.00,89.00,89.00,89.00,89.00,89.00,89.00,89.00,89.00,89.00,89.00,89.00,89.00,89.00,89.00,89.00,89.00,89.00,89.00
2026-08-20 20:34:24,89.00,89.00,89.00,89.00,89.00,89.00,89.00,89.00,89.00,89.00,89.00,89.00,89.00,89.00,89.00,89.00,89.00,89.00,89.00,89.00,89.00,89.00
2026-08-20 20:44:25,89.00,89.00,89.00,89.00,89.00,89.00,89.00,89.00,89.00,89.00,89.00,89.00,89.00,89.00,89.00,89.00,89.00,89.00,89.00,89.00,89.00,89.00
2026-08-20 20:54:27,89.00,89.00,89.00,89.00,89.00,89.00,89.00,89.00,89.00,89.00,89.00,89.00,89.00,89.00,89.00,89.00,89.00,89.00,89.00,89.00,89.00,89.00
2026-08-20 21:04:27,89.00,89.00,89.00,89.00,89.00,89.00,89.00,89.00,89.00,89.00,89.00,89.00,89.00,89.00,89.00,89.00,89.00,89.00,89.00,89.00,89.00,89.00
2026-08-20 21:14:22,89.00,89.00,89.00,89.00,89.00,89.00,89.00,89.00,89.00,89.00,89.00,89.00,89.00,89.00,89.00,89.00,89.00,89.00,89.00,89.00,89.00,89.00
2026-08-20 21:24:37,89.00,89.00,89.00,89.00,89.00,89.00,89.00,89.00,89.00,89.00,89.00,89.00,89.00,89.00,89.00,89.00,89.00,89.00,89.00,89.00,89.00,89.00
2026-08-20 21:34:25,89.00,89.00,89.00,89.00,89.00,89.00,89.00,89.00,89.00,89.00,89.00,89.00,89.00,89.00,89.00,89.00,89.00,89.00,89.00,89.00,89.00,89.00
2026-08-20 21:44:28,89.00,89.00,89.00,89.00,89.00,89.00,89.00,89.00,89.00,89.00,89.00,89.00,89.00,89.00,89.00,89.00,89.00,89.00,89.00,89.00,89.00,89.00
2026-08-20 21:54:21,89.00,89.00,89.00,89.00,89.00,89.00,89.00,89.00,89.00,89.00,89.00,89.00,89.00,89.00,89.00,89.00,89.00,89.00,89.00,89.00,89.00,89.00
2026-08-20 22:04:23,89.00,89.00,89.00,89.00,89.00,89.00,89.00,89.00,89.00,89.00,89.00,89.00,89.00,89.00,89.00,89.00,89.00,89.00,89.00,89.00,89.00,89.00
2026-08-20 22:14:25,89.00,89.00,89.00,89.00,89.00,89.00,89.00,89.00,89.00,89.00,89.00,89.00,89.00,89.00,89.00,89.00,89.00,89.00,89.00,89.00,89.00,89.00
2026-08-20 22:24:30,89.00,89.00,89.00,89.00,89.00,89.00,89.00,89.00,89.00,89.00,89.00,89.00,89.00,89.00,89.00,89.00,89.00,89.00,89.00,89.00,89.00,89.00
2026-08-20 22:34:38,89.00,89.00,89.00,89.00,89.00,89.00,89.00,89.00,89.00,89.00,89.00,89.00,89.00,89.00,89.00,89.00,89.00,89.00,89.00,89.00,89.00,89.00
2026-08-20 22:44:16,89.00,89.00,89.00,89.00,89.00,89.00,89.00,89.00,89.00,89.00,89.00,89.00,89.00,89.00,89.00,89.00,89.00,89.00,89.00,89.00,89.00,89.00
2026-08-20 22:54:10,89.00,89.00,89.00,89.00,89.00,89.00,89.00,89.00,89.00,89.00,89.00,89.00,89.00,89.00,89.00,89.00,89.00,89.00,89.00,89.00,89.00,89.00
2026-08-20 23:04:39,89.00,89.00,89.00,89.00,89.00,89.00,89.00,89.00,89.00,89.00,89.00,89.00,89.00,89.00,89.00,89.00,89.00,89.00,89.00,89.00,89.00,89.00
2026-08-20 23:14:22,89.00,89.00,89.00,89.00,89.00,89.00,89.00,89.00,89.00,89.00,89.00,89.00,89.00,89.00,89.00,89.00,89.00,89.00,89.00,89.00,89.00,89.00
2026-08-20 23:24:19,89.00,89.00,89.00,89.00,89.00,89.00,89.00,89.00,89.00,89.00,89.00,89.00,89.00,89.00,89.00,89.00,89.00,89.00,89.00,89.00,89.00,89.00
2026-08-20 23:34:34,89.00,89.00,89.00,89.00,89.00,89.00,89.00,89.00,89.00,89.00,89.00,89.00,89.00,89.00,89.00,89.00,89.00,89.00,89.00,89.00,89.00,89.00
2026-08-20 23:44:30,89.00,89.00,89.00,89.00,89.00,89.00,89.00,89.00,89.00,89.00,89.00,89.00,89.00,89.00,89.00,89.00,89.00,89.00,89.00,89.00,89.00,89.00
2026-08-20 23:54:23,89.00,89.00,89.00,89.00,89.00,89.00,89.00,89.00,89.00,89.00,89.00,89.00,89.00,89.00,89.00,89.00,89.00,89.00,89.00,89.00,89.00,89.00
2026-08-21 00:04:59,89.00,89.00,89.00,89.00,89.00,89.00,89.00,89.00,89.00,89.00,89.00,89.00,89.00,89.00,89.00,89.00,89.00,89.00,89.00,89.00,89.00,89.00
2026-08-21 00:14:29,89.00,89.00,89.00,89.00,89.00,89.00,89.00,89.00,89.00,89.00,89.00,89.00,89.00,89.00,89.00,89.00,89.00,89.00,89.00,89.00,89.00,89.00
2026-08-21 00:24:51,89.00,89.00,89.00,89.00,89.00,89.00,89.00,89.00,89.00,89.00,89.00,89.00,89.00,89.00,89.00,89.00,89.00,89.00,89.00,89.00,89.00,89.00
2026-08-21 00:54:35,89.00,89.00,89.00,89.00,89.00,89.00,89.00,89.00,89.00,89.00,89.00,89.00,89.00,89.00,89.00,89.00,89.00,89.00,89.00,89.00,89.00,89.00
2026-08-21 01:04:40,89.00,89.00,89.00,89.00,89.00,89.00,89.00,89.00,89.00,89.00,89.00,89.00,89.00,89.00,89.00,89.00,89.00,89.00,89.00,89.00,89.00,89.00
2026-08-21 01:14:39,89.00,89.00,89.00,89.00,89.00,89.00,89.00,89.00,89.00,89.00,89.00,89.00,89.00,89.00,89.00,89.00,89.00,89.00,89.00,89.00,89.00,89.00
2026-08-21 01:24:19,89.00,89.00,89.00,89.00,89.00,89.00,89.00,89.00,89.00,89.00,89.00,89.00,89.00,89.00,89.00,89.00,89.00,89.00,89.00,89.00,89.00,89.00
2026-08-21 01:34:34,89.00,89.00,89.00,89.00,89.00,89.00,89.00,89.00,89.00,89.00,89.00,89.00,89.00,89.00,89.00,89.00,89.00,89.00,89.00,89.00,89.00,89.00
2026-08-21 01:44:19,89.00,89.00,89.00,89.00,89.00,89.00,89.00,89.00,89.00,89.00,89.00,89.00,89.00,89.00,89.00,89.00,89.00,89.00,89.00,89.00,89.00,89.00
2026-08-21 01:54:28,89.00,89.00,89.00,89.00,89.00,89.00,89.00,89.00,89.00,89.00,89.00,89.00,89.00,89.00,89.00,89.00,89.00,89.00,89.00,89.00,89.00,89.00
2026-08-21 02:04:32,89.00,89.00,89.00,89.00,89.00,89.00,89.00,89.00,89.00,89.00,89.00,89.00,89.00,89.00,89.00,89.00,89.00,89.00,89.00,89.00,89.00,89.00
2026-08-21 02:14:19,89.00,89.00,89.00,89.00,89.00,89.00,89.00,89.00,89.00,89.00,89.00,89.00,89.00,89.00,89.00,89.00,89.00,89.00,89.00,89.00,89.00,89.00
2026-08-21 02:24:40,89.00,89.00,89.00,89.00,89.00,89.00,89.00,89.00,89.00,89.00,89.00,89.00,89.00,89.00,89.00,89.00,89.00,89.00,89.00,89.00,89.00,89.00
2026-08-21 02:34:42,89.00,89.00,89.00,89.00,89.00,89.00,89.00,89.00,89.00,89.00,89.00,89.00,89.00,89.00,89.00,89.00,89.00,89.00,89.00,89.00,89.00,89.00
2026-08-21 02:44:42,89.00,89.00,89.00,89.00,89.00,89.00,89.00,89.00,89.00,89.00,89.00,89.00,89.00,89.00,89.00,89.00,89.00,89.00,89.00,89.00,89.00,89.00
2026-08-21 02:54:40,,89.00,,89.00,,,,89.00,89.00,89.00,89.00,,,89.00,,89.00,,,89.00,,89.00,89.00
2026-08-21 03:04:40,89.00,89.00,89.00,89.00,89.00,89.00,89.00,89.00,89.00,89.00,89.00,89.00,89.00,89.00,89.00,89.00,89.00,89.00,89.00,89.00,89.00,89.00
2026-08-21 03:14:34,89.00,89.00,89.00,89.00,89.00,89.00,89.00,89.00,89.00,89.00,89.00,89.00,89.00,89.00,89.00,89.00,89.00,89.00,89.00,89.00,89.00,89.00
2026-08-21 03:24:31,89.00,89.00,89.00,89.00,89.00,89.00,89.00,89.00,89.00,89.00,89.00,89.00,89.00,89.00,89.00,89.00,89.00,89.00,89.00,89.00,89.00,89.00
2026-08-21 03:34:25,89.00,89.00,89.00,89.00,89.00,89.00,89.00,89.00,89.00,89.00,89.00,89.00,89.00,89.00,89.00,89.00,89.00,89.00,89.00,89.00,89.00,89.00
2026-08-21 03:44:30,89.00,89.00,89.00,89.00,89.00,89.00,89.00,89.00,89.00,89.00,89.00,89.00,89.00,89.00,89.00,89.00,89.00,89.00,89.00,89.00,89.00,89.00
2026-08-21 03:54:28,89.00,89.00,89.00,89.00,89.00,89.00,89.00,89.00,89.00,89.00,89.00,89.00,89.00,89.00,89.00,89.00,89.00,89.00,89.00,89.00,89.00,89.00
2026-08-21 04:04:43,89.00,89.00,89.00,89.00,89.00,89.00,89.00,89.00,89.00,89.00,89.00,89.00,89.00,89.00,89.00,89.00,89.00,89.00,89.00,89.00,89.00,89.00
2026-08-21 04:14:17,89.00,89.00,89.00,89.00,89.00,89.00,89.00,89.00,89.00,89.00,89.00,89.00,89.00,89.00,89.00,89.00,89.00,89.00,89.00,89.00,89.00,89.00
2026-08-21 04:24:20,89.00,89.00,89.00,89.00,89.00,89.00,89.00,89.00,89.00,89.00,89.00,89.00,89.00,89.00,89.00,89.00,89.00,89.00,89.00,89.00,89.00,89.00
2026-08-21 04:34:18,89.00,89.00,89.00,89.00,89.00,89.00,89.00,89.00,89.00,89.00,89.00,89.00,89.00,89.00,89.00,89.00,89.00,89.00,89.00,89.00,89.00,89.00
2026-08-21 04:44:29,89.00,89.00,89.00,89.00,89.00,89.00,89.00,89.00,89.00,89.00,89.00,89.00,89.00,89.00,89.00,89.00,89.00,89.00,89.00,89.00,89.00,89.00
2026-08-21 04:54:30,89.00,89.00,89.00,89.00,89.00,89.00,89.00,89.00,89.00,89.00,89.00,89.00,89.00,89.00,89.00,89.00,89.00,89.00,89.00,89.00,89.00,89.00
2026-08-21 05:04:39,89.00,89.00,89.00,89.00,89.00,89.00,89.00,89.00,89.00,89.00,89.00,89.00,89.00,89.00,89.00,89.00,89.00,89.00,89.00,89.00,89.00,89.00
2026-08-21 05:14:25,89.00,89.00,89.00,89.00,89.00,89.00,89.00,89.00,89.00,89.00,89.00,89.00,89.00,89.00,89.00,89.00,89.00,89.00,89.00,89.00,89.00,89.00
2026-08-21 05:24:33,89.00,89.00,89.00,89.00,89.00,89.00,89.00,89.00,89.00,89.00,89.00,89.00,89.00,89.00,89.00,89.00,89.00,89.00,89.00,89.00,89.00,89.00
2026-08-21 05:34:24,89.00,89.00,89.00,89.00,89.00,89.00,89.00,89.00,89.00,89.00,89.00,89.00,89.00,89.00,89.00,89.00,89.00,89.00,89.00,89.00,89.00,89.00
2026-08-21 05:44:20,89.00,89.00,89.00,89.00,89.00,89.00,89.00,89.00,89.00,89.00,89.00,89.00,89.00,89.00,89.00,89.00,89.00,89.00,89.00,89.00,89.00,89.00
2026-08-21 05:54:28,89.00,89.00,89.00,89.00,89.00,89.00,89.00,89.00,89.00,89.00,89.00,89.00,89.00,89.00,89.00,89.00,89.00,89.00,89.00,89.00,89.00,89.00
2026-08-21 06:04:17,89.00,89.00,89.00,89.00,89.00,89.00,89.00,89.00,89.00,89.00,89.00,89.00,89.00,89.00,89.00,89.00,89.00,89.00,89.00,89.00,89.00,89.00
2026-08-21 06:14:32,89.00,89.00,89.00,89.00,89.00,89.00,89.00,89.00,89.00,89.00,89.00,89.00,89.00,89.00,89.00,89.00,89.00,89.00,89.00,89.00,89.00,89.00
2026-08-21 06:24:18,89.00,89.00,89.00,89.00,89.00,89.00,89.00,89.00,89.00,89.00,89.00,89.00,89.00,89.00,89.00,89.00,89.00,89.00,89.00,89.00,89.00,89.00
2026-08-21 06:34:32,89.00,89.00,89.00,89.00,89.00,89.00,89.00,89.00,89.00,89.00,89.00,89.00,89.00,89.00,89.00,89.00,89.00,89.00,89.00,89.00,89.00,89.00
2026-08-21 06:44:24,89.00,89.00,89.00,89.00,89.00,89.00,89.00,89.00,89.00,89.00,89.00,89.00,89.00,89.00,89.00,89.00,89.00,89.00,89.00,89.00,89.00,89.00
2026-08-21 06:54:25,89.00,89.00,89.00,89.00,89.00,89.00,89.00,89.00,89.00,89.00,89.00,89.00,89.00,89.00,89.00,89.00,89.00,89.00,89.00,89.00,89.00,89.00
2026-08-21 07:04:48,89.00,89.00,89.00,89.00,89.00,89.00,89.00,89.00,89.00,89.00,89.00,89.00,89.00,89.00,89.00,89.00,89.00,89.00,89.00,89.00,89.00,89.00
2026-08-21 07:14:34,89.00,89.00,89.00,89.00,89.00,89.00,89.00,89.00,89.00,89.00,89.00,89.00,89.00,89.00,89.00,89.00,89.00,89.00,89.00,89.00,89.00,89.00
2026-08-21 07:24:34,89.00,89.00,89.00,89.00,89.00,89.00,89.00,89.00,89.00,89.00,89.00,89.00,89.00,89.00,89.00,89.00,89.00,89.00,89.00,89.00,89.00,89.00
2026-08-21 07:34:30,89.00,89.00,89.00,89.00,89.00,89.00,89.00,89.00,89.00,89.00,89.00,89.00,89.00,89.00,89.00,89.00,89.00,89.00,89.00,89.00,89.00,89.00
2026-08-21 07:44:10,89.00,89.00,89.00,89.00,89.00,89.00,89.00,89.00,89.00,89.00,89.00,89.00,89.00,89.00,89.00,89.00,89.00,89.00,89.00,89.00,89.00,89.00
2026-08-21 07:54:24,89.00,89.00,89.00,89.00,89.00,89.00,89.00,89.00,89.00,89.00,89.00,89.00,89.00,89.00,89.00,89.00,89.00,89.00,89.00,89.00,89.00,89.00
2026-08-21 08:04:29,89.00,89.00,89.00,89.00,89.00,89.00,89.00,89.00,89.00,89.00,89.00,89.00,89.00,89.00,89.00,89.00,89.00,89.00,89.00,89.00,89.00,89.00
2026-08-21 08:14:28,89.00,89.00,89.00,89.00,89.00,89.00,89.00,89.00,89.00,89.00,89.00,89.00,89.00,89.00,89.00,89.00,89.00,89.00,89.00,89.00,89.00,89.00
2026-08-21 08:24:27,89.00,89.00,89.00,89.00,89.00,89.00,89.00,89.00,89.00,89.00,89.00,89.00,89.00,89.00,89.00,89.00,89.00,89.00,89.00,89.00,89.00,89.00
2026-08-21 08:34:30,89.00,89.00,89.00,89.00,89.00,89.00,89.00,89.00,89.00,89.00,89.00,89.00,89.00,89.00,89.00,89.00,89.00,89.00,89.00,89.00,89.00,89.00
2026-08-21 08:44:23,89.00,89.00,89.00,89.00,89.00,89.00,89.00,89.00,89.00,89.00,89.00,89.00,89.00,89.00,89.00,89.00,89.00,89.00,89.00,89.00,89.00,89.00
2026-08-21 08:54:24,89.00,89.00,89.00,89.00,89.00,89.00,89.00,89.00,89.00,89.00,89.00,89.00,89.00,89.00,89.00,89.00,89.00,89.00,89.00,89.00,89.00,89.00
2026-08-21 09:04:23,89.00,89.00,89.00,89.00,89.00,89.00,89.00,89.00,89.00,89.00,89.00,89.00,89.00,89.00,89.00,89.00,89.00,89.00,89.00,89.00,89.00,89.00
2026-08-21 09:14:27,89.00,89.00,89.00,89.00,89.00,89.00,89.00,89.00,89.00,89.00,89.00,89.00,89.00,89.00,89.00,89.00,89.00,89.00,89.00,89.00,89.00,89.00
2026-08-21 09:24:31,89.00,89.00,89.00,89.00,89.00,89.00,89.00,89.00,89.00,89.00,89.00,89.00,89.00,89.00,89.00,89.00,89.00,89.00,89.00,89.00,89.00,89.00
2026-08-21 09:34:29,89.00,89.00,89.00,89.00,89.00,89.00,89.00,89.00,89.00,89.00,89.00,89.00,89.00,89.00,89.00,89.00,89.00,89.00,89.00,89.00,89.00,89.00
2026-08-21 09:44:29,89.00,89.00,89.00,89.00,89.00,89.00,89.00,89.00,89.00,89.00,89.00,89.00,89.00,89.00,89.00,89.00,89.00,89.00,89.00,89.00,89.00,89.00
2026-08-21 09:54:12,89.00,89.00,89.00,89.00,89.00,89.00,89.00,89.00,89.00,89.00,89.00,89.00,89.00,89.00,89.00,89.00,89.00,89.00,89.00,89.00,89.00,89.00
2026-08-21 10:04:31,89.00,89.00,89.00,89.00,89.00,89.00,89.00,89.00,89.00,89.00,89.00,89.00,89.00,89.00,89.00,89.00,89.00,89.00,89.00,89.00,89.00,89.00
2026-08-21 10:14:28,89.00,89.00,89.00,89.00,89.00,89.00,89.00,89.00,89.00,89.00,89.00,89.00,89.00,89.00,89.00,89.00,89.00,89.00,89.00,89.00,89.00,89.00
2026-08-21 10:24:29,89.00,89.00,89.00,89.00,89.00,89.00,89.00,89.00,89.00,89.00,89.00,89.00,89.00,89.00,89.00,89.00,89.00,89.00,89.00,89.00,89.00,89.00
2026-08-21 10:34:39,89.00,89.00,89.00,89.00,89.00,89.00,89.00,89.00,89.00,89.00,89.00,89.00,89.00,89.00,89.00,89.00,89.00,89.00,89.00,89.00,89.00,89.00
2026-08-21 10:44:42,89.00,,89.00,,89.00,89.00,89.00,,89.00,,,89.00,89.00,,89.00,,89.00,89.00,,89.00,,
2026-08-21 10:54:58,89.00,89.00,89.00,89.00,89.00,89.00,89.00,89.00,89.00,89.00,89.00,89.00,89.00,89.00,89.00,89.00,89.00,89.00,89.00,89.00,89.00,89.00
2026-08-21 11:04:56,89.00,89.00,89.00,89.00,89.00,89.00,89.00,89.00,89.00,89.00,89.00,89.00,89.00,89.00,89.00,89.00,89.00,89.00,89.00,89.00,89.00,89.00
2026-08-21 11:14:24,89.00,89.00,89.00,89.00,89.00,89.00,89.00,89.00,89.00,89.00,89.00,89.00,89.00,89.00,89.00,89.00,89.00,89.00,89.00,89.00,89.00,89.00
2026-08-21 11:24:29,89.00,89.00,89.00,89.00,89.00,89.00,89.00,89.00,89.00,89.00,89.00,89.00,89.00,89.00,89.00,89.00,89.00,89.00,89.00,89.00,89.00,89.00
2026-08-21 11:34:19,,89.00,,89.00,,,,89.00,89.00,89.00,89.00,,,89.00,,89.00,,,89.00,,89.00,89.00
2026-08-21 11:44:33,89.00,89.00,89.00,89.00,89.00,89.00,89.00,89.00,89.00,89.00,89.00,89.00,89.00,89.00,89.00,89.00,89.00,89.00,89.00,89.00,89.00,89.00
2026-08-21 11:54:19,89.00,89.00,89.00,89.00,89.00,89.00,89.00,89.00,89.00,89.00,89.00,89.00,89.00,89.00,89.00,89.00,89.00,89.00,89.00,89.00,89.00,89.00
2026-08-21 12:04:44,89.00,89.00,89.00,89.00,89.00,89.00,89.00,89.00,89.00,89.00,89.00,89.00,89.00,89.00,89.00,89.00,89.00,89.00,89.00,89.00,89.00,89.00
2026-08-21 12:14:32,89.00,89.00,89.00,89.00,89.00,89.00,89.00,89.00,89.00,89.00,89.00,89.00,89.00,89.00,89.00,89.00,89.00,89.00,89.00,89.00,89.00,89.00
2026-08-21 12:24:27,89.00,89.00,89.00,89.00,89.00,89.00,89.00,89.00,89.00,89.00,89.00,89.00,89.00,89.00,89.00,89.00,89.00,89.00,89.00,89.00,89.00,89.00
2026-08-21 12:34:17,89.00,89.00,89.00,89.00,89.00,89.00,89.00,89.00,89.00,89.00,89.00,89.00,89.00,89.00,89.00,89.00,89.00,89.00,89.00,89.00,89.00,89.00
2026-08-21 12:44:41,89.00,89.00,89.00,89.00,89.00,89.00,89.00,89.00,89.00,89.00,89.00,89.00,89.00,89.00,89.00,89.00,89.00,89.00,89.00,89.00,89.00,89.00
2026-08-21 12:54:12,89.00,89.00,89.00,89.00,89.00,89.00,89.00,89.00,89.00,89.00,89.00,89.00,89.00,89.00,89.00,89.00,89.00,89.00,89.00,89.00,89.00,89.00
2026-08-21 13:04:32,89.00,89.00,89.00,89.00,89.00,89.00,89.00,89.00,89.00,89.00,89.00,89.00,89.00,89.00,89.00,89.00,89.00,89.00,89.00,89.00,89.00,89.00
2026-08-21 13:14:25,89.00,89.00,89.00,89.00,89.00,89.00,89.00,89.00,89.00,89.00,89.00,89.00,89.00,89.00,89.00,89.00,89.00,89.00,89.00,89.00,89.00,89.00
2026-08-21 13:24:21,89.00,89.00,89.00,89.00,89.00,89.00,89.00,89.00,89.00,89.00,89.00,89.00,89.00,89.00,89.00,89.00,89.00,89.00,89.00,89.00,89.00,89.00
2026-08-21 13:34:36,89.00,89.00,89.00,89.00,89.00,89.00,89.00,89.00,89.00,89.00,89.00,89.00,89.00,89.00,89.00,89.00,89.00,89.00,89.00,89.00,89.00,89.00
2026-08-21 13:44:34,89.00,89.00,89.00,89.00,89.00,89.00,89.00,89.00,89.00,89.00,89.00,89.00,89.00,89.00,89.00,89.00,89.00,89.00,89.00,89.00,89.00,89.00
2026-08-21 13:54:33,89.00,89.00,89.00,89.00,89.00,89.00,89.00,89.00,89.00,89.00,89.00,89.00,89.00,89.00,89.00,89.00,89.00,89.00,89.00,89.00,89.00,89.00
2026-08-21 14:04:41,89.00,89.00,89.00,89.00,89.00,89.00,89.00,89.00,89.00,89.00,89.00,89.00,89.00,89.00,89.00,89.00,89.00,89.00,89.00,89.00,89.00,89.00
2026-08-21 14:14:28,89.00,89.00,89.00,89.00,89.00,89.00,89.00,89.00,89.00,89.00,89.00,89.00,89.00,89.00,89.00,89.00,89.00,89.00,89.00,89.00,89.00,89.00
2026-08-21 14:24:38,89.00,89.00,89.00,89.00,89.00,89.00,89.00,89.00,89.00,89.00,89.00,89.00,89.00,89.00,89.00,89.00,89.00,89.00,89.00,89.00,89.00,89.00
2026-08-21 14:34:31,89.00,89.00,89.00,89.00,89.00,89.00,89.00,89.00,89.00,89.00,89.00,89.00,89.00,89.00,89.00,89.00,89.00,89.00,89.00,89.00,89.00,89.00
2026-08-21 14:44:40,89.00,89.00,89.00,89.00,89.00,89.00,89.00,89.00,89.00,89.00,89.00,89.00,89.00,89.00,89.00,89.00,89.00,89.00,89.00,89.00,89.00,89.00
2026-08-21 14:54:18,89.00,89.00,89.00,89.00,89.00,89.00,89.00,89.00,89.00,89.00,89.00,89.00,89.00,89.00,89.00,89.00,89.00,89.00,89.00,89.00,89.00,89.00
2026-08-21 15:04:20,89.00,89.00,89.00,89.00,89.00,89.00,89.00,89.00,89.00,89.00,89.00,89.00,89.00,89.00,89.00,89.00,89.00,89.00,89.00,89.00,89.00,89.00
2026-08-21 15:14:18,89.00,89.00,89.00,89.00,89.00,89.00,89.00,89.00,89.00,89.00,89.00,89.00,89.00,89.00,89.00,89.00,89.00,89.00,89.00,89.00,89.00,89.00
2026-08-21 15:24:30,89.00,89.00,89.00,89.00,89.00,89.00,89.00,89.00,89.00,89.00,89.00,89.00,89.00,89.00,89.00,89.00,89.00,89.00,89.00,89.00,89.00,89.00
2026-08-21 15:34:31,89.00,89.00,89.00,89.00,89.00,89.00,89.00,89.00,89.00,89.00,89.00,89.00,89.00,89.00,89.00,89.00,89.00,89.00,89.00,89.00,89.00,89.00
2026-08-21 15:44:45,89.00,89.00,89.00,89.00,89.00,89.00,89.00,89.00,89.00,89.00,89.00,89.00,89.00,89.00,89.00,89.00,89.00,89.00,89.00,89.00,89.00,89.00
2026-08-21 15:54:36,89.00,89.00,89.00,89.00,89.00,89.00,89.00,89.00,89.00,89.00,89.00,89.00,89.00,89.00,89.00,89.00,89.00,89.00,89.00,89.00,89.00,89.00
2026-08-21 16:04:36,89.00,89.00,89.00,89.00,89.00,89.00,89.00,89.00,89.00,89.00,89.00,89.00,89.00,89.00,89.00,89.00,89.00,89.00,89.00,89.00,89.00,89.00
2026-08-21 16:14:44,89.00,89.00,89.00,89.00,89.00,89.00,89.00,89.00,89.00,89.00,89.00,89.00,89.00,89.00,89.00,89.00,89.00,89.00,89.00,89.00,89.00,89.00
2026-08-21 16:24:28,89.00,,89.00,,89.00,89.00,89.00,,89.00,,,89.00,89.00,,89.00,,89.00,89.00,,89.00,,
2026-08-21 16:34:31,89.00,89.00,89.00,89.00,89.00,89.00,89.00,89.00,89.00,89.00,89.00,89.00,89.00,89.00,89.00,89.00,89.00,89.00,89.00,89.00,89.00,89.00
2026-08-21 16:44:33,89.00,89.00,89.00,89.00,89.00,89.00,89.00,89.00,89.00,89.00,89.00,89.00,89.00,89.00,89.00,89.00,89.00,89.00,89.00,89.00,89.00,89.00
2026-08-21 16:54:23,89.00,89.00,89.00,89.00,89.00,89.00,89.00,89.00,89.00,89.00,89.00,89.00,89.00,89.00,89.00,89.00,89.00,89.00,89.00,89.00,89.00,89.00
2026-08-21 17:04:13,89.00,89.00,89.00,89.00,89.00,89.00,89.00,89.00,89.00,89.00,89.00,89.00,89.00,89.00,89.00,89.00,89.00,89.00,89.00,89.00,89.00,89.00
2026-08-21 17:14:33,89.00,89.00,89.00,89.00,89.00,89.00,89.00,89.00,89.00,89.00,89.00,89.00,89.00,89.00,89.00,89.00,89.00,89.00,89.00,89.00,89.00,89.00
2026-08-21 17:24:26,89.00,89.00,89.00,89.00,89.00,89.00,89.00,89.00,89.00,89.00,89.00,89.00,89.00,89.00,89.00,89.00,89.00,89.00,89.00,89.00,89.00,89.00
2026-08-21 17:34:45,89.00,89.00,89.00,89.00,89.00,89.00,89.00,89.00,89.00,89.00,89.00,89.00,89.00,89.00,89.00,89.00,89.00,89.00,89.00,89.00,89.00,89.00
2026-08-21 17:44:22,89.00,89.00,89.00,89.00,89.00,89.00,89.00,89.00,89.00,89.00,89.00,89.00,89.00,89.00,89.00,89.00,89.00,89.00,89.00,89.00,89.00,89.00
2026-08-21 17:54:51,89.00,89.00,89.00,89.00,89.00,89.00,89.00,89.00,89.00,89.00,89.00,89.00,89.00,89.00,89.00,89.00,89.00,89.00,89.00,89.00,89.00,89.00
2026-08-21 18:04:50,89.00,89.00,89.00,89.00,89.00,89.00,89.00,89.00,89.00,89.00,89.00,89.00,89.00,89.00,89.00,89.00,89.00,89.00,89.00,89.00,89.00,89.00
2026-08-21 18:14:38,89.00,89.00,89.00,89.00,89.00,89.00,89.00,89.00,89.00,89.00,89.00,89.00,89.00,89.00,89.00,89.00,89.00,89.00,89.00,89.00,89.00,89.00
2026-08-21 18:24:36,89.00,89.00,89.00,89.00,89.00,89.00,89.00,89.00,89.00,89.00,89.00,89.00,89.00,89.00,89.00,89.00,89.00,89.00,89.00,89.00,89.00,89.00
2026-08-21 18:34:39,89.00,89.00,89.00,89.00,89.00,89.00,89.00,89.00,89.00,89.00,89.00,89.00,89.00,89.00,89.00,89.00,89.00,89.00,89.00,89.00,89.00,89.00
2026-08-21 18:44:34,89.00,89.00,89.00,89.00,89.00,89.00,89.00,89.00,89.00,89.00,89.00,89.00,89.00,89.00,89.00,89.00,89.00,89.00,89.00,89.00,89.00,89.00
2026-08-21 18:54:38,89.00,89.00,89.00,89.00,89.00,89.00,89.00,89.00,89.00,89.00,89.00,89.00,89.00,89.00,89.00,89.00,89.00,89.00,89.00,89.00,89.00,89.00
2026-08-21 19:04:28,89.00,89.00,89.00,89.00,89.00,89.00,89.00,89.00,89.00,89.00,89.00,89.00,89.00,89.00,89.00,89.00,89.00,89.00,89.00,89.00,89.00,89.00
2026-08-21 19:14:31,89.00,89.00,89.00,89.00,89.00,89.00,89.00,89.00,89.00,89.00,89.00,89.00,89.00,89.00,89.00,89.00,89.00,89.00,89.00,89.00,89.00,89.00
2026-08-21 19:24:25,89.00,89.00,89.00,89.00,89.00,89.00,89.00,89.00,89.00,89.00,89.00,89.00,89.00,89.00,89.00,89.00,89.00,89.00,89.00,89.00,89.00,89.00
2026-08-21 19:34:33,89.00,89.00,89.00,89.00,89.00,89.00,89.00,89.00,89.00,89.00,89.00,89.00,89.00,89.00,89.00,89.00,89.00,89.00,89.00,89.00,89.00,89.00
2026-08-21 19:44:33,89.00,89.00,89.00,89.00,89.00,89.00,89.00,89.00,89.00,89.00,89.00,89.00,89.00,89.00,89.00,89.00,89.00,89.00,89.00,89.00,89.00,89.00
2026-08-21 19:54:33,89.00,89.00,89.00,89.00,89.00,89.00,89.00,89.00,89.00,89.00,89.00,89.00,89.00,89.00,89.00,89.00,89.00,89.00,89.00,89.00,89.00,89.00
2026-08-21 20:04:41,89.00,89.00,89.00,89.00,89.00,89.00,89.00,89.00,89.00,89.00,89.00,89.00,89.00,89.00,89.00,89.00,89.00,89.00,89.00,89.00,89.00,89.00
2026-08-21 20:14:11,89.00,89.00,89.00,89.00,89.00,89.00,89.00,89.00,89.00,89.00,89.00,89.00,89.00,89.00,89.00,89.00,89.00,89.00,89.00,89.00,89.00,89.00
2026-08-21 20:24:39,89.00,89.00,89.00,89.00,89.00,89.00,89.00,89.00,89.00,89.00,89.00,89.00,89.00,89.00,89.00,89.00,89.00,89.00,89.00,89.00,89.00,89.00
2026-08-21 20:34:39,89.00,89.00,89.00,89.00,89.00,89.00,89.00,89.00,89.00,89.00,89.00,89.00,89.00,89.00,89.00,89.00,89.00,89.00,89.00,89.00,89.00,89.00
2026-08-21 20:44:35,89.00,89.00,89.00,89.00,89.00,89.00,89.00,89.00,89.00,89.00,89.00,89.00,89.00,89.00,89.00,89.00,89.00,89.00,89.00,89.00,89.00,89.00
2026-08-21 20:54:33,89.00,89.00,89.00,89.00,89.00,89.00,89.00,89.00,89.00,89.00,89.00,89.00,89.00,89.00,89.00,89.00,89.00,89.00,89.00,89.00,89.00,89.00
2026-08-21 21:04:44,89.00,89.00,89.00,89.00,89.00,89.00,89.00,89.00,89.00,89.00,89.00,89.00,89.00,89.00,89.00,89.00,89.00,89.00,89.00,89.00,89.00,89.00
2026-08-21 21:14:43,89.00,89.00,89.00,89.00,89.00,89.00,89.00,89.00,89.00,89.00,89.00,89.00,89.00,89.00,89.00,89.00,89.00,89.00,89.00,89.00,89.00,89.00
2026-08-21 21:24:29,89.00,89.00,89.00,89.00,89.00,89.00,89.00,89.00,89.00,89.00,89.00,89.00,89.00,89.00,89.00,89.00,89.00,89.00,89.00,89.00,89.00,89.00
2026-08-21 21:34:38,89.00,89.00,89.00,89.00,89.00,89.00,89.00,89.00,89.00,89.00,89.00,89.00,89.00,89.00,89.00,89.00,89.00,89.00,89.00,89.00,89.00,89.00
2026-08-21 21:44:41,89.00,89.00,89.00,89.00,89.00,89.00,89.00,89.00,89.00,89.00,89.00,89.00,89.00,89.00,89.00,89.00,89.00,89.00,89.00,89.00,89.00,89.00
2026-08-21 21:54:39,89.00,89.00,89.00,89.00,89.00,89.00,89.00,89.00,89.00,89.00,89.00,89.00,89.00,89.00,89.00,89.00,89.00,89.00,89.00,89.00,89.00,89.00
2026-08-21 22:04:56,89.00,89.00,89.00,89.00,89.00,89.00,89.00,89.00,89.00,89.00,89.00,89.00,89.00,89.00,89.00,89.00,89.00,89.00,89.00,89.00,89.00,89.00
2026-08-21 22:14:26,89.00,89.00,89.00,89.00,89.00,89.00,89.00,89.00,89.00,89.00,89.00,89.00,89.00,89.00,89.00,89.00,89.00,89.00,89.00,89.00,89.00,89.00
2026-08-21 22:24:39,89.00,89.00,89.00,89.00,89.00,89.00,89.00,89.00,89.00,89.00,89.00,89.00,89.00,89.00,89.00,89.00,89.00,89.00,89.00,89.00,89.00,89.00
2026-08-21 22:34:25,89.00,89.00,89.00,89.00,89.00,89.00,89.00,89.00,89.00,89.00,89.00,89.00,89.00,89.00,89.00,89.00,89.00,89.00,89.00,89.00,89.00,89.00
2026-08-21 22:44:43,89.00,89.00,89.00,89.00,89.00,89.00,89.00,89.00,89.00,89.00,89.00,89.00,89.00,89.00,89.00,89.00,89.00,89.00,89.00,89.00,89.00,89.00
2026-08-21 22:54:31,89.00,89.00,89.00,89.00,89.00,89.00,89.00,89.00,89.00,89.00,89.00,89.00,89.00,89.00,89.00,89.00,89.00,89.00,89.00,89.00,89.00,89.00
2026-08-21 23:04:51,89.00,89.00,89.00,89.00,89.00,89.00,89.00,89.00,89.00,89.00,89.00,89.00,89.00,89.00,89.00,89.00,89.00,89.00,89.00,89.00,89.00,89.00
2026-08-21 23:14:34,89.00,89.00,89.00,89.00,89.00,89.00,89.00,89.00,89.00,89.00,89.00,89.00,89.00,89.00,89.00,89.00,89.00,89.00,89.00,89.00,89.00,89.00
2026-08-21 23:24:28,89.00,89.00,89.00,89.00,89.00,89.00,89.00,89.00,89.00,89.00,89.00,89.00,89.00,89.00,89.00,89.00,89.00,89.00,89.00,89.00,89.00,89.00
2026-08-21 23:34:35,89.00,89.00,89.00,89.00,89.00,89.00,89.00,89.00,89.00,89.00,89.00,89.00,89.00,89.00,89.00,89.00,89.00,89.00,89.00,89.00,89.00,89.00
2026-08-21 23:44:32,89.00,89.00,89.00,89.00,89.00,89.00,89.00,89.00,89.00,89.00,89.00,89.00,89.00,89.00,89.00,89.00,89.00,89.00,89.00,89.00,89.00,89.00
2026-08-21 23:54:30,89.00,89.00,89.00,89.00,89.00,89.00,89.00,89.00,89.00,89.00,89.00,89.00,89.00,89.00,89.00,89.00,89.00,89.00,89.00,89.00,89.00,89.00
2026-08-22 00:04:50,89.00,89.00,89.00,89.00,89.00,89.00,89.00,89.00,89.00,89.00,89.00,89.00,89.00,89.00,89.00,89.00,89.00,89.00,89.00,89.00,89.00,89.00
2026-08-22 00:14:06,89.00,89.00,89.00,89.00,89.00,89.00,89.00,89.00,89.00,89.00,89.00,89.00,89.00,89.00,89.00,89.00,89.00,89.00,89.00,89.00,89.00,89.00
2026-08-22 00:24:36,89.00,89.00,89.00,89.00,89.00,89.00,89.00,89.00,89.00,89.00,89.00,89.00,89.00,89.00,89.00,89.00,89.00,89.00,89.00,89.00,89.00,89.00
2026-08-22 00:34:44,89.00,89.00,89.00,89.00,89.00,89.00,89.00,89.00,89.00,89.00,89.00,89.00,89.00,89.00,89.00,89.00,89.00,89.00,89.00,89.00,89.00,89.00
2026-08-22 00:44:35,89.00,89.00,89.00,89.00,89.00,89.00,89.00,89.00,89.00,89.00,89.00,89.00,89.00,89.00,89.00,89.00,89.00,89.00,89.00,89.00,89.00,89.00
2026-08-22 00:54:24,89.00,89.00,89.00,89.00,89.00,89.00,89.00,89.00,89.00,89.00,89.00,89.00,89.00,89.00,89.00,89.00,89.00,89.00,89.00,89.00,89.00,89.00
2026-08-22 01:04:34,89.00,89.00,89.00,89.00,89.00,89.00,89.00,89.00,89.00,89.00,89.00,89.00,89.00,89.00,89.00,89.00,89.00,89.00,89.00,89.00,89.00,89.00
2026-08-22 01:14:33,89.00,89.00,89.00,89.00,89.00,89.00,89.00,89.00,89.00,89.00,89.00,89.00,89.00,89.00,89.00,89.00,89.00,89.00,89.00,89.00,89.00,89.00
2026-08-22 01:24:43,89.00,89.00,89.00,89.00,89.00,89.00,89.00,89.00,89.00,89.00,89.00,89.00,89.00,89.00,89.00,89.00,89.00,89.00,89.00,89.00,89.00,89.00
2026-08-22 01:34:39,89.00,89.00,89.00,89.00,89.00,89.00,89.00,89.00,89.00,89.00,89.00,89.00,89.00,89.00,89.00,89.00,89.00,89.00,89.00,89.00,89.00,89.00
2026-08-22 01:44:43,89.00,89.00,89.00,89.00,89.00,89.00,89.00,89.00,89.00,89.00,89.00,89.00,89.00,89.00,89.00,89.00,89.00,89.00,89.00,89.00,89.00,89.00
2026-08-22 01:54:39,89.00,89.00,89.00,89.00,89.00,89.00,89.00,89.00,89.00,89.00,89.00,89.00,89.00,89.00,89.00,89.00,89.00,89.00,89.00,89.00,89.00,89.00
2026-08-22 02:04:40,89.00,89.00,89.00,89.00,89.00,89.00,89.00,89.00,89.00,89.00,89.00,89.00,89.00,89.00,89.00,89.00,89.00,89.00,89.00,89.00,89.00,89.00
2026-08-22 02:14:32,89.00,89.00,89.00,89.00,89.00,89.00,89.00,89.00,89.00,89.00,89.00,89.00,89.00,89.00,89.00,89.00,89.00,89.00,89.00,89.00,89.00,89.00
2026-08-22 02:24:32,89.00,89.00,89.00,89.00,89.00,89.00,89.00,89.00,89.00,89.00,89.00,89.00,89.00,89.00,89.00,89.00,89.00,89.00,89.00,89.00,89.00,89.00
2026-08-22 02:34:46,89.00,89.00,89.00,89.00,89.00,89.00,89.00,89.00,89.00,89.00,89.00,89.00,89.00,89.00,89.00,89.00,89.00,89.00,89.00,89.00,89.00,89.00
2026-08-22 02:44:38,89.00,89.00,89.00,89.00,89.00,89.00,89.00,89.00,89.00,89.00,89.00,89.00,89.00,89.00,89.00,89.00,89.00,89.00,89.00,89.00,89.00,89.00
2026-08-22 02:54:30,89.00,89.00,89.00,89.00,89.00,89.00,89.00,89.00,89.00,89.00,89.00,89.00,89.00,89.00,89.00,89.00,89.00,89.00,89.00,89.00,89.00,89.00
2026-08-22 03:04:31,89.00,89.00,89.00,89.00,89.00,89.00,89.00,89.00,89.00,89.00,89.00,89.00,89.00,89.00,89.00,89.00,89.00,89.00,89.00,89.00,89.00,89.00
2026-08-22 03:14:44,89.00,89.00,89.00,89.00,89.00,89.00,89.00,89.00,89.00,89.00,89.00,89.00,89.00,89.00,89.00,89.00,89.00,89.00,89.00,89.00,89.00,89.00
2026-08-22 03:24:45,89.00,89.00,89.00,89.00,89.00,89.00,89.00,89.00,89.00,89.00,89.00,89.00,89.00,89.00,89.00,89.00,89.00,89.00,89.00,89.00,89.00,89.00
2026-08-22 03:34:44,89.00,89.00,89.00,89.00,89.00,89.00,89.00,89.00,89.00,89.00,89.00,89.00,89.00,89.00,89.00,89.00,89.00,89.00,89.00,89.00,89.00,89.00
2026-08-22 03:44:32,89.00,89.00,89.00,89.00,89.00,89.00,89.00,89.00,89.00,89.00,89.00,89.00,89.00,89.00,89.00,89.00,89.00,89.00,89.00,89.00,89.00,89.00
2026-08-22 03:54:44,89.00,89.00,89.00,89.00,89.00,89.00,89.00,89.00,89.00,89.00,89.00,89.00,89.00,89.00,89.00,89.00,89.00,89.00,89.00,89.00,89.00,89.00
2026-08-22 04:04:45,89.00,89.00,89.00,89.00,89.00,89.00,89.00,89.00,89.00,89.00,89.00,89.00,89.00,89.00,89.00,89.00,89.00,89.00,89.00,89.00,89.00,89.00
2026-08-22 04:14:44,89.00,89.00,89.00,89.00,89.00,89.00,89.00,89.00,89.00,89.00,89.00,89.00,89.00,89.00,89.00,89.00,89.00,89.00,89.00,89.00,89.00,89.00
2026-08-22 04:24:37,89.00,89.00,89.00,89.00,89.00,89.00,89.00,89.00,89.00,89.00,89.00,89.00,89.00,89.00,89.00,89.00,89.00,89.00,89.00,89.00,89.00,89.00
2026-08-22 04:34:40,89.00,89.00,89.00,89.00,89.00,89.00,89.00,89.00,89.00,89.00,89.00,89.00,89.00,89.00,89.00,89.00,89.00,89.00,89.00,89.00,89.00,89.00
2026-08-22 04:44:37,89.00,89.00,89.00,89.00,89.00,89.00,89.00,89.00,89.00,89.00,89.00,89.00,89.00,89.00,89.00,89.00,89.00,89.00,89.00,89.00,89.00,89.00
2026-08-22 04:54:37,89.00,89.00,89.00,89.00,89.00,89.00,89.00,89.00,89.00,89.00,89.00,89.00,89.00,89.00,89.00,89.00,89.00,89.00,89.00,89.00,89.00,89.00
2026-08-22 05:04:44,89.00,89.00,89.00,89.00,89.00,89.00,89.00,89.00,89.00,89.00,89.00,89.00,89.00,89.00,89.00,89.00,89.00,89.00,89.00,89.00,89.00,89.00
2026-08-22 05:14:44,89.00,89.00,89.00,89.00,89.00,89.00,89.00,89.00,89.00,89.00,89.00,89.00,89.00,89.00,89.00,89.00,89.00,89.00,89.00,89.00,89.00,89.00
2026-08-22 05:24:48,89.00,89.00,89.00,89.00,89.00,89.00,89.00,89.00,89.00,89.00,89.00,89.00,89.00,89.00,89.00,89.00,89.00,89.00,89.00,89.00,89.00,89.00
2026-08-22 05:34:09,89.00,89.00,89.00,89.00,89.00,89.00,89.00,89.00,89.00,89.00,89.00,89.00,89.00,89.00,89.00,89.00,89.00,89.00,89.00,89.00,89.00,89.00
2026-08-22 05:44:50,89.00,89.00,89.00,89.00,89.00,89.00,89.00,89.00,89.00,89.00,89.00,89.00,89.00,89.00,89.00,89.00,89.00,89.00,89.00,89.00,89.00,89.00
2026-08-22 05:54:16,89.00,89.00,89.00,89.00,89.00,89.00,89.00,89.00,89.00,89.00,89.00,89.00,89.00,89.00,89.00,89.00,89.00,89.00,89.00,89.00,89.00,89.00
2026-08-22 06:04:39,89.00,89.00,89.00,89.00,89.00,89.00,89.00,89.00,89.00,89.00,89.00,89.00,89.00,89.00,89.00,89.00,89.00,89.00,89.00,89.00,89.00,89.00
2026-08-22 06:14:57,89.00,89.00,89.00,89.00,89.00,89.00,89.00,89.00,89.00,89.00,89.00,89.00,89.00,89.00,89.00,89.00,89.00,89.00,89.00,89.00,89.00,89.00
2026-08-22 06:24:46,89.00,89.00,89.00,89.00,89.00,89.00,89.00,89.00,89.00,89.00,89.00,89.00,89.00,89.00,89.00,89.00,89.00,89.00,89.00,89.00,89.00,89.00
2026-08-22 06:34:43,89.00,89.00,89.00,89.00,89.00,89.00,89.00,89.00,89.00,89.00,89.00,89.00,89.00,89.00,89.00,89.00,89.00,89.00,89.00,89.00,89.00,89.00
2026-08-22 06:44:31,89.00,89.00,89.00,89.00,89.00,89.00,89.00,89.00,89.00,89.00,89.00,89.00,89.00,89.00,89.00,89.00,89.00,89.00,89.00,89.00,89.00,89.00
2026-08-22 06:54:10,89.00,89.00,89.00,89.00,89.00,89.00,89.00,89.00,89.00,89.00,89.00,89.00,89.00,89.00,89.00,89.00,89.00,89.00,89.00,89.00,89.00,89.00
2026-08-22 07:04:47,89.00,89.00,89.00,89.00,89.00,89.00,89.00,89.00,89.00,89.00,89.00,89.00,89.00,89.00,89.00,89.00,89.00,89.00,89.00,89.00,89.00,89.00
2026-08-22 07:14:43,89.00,89.00,89.00,89.00,89.00,89.00,89.00,89.00,89.00,89.00,89.00,89.00,89.00,89.00,89.00,89.00,89.00,89.00,89.00,89.00,89.00,89.00
2026-08-22 07:24:44,89.00,89.00,89.00,89.00,89.00,89.00,89.00,89.00,89.00,89.00,89.00,89.00,89.00,89.00,89.00,89.00,89.00,89.00,89.00,89.00,89.00,89.00
2026-08-22 07:34:50,89.00,89.00,89.00,89.00,89.00,89.00,89.00,89.00,89.00,89.00,89.00,89.00,89.00,89.00,89.00,89.00,89.00,89.00,89.00,89.00,89.00,89.00
2026-08-22 07:44:54,89.00,89.00,89.00,89.00,89.00,89.00,89.00,89.00,89.00,89.00,89.00,89.00,89.00,89.00,89.00,89.00,89.00,89.00,89.00,89.00,89.00,89.00
2026-08-22 07:54:44,89.00,89.00,89.00,89.00,89.00,89.00,89.00,89.00,89.00,89.00,89.00,89.00,89.00,89.00,89.00,89.00,89.00,89.00,89.00,89.00,89.00,89.00
2026-08-22 08:04:49,89.00,89.00,89.00,89.00,89.00,89.00,89.00,89.00,89.00,89.00,89.00,89.00,89.00,89.00,89.00,89.00,89.00,89.00,89.00,89.00,89.00,89.00
2026-08-22 08:14:45,89.00,89.00,89.00,89.00,89.00,89.00,89.00,89.00,89.00,89.00,89.00,89.00,89.00,89.00,89.00,89.00,89.00,89.00,89.00,89.00,89.00,89.00
2026-08-22 08:24:56,89.00,89.00,89.00,89.00,89.00,89.00,89.00,89.00,89.00,89.00,89.00,89.00,89.00,89.00,89.00,89.00,89.00,89.00,89.00,89.00,89.00,89.00
2026-08-22 08:34:51,89.00,89.00,89.00,89.00,89.00,89.00,89.00,89.00,89.00,89.00,89.00,89.00,89.00,89.00,89.00,89.00,89.00,89.00,89.00,89.00,89.00,89.00
2026-08-22 08:44:47,89.00,89.00,89.00,89.00,89.00,89.00,89.00,89.00,89.00,89.00,89.00,89.00,89.00,89.00,89.00,89.00,89.00,89.00,89.00,89.00,89.00,89.00
2026-08-22 08:54:23,89.00,89.00,89.00,89.00,89.00,89.00,89.00,89.00,89.00,89.00,89.00,89.00,89.00,89.00,89.00,89.00,89.00,89.00,89.00,89.00,89.00,89.00
2026-08-22 09:04:55,89.00,89.00,89.00,89.00,89.00,89.00,89.00,89.00,89.00,89.00,89.00,89.00,89.00,89.00,89.00,89.00,89.00,89.00,89.00,89.00,89.00,89.00
2026-08-22 09:14:27,89.00,89.00,89.00,89.00,89.00,89.00,89.00,89.00,89.00,89.00,89.00,89.00,89.00,89.00,89.00,89.00,89.00,89.00,89.00,89.00,89.00,89.00
2026-08-22 09:24:49,89.00,89.00,89.00,89.00,89.00,89.00,89.00,89.00,89.00,89.00,89.00,89.00,89.00,89.00,89.00,89.00,89.00,89.00,89.00,89.00,89.00,89.00
2026-08-22 09:34:37,89.00,89.00,89.00,89.00,89.00,89.00,89.00,89.00,89.00,89.00,89.00,89.00,89.00,89.00,89.00,89.00,89.00,89.00,89.00,89.00,89.00,89.00
2026-08-22 09:44:47,89.00,89.00,89.00,89.00,89.00,89.00,89.00,89.00,89.00,89.00,89.00,89.00,89.00,89.00,89.00,89.00,89.00,89.00,89.00,89.00,89.00,89.00
2026-08-22 09:54:19,89.00,89.00,89.00,89.00,89.00,89.00,89.00,89.00,89.00,89.00,89.00,89.00,89.00,89.00,89.00,89.00,89.00,89.00,89.00,89.00,89.00,89.00
2026-08-22 10:04:45,89.00,89.00,89.00,89.00,89.00,89.00,89.00,89.00,89.00,89.00,89.00,89.00,89.00,89.00,89.00,89.00,89.00,89.00,89.00,89.00,89.00,89.00
2026-08-22 10:24:33,89.00,89.00,89.00,89.00,89.00,89.00,89.00,89.00,89.00,89.00,89.00,89.00,89.00,89.00,89.00,89.00,89.00,89.00,89.00,89.00,89.00,89.00
2026-08-22 10:34:51,89.00,89.00,89.00,89.00,89.00,89.00,89.00,89.00,89.00,89.00,89.00,89.00,89.00,89.00,89.00,89.00,89.00,89.00,89.00,89.00,89.00,89.00
2026-08-22 10:44:50,89.00,89.00,89.00,89.00,89.00,89.00,89.00,89.00,89.00,89.00,89.00,89.00,89.00,89.00,89.00,89.00,89.00,89.00,89.00,89.00,89.00,89.00
2026-08-22 10:54:39,89.00,89.00,89.00,89.00,89.00,89.00,89.00,89.00,89.00,89.00,89.00,89.00,89.00,89.00,89.00,89.00,89.00,89.00,89.00,89.00,89.00,89.00
2026-08-22 11:04:41,89.00,89.00,89.00,89.00,89.00,89.00,89.00,89.00,89.00,89.00,89.00,89.00,89.00,89.00,89.00,89.00,89.00,89.00,89.00,89.00,89.00,89.00
2026-08-22 11:14:42,89.00,89.00,89.00,89.00,89.00,89.00,89.00,89.00,89.00,89.00,89.00,89.00,89.00,89.00,89.00,89.00,89.00,89.00,89.00,89.00,89.00,89.00
2026-08-22 11:24:39,89.00,89.00,89.00,89.00,89.00,89.00,89.00,89.00,89.00,89.00,89.00,89.00,89.00,89.00,89.00,89.00,89.00,89.00,89.00,89.00,89.00,89.00
2026-08-22 11:34:51,89.00,89.00,89.00,89.00,89.00,89.00,89.00,89.00,89.00,89.00,89.00,89.00,89.00,89.00,89.00,89.00,89.00,89.00,89.00,89.00,89.00,89.00
2026-08-22 11:44:48,89.00,89.00,89.00,89.00,89.00,89.00,89.00,89.00,89.00,89.00,89.00,89.00,89.00,89.00,89.00,89.00,89.00,89.00,89.00,89.00,89.00,89.00
2026-08-22 11:54:42,89.00,89.00,89.00,89.00,89.00,89.00,89.00,89.00,89.00,89.00,89.00,89.00,89.00,89.00,89.00,89.00,89.00,89.00,89.00,89.00,89.00,89.00
2026-08-22 12:04:53,89.00,89.00,89.00,89.00,89.00,89.00,89.00,89.00,89.00,89.00,89.00,89.00,89.00,89.00,89.00,89.00,89.00,89.00,89.00,89.00,89.00,89.00
2026-08-22 12:14:23,89.00,89.00,89.00,89.00,89.00,89.00,89.00,89.00,89.00,89.00,89.00,89.00,89.00,89.00,89.00,89.00,89.00,89.00,89.00,89.00,89.00,89.00
2026-08-22 12:24:26,89.00,89.00,89.00,89.00,89.00,89.00,89.00,89.00,89.00,89.00,89.00,89.00,89.00,89.00,89.00,89.00,89.00,89.00,89.00,89.00,89.00,89.00
2026-08-22 12:34:55,89.00,89.00,89.00,89.00,89.00,89.00,89.00,89.00,89.00,89.00,89.00,89.00,89.00,89.00,89.00,89.00,89.00,89.00,89.00,89.00,89.00,89.00
2026-08-22 12:44:42,89.00,89.00,89.00,89.00,89.00,89.00,89.00,89.00,89.00,89.00,89.00,89.00,89.00,89.00,89.00,89.00,89.00,89.00,89.00,89.00,89.00,89.00
2026-08-22 12:54:53,89.00,89.00,89.00,89.00,89.00,89.00,89.00,89.00,89.00,89.00,89.00,89.00,89.00,89.00,89.00,89.00,89.00,89.00,89.00,89.00,89.00,89.00
2026-08-22 13:04:44,89.00,89.00,89.00,89.00,89.00,89.00,89.00,89.00,89.00,89.00,89.00,89.00,89.00,89.00,89.00,89.00,89.00,89.00,89.00,89.00,89.00,89.00
2026-08-22 13:14:35,89.00,89.00,89.00,89.00,89.00,89.00,89.00,89.00,89.00,89.00,89.00,89.00,89.00,89.00,89.00,89.00,89.00,89.00,89.00,89.00,89.00,89.00
2026-08-22 13:24:46,89.00,89.00,89.00,89.00,89.00,89.00,89.00,89.00,89.00,89.00,89.00,89.00,89.00,89.00,89.00,89.00,89.00,89.00,89.00,89.00,89.00,89.00
2026-08-22 13:34:49,89.00,89.00,89.00,89.00,89.00,89.00,89.00,89.00,89.00,89.00,89.00,89.00,89.00,89.00,89.00,89.00,89.00,89.00,89.00,89.00,89.00,89.00
2026-08-22 13:44:20,89.00,89.00,89.00,89.00,89.00,89.00,89.00,89.00,89.00,89.00,89.00,89.00,89.00,89.00,89.00,89.00,89.00,89.00,89.00,89.00,89.00,89.00
2026-08-22 13:54:40,89.00,89.00,89.00,89.00,89.00,89.00,89.00,89.00,89.00,89.00,89.00,89.00,89.00,89.00,89.00,89.00,89.00,89.00,89.00,89.00,89.00,89.00
2026-08-22 14:04:50,89.00,89.00,89.00,89.00,89.00,89.00,89.00,89.00,89.00,89.00,89.00,89.00,89.00,89.00,89.00,89.00,89.00,89.00,89.00,89.00,89.00,89.00
2026-08-22 14:14:42,89.00,89.00,89.00,89.00,89.00,89.00,89.00,89.00,89.00,89.00,89.00,89.00,89.00,89.00,89.00,89.00,89.00,89.00,89.00,89.00,89.00,89.00
2026-08-22 14:24:44,89.00,89.00,89.00,89.00,89.00,89.00,89.00,89.00,89.00,89.00,89.00,89.00,89.00,89.00,89.00,89.00,89.00,89.00,89.00,89.00,89.00,89.00
2026-08-22 14:34:50,89.00,89.00,89.00,89.00,89.00,89.00,89.00,89.00,89.00,89.00,89.00,89.00,89.00,89.00,89.00,89.00,89.00,89.00,89.00,89.00,89.00,89.00
2026-08-22 14:44:45,89.00,89.00,89.00,89.00,89.00,89.00,89.00,89.00,89.00,89.00,89.00,89.00,89.00,89.00,89.00,89.00,89.00,89.00,89.00,89.00,89.00,89.00
2026-08-22 14:54:46,89.00,89.00,89.00,89.00,89.00,89.00,89.00,89.00,89.00,89.00,89.00,89.00,89.00,89.00,89.00,89.00,89.00,89.00,89.00,89.00,89.00,89.00
2026-08-22 15:04:40,89.00,89.00,89.00,89.00,89.00,89.00,89.00,89.00,89.00,89.00,89.00,89.00,89.00,89.00,89.00,89.00,89.00,89.00,89.00,89.00,89.00,89.00
2026-08-22 15:14:36,89.00,89.00,89.00,89.00,89.00,89.00,89.00,89.00,89.00,89.00,89.00,89.00,89.00,89.00,89.00,89.00,89.00,89.00,89.00,89.00,89.00,89.00
2026-08-22 15:25:03,89.00,89.00,89.00,89.00,89.00,89.00,89.00,89.00,89.00,89.00,89.00,89.00,89.00,89.00,89.00,89.00,89.00,89.00,89.00,89.00,89.00,89.00
2026-08-22 15:34:46,89.00,89.00,89.00,89.00,89.00,89.00,89.00,89.00,89.00,89.00,89.00,89.00,89.00,89.00,89.00,89.00,89.00,89.00,89.00,89.00,89.00,89.00
2026-08-22 15:45:02,89.00,89.00,89.00,89.00,89.00,89.00,89.00,89.00,89.00,89.00,89.00,89.00,89.00,89.00,89.00,89.00,89.00,89.00,89.00,89.00,89.00,89.00
2026-08-22 15:54:41,89.00,89.00,89.00,89.00,89.00,89.00,89.00,89.00,89.00,89.00,89.00,89.00,89.00,89.00,89.00,89.00,89.00,89.00,89.00,89.00,89.00,89.00
2026-08-22 16:04:49,89.00,89.00,89.00,89.00,89.00,89.00,89.00,89.00,89.00,89.00,89.00,89.00,89.00,89.00,89.00,89.00,89.00,89.00,89.00,89.00,89.00,89.00
2026-08-22 16:14:36,89.00,89.00,89.00,89.00,89.00,89.00,89.00,89.00,89.00,89.00,89.00,89.00,89.00,89.00,89.00,89.00,89.00,89.00,89.00,89.00,89.00,89.00
2026-08-22 16:24:37,89.00,89.00,89.00,89.00,89.00,89.00,89.00,89.00,89.00,89.00,89.00,89.00,89.00,89.00,89.00,89.00,89.00,89.00,89.00,89.00,89.00,89.00
2026-08-22 16:34:55,89.00,89.00,89.00,89.00,89.00,89.00,89.00,89.00,89.00,89.00,89.00,89.00,89.00,89.00,89.00,89.00,89.00,89.00,89.00,89.00,89.00,89.00
2026-08-22 16:44:21,89.00,,89.00,,89.00,89.00,89.00,,89.00,,,89.00,89.00,,89.00,,89.00,89.00,,89.00,,
2026-08-22 16:54:23,89.00,89.00,89.00,89.00,89.00,89.00,89.00,89.00,89.00,89.00,89.00,89.00,89.00,89.00,89.00,89.00,89.00,89.00,89.00,89.00,89.00,89.00
2026-08-22 17:14:29,89.00,89.00,89.00,89.00,89.00,89.00,89.00,89.00,89.00,89.00,89.00,89.00,89.00,89.00,89.00,89.00,89.00,89.00,89.00,89.00,89.00,89.00
2026-08-22 17:24:53,89.00,89.00,89.00,89.00,89.00,89.00,89.00,89.00,89.00,89.00,89.00,89.00,89.00,89.00,89.00,89.00,89.00,89.00,89.00,89.00,89.00,89.00
2026-08-22 17:34:44,89.00,89.00,89.00,89.00,89.00,89.00,89.00,89.00,89.00,89.00,89.00,89.00,89.00,89.00,89.00,89.00,89.00,89.00,89.00,89.00,89.00,89.00
2026-08-22 17:44:42,89.00,89.00,89.00,89.00,89.00,89.00,89.00,89.00,89.00,89.00,89.00,89.00,89.00,89.00,89.00,89.00,89.00,89.00,89.00,89.00,89.00,89.00
2026-08-22 17:54:57,89.00,89.00,89.00,89.00,89.00,89.00,89.00,89.00,89.00,89.00,89.00,89.00,89.00,89.00,89.00,89.00,89.00,89.00,89.00,89.00,89.00,89.00
2026-08-22 18:05:00,89.00,89.00,89.00,89.00,89.00,89.00,89.00,89.00,89.00,89.00,89.00,89.00,89.00,89.00,89.00,89.00,89.00,89.00,89.00,89.00,89.00,89.00
2026-08-22 18:14:58,89.00,89.00,89.00,89.00,89.00,89.00,89.00,89.00,89.00,89.00,89.00,89.00,89.00,89.00,89.00,89.00,89.00,89.00,89.00,89.00,89.00,89.00
2026-08-22 18:24:47,89.00,89.00,89.00,89.00,89.00,89.00,89.00,89.00,89.00,89.00,89.00,89.00,89.00,89.00,89.00,89.00,89.00,89.00,89.00,89.00,89.00,89.00
2026-08-22 18:34:51,89.00,89.00,89.00,89.00,89.00,89.00,89.00,89.00,89.00,89.00,89.00,89.00,89.00,89.00,89.00,89.00,89.00,89.00,89.00,89.00,89.00,89.00
2026-08-22 18:44:53,89.00,89.00,89.00,89.00,89.00,89.00,89.00,89.00,89.00,89.00,89.00,89.00,89.00,89.00,89.00,89.00,89.00,89.00,89.00,89.00,89.00,89.00
2026-08-22 18:54:49,89.00,89.00,89.00,89.00,89.00,89.00,89.00,89.00,89.00,89.00,89.00,89.00,89.00,89.00,89.00,89.00,89.00,89.00,89.00,89.00,89.00,89.00
2026-08-22 19:04:47,89.00,89.00,89.00,89.00,89.00,89.00,89.00,89.00,89.00,89.00,89.00,89.00,89.00,89.00,89.00,89.00,89.00,89.00,89.00,89.00,89.00,89.00
2026-08-22 19:14:56,89.00,89.00,89.00,89.00,89.00,89.00,89.00,89.00,89.00,89.00,89.00,89.00,89.00,89.00,89.00,89.00,89.00,89.00,89.00,89.00,89.00,89.00
2026-08-22 19:24:47,89.00,89.00,89.00,89.00,89.00,89.00,89.00,89.00,89.00,89.00,89.00,89.00,89.00,89.00,89.00,89.00,89.00,89.00,89.00,89.00,89.00,89.00
2026-08-22 19:34:53,89.00,89.00,89.00,89.00,89.00,89.00,89.00,89.00,89.00,89.00,89.00,89.00,89.00,89.00,89.00,89.00,89.00,89.00,89.00,89.00,89.00,89.00
2026-08-22 19:44:47,89.00,89.00,89.00,89.00,89.00,89.00,89.00,89.00,89.00,89.00,89.00,89.00,89.00,89.00,89.00,89.00,89.00,89.00,89.00,89.00,89.00,89.00
2026-08-22 19:54:41,89.00,89.00,89.00,89.00,89.00,89.00,89.00,89.00,89.00,89.00,89.00,89.00,89.00,89.00,89.00,89.00,89.00,89.00,89.00,89.00,89.00,89.00
2026-08-22 20:05:00,,89.00,,89.00,,,,89.00,89.00,89.00,89.00,,,89.00,,89.00,,,89.00,,89.00,89.00
2026-08-22 20:14:51,89.00,89.00,89.00,89.00,89.00,89.00,89.00,89.00,89.00,89.00,89.00,89.00,89.00,89.00,89.00,89.00,89.00,89.00,89.00,89.00,89.00,89.00
2026-08-22 20:25:10,,89.00,,89.00,,,,89.00,89.00,89.00,89.00,,,89.00,,89.00,,,89.00,,89.00,89.00
2026-08-22 20:34:56,89.00,89.00,89.00,89.00,89.00,89.00,89.00,89.00,89.00,89.00,89.00,89.00,89.00,89.00,89.00,89.00,89.00,89.00,89.00,89.00,89.00,89.00
2026-08-22 20:44:37,89.00,89.00,89.00,89.00,89.00,89.00,89.00,89.00,89.00,89.00,89.00,89.00,89.00,89.00,89.00,89.00,89.00,89.00,89.00,89.00,89.00,89.00
2026-08-22 20:54:54,89.00,89.00,89.00,89.00,89.00,89.00,89.00,89.00,89.00,89.00,89.00,89.00,89.00,89.00,89.00,89.00,89.00,89.00,89.00,89.00,89.00,89.00
2026-08-22 21:04:51,89.00,89.00,89.00,89.00,89.00,89.00,89.00,89.00,89.00,89.00,89.00,89.00,89.00,89.00,89.00,89.00,89.00,89.00,89.00,89.00,89.00,89.00
2026-08-22 21:14:41,89.00,89.00,89.00,89.00,89.00,89.00,89.00,89.00,89.00,89.00,89.00,89.00,89.00,89.00,89.00,89.00,89.00,89.00,89.00,89.00,89.00,89.00
2026-08-22 21:24:28,89.00,89.00,89.00,89.00,89.00,89.00,89.00,89.00,89.00,89.00,89.00,89.00,89.00,89.00,89.00,89.00,89.00,89.00,89.00,89.00,89.00,89.00
2026-08-22 21:35:03,,89.00,,89.00,,,,89.00,89.00,89.00,89.00,,,89.00,,89.00,,,89.00,,89.00,89.00
2026-08-22 21:44:40,89.00,89.00,89.00,89.00,89.00,89.00,89.00,89.00,89.00,89.00,89.00,89.00,89.00,89.00,89.00,89.00,89.00,89.00,89.00,89.00,89.00,89.00
2026-08-22 21:54:53,89.00,,89.00,,89.00,89.00,89.00,,89.00,,,89.00,89.00,,89.00,,89.00,89.00,,89.00,,
2026-08-22 22:04:47,89.00,89.00,89.00,89.00,89.00,89.00,89.00,89.00,89.00,89.00,89.00,89.00,89.00,89.00,89.00,89.00,89.00,89.00,89.00,89.00,89.00,89.00
2026-08-22 22:14:40,89.00,89.00,89.00,89.00,89.00,89.00,89.00,89.00,89.00,89.00,89.00,89.00,89.00,89.00,89.00,89.00,89.00,89.00,89.00,89.00,89.00,89.00
2026-08-22 22:24:53,89.00,89.00,89.00,89.00,89.00,89.00,89.00,89.00,89.00,89.00,89.00,89.00,89.00,89.00,89.00,89.00,89.00,89.00,89.00,89.00,89.00,89.00
2026-08-22 22:34:51,,89.00,,89.00,,,,89.00,89.00,89.00,89.00,,,89.00,,89.00,,,89.00,,89.00,89.00
2026-08-22 22:44:34,89.00,89.00,89.00,89.00,89.00,89.00,89.00,89.00,89.00,89.00,89.00,89.00,89.00,89.00,89.00,89.00,89.00,89.00,89.00,89.00,89.00,89.00
2026-08-22 22:54:36,89.00,,89.00,,89.00,89.00,89.00,,89.00,,,89.00,89.00,,89.00,,89.00,89.00,,89.00,,
2026-08-22 23:04:32,89.00,89.00,89.00,89.00,89.00,89.00,89.00,89.00,89.00,89.00,89.00,89.00,89.00,89.00,89.00,89.00,89.00,89.00,89.00,89.00,89.00,89.00
2026-08-22 23:14:50,89.00,,89.00,,89.00,89.00,89.00,,89.00,,,89.00,89.00,,89.00,,89.00,89.00,,89.00,,
2026-08-22 23:25:00,89.00,89.00,89.00,89.00,89.00,89.00,89.00,89.00,89.00,89.00,89.00,89.00,89.00,89.00,89.00,89.00,89.00,89.00,89.00,89.00,89.00,89.00
2026-08-22 23:34:57,,89.00,,89.00,,,,89.00,89.00,89.00,89.00,,,89.00,,89.00,,,89.00,,89.00,89.00
2026-08-22 23:44:55,89.00,89.00,89.00,89.00,89.00,89.00,89.00,89.00,89.00,89.00,89.00,89.00,89.00,89.00,89.00,89.00,89.00,89.00,89.00,89.00,89.00,89.00
2026-08-22 23:54:22,89.00,89.00,89.00,89.00,89.00,89.00,89.00,89.00,89.00,89.00,89.00,89.00,89.00,89.00,89.00,89.00,89.00,89.00,89.00,89.00,89.00,89.00
2026-08-23 00:05:03,,89.00,,89.00,,,,89.00,89.00,89.00,89.00,,,89.00,,89.00,,,89.00,,89.00,89.00
2026-08-23 00:14:50,89.00,89.00,89.00,89.00,89.00,89.00,89.00,89.00,89.00,89.00,89.00,89.00,89.00,89.00,89.00,89.00,89.00,89.00,89.00,89.00,89.00,89.00
2026-08-23 00:24:46,89.00,89.00,89.00,89.00,89.00,89.00,89.00,89.00,89.00,89.00,89.00,89.00,89.00,89.00,89.00,89.00,89.00,89.00,89.00,89.00,89.00,89.00
2026-08-23 00:34:36,89.00,89.00,89.00,89.00,89.00,89.00,89.00,89.00,89.00,89.00,89.00,89.00,89.00,89.00,89.00,89.00,89.00,89.00,89.00,89.00,89.00,89.00
2026-08-23 00:44:58,89.00,89.00,89.00,89.00,89.00,89.00,89.00,89.00,89.00,89.00,89.00,89.00,89.00,89.00,89.00,89.00,89.00,89.00,89.00,89.00,89.00,89.00
2026-08-23 01:05:13,89.00,89.00,89.00,89.00,89.00,89.00,89.00,89.00,89.00,89.00,89.00,89.00,89.00,89.00,89.00,89.00,89.00,89.00,89.00,89.00,89.00,89.00
2026-08-23 01:14:53,89.00,89.00,89.00,89.00,89.00,89.00,89.00,89.00,89.00,89.00,89.00,89.00,89.00,89.00,89.00,89.00,89.00,89.00,89.00,89.00,89.00,89.00
2026-08-23 01:25:15,89.00,89.00,89.00,89.00,89.00,89.00,89.00,89.00,89.00,89.00,89.00,89.00,89.00,89.00,89.00,89.00,89.00,89.00,89.00,89.00,89.00,89.00
2026-08-23 01:35:05,89.00,89.00,89.00,89.00,89.00,89.00,89.00,89.00,89.00,89.00,89.00,89.00,89.00,89.00,89.00,89.00,89.00,89.00,89.00,89.00,89.00,89.00
2026-08-23 01:44:50,,89.00,,89.00,,,,89.00,89.00,89.00,89.00,,,89.00,,89.00,,,89.00,,89.00,89.00
2026-08-23 01:55:02,89.00,89.00,89.00,89.00,89.00,89.00,89.00,89.00,89.00,89.00,89.00,89.00,89.00,89.00,89.00,89.00,89.00,89.00,89.00,89.00,89.00,89.00
2026-08-23 02:05:10,89.00,89.00,89.00,89.00,89.00,89.00,89.00,89.00,89.00,89.00,89.00,89.00,89.00,89.00,89.00,89.00,89.00,89.00,89.00,89.00,89.00,89.00
2026-08-23 02:14:19,89.00,89.00,89.00,89.00,89.00,89.00,89.00,89.00,89.00,89.00,89.00,89.00,89.00,89.00,89.00,89.00,89.00,89.00,89.00,89.00,89.00,89.00
2026-08-23 02:24:45,89.00,89.00,89.00,89.00,89.00,89.00,89.00,89.00,89.00,89.00,89.00,89.00,89.00,89.00,89.00,89.00,89.00,89.00,89.00,89.00,89.00,89.00
2026-08-23 02:35:08,89.00,89.00,89.00,89.00,89.00,89.00,89.00,89.00,89.00,89.00,89.00,89.00,89.00,89.00,89.00,89.00,89.00,89.00,89.00,89.00,89.00,89.00
2026-08-23 02:44:53,89.00,89.00,89.00,89.00,89.00,89.00,89.00,89.00,89.00,89.00,89.00,89.00,89.00,89.00,89.00,89.00,89.00,89.00,89.00,89.00,89.00,89.00
2026-08-23 02:54:39,89.00,89.00,89.00,89.00,89.00,89.00,89.00,89.00,89.00,89.00,89.00,89.00,89.00,89.00,89.00,89.00,89.00,89.00,89.00,89.00,89.00,89.00
2026-08-23 03:05:10,89.00,89.00,89.00,89.00,89.00,89.00,89.00,89.00,89.00,89.00,89.00,89.00,89.00,89.00,89.00,89.00,89.00,89.00,89.00,89.00,89.00,89.00
2026-08-23 03:15:01,89.00,89.00,89.00,89.00,89.00,89.00,89.00,89.00,89.00,89.00,89.00,89.00,89.00,89.00,89.00,89.00,89.00,89.00,89.00,89.00,89.00,89.00
2026-08-23 03:25:00,89.00,89.00,89.00,89.00,89.00,89.00,89.00,89.00,89.00,89.00,89.00,89.00,89.00,89.00,89.00,89.00,89.00,89.00,89.00,89.00,89.00,89.00
2026-08-23 03:34:46,89.00,89.00,89.00,89.00,89.00,89.00,89.00,89.00,89.00,89.00,89.00,89.00,89.00,89.00,89.00,89.00,89.00,89.00,89.00,89.00,89.00,89.00
2026-08-23 03:44:32,89.00,89.00,89.00,89.00,89.00,89.00,89.00,89.00,89.00,89.00,89.00,89.00,89.00,89.00,89.00,89.00,89.00,89.00,89.00,89.00,89.00,89.00
2026-08-23 03:54:58,89.00,89.00,89.00,89.00,89.00,89.00,89.00,89.00,89.00,89.00,89.00,89.00,89.00,89.00,89.00,89.00,89.00,89.00,89.00,89.00,89.00,89.00
2026-08-23 04:05:01,89.00,89.00,89.00,89.00,89.00,89.00,89.00,89.00,89.00,89.00,89.00,89.00,89.00,89.00,89.00,89.00,89.00,89.00,89.00,89.00,89.00,89.00
2026-08-23 04:14:57,89.00,89.00,89.00,89.00,89.00,89.00,89.00,89.00,89.00,89.00,89.00,89.00,89.00,89.00,89.00,89.00,89.00,89.00,89.00,89.00,89.00,89.00
2026-08-23 04:24:41,89.00,89.00,89.00,89.00,89.00,89.00,89.00,89.00,89.00,89.00,89.00,89.00,89.00,89.00,89.00,89.00,89.00,89.00,89.00,89.00,89.00,89.00
2026-08-23 04:35:07,89.00,89.00,89.00,89.00,89.00,89.00,89.00,89.00,89.00,89.00,89.00,89.00,89.00,89.00,89.00,89.00,89.00,89.00,89.00,89.00,89.00,89.00
2026-08-23 04:44:24,89.00,89.00,89.00,89.00,89.00,89.00,89.00,89.00,89.00,89.00,89.00,89.00,89.00,89.00,89.00,89.00,89.00,89.00,89.00,89.00,89.00,89.00
2026-08-23 04:55:04,89.00,,89.00,,89.00,89.00,89.00,,89.00,,,89.00,89.00,,89.00,,89.00,89.00,,89.00,,
2026-08-23 05:05:00,89.00,89.00,89.00,89.00,89.00,89.00,89.00,89.00,89.00,89.00,89.00,89.00,89.00,89.00,89.00,89.00,89.00,89.00,89.00,89.00,89.00,89.00
2026-08-23 05:14:59,89.00,89.00,89.00,89.00,89.00,89.00,89.00,89.00,89.00,89.00,89.00,89.00,89.00,89.00,89.00,89.00,89.00,89.00,89.00,89.00,89.00,89.00
2026-08-23 05:24:51,89.00,89.00,89.00,89.00,89.00,89.00,89.00,89.00,89.00,89.00,89.00,89.00,89.00,89.00,89.00,89.00,89.00,89.00,89.00,89.00,89.00,89.00
2026-08-23 05:35:06,89.00,89.00,89.00,89.00,89.00,89.00,89.00,89.00,89.00,89.00,89.00,89.00,89.00,89.00,89.00,89.00,89.00,89.00,89.00,89.00,89.00,89.00
2026-08-23 05:45:05,89.00,89.00,89.00,89.00,89.00,89.00,89.00,89.00,89.00,89.00,89.00,89.00,89.00,89.00,89.00,89.00,89.00,89.00,89.00,89.00,89.00,89.00
2026-08-23 05:55:01,89.00,89.00,89.00,89.00,89.00,89.00,89.00,89.00,89.00,89.00,89.00,89.00,89.00,89.00,89.00,89.00,89.00,89.00,89.00,89.00,89.00,89.00
2026-08-23 06:05:09,89.00,89.00,89.00,89.00,89.00,89.00,89.00,89.00,89.00,89.00,89.00,89.00,89.00,89.00,89.00,89.00,89.00,89.00,89.00,89.00,89.00,89.00
2026-08-23 06:14:54,89.00,89.00,89.00,89.00,89.00,89.00,89.00,89.00,89.00,89.00,89.00,89.00,89.00,89.00,89.00,89.00,89.00,89.00,89.00,89.00,89.00,89.00
2026-08-23 06:25:30,89.00,89.00,89.00,89.00,89.00,89.00,89.00,89.00,89.00,89.00,89.00,89.00,89.00,89.00,89.00,89.00,89.00,89.00,89.00,89.00,89.00,89.00
2026-08-23 06:34:53,89.00,89.00,89.00,89.00,89.00,89.00,89.00,89.00,89.00,89.00,89.00,89.00,89.00,89.00,89.00,89.00,89.00,89.00,89.00,89.00,89.00,89.00
2026-08-23 06:44:50,89.00,89.00,89.00,89.00,89.00,89.00,89.00,89.00,89.00,89.00,89.00,89.00,89.00,89.00,89.00,89.00,89.00,89.00,89.00,89.00,89.00,89.00
2026-08-23 06:54:57,89.00,89.00,89.00,89.00,89.00,89.00,89.00,89.00,89.00,89.00,89.00,89.00,89.00,89.00,89.00,89.00,89.00,89.00,89.00,89.00,89.00,89.00
2026-08-23 07:05:08,89.00,89.00,89.00,89.00,89.00,89.00,89.00,89.00,89.00,89.00,89.00,89.00,89.00,89.00,89.00,89.00,89.00,89.00,89.00,89.00,89.00,89.00
2026-08-23 07:15:01,89.00,89.00,89.00,89.00,89.00,89.00,89.00,89.00,89.00,89.00,89.00,89.00,89.00,89.00,89.00,89.00,89.00,89.00,89.00,89.00,89.00,89.00
2026-08-23 07:24:58,89.00,89.00,89.00,89.00,89.00,89.00,89.00,89.00,89.00,89.00,89.00,89.00,89.00,89.00,89.00,89.00,89.00,89.00,89.00,89.00,89.00,89.00
2026-08-23 07:34:48,89.00,89.00,89.00,89.00,89.00,89.00,89.00,89.00,89.00,89.00,89.00,89.00,89.00,89.00,89.00,89.00,89.00,89.00,89.00,89.00,89.00,89.00
2026-08-23 07:45:26,89.00,89.00,89.00,89.00,89.00,89.00,89.00,89.00,89.00,89.00,89.00,89.00,89.00,89.00,89.00,89.00,89.00,89.00,89.00,89.00,89.00,89.00
2026-08-23 07:54:44,89.00,,89.00,,89.00,89.00,89.00,,89.00,,,89.00,89.00,,89.00,,89.00,89.00,,89.00,,
2026-08-23 08:05:14,89.00,89.00,89.00,89.00,89.00,89.00,89.00,89.00,89.00,89.00,89.00,89.00,89.00,89.00,89.00,89.00,89.00,89.00,89.00,89.00,89.00,89.00
2026-08-23 08:15:15,89.00,89.00,89.00,89.00,89.00,89.00,89.00,89.00,89.00,89.00,89.00,89.00,89.00,89.00,89.00,89.00,89.00,89.00,89.00,89.00,89.00,89.00
2026-08-23 08:24:46,89.00,89.00,89.00,89.00,89.00,89.00,89.00,89.00,89.00,89.00,89.00,89.00,89.00,89.00,89.00,89.00,89.00,89.00,89.00,89.00,89.00,89.00
2026-08-23 08:35:01,89.00,89.00,89.00,89.00,89.00,89.00,89.00,89.00,89.00,89.00,89.00,89.00,89.00,89.00,89.00,89.00,89.00,89.00,89.00,89.00,89.00,89.00
2026-08-23 08:44:34,89.00,89.00,89.00,89.00,89.00,89.00,89.00,89.00,89.00,89.00,89.00,89.00,89.00,89.00,89.00,89.00,89.00,89.00,89.00,89.00,89.00,89.00
2026-08-23 08:55:00,89.00,89.00,89.00,89.00,89.00,89.00,89.00,89.00,89.00,89.00,89.00,89.00,89.00,89.00,89.00,89.00,89.00,89.00,89.00,89.00,89.00,89.00
2026-08-23 09:05:14,89.00,89.00,89.00,89.00,89.00,89.00,89.00,89.00,89.00,89.00,89.00,89.00,89.00,89.00,89.00,89.00,89.00,89.00,89.00,89.00,89.00,89.00
2026-08-23 09:15:04,89.00,89.00,89.00,89.00,89.00,89.00,89.00,89.00,89.00,89.00,89.00,89.00,89.00,89.00,89.00,89.00,89.00,89.00,89.00,89.00,89.00,89.00
2026-08-23 09:25:02,89.00,89.00,89.00,89.00,89.00,89.00,89.00,89.00,89.00,89.00,89.00,89.00,89.00,89.00,89.00,89.00,89.00,89.00,89.00,89.00,89.00,89.00
2026-08-23 09:34:26,89.00,89.00,89.00,89.00,89.00,89.00,89.00,89.00,89.00,89.00,89.00,89.00,89.00,89.00,89.00,89.00,89.00,89.00,89.00,89.00,89.00,89.00
2026-08-23 09:45:06,89.00,89.00,89.00,89.00,89.00,89.00,89.00,89.00,89.00,89.00,89.00,89.00,89.00,89.00,89.00,89.00,89.00,89.00,89.00,89.00,89.00,89.00
2026-08-23 09:54:29,89.00,89.00,89.00,89.00,89.00,89.00,89.00,89.00,89.00,89.00,89.00,89.00,89.00,89.00,89.00,89.00,89.00,89.00,89.00,89.00,89.00,89.00
2026-08-23 10:05:18,89.00,89.00,89.00,89.00,89.00,89.00,89.00,89.00,89.00,89.00,89.00,89.00,89.00,89.00,89.00,89.00,89.00,89.00,89.00,89.00,89.00,89.00
2026-08-23 10:15:15,89.00,89.00,89.00,89.00,89.00,89.00,89.00,89.00,89.00,89.00,89.00,89.00,89.00,89.00,89.00,89.00,89.00,89.00,89.00,89.00,89.00,89.00
2026-08-23 10:25:07,89.00,89.00,89.00,89.00,89.00,89.00,89.00,89.00,89.00,89.00,89.00,89.00,89.00,89.00,89.00,89.00,89.00,89.00,89.00,89.00,89.00,89.00
2026-08-23 10:35:15,89.00,89.00,89.00,89.00,89.00,89.00,89.00,89.00,89.00,89.00,89.00,89.00,89.00,89.00,89.00,89.00,89.00,89.00,89.00,89.00,89.00,89.00
2026-08-23 10:45:08,89.00,89.00,89.00,89.00,89.00,89.00,89.00,89.00,89.00,89.00,89.00,89.00,89.00,89.00,89.00,89.00,89.00,89.00,89.00,89.00,89.00,89.00
2026-08-23 10:55:07,89.00,89.00,89.00,89.00,89.00,89.00,89.00,89.00,89.00,89.00,89.00,89.00,89.00,89.00,89.00,89.00,89.00,89.00,89.00,89.00,89.00,89.00
2026-08-23 11:04:37,89.00,89.00,89.00,89.00,89.00,89.00,89.00,89.00,89.00,89.00,89.00,89.00,89.00,89.00,89.00,89.00,89.00,89.00,89.00,89.00,89.00,89.00
2026-08-23 11:15:03,89.00,89.00,89.00,89.00,89.00,89.00,89.00,89.00,89.00,89.00,89.00,89.00,89.00,89.00,89.00,89.00,89.00,89.00,89.00,89.00,89.00,89.00
2026-08-23 11:24:55,89.00,89.00,89.00,89.00,89.00,89.00,89.00,89.00,89.00,89.00,89.00,89.00,89.00,89.00,89.00,89.00,89.00,89.00,89.00,89.00,89.00,89.00
2026-08-23 11:35:24,89.00,89.00,89.00,89.00,89.00,89.00,89.00,89.00,89.00,89.00,89.00,89.00,89.00,89.00,89.00,89.00,89.00,89.00,89.00,89.00,89.00,89.00
2026-08-23 11:44:58,89.00,89.00,89.00,89.00,89.00,89.00,89.00,89.00,89.00,89.00,89.00,89.00,89.00,89.00,89.00,89.00,89.00,89.00,89.00,89.00,89.00,89.00
2026-08-23 11:54:47,89.00,89.00,89.00,89.00,89.00,89.00,89.00,89.00,89.00,89.00,89.00,89.00,89.00,89.00,89.00,89.00,89.00,89.00,89.00,89.00,89.00,89.00
2026-08-23 12:05:05,89.00,89.00,89.00,89.00,89.00,89.00,89.00,89.00,89.00,89.00,89.00,89.00,89.00,89.00,89.00,89.00,89.00,89.00,89.00,89.00,89.00,89.00
2026-08-23 12:15:16,89.00,89.00,89.00,89.00,89.00,89.00,89.00,89.00,89.00,89.00,89.00,89.00,89.00,89.00,89.00,89.00,89.00,89.00,89.00,89.00,89.00,89.00
2026-08-23 12:24:54,89.00,89.00,89.00,89.00,89.00,89.00,89.00,89.00,89.00,89.00,89.00,89.00,89.00,89.00,89.00,89.00,89.00,89.00,89.00,89.00,89.00,89.00
2026-08-23 12:34:35,89.00,89.00,89.00,89.00,89.00,89.00,89.00,89.00,89.00,89.00,89.00,89.00,89.00,89.00,89.00,89.00,89.00,89.00,89.00,89.00,89.00,89.00
2026-08-23 12:45:07,89.00,89.00,89.00,89.00,89.00,89.00,89.00,89.00,89.00,89.00,89.00,89.00,89.00,89.00,89.00,89.00,89.00,89.00,89.00,89.00,89.00,89.00
2026-08-23 12:55:12,,89.00,,89.00,,,,89.00,89.00,89.00,89.00,,,89.00,,89.00,,,89.00,,89.00,89.00
2026-08-23 13:04:43,89.00,89.00,89.00,89.00,89.00,89.00,89.00,89.00,89.00,89.00,89.00,89.00,89.00,89.00,89.00,89.00,89.00,89.00,89.00,89.00,89.00,89.00
2026-08-23 13:15:08,89.00,89.00,89.00,89.00,89.00,89.00,89.00,89.00,89.00,89.00,89.00,89.00,89.00,89.00,89.00,89.00,89.00,89.00,89.00,89.00,89.00,89.00
2026-08-23 13:24:30,89.00,89.00,89.00,89.00,89.00,89.00,89.00,89.00,89.00,89.00,89.00,89.00,89.00,89.00,89.00,89.00,89.00,89.00,89.00,89.00,89.00,89.00
2026-08-23 13:35:04,89.00,89.00,89.00,89.00,89.00,89.00,89.00,89.00,89.00,89.00,89.00,89.00,89.00,89.00,89.00,89.00,89.00,89.00,89.00,89.00,89.00,89.00
2026-08-23 13:45:09,89.00,89.00,89.00,89.00,89.00,89.00,89.00,89.00,89.00,89.00,89.00,89.00,89.00,89.00,89.00,89.00,89.00,89.00,89.00,89.00,89.00,89.00
2026-08-23 13:55:12,89.00,89.00,89.00,89.00,89.00,89.00,89.00,89.00,89.00,89.00,89.00,89.00,89.00,89.00,89.00,89.00,89.00,89.00,89.00,89.00,89.00,89.00
2026-08-23 14:05:00,89.00,89.00,89.00,89.00,89.00,89.00,89.00,89.00,89.00,89.00,89.00,89.00,89.00,89.00,89.00,89.00,89.00,89.00,89.00,89.00,89.00,89.00
2026-08-23 14:14:25,,89.00,,89.00,,,,89.00,89.00,89.00,89.00,,,89.00,,89.00,,,89.00,,89.00,89.00
2026-08-23 14:24:46,,89.00,,89.00,,,,89.00,89.00,89.00,89.00,,,89.00,,89.00,,,89.00,,89.00,89.00
2026-08-23 14:34:51,89.00,89.00,89.00,89.00,89.00,89.00,89.00,89.00,89.00,89.00,89.00,89.00,89.00,89.00,89.00,89.00,89.00,89.00,89.00,89.00,89.00,89.00
2026-08-23 14:45:08,,89.00,,89.00,,,,89.00,89.00,89.00,89.00,,,89.00,,89.00,,,89.00,,89.00,89.00
2026-08-23 14:54:52,89.00,89.00,89.00,89.00,89.00,89.00,89.00,89.00,89.00,89.00,89.00,89.00,89.00,89.00,89.00,89.00,89.00,89.00,89.00,89.00,89.00,89.00
2026-08-23 15:04:56,89.00,89.00,89.00,89.00,89.00,89.00,89.00,89.00,89.00,89.00,89.00,89.00,89.00,89.00,89.00,89.00,89.00,89.00,89.00,89.00,89.00,89.00
2026-08-23 15:14:44,89.00,89.00,89.00,89.00,89.00,89.00,89.00,89.00,89.00,89.00,89.00,89.00,89.00,89.00,89.00,89.00,89.00,89.00,89.00,89.00,89.00,89.00
2026-08-23 15:24:56,89.00,89.00,89.00,89.00,89.00,89.00,89.00,89.00,89.00,89.00,89.00,89.00,89.00,89.00,89.00,89.00,89.00,89.00,89.00,89.00,89.00,89.00
2026-08-23 15:34:26,89.00,89.00,89.00,89.00,89.00,89.00,89.00,89.00,89.00,89.00,89.00,89.00,89.00,89.00,89.00,89.00,89.00,89.00,89.00,89.00,89.00,89.00
2026-08-23 15:44:47,89.00,89.00,89.00,89.00,89.00,89.00,89.00,89.00,89.00,89.00,89.00,89.00,89.00,89.00,89.00,89.00,89.00,89.00,89.00,89.00,89.00,89.00
2026-08-23 15:54:41,89.00,89.00,89.00,89.00,89.00,89.00,89.00,89.00,89.00,89.00,89.00,89.00,89.00,89.00,89.00,89.00,89.00,89.00,89.00,89.00,89.00,89.00
2026-08-23 16:04:55,89.00,89.00,89.00,89.00,89.00,89.00,89.00,89.00,89.00,89.00,89.00,89.00,89.00,89.00,89.00,89.00,89.00,89.00,89.00,89.00,89.00,89.00
2026-08-23 16:14:55,89.00,89.00,89.00,89.00,89.00,89.00,89.00,89.00,89.00,89.00,89.00,89.00,89.00,89.00,89.00,89.00,89.00,89.00,89.00,89.00,89.00,89.00
2026-08-23 16:25:36,89.00,89.00,89.00,89.00,89.00,89.00,89.00,89.00,89.00,89.00,89.00,89.00,89.00,89.00,89.00,89.00,89.00,89.00,89.00,89.00,89.00,89.00
2026-08-23 16:34:28,,89.00,,89.00,,,,89.00,89.00,89.00,89.00,,,89.00,,89.00,,,89.00,,89.00,89.00
2026-08-23 16:45:28,89.00,89.00,89.00,89.00,89.00,89.00,89.00,89.00,89.00,89.00,89.00,89.00,89.00,89.00,89.00,89.00,89.00,89.00,89.00,89.00,89.00,89.00
2026-08-23 16:55:37,89.00,89.00,89.00,89.00,89.00,89.00,89.00,89.00,89.00,89.00,89.00,89.00,89.00,89.00,89.00,89.00,89.00,89.00,89.00,89.00,89.00,89.00
2026-08-23 17:05:23,89.00,89.00,89.00,89.00,89.00,89.00,89.00,89.00,89.00,89.00,89.00,89.00,89.00,89.00,89.00,89.00,89.00,89.00,89.00,89.00,89.00,89.00
2026-08-23 17:16:05,89.00,89.00,89.00,89.00,89.00,89.00,89.00,89.00,89.00,89.00,89.00,89.00,89.00,89.00,89.00,89.00,89.00,89.00,89.00,89.00,89.00,89.00
2026-08-23 17:25:16,89.00,89.00,89.00,89.00,89.00,89.00,89.00,89.00,89.00,89.00,89.00,89.00,89.00,89.00,89.00,89.00,89.00,89.00,89.00,89.00,89.00,89.00
2026-08-23 17:35:35,89.00,89.00,89.00,89.00,89.00,89.00,89.00,89.00,89.00,89.00,89.00,89.00,89.00,89.00,89.00,89.00,89.00,89.00,89.00,89.00,89.00,89.00
2026-08-23 17:44:59,89.00,89.00,89.00,89.00,89.00,89.00,89.00,89.00,89.00,89.00,89.00,89.00,89.00,89.00,89.00,89.00,89.00,89.00,89.00,89.00,89.00,89.00
2026-08-23 17:55:36,89.00,89.00,89.00,89.00,89.00,89.00,89.00,89.00,89.00,89.00,89.00,89.00,89.00,89.00,89.00,89.00,89.00,89.00,89.00,89.00,89.00,89.00
2026-08-23 18:05:34,89.00,89.00,89.00,89.00,89.00,89.00,89.00,89.00,89.00,89.00,89.00,89.00,89.00,89.00,89.00,89.00,89.00,89.00,89.00,89.00,89.00,89.00
2026-08-23 18:15:06,89.00,89.00,89.00,89.00,89.00,89.00,89.00,89.00,89.00,89.00,89.00,89.00,89.00,89.00,89.00,89.00,89.00,89.00,89.00,89.00,89.00,89.00
2026-08-23 18:25:10,89.00,89.00,89.00,89.00,89.00,89.00,89.00,89.00,89.00,89.00,89.00,89.00,89.00,89.00,89.00,89.00,89.00,89.00,89.00,89.00,89.00,89.00
2026-08-23 18:35:33,89.00,89.00,89.00,89.00,89.00,89.00,89.00,89.00,89.00,89.00,89.00,89.00,89.00,89.00,89.00,89.00,89.00,89.00,89.00,89.00,89.00,89.00
2026-08-23 18:45:23,89.00,89.00,89.00,89.00,89.00,89.00,89.00,89.00,89.00,89.00,89.00,89.00,89.00,89.00,89.00,89.00,89.00,89.00,89.00,89.00,89.00,89.00
2026-08-23 18:55:38,89.00,89.00,89.00,89.00,89.00,89.00,89.00,89.00,89.00,89.00,89.00,89.00,89.00,89.00,89.00,89.00,89.00,89.00,89.00,89.00,89.00,89.00
2026-08-23 19:05:49,89.00,89.00,89.00,89.00,89.00,89.00,89.00,89.00,89.00,89.00,89.00,89.00,89.00,89.00,89.00,89.00,89.00,89.00,89.00,89.00,89.00,89.00
2026-08-23 19:15:06,89.00,89.00,89.00,89.00,89.00,89.00,89.00,89.00,89.00,89.00,89.00,89.00,89.00,89.00,89.00,89.00,89.00,89.00,89.00,89.00,89.00,89.00
2026-08-23 19:25:12,89.00,89.00,89.00,89.00,89.00,89.00,89.00,89.00,89.00,89.00,89.00,89.00,89.00,89.00,89.00,89.00,89.00,89.00,89.00,89.00,89.00,89.00
2026-08-23 19:35:29,,89.00,,89.00,,,,89.00,89.00,89.00,89.00,,,89.00,,89.00,,,89.00,,89.00,89.00
2026-08-23 19:44:39,89.00,89.00,89.00,89.00,89.00,89.00,89.00,89.00,89.00,89.00,89.00,89.00,89.00,89.00,89.00,89.00,89.00,89.00,89.00,89.00,89.00,89.00
2026-08-23 19:55:07,89.00,89.00,89.00,89.00,89.00,89.00,89.00,89.00,89.00,89.00,89.00,89.00,89.00,89.00,89.00,89.00,89.00,89.00,89.00,89.00,89.00,89.00
2026-08-23 20:05:39,89.00,89.00,89.00,89.00,89.00,89.00,89.00,89.00,89.00,89.00,89.00,89.00,89.00,89.00,89.00,89.00,89.00,89.00,89.00,89.00,89.00,89.00
2026-08-23 20:15:26,89.00,89.00,89.00,89.00,89.00,89.00,89.00,89.00,89.00,89.00,89.00,89.00,89.00,89.00,89.00,89.00,89.00,89.00,89.00,89.00,89.00,89.00
2026-08-23 20:25:16,89.00,89.00,89.00,89.00,89.00,89.00,89.00,89.00,89.00,89.00,89.00,89.00,89.00,89.00,89.00,89.00,89.00,89.00,89.00,89.00,89.00,89.00
2026-08-23 20:35:29,89.00,89.00,89.00,89.00,89.00,89.00,89.00,89.00,89.00,89.00,89.00,89.00,89.00,89.00,89.00,89.00,89.00,89.00,89.00,89.00,89.00,89.00
2026-08-23 20:45:17,89.00,89.00,89.00,89.00,89.00,89.00,89.00,89.00,89.00,89.00,89.00,89.00,89.00,89.00,89.00,89.00,89.00,89.00,89.00,89.00,89.00,89.00
2026-08-23 20:55:30,89.00,89.00,89.00,89.00,89.00,89.00,89.00,89.00,89.00,89.00,89.00,89.00,89.00,89.00,89.00,89.00,89.00,89.00,89.00,89.00,89.00,89.00
2026-08-23 21:05:26,89.00,89.00,89.00,89.00,89.00,89.00,89.00,89.00,89.00,89.00,89.00,89.00,89.00,89.00,89.00,89.00,89.00,89.00,89.00,89.00,89.00,89.00
2026-08-23 21:15:35,89.00,89.00,89.00,89.00,89.00,89.00,89.00,89.00,89.00,89.00,89.00,89.00,89.00,89.00,89.00,89.00,89.00,89.00,89.00,89.00,89.00,89.00
2026-08-23 21:25:26,89.00,89.00,89.00,89.00,89.00,89.00,89.00,89.00,89.00,89.00,89.00,89.00,89.00,89.00,89.00,89.00,89.00,89.00,89.00,89.00,89.00,89.00
2026-08-23 21:35:26,89.00,89.00,89.00,89.00,89.00,89.00,89.00,89.00,89.00,89.00,89.00,89.00,89.00,89.00,89.00,89.00,89.00,89.00,89.00,89.00,89.00,89.00
2026-08-23 21:45:30,89.00,89.00,89.00,89.00,89.00,89.00,89.00,89.00,89.00,89.00,89.00,89.00,89.00,89.00,89.00,89.00,89.00,89.00,89.00,89.00,89.00,89.00
2026-08-23 21:55:18,,89.00,,89.00,,,,89.00,89.00,89.00,89.00,,,89.00,,89.00,,,89.00,,89.00,89.00
2026-08-23 22:05:24,89.00,89.00,89.00,89.00,89.00,89.00,89.00,89.00,89.00,89.00,89.00,89.00,89.00,89.00,89.00,89.00,89.00,89.00,89.00,89.00,89.00,89.00
2026-08-23 22:15:21,89.00,89.00,89.00,89.00,89.00,89.00,89.00,89.00,89.00,89.00,89.00,89.00,89.00,89.00,89.00,89.00,89.00,89.00,89.00,89.00,89.00,89.00
2026-08-23 22:25:21,89.00,89.00,89.00,89.00,89.00,89.00,89.00,89.00,89.00,89.00,89.00,89.00,89.00,89.00,89.00,89.00,89.00,89.00,89.00,89.00,89.00,89.00
2026-08-23 22:35:16,89.00,89.00,89.00,89.00,89.00,89.00,89.00,89.00,89.00,89.00,89.00,89.00,89.00,89.00,89.00,89.00,89.00,89.00,89.00,89.00,89.00,89.00
2026-08-23 22:45:29,89.00,,89.00,,89.00,89.00,89.00,,89.00,,,89.00,89.00,,89.00,,89.00,89.00,,89.00,,
2026-08-23 22:55:29,89.00,89.00,89.00,89.00,89.00,89.00,89.00,89.00,89.00,89.00,89.00,89.00,89.00,89.00,89.00,89.00,89.00,89.00,89.00,89.00,89.00,89.00
2026-08-23 23:05:42,89.00,89.00,89.00,89.00,89.00,89.00,89.00,89.00,89.00,89.00,89.00,89.00,89.00,89.00,89.00,89.00,89.00,89.00,89.00,89.00,89.00,89.00
2026-08-23 23:15:34,89.00,89.00,89.00,89.00,89.00,89.00,89.00,89.00,89.00,89.00,89.00,89.00,89.00,89.00,89.00,89.00,89.00,89.00,89.00,89.00,89.00,89.00
2026-08-23 23:25:12,89.00,89.00,89.00,89.00,89.00,89.00,89.00,89.00,89.00,89.00,89.00,89.00,89.00,89.00,89.00,89.00,89.00,89.00,89.00,89.00,89.00,89.00
2026-08-23 23:35:30,89.00,89.00,89.00,89.00,89.00,89.00,89.00,89.00,89.00,89.00,89.00,89.00,89.00,89.00,89.00,89.00,89.00,89.00,89.00,89.00,89.00,89.00
2026-08-23 23:45:25,89.00,89.00,89.00,89.00,89.00,89.00,89.00,89.00,89.00,89.00,89.00,89.00,89.00,89.00,89.00,89.00,89.00,89.00,89.00,89.00,89.00,89.00
2026-08-23 23:55:24,89.00,89.00,89.00,89.00,89.00,89.00,89.00,89.00,89.00,89.00,89.00,89.00,89.00,89.00,89.00,89.00,89.00,89.00,89.00,89.00,89.00,89.00
2026-08-24 00:05:31,89.00,89.00,89.00,89.00,89.00,89.00,89.00,89.00,89.00,89.00,89.00,89.00,89.00,89.00,89.00,89.00,89.00,89.00,89.00,89.00,89.00,89.00
2026-08-24 00:15:26,89.00,89.00,89.00,89.00,89.00,89.00,89.00,89.00,89.00,89.00,89.00,89.00,89.00,89.00,89.00,89.00,89.00,89.00,89.00,89.00,89.00,89.00
2026-08-24 00:25:36,89.00,89.00,89.00,89.00,89.00,89.00,89.00,89.00,89.00,89.00,89.00,89.00,89.00,89.00,89.00,89.00,89.00,89.00,89.00,89.00,89.00,89.00
2026-08-24 00:34:48,89.00,89.00,89.00,89.00,89.00,89.00,89.00,89.00,89.00,89.00,89.00,89.00,89.00,89.00,89.00,89.00,89.00,89.00,89.00,89.00,89.00,89.00
2026-08-24 00:45:26,89.00,89.00,89.00,89.00,89.00,89.00,89.00,89.00,89.00,89.00,89.00,89.00,89.00,89.00,89.00,89.00,89.00,89.00,89.00,89.00,89.00,89.00
2026-08-24 00:55:15,89.00,89.00,89.00,89.00,89.00,89.00,89.00,89.00,89.00,89.00,89.00,89.00,89.00,89.00,89.00,89.00,89.00,89.00,89.00,89.00,89.00,89.00
2026-08-24 01:05:43,89.00,89.00,89.00,89.00,89.00,89.00,89.00,89.00,89.00,89.00,89.00,89.00,89.00,89.00,89.00,89.00,89.00,89.00,89.00,89.00,89.00,89.00
2026-08-24 01:15:26,89.00,89.00,89.00,89.00,89.00,89.00,89.00,89.00,89.00,89.00,89.00,89.00,89.00,89.00,89.00,89.00,89.00,89.00,89.00,89.00,89.00,89.00
2026-08-24 01:25:17,89.00,89.00,89.00,89.00,89.00,89.00,89.00,89.00,89.00,89.00,89.00,89.00,89.00,89.00,89.00,89.00,89.00,89.00,89.00,89.00,89.00,89.00
2026-08-24 01:35:25,89.00,89.00,89.00,89.00,89.00,89.00,89.00,89.00,89.00,89.00,89.00,89.00,89.00,89.00,89.00,89.00,89.00,89.00,89.00,89.00,89.00,89.00
2026-08-24 01:45:01,89.00,89.00,89.00,89.00,89.00,89.00,89.00,89.00,89.00,89.00,89.00,89.00,89.00,89.00,89.00,89.00,89.00,89.00,89.00,89.00,89.00,89.00
2026-08-24 01:55:23,89.00,89.00,89.00,89.00,89.00,89.00,89.00,89.00,89.00,89.00,89.00,89.00,89.00,89.00,89.00,89.00,89.00,89.00,89.00,89.00,89.00,89.00
2026-08-24 02:05:06,89.00,89.00,89.00,89.00,89.00,89.00,89.00,89.00,89.00,89.00,89.00,89.00,89.00,89.00,89.00,89.00,89.00,89.00,89.00,89.00,89.00,89.00
2026-08-24 02:15:29,89.00,89.00,89.00,89.00,89.00,89.00,89.00,89.00,89.00,89.00,89.00,89.00,89.00,89.00,89.00,89.00,89.00,89.00,89.00,89.00,89.00,89.00
2026-08-24 02:25:27,89.00,89.00,89.00,89.00,89.00,89.00,89.00,89.00,89.00,89.00,89.00,89.00,89.00,89.00,89.00,89.00,89.00,89.00,89.00,89.00,89.00,89.00
2026-08-24 02:35:31,89.00,89.00,89.00,89.00,89.00,89.00,89.00,89.00,89.00,89.00,89.00,89.00,89.00,89.00,89.00,89.00,89.00,89.00,89.00,89.00,89.00,89.00
2026-08-24 02:44:52,89.00,89.00,89.00,89.00,89.00,89.00,89.00,89.00,89.00,89.00,89.00,89.00,89.00,89.00,89.00,89.00,89.00,89.00,89.00,89.00,89.00,89.00
2026-08-24 02:55:15,89.00,89.00,89.00,89.00,89.00,89.00,89.00,89.00,89.00,89.00,89.00,89.00,89.00,89.00,89.00,89.00,89.00,89.00,89.00,89.00,89.00,89.00
2026-08-24 03:05:40,89.00,89.00,89.00,89.00,89.00,89.00,89.00,89.00,89.00,89.00,89.00,89.00,89.00,89.00,89.00,89.00,89.00,89.00,89.00,89.00,89.00,89.00
2026-08-24 03:15:37,89.00,89.00,89.00,89.00,89.00,89.00,89.00,89.00,89.00,89.00,89.00,89.00,89.00,89.00,89.00,89.00,89.00,89.00,89.00,89.00,89.00,89.00
2026-08-24 03:25:20,89.00,89.00,89.00,89.00,89.00,89.00,89.00,89.00,89.00,89.00,89.00,89.00,89.00,89.00,89.00,89.00,89.00,89.00,89.00,89.00,89.00,89.00
2026-08-24 03:35:20,89.00,89.00,89.00,89.00,89.00,89.00,89.00,89.00,89.00,89.00,89.00,89.00,89.00,89.00,89.00,89.00,89.00,89.00,89.00,89.00,89.00,89.00
2026-08-24 03:45:16,89.00,89.00,89.00,89.00,89.00,89.00,89.00,89.00,89.00,89.00,89.00,89.00,89.00,89.00,89.00,89.00,89.00,89.00,89.00,89.00,89.00,89.00
2026-08-24 03:54:51,89.00,89.00,89.00,89.00,89.00,89.00,89.00,89.00,89.00,89.00,89.00,89.00,89.00,89.00,89.00,89.00,89.00,89.00,89.00,89.00,89.00,89.00
2026-08-24 04:05:29,89.00,89.00,89.00,89.00,89.00,89.00,89.00,89.00,89.00,89.00,89.00,89.00,89.00,89.00,89.00,89.00,89.00,89.00,89.00,89.00,89.00,89.00
2026-08-24 04:15:29,89.00,89.00,89.00,89.00,89.00,89.00,89.00,89.00,89.00,89.00,89.00,89.00,89.00,89.00,89.00,89.00,89.00,89.00,89.00,89.00,89.00,89.00
2026-08-24 04:25:40,89.00,89.00,89.00,89.00,89.00,89.00,89.00,89.00,89.00,89.00,89.00,89.00,89.00,89.00,89.00,89.00,89.00,89.00,89.00,89.00,89.00,89.00
2026-08-24 04:35:37,89.00,89.00,89.00,89.00,89.00,89.00,89.00,89.00,89.00,89.00,89.00,89.00,89.00,89.00,89.00,89.00,89.00,89.00,89.00,89.00,89.00,89.00
2026-08-24 04:45:28,89.00,89.00,89.00,89.00,89.00,89.00,89.00,89.00,89.00,89.00,89.00,89.00,89.00,89.00,89.00,89.00,89.00,89.00,89.00,89.00,89.00,89.00
2026-08-24 04:54:57,89.00,89.00,89.00,89.00,89.00,89.00,89.00,89.00,89.00,89.00,89.00,89.00,89.00,89.00,89.00,89.00,89.00,89.00,89.00,89.00,89.00,89.00
2026-08-24 05:05:34,89.00,89.00,89.00,89.00,89.00,89.00,89.00,89.00,89.00,89.00,89.00,89.00,89.00,89.00,89.00,89.00,89.00,89.00,89.00,89.00,89.00,89.00
2026-08-24 05:15:01,89.00,89.00,89.00,89.00,89.00,89.00,89.00,89.00,89.00,89.00,89.00,89.00,89.00,89.00,89.00,89.00,89.00,89.00,89.00,89.00,89.00,89.00
2026-08-24 05:25:26,89.00,89.00,89.00,89.00,89.00,89.00,89.00,89.00,89.00,89.00,89.00,89.00,89.00,89.00,89.00,89.00,89.00,89.00,89.00,89.00,89.00,89.00
2026-08-24 05:35:32,89.00,89.00,89.00,89.00,89.00,89.00,89.00,89.00,89.00,89.00,89.00,89.00,89.00,89.00,89.00,89.00,89.00,89.00,89.00,89.00,89.00,89.00
2026-08-24 05:45:16,89.00,89.00,89.00,89.00,89.00,89.00,89.00,89.00,89.00,89.00,89.00,89.00,89.00,89.00,89.00,89.00,89.00,89.00,89.00,89.00,89.00,89.00
2026-08-24 05:55:36,89.00,89.00,89.00,89.00,89.00,89.00,89.00,89.00,89.00,89.00,89.00,89.00,89.00,89.00,89.00,89.00,89.00,89.00,89.00,89.00,89.00,89.00
2026-08-24 06:05:38,89.00,89.00,89.00,89.00,89.00,89.00,89.00,89.00,89.00,89.00,89.00,89.00,89.00,89.00,89.00,89.00,89.00,89.00,89.00,89.00,89.00,89.00
2026-08-24 06:15:28,89.00,89.00,89.00,89.00,89.00,89.00,89.00,89.00,89.00,89.00,89.00,89.00,89.00,89.00,89.00,89.00,89.00,89.00,89.00,89.00,89.00,89.00
2026-08-24 06:25:29,89.00,89.00,89.00,89.00,89.00,89.00,89.00,89.00,89.00,89.00,89.00,89.00,89.00,89.00,89.00,89.00,89.00,89.00,89.00,89.00,89.00,89.00
2026-08-24 06:35:00,89.00,89.00,89.00,89.00,89.00,89.00,89.00,89.00,89.00,89.00,89.00,89.00,89.00,89.00,89.00,89.00,89.00,89.00,89.00,89.00,89.00,89.00
2026-08-24 06:45:28,89.00,89.00,89.00,89.00,89.00,89.00,89.00,89.00,89.00,89.00,89.00,89.00,89.00,89.00,89.00,89.00,89.00,89.00,89.00,89.00,89.00,89.00
2026-08-24 06:55:23,89.00,89.00,89.00,89.00,89.00,89.00,89.00,89.00,89.00,89.00,89.00,89.00,89.00,89.00,89.00,89.00,89.00,89.00,89.00,89.00,89.00,89.00
2026-08-24 07:05:10,89.00,89.00,89.00,89.00,89.00,89.00,89.00,89.00,89.00,89.00,89.00,89.00,89.00,89.00,89.00,89.00,89.00,89.00,89.00,89.00,89.00,89.00
2026-08-24 07:15:21,89.00,89.00,89.00,89.00,89.00,89.00,89.00,89.00,89.00,89.00,89.00,89.00,89.00,89.00,89.00,89.00,89.00,89.00,89.00,89.00,89.00,89.00
2026-08-24 07:25:14,89.00,89.00,89.00,89.00,89.00,89.00,89.00,89.00,89.00,89.00,89.00,89.00,89.00,89.00,89.00,89.00,89.00,89.00,89.00,89.00,89.00,89.00
2026-08-24 07:35:33,89.00,89.00,89.00,89.00,89.00,89.00,89.00,89.00,89.00,89.00,89.00,89.00,89.00,89.00,89.00,89.00,89.00,89.00,89.00,89.00,89.00,89.00
2026-08-24 07:45:05,89.00,89.00,89.00,89.00,89.00,89.00,89.00,89.00,89.00,89.00,89.00,89.00,89.00,89.00,89.00,89.00,89.00,89.00,89.00,89.00,89.00,89.00
2026-08-24 07:55:19,89.00,89.00,89.00,89.00,89.00,89.00,89.00,89.00,89.00,89.00,89.00,89.00,89.00,89.00,89.00,89.00,89.00,89.00,89.00,89.00,89.00,89.00
2026-08-24 08:05:30,89.00,89.00,89.00,89.00,89.00,89.00,89.00,89.00,89.00,89.00,89.00,89.00,89.00,89.00,89.00,89.00,89.00,89.00,89.00,89.00,89.00,89.00
2026-08-24 08:15:29,89.00,89.00,89.00,89.00,89.00,89.00,89.00,89.00,89.00,89.00,89.00,89.00,89.00,89.00,89.00,89.00,89.00,89.00,89.00,89.00,89.00,89.00
2026-08-24 08:25:29,89.00,89.00,89.00,89.00,89.00,89.00,89.00,89.00,89.00,89.00,89.00,89.00,89.00,89.00,89.00,89.00,89.00,89.00,89.00,89.00,89.00,89.00
2026-08-24 08:35:28,89.00,89.00,89.00,89.00,89.00,89.00,89.00,89.00,89.00,89.00,89.00,89.00,89.00,89.00,89.00,89.00,89.00,89.00,89.00,89.00,89.00,89.00
2026-08-24 08:44:42,89.00,89.00,89.00,89.00,89.00,89.00,89.00,89.00,89.00,89.00,89.00,89.00,89.00,89.00,89.00,89.00,89.00,89.00,89.00,89.00,89.00,89.00
2026-08-24 08:56:03,89.00,89.00,89.00,89.00,89.00,89.00,89.00,89.00,89.00,89.00,89.00,89.00,89.00,89.00,89.00,89.00,89.00,89.00,89.00,89.00,89.00,89.00
2026-08-24 09:05:39,89.00,89.00,89.00,89.00,89.00,89.00,89.00,89.00,89.00,89.00,89.00,89.00,89.00,89.00,89.00,89.00,89.00,89.00,89.00,89.00,89.00,89.00
2026-08-24 09:15:04,89.00,89.00,89.00,89.00,89.00,89.00,89.00,89.00,89.00,89.00,89.00,89.00,89.00,89.00,89.00,89.00,89.00,89.00,89.00,89.00,89.00,89.00
2026-08-24 09:25:26,89.00,89.00,89.00,89.00,89.00,89.00,89.00,89.00,89.00,89.00,89.00,89.00,89.00,89.00,89.00,89.00,89.00,89.00,89.00,89.00,89.00,89.00
2026-08-24 09:35:29,89.00,89.00,89.00,89.00,89.00,89.00,89.00,89.00,89.00,89.00,89.00,89.00,89.00,89.00,89.00,89.00,89.00,89.00,89.00,89.00,89.00,89.00
2026-08-24 09:45:25,89.00,89.00,89.00,89.00,89.00,89.00,89.00,89.00,89.00,89.00,89.00,89.00,89.00,89.00,89.00,89.00,89.00,89.00,89.00,89.00,89.00,89.00
2026-08-24 09:55:00,89.00,89.00,89.00,89.00,89.00,89.00,89.00,89.00,89.00,89.00,89.00,89.00,89.00,89.00,89.00,89.00,89.00,89.00,89.00,89.00,89.00,89.00
2026-08-24 10:05:18,89.00,89.00,89.00,89.00,89.00,89.00,89.00,89.00,89.00,89.00,89.00,89.00,89.00,89.00,89.00,89.00,89.00,89.00,89.00,89.00,89.00,89.00
2026-08-24 10:15:30,89.00,89.00,89.00,89.00,89.00,89.00,89.00,89.00,89.00,89.00,89.00,89.00,89.00,89.00,89.00,89.00,89.00,89.00,89.00,89.00,89.00,89.00
2026-08-24 10:25:12,89.00,89.00,89.00,89.00,89.00,89.00,89.00,89.00,89.00,89.00,89.00,89.00,89.00,89.00,89.00,89.00,89.00,89.00,89.00,89.00,89.00,89.00
2026-08-24 10:34:52,89.00,89.00,89.00,89.00,89.00,89.00,89.00,89.00,89.00,89.00,89.00,89.00,89.00,89.00,89.00,89.00,89.00,89.00,89.00,89.00,89.00,89.00
2026-08-24 10:45:40,89.00,89.00,89.00,89.00,89.00,89.00,89.00,89.00,89.00,89.00,89.00,89.00,89.00,89.00,89.00,89.00,89.00,89.00,89.00,89.00,89.00,89.00
2026-08-24 10:55:13,89.00,89.00,89.00,89.00,89.00,89.00,89.00,89.00,89.00,89.00,89.00,89.00,89.00,89.00,89.00,89.00,89.00,89.00,89.00,89.00,89.00,89.00
2026-08-24 11:05:40,89.00,89.00,89.00,89.00,89.00,89.00,89.00,89.00,89.00,89.00,89.00,89.00,89.00,89.00,89.00,89.00,89.00,89.00,89.00,89.00,89.00,89.00
2026-08-24 11:15:06,89.00,89.00,89.00,89.00,89.00,89.00,89.00,89.00,89.00,89.00,89.00,89.00,89.00,89.00,89.00,89.00,89.00,89.00,89.00,89.00,89.00,89.00
2026-08-24 11:25:37,89.00,89.00,89.00,89.00,89.00,89.00,89.00,89.00,89.00,89.00,89.00,89.00,89.00,89.00,89.00,89.00,89.00,89.00,89.00,89.00,89.00,89.00
2026-08-24 11:35:52,89.00,89.00,89.00,89.00,89.00,89.00,89.00,89.00,89.00,89.00,89.00,89.00,89.00,89.00,89.00,89.00,89.00,89.00,89.00,89.00,89.00,89.00
2026-08-24 11:45:40,89.00,89.00,89.00,89.00,89.00,89.00,89.00,89.00,89.00,89.00,89.00,89.00,89.00,89.00,89.00,89.00,89.00,89.00,89.00,89.00,89.00,89.00
2026-08-24 11:55:39,89.00,89.00,89.00,89.00,89.00,89.00,89.00,89.00,89.00,89.00,89.00,89.00,89.00,89.00,89.00,89.00,89.00,89.00,89.00,89.00,89.00,89.00
2026-08-24 12:05:53,89.00,89.00,89.00,89.00,89.00,89.00,89.00,89.00,89.00,89.00,89.00,89.00,89.00,89.00,89.00,89.00,89.00,89.00,89.00,89.00,89.00,89.00
2026-08-24 12:15:23,89.00,89.00,89.00,89.00,89.00,89.00,89.00,89.00,89.00,89.00,89.00,89.00,89.00,89.00,89.00,89.00,89.00,89.00,89.00,89.00,89.00,89.00
2026-08-24 12:25:39,89.00,89.00,89.00,89.00,89.00,89.00,89.00,89.00,89.00,89.00,89.00,89.00,89.00,89.00,89.00,89.00,89.00,89.00,89.00,89.00,89.00,89.00
2026-08-24 12:35:56,89.00,89.00,89.00,89.00,89.00,89.00,89.00,89.00,89.00,89.00,89.00,89.00,89.00,89.00,89.00,89.00,89.00,89.00,89.00,89.00,89.00,89.00
2026-08-24 12:45:00,89.00,89.00,89.00,89.00,89.00,89.00,89.00,89.00,89.00,89.00,89.00,89.00,89.00,89.00,89.00,89.00,89.00,89.00,89.00,89.00,89.00,89.00
2026-08-24 12:55:30,89.00,89.00,89.00,89.00,89.00,89.00,89.00,89.00,89.00,89.00,89.00,89.00,89.00,89.00,89.00,89.00,89.00,89.00,89.00,89.00,89.00,89.00
2026-08-24 13:05:52,89.00,89.00,89.00,89.00,89.00,89.00,89.00,89.00,89.00,89.00,89.00,89.00,89.00,89.00,89.00,89.00,89.00,89.00,89.00,89.00,89.00,89.00
2026-08-24 13:15:44,89.00,89.00,89.00,89.00,89.00,89.00,89.00,89.00,89.00,89.00,89.00,89.00,89.00,89.00,89.00,89.00,89.00,89.00,89.00,89.00,89.00,89.00
2026-08-24 13:25:45,89.00,89.00,89.00,89.00,89.00,89.00,89.00,89.00,89.00,89.00,89.00,89.00,89.00,89.00,89.00,89.00,89.00,89.00,89.00,89.00,89.00,89.00
2026-08-24 13:35:41,89.00,89.00,89.00,89.00,89.00,89.00,89.00,89.00,89.00,89.00,89.00,89.00,89.00,89.00,89.00,89.00,89.00,89.00,89.00,89.00,89.00,89.00
2026-08-24 13:45:41,89.00,89.00,89.00,89.00,89.00,89.00,89.00,89.00,89.00,89.00,89.00,89.00,89.00,89.00,89.00,89.00,89.00,89.00,89.00,89.00,89.00,89.00
2026-08-24 13:55:51,89.00,89.00,89.00,89.00,89.00,89.00,89.00,89.00,89.00,89.00,89.00,89.00,89.00,89.00,89.00,89.00,89.00,89.00,89.00,89.00,89.00,89.00
2026-08-24 14:05:53,89.00,89.00,89.00,89.00,89.00,89.00,89.00,89.00,89.00,89.00,89.00,89.00,89.00,89.00,89.00,89.00,89.00,89.00,89.00,89.00,89.00,89.00
2026-08-24 14:15:54,89.00,89.00,89.00,89.00,89.00,89.00,89.00,89.00,89.00,89.00,89.00,89.00,89.00,89.00,89.00,89.00,89.00,89.00,89.00,89.00,89.00,89.00
2026-08-24 14:25:22,89.00,89.00,89.00,89.00,89.00,89.00,89.00,89.00,89.00,89.00,89.00,89.00,89.00,89.00,89.00,89.00,89.00,89.00,89.00,89.00,89.00,89.00
2026-08-24 14:35:51,89.00,89.00,89.00,89.00,89.00,89.00,89.00,89.00,89.00,89.00,89.00,89.00,89.00,89.00,89.00,89.00,89.00,89.00,89.00,89.00,89.00,89.00
2026-08-24 14:45:46,89.00,89.00,89.00,89.00,89.00,89.00,89.00,89.00,89.00,89.00,89.00,89.00,89.00,89.00,89.00,89.00,89.00,89.00,89.00,89.00,89.00,89.00
2026-08-24 14:55:53,89.00,89.00,89.00,89.00,89.00,89.00,89.00,89.00,89.00,89.00,89.00,89.00,89.00,89.00,89.00,89.00,89.00,89.00,89.00,89.00,89.00,89.00
2026-08-24 15:06:14,89.00,89.00,89.00,89.00,89.00,89.00,89.00,89.00,89.00,89.00,89.00,89.00,89.00,89.00,89.00,89.00,89.00,89.00,89.00,89.00,89.00,89.00
2026-08-24 15:16:01,89.00,89.00,89.00,89.00,89.00,89.00,89.00,89.00,89.00,89.00,89.00,89.00,89.00,89.00,89.00,89.00,89.00,89.00,89.00,89.00,89.00,89.00
2026-08-24 15:25:59,89.00,89.00,89.00,89.00,89.00,89.00,89.00,89.00,89.00,89.00,89.00,89.00,89.00,89.00,89.00,89.00,89.00,89.00,89.00,89.00,89.00,89.00
2026-08-24 15:35:51,89.00,89.00,89.00,89.00,89.00,89.00,89.00,89.00,89.00,89.00,89.00,89.00,89.00,89.00,89.00,89.00,89.00,89.00,89.00,89.00,89.00,89.00
2026-08-24 15:45:44,89.00,89.00,89.00,89.00,89.00,89.00,89.00,89.00,89.00,89.00,89.00,89.00,89.00,89.00,89.00,89.00,89.00,89.00,89.00,89.00,89.00,89.00
2026-08-24 15:55:46,89.00,89.00,89.00,89.00,89.00,89.00,89.00,89.00,89.00,89.00,89.00,89.00,89.00,89.00,89.00,89.00,89.00,89.00,89.00,89.00,89.00,89.00
2026-08-24 16:06:07,89.00,89.00,89.00,89.00,89.00,89.00,89.00,89.00,89.00,89.00,89.00,89.00,89.00,89.00,89.00,89.00,89.00,89.00,89.00,89.00,89.00,89.00
2026-08-24 16:15:50,89.00,89.00,89.00,89.00,89.00,89.00,89.00,89.00,89.00,89.00,89.00,89.00,89.00,89.00,89.00,89.00,89.00,89.00,89.00,89.00,89.00,89.00
2026-08-24 16:25:50,89.00,89.00,89.00,89.00,89.00,89.00,89.00,89.00,89.00,89.00,89.00,89.00,89.00,89.00,89.00,89.00,89.00,89.00,89.00,89.00,89.00,89.00
2026-08-24 16:35:47,89.00,89.00,89.00,89.00,89.00,89.00,89.00,89.00,89.00,89.00,89.00,89.00,89.00,89.00,89.00,89.00,89.00,89.00,89.00,89.00,89.00,89.00
2026-08-24 16:45:49,89.00,89.00,89.00,89.00,89.00,89.00,89.00,89.00,89.00,89.00,89.00,89.00,89.00,89.00,89.00,89.00,89.00,89.00,89.00,89.00,89.00,89.00
2026-08-24 16:55:49,89.00,89.00,89.00,89.00,89.00,89.00,89.00,89.00,89.00,89.00,89.00,89.00,89.00,89.00,89.00,89.00,89.00,89.00,89.00,89.00,89.00,89.00
2026-08-24 17:05:24,89.00,89.00,89.00,89.00,89.00,89.00,89.00,89.00,89.00,89.00,89.00,89.00,89.00,89.00,89.00,89.00,89.00,89.00,89.00,89.00,89.00,89.00
2026-08-24 17:15:59,89.00,89.00,89.00,89.00,89.00,89.00,89.00,89.00,89.00,89.00,89.00,89.00,89.00,89.00,89.00,89.00,89.00,89.00,89.00,89.00,89.00,89.00
2026-08-24 17:25:53,89.00,89.00,89.00,89.00,89.00,89.00,89.00,89.00,89.00,89.00,89.00,89.00,89.00,89.00,89.00,89.00,89.00,89.00,89.00,89.00,89.00,89.00
2026-08-24 17:35:52,89.00,89.00,89.00,89.00,89.00,89.00,89.00,89.00,89.00,89.00,89.00,89.00,89.00,89.00,89.00,89.00,89.00,89.00,89.00,89.00,89.00,89.00
2026-08-24 17:45:11,89.00,89.00,89.00,89.00,89.00,89.00,89.00,89.00,89.00,89.00,89.00,89.00,89.00,89.00,89.00,89.00,89.00,89.00,89.00,89.00,89.00,89.00
2026-08-24 17:56:04,89.00,89.00,89.00,89.00,89.00,89.00,89.00,89.00,89.00,89.00,89.00,89.00,89.00,89.00,89.00,89.00,89.00,89.00,89.00,89.00,89.00,89.00
2026-08-24 18:06:05,89.00,89.00,89.00,89.00,89.00,89.00,89.00,89.00,89.00,89.00,89.00,89.00,89.00,89.00,89.00,89.00,89.00,89.00,89.00,89.00,89.00,89.00
2026-08-24 18:15:49,89.00,89.00,89.00,89.00,89.00,89.00,89.00,89.00,89.00,89.00,89.00,89.00,89.00,89.00,89.00,89.00,89.00,89.00,89.00,89.00,89.00,89.00
2026-08-24 18:25:12,89.00,89.00,89.00,89.00,89.00,89.00,89.00,89.00,89.00,89.00,89.00,89.00,89.00,89.00,89.00,89.00,89.00,89.00,89.00,89.00,89.00,89.00
2026-08-24 18:35:49,89.00,89.00,89.00,89.00,89.00,89.00,89.00,89.00,89.00,89.00,89.00,89.00,89.00,89.00,89.00,89.00,89.00,89.00,89.00,89.00,89.00,89.00
2026-08-24 18:46:00,89.00,89.00,89.00,89.00,89.00,89.00,89.00,89.00,89.00,89.00,89.00,89.00,89.00,89.00,89.00,89.00,89.00,89.00,89.00,89.00,89.00,89.00
2026-08-24 18:55:55,89.00,89.00,89.00,89.00,89.00,89.00,89.00,89.00,89.00,89.00,89.00,89.00,89.00,89.00,89.00,89.00,89.00,89.00,89.00,89.00,89.00,89.00
2026-08-24 19:05:56,89.00,89.00,89.00,89.00,89.00,89.00,89.00,89.00,89.00,89.00,89.00,89.00,89.00,89.00,89.00,89.00,89.00,89.00,89.00,89.00,89.00,89.00
2026-08-24 19:15:29,89.00,89.00,89.00,89.00,89.00,89.00,89.00,89.00,89.00,89.00,89.00,89.00,89.00,89.00,89.00,89.00,89.00,89.00,89.00,89.00,89.00,89.00
2026-08-24 19:25:26,89.00,89.00,89.00,89.00,89.00,89.00,89.00,89.00,89.00,89.00,89.00,89.00,89.00,89.00,89.00,89.00,89.00,89.00,89.00,89.00,89.00,89.00
2026-08-24 19:35:53,89.00,89.00,89.00,89.00,89.00,89.00,89.00,89.00,89.00,89.00,89.00,89.00,89.00,89.00,89.00,89.00,89.00,89.00,89.00,89.00,89.00,89.00
2026-08-24 19:45:58,89.00,89.00,89.00,89.00,89.00,89.00,89.00,89.00,89.00,89.00,89.00,89.00,89.00,89.00,89.00,89.00,89.00,89.00,89.00,89.00,89.00,89.00
2026-08-24 19:55:55,89.00,89.00,89.00,89.00,89.00,89.00,89.00,89.00,89.00,89.00,89.00,89.00,89.00,89.00,89.00,89.00,89.00,89.00,89.00,89.00,89.00,89.00
2026-08-24 20:05:56,89.00,89.00,89.00,89.00,89.00,89.00,89.00,89.00,89.00,89.00,89.00,89.00,89.00,89.00,89.00,89.00,89.00,89.00,89.00,89.00,89.00,89.00
2026-08-24 20:16:00,89.00,89.00,89.00,89.00,89.00,89.00,89.00,89.00,89.00,89.00,89.00,89.00,89.00,89.00,89.00,89.00,89.00,89.00,89.00,89.00,89.00,89.00
2026-08-24 20:25:49,89.00,89.00,89.00,89.00,89.00,89.00,89.00,89.00,89.00,89.00,89.00,89.00,89.00,89.00,89.00,89.00,89.00,89.00,89.00,89.00,89.00,89.00
2026-08-24 20:35:52,89.00,89.00,89.00,89.00,89.00,89.00,89.00,89.00,89.00,89.00,89.00,89.00,89.00,89.00,89.00,89.00,89.00,89.00,89.00,89.00,89.00,89.00
2026-08-24 20:45:32,89.00,89.00,89.00,89.00,89.00,89.00,89.00,89.00,89.00,89.00,89.00,89.00,89.00,89.00,89.00,89.00,89.00,89.00,89.00,89.00,89.00,89.00
2026-08-24 20:55:57,89.00,89.00,89.00,89.00,89.00,89.00,89.00,89.00,89.00,89.00,89.00,89.00,89.00,89.00,89.00,89.00,89.00,89.00,89.00,89.00,89.00,89.00
2026-08-24 21:05:43,89.00,89.00,89.00,89.00,89.00,89.00,89.00,89.00,89.00,89.00,89.00,89.00,89.00,89.00,89.00,89.00,89.00,89.00,89.00,89.00,89.00,89.00
2026-08-24 21:15:34,89.00,89.00,89.00,89.00,89.00,89.00,89.00,89.00,89.00,89.00,89.00,89.00,89.00,89.00,89.00,89.00,89.00,89.00,89.00,89.00,89.00,89.00
2026-08-24 21:25:58,89.00,89.00,89.00,89.00,89.00,89.00,89.00,89.00,89.00,89.00,89.00,89.00,89.00,89.00,89.00,89.00,89.00,89.00,89.00,89.00,89.00,89.00
2026-08-24 21:35:54,89.00,89.00,89.00,89.00,89.00,89.00,89.00,89.00,89.00,89.00,89.00,89.00,89.00,89.00,89.00,89.00,89.00,89.00,89.00,89.00,89.00,89.00
2026-08-24 21:45:16,89.00,89.00,89.00,89.00,89.00,89.00,89.00,89.00,89.00,89.00,89.00,89.00,89.00,89.00,89.00,89.00,89.00,89.00,89.00,89.00,89.00,89.00
2026-08-24 21:55:55,89.00,89.00,89.00,89.00,89.00,89.00,89.00,89.00,89.00,89.00,89.00,89.00,89.00,89.00,89.00,89.00,89.00,89.00,89.00,89.00,89.00,89.00
2026-08-24 22:06:03,89.00,89.00,89.00,89.00,89.00,89.00,89.00,89.00,89.00,89.00,89.00,89.00,89.00,89.00,89.00,89.00,89.00,89.00,89.00,89.00,89.00,89.00
2026-08-24 22:15:48,89.00,89.00,89.00,89.00,89.00,89.00,89.00,89.00,89.00,89.00,89.00,89.00,89.00,89.00,89.00,89.00,89.00,89.00,89.00,89.00,89.00,89.00
2026-08-24 22:25:48,89.00,89.00,89.00,89.00,89.00,89.00,89.00,89.00,89.00,89.00,89.00,89.00,89.00,89.00,89.00,89.00,89.00,89.00,89.00,89.00,89.00,89.00
2026-08-24 22:35:04,89.00,89.00,89.00,89.00,89.00,89.00,89.00,89.00,89.00,89.00,89.00,89.00,89.00,89.00,89.00,89.00,89.00,89.00,89.00,89.00,89.00,89.00
2026-08-24 22:45:57,89.00,89.00,89.00,89.00,89.00,89.00,89.00,89.00,89.00,89.00,89.00,89.00,89.00,89.00,89.00,89.00,89.00,89.00,89.00,89.00,89.00,89.00
2026-08-24 22:55:58,89.00,89.00,89.00,89.00,89.00,89.00,89.00,89.00,89.00,89.00,89.00,89.00,89.00,89.00,89.00,89.00,89.00,89.00,89.00,89.00,89.00,89.00
2026-08-24 23:06:09,89.00,89.00,89.00,89.00,89.00,89.00,89.00,89.00,89.00,89.00,89.00,89.00,89.00,89.00,89.00,89.00,89.00,89.00,89.00,89.00,89.00,89.00
2026-08-24 23:15:58,89.00,89.00,89.00,89.00,89.00,89.00,89.00,89.00,89.00,89.00,89.00,89.00,89.00,89.00,89.00,89.00,89.00,89.00,89.00,89.00,89.00,89.00
2026-08-24 23:25:52,89.00,89.00,89.00,89.00,89.00,89.00,89.00,89.00,89.00,89.00,89.00,89.00,89.00,89.00,89.00,89.00,89.00,89.00,89.00,89.00,89.00,89.00
2026-08-24 23:45:51,89.00,89.00,89.00,89.00,89.00,89.00,89.00,89.00,89.00,89.00,89.00,89.00,89.00,89.00,89.00,89.00,89.00,89.00,89.00,89.00,89.00,89.00
2026-08-24 23:56:02,89.00,89.00,89.00,89.00,89.00,89.00,89.00,89.00,89.00,89.00,89.00,89.00,89.00,89.00,89.00,89.00,89.00,89.00,89.00,89.00,89.00,89.00
2026-08-25 00:05:59,89.00,89.00,89.00,89.00,89.00,89.00,89.00,89.00,89.00,89.00,89.00,89.00,89.00,89.00,89.00,89.00,89.00,89.00,89.00,89.00,89.00,89.00
2026-08-25 00:15:21,89.00,89.00,89.00,89.00,89.00,89.00,89.00,89.00,89.00,89.00,89.00,89.00,89.00,89.00,89.00,89.00,89.00,89.00,89.00,89.00,89.00,89.00
2026-08-25 00:25:53,89.00,89.00,89.00,89.00,89.00,89.00,89.00,89.00,89.00,89.00,89.00,89.00,89.00,89.00,89.00,89.00,89.00,89.00,89.00,89.00,89.00,89.00
2026-08-25 00:35:56,89.00,89.00,89.00,89.00,89.00,89.00,89.00,89.00,89.00,89.00,89.00,89.00,89.00,89.00,89.00,89.00,89.00,89.00,89.00,89.00,89.00,89.00
2026-08-25 00:46:11,89.00,89.00,89.00,89.00,89.00,89.00,89.00,89.00,89.00,89.00,89.00,89.00,89.00,89.00,89.00,89.00,89.00,89.00,89.00,89.00,89.00,89.00
2026-08-25 00:56:01,89.00,89.00,89.00,89.00,89.00,89.00,89.00,89.00,89.00,89.00,89.00,89.00,89.00,89.00,89.00,89.00,89.00,89.00,89.00,89.00,89.00,89.00
2026-08-25 01:05:40,89.00,89.00,89.00,89.00,89.00,89.00,89.00,89.00,89.00,89.00,89.00,89.00,89.00,89.00,89.00,89.00,89.00,89.00,89.00,89.00,89.00,89.00
2026-08-25 01:16:03,89.00,89.00,89.00,89.00,89.00,89.00,89.00,89.00,89.00,89.00,89.00,89.00,89.00,89.00,89.00,89.00,89.00,89.00,89.00,89.00,89.00,89.00
2026-08-25 01:25:54,89.00,89.00,89.00,89.00,89.00,89.00,89.00,89.00,89.00,89.00,89.00,89.00,89.00,89.00,89.00,89.00,89.00,89.00,89.00,89.00,89.00,89.00
2026-08-25 01:36:08,89.00,89.00,89.00,89.00,89.00,89.00,89.00,89.00,89.00,89.00,89.00,89.00,89.00,89.00,89.00,89.00,89.00,89.00,89.00,89.00,89.00,89.00
2026-08-25 01:46:11,89.00,89.00,89.00,89.00,89.00,89.00,89.00,89.00,89.00,89.00,89.00,89.00,89.00,89.00,89.00,89.00,89.00,89.00,89.00,89.00,89.00,89.00
2026-08-25 01:56:02,89.00,89.00,89.00,89.00,89.00,89.00,89.00,89.00,89.00,89.00,89.00,89.00,89.00,89.00,89.00,89.00,89.00,89.00,89.00,89.00,89.00,89.00
2026-08-25 02:06:10,89.00,89.00,89.00,89.00,89.00,89.00,89.00,89.00,89.00,89.00,89.00,89.00,89.00,89.00,89.00,89.00,89.00,89.00,89.00,89.00,89.00,89.00
2026-08-25 02:16:05,89.00,89.00,89.00,89.00,89.00,89.00,89.00,89.00,89.00,89.00,89.00,89.00,89.00,89.00,89.00,89.00,89.00,89.00,89.00,89.00,89.00,89.00
2026-08-25 02:25:03,89.00,89.00,89.00,89.00,89.00,89.00,89.00,89.00,89.00,89.00,89.00,89.00,89.00,89.00,89.00,89.00,89.00,89.00,89.00,89.00,89.00,89.00
2026-08-25 02:35:51,89.00,89.00,89.00,89.00,89.00,89.00,89.00,89.00,89.00,89.00,89.00,89.00,89.00,89.00,89.00,89.00,89.00,89.00,89.00,89.00,89.00,89.00
2026-08-25 02:45:53,89.00,89.00,89.00,89.00,89.00,89.00,89.00,89.00,89.00,89.00,89.00,89.00,89.00,89.00,89.00,89.00,89.00,89.00,89.00,89.00,89.00,89.00
2026-08-25 02:55:01,89.00,89.00,89.00,89.00,89.00,89.00,89.00,89.00,89.00,89.00,89.00,89.00,89.00,89.00,89.00,89.00,89.00,89.00,89.00,89.00,89.00,89.00
2026-08-25 03:06:04,89.00,89.00,89.00,89.00,89.00,89.00,89.00,89.00,89.00,89.00,89.00,89.00,89.00,89.00,89.00,89.00,89.00,89.00,89.00,89.00,89.00,89.00
2026-08-25 03:16:11,89.00,89.00,89.00,89.00,89.00,89.00,89.00,89.00,89.00,89.00,89.00,89.00,89.00,89.00,89.00,89.00,89.00,89.00,89.00,89.00,89.00,89.00
2026-08-25 03:25:55,89.00,89.00,89.00,89.00,89.00,89.00,89.00,89.00,89.00,89.00,89.00,89.00,89.00,89.00,89.00,89.00,89.00,89.00,89.00,89.00,89.00,89.00
2026-08-25 03:35:54,89.00,89.00,89.00,89.00,89.00,89.00,89.00,89.00,89.00,89.00,89.00,89.00,89.00,89.00,89.00,89.00,89.00,89.00,89.00,89.00,89.00,89.00
2026-08-25 03:46:04,89.00,,89.00,,89.00,89.00,89.00,,89.00,,,89.00,89.00,,89.00,,89.00,89.00,,89.00,,
2026-08-25 03:56:00,89.00,89.00,89.00,89.00,89.00,89.00,89.00,89.00,89.00,89.00,89.00,89.00,89.00,89.00,89.00,89.00,89.00,89.00,89.00,89.00,89.00,89.00
2026-08-25 04:06:39,89.00,89.00,89.00,89.00,89.00,89.00,89.00,89.00,89.00,89.00,89.00,89.00,89.00,89.00,89.00,89.00,89.00,89.00,89.00,89.00,89.00,89.00
2026-08-25 04:16:47,89.00,89.00,89.00,89.00,89.00,89.00,89.00,89.00,89.00,89.00,89.00,89.00,89.00,89.00,89.00,89.00,89.00,89.00,89.00,89.00,89.00,89.00
2026-08-25 04:26:29,89.00,89.00,89.00,89.00,89.00,89.00,89.00,89.00,89.00,89.00,89.00,89.00,89.00,89.00,89.00,89.00,89.00,89.00,89.00,89.00,89.00,89.00
2026-08-25 04:36:08,89.00,89.00,89.00,89.00,89.00,89.00,89.00,89.00,89.00,89.00,89.00,89.00,89.00,89.00,89.00,89.00,89.00,89.00,89.00,89.00,89.00,89.00
2026-08-25 04:45:24,89.00,89.00,89.00,89.00,89.00,89.00,89.00,89.00,89.00,89.00,89.00,89.00,89.00,89.00,89.00,89.00,89.00,89.00,89.00,89.00,89.00,89.00
2026-08-25 04:55:56,89.00,89.00,89.00,89.00,89.00,89.00,89.00,89.00,89.00,89.00,89.00,89.00,89.00,89.00,89.00,89.00,89.00,89.00,89.00,89.00,89.00,89.00
2026-08-25 05:05:12,89.00,89.00,89.00,89.00,89.00,89.00,89.00,89.00,89.00,89.00,89.00,89.00,89.00,89.00,89.00,89.00,89.00,89.00,89.00,89.00,89.00,89.00
2026-08-25 05:15:46,89.00,89.00,89.00,89.00,89.00,89.00,89.00,89.00,89.00,89.00,89.00,89.00,89.00,89.00,89.00,89.00,89.00,89.00,89.00,89.00,89.00,89.00
2026-08-25 05:25:45,89.00,89.00,89.00,89.00,89.00,89.00,89.00,89.00,89.00,89.00,89.00,89.00,89.00,89.00,89.00,89.00,89.00,89.00,89.00,89.00,89.00,89.00
2026-08-25 05:35:57,89.00,89.00,89.00,89.00,89.00,89.00,89.00,89.00,89.00,89.00,89.00,89.00,89.00,89.00,89.00,89.00,89.00,89.00,89.00,89.00,89.00,89.00
2026-08-25 05:45:52,89.00,89.00,89.00,89.00,89.00,89.00,89.00,89.00,89.00,89.00,89.00,89.00,89.00,89.00,89.00,89.00,89.00,89.00,89.00,89.00,89.00,89.00
2026-08-25 05:55:52,89.00,89.00,89.00,89.00,89.00,89.00,89.00,89.00,89.00,89.00,89.00,89.00,89.00,89.00,89.00,89.00,89.00,89.00,89.00,89.00,89.00,89.00
2026-08-25 06:05:30,89.00,89.00,89.00,89.00,89.00,89.00,89.00,89.00,89.00,89.00,89.00,89.00,89.00,89.00,89.00,89.00,89.00,89.00,89.00,89.00,89.00,89.00
2026-08-25 06:15:50,89.00,89.00,89.00,89.00,89.00,89.00,89.00,89.00,89.00,89.00,89.00,89.00,89.00,89.00,89.00,89.00,89.00,89.00,89.00,89.00,89.00,89.00
2026-08-25 06:25:55,89.00,89.00,89.00,89.00,89.00,89.00,89.00,89.00,89.00,89.00,89.00,89.00,89.00,89.00,89.00,89.00,89.00,89.00,89.00,89.00,89.00,89.00
2026-08-25 06:35:49,89.00,89.00,89.00,89.00,89.00,89.00,89.00,89.00,89.00,89.00,89.00,89.00,89.00,89.00,89.00,89.00,89.00,89.00,89.00,89.00,89.00,89.00
2026-08-25 06:45:22,89.00,89.00,89.00,89.00,89.00,89.00,89.00,89.00,89.00,89.00,89.00,89.00,89.00,89.00,89.00,89.00,89.00,89.00,89.00,89.00,89.00,89.00
2026-08-25 06:55:07,89.00,89.00,89.00,89.00,89.00,89.00,89.00,89.00,89.00,89.00,89.00,89.00,89.00,89.00,89.00,89.00,89.00,89.00,89.00,89.00,89.00,89.00
2026-08-25 07:05:55,89.00,89.00,89.00,89.00,89.00,89.00,89.00,89.00,89.00,89.00,89.00,89.00,89.00,89.00,89.00,89.00,89.00,89.00,89.00,89.00,89.00,89.00
2026-08-25 07:15:46,89.00,89.00,89.00,89.00,89.00,89.00,89.00,89.00,89.00,89.00,89.00,89.00,89.00,89.00,89.00,89.00,89.00,89.00,89.00,89.00,89.00,89.00
2026-08-25 07:25:55,89.00,89.00,89.00,89.00,89.00,89.00,89.00,89.00,89.00,89.00,89.00,89.00,89.00,89.00,89.00,89.00,89.00,89.00,89.00,89.00,89.00,89.00
2026-08-25 07:35:58,89.00,89.00,89.00,89.00,89.00,89.00,89.00,89.00,89.00,89.00,89.00,89.00,89.00,89.00,89.00,89.00,89.00,89.00,89.00,89.00,89.00,89.00
2026-08-25 07:45:45,89.00,89.00,89.00,89.00,89.00,89.00,89.00,89.00,89.00,89.00,89.00,89.00,89.00,89.00,89.00,89.00,89.00,89.00,89.00,89.00,89.00,89.00
2026-08-25 07:55:53,89.00,89.00,89.00,89.00,89.00,89.00,89.00,89.00,89.00,89.00,89.00,89.00,89.00,89.00,89.00,89.00,89.00,89.00,89.00,89.00,89.00,89.00
2026-08-25 08:06:00,89.00,89.00,89.00,89.00,89.00,89.00,89.00,89.00,89.00,89.00,89.00,89.00,89.00,89.00,89.00,89.00,89.00,89.00,89.00,89.00,89.00,89.00
2026-08-25 08:15:48,89.00,89.00,89.00,89.00,89.00,89.00,89.00,89.00,89.00,89.00,89.00,89.00,89.00,89.00,89.00,89.00,89.00,89.00,89.00,89.00,89.00,89.00
2026-08-25 08:25:52,89.00,89.00,89.00,89.00,89.00,89.00,89.00,89.00,89.00,89.00,89.00,89.00,89.00,89.00,89.00,89.00,89.00,89.00,89.00,89.00,89.00,89.00
2026-08-25 08:35:57,89.00,89.00,89.00,89.00,89.00,89.00,89.00,89.00,89.00,89.00,89.00,89.00,89.00,89.00,89.00,89.00,89.00,89.00,89.00,89.00,89.00,89.00
2026-08-25 08:45:50,89.00,89.00,89.00,89.00,89.00,89.00,89.00,89.00,89.00,89.00,89.00,89.00,89.00,89.00,89.00,89.00,89.00,89.00,89.00,89.00,89.00,89.00
2026-08-25 08:55:45,89.00,89.00,89.00,89.00,89.00,89.00,89.00,89.00,89.00,89.00,89.00,89.00,89.00,89.00,89.00,89.00,89.00,89.00,89.00,89.00,89.00,89.00
2026-08-25 09:05:31,89.00,89.00,89.00,89.00,89.00,89.00,89.00,89.00,89.00,89.00,89.00,89.00,89.00,89.00,89.00,89.00,89.00,89.00,89.00,89.00,89.00,89.00
2026-08-25 09:15:49,89.00,89.00,89.00,89.00,89.00,89.00,89.00,89.00,89.00,89.00,89.00,89.00,89.00,89.00,89.00,89.00,89.00,89.00,89.00,89.00,89.00,89.00
2026-08-25 09:25:50,89.00,89.00,89.00,89.00,89.00,89.00,89.00,89.00,89.00,89.00,89.00,89.00,89.00,89.00,89.00,89.00,89.00,89.00,89.00,89.00,89.00,89.00
2026-08-25 09:35:52,89.00,89.00,89.00,89.00,89.00,89.00,89.00,89.00,89.00,89.00,89.00,89.00,89.00,89.00,89.00,89.00,89.00,89.00,89.00,89.00,89.00,89.00
2026-08-25 09:45:27,89.00,89.00,89.00,89.00,89.00,89.00,89.00,89.00,89.00,89.00,89.00,89.00,89.00,89.00,89.00,89.00,89.00,89.00,89.00,89.00,89.00,89.00
2026-08-25 09:55:54,89.00,89.00,89.00,89.00,89.00,89.00,89.00,89.00,89.00,89.00,89.00,89.00,89.00,89.00,89.00,89.00,89.00,89.00,89.00,89.00,89.00,89.00
2026-08-25 10:05:27,89.00,89.00,89.00,89.00,89.00,89.00,89.00,89.00,89.00,89.00,89.00,89.00,89.00,89.00,89.00,89.00,89.00,89.00,89.00,89.00,89.00,89.00
2026-08-25 10:15:48,89.00,89.00,89.00,89.00,89.00,89.00,89.00,89.00,89.00,89.00,89.00,89.00,89.00,89.00,89.00,89.00,89.00,89.00,89.00,89.00,89.00,89.00
2026-08-25 10:25:47,89.00,89.00,89.00,89.00,89.00,89.00,89.00,89.00,89.00,89.00,89.00,89.00,89.00,89.00,89.00,89.00,89.00,89.00,89.00,89.00,89.00,89.00
2026-08-25 10:35:26,89.00,89.00,89.00,89.00,89.00,89.00,89.00,89.00,89.00,89.00,89.00,89.00,89.00,89.00,89.00,89.00,89.00,89.00,89.00,89.00,89.00,89.00
2026-08-25 10:44:54,89.00,89.00,89.00,89.00,89.00,89.00,89.00,89.00,89.00,89.00,89.00,89.00,89.00,89.00,89.00,89.00,89.00,89.00,89.00,89.00,89.00,89.00
2026-08-25 10:55:30,89.00,89.00,89.00,89.00,89.00,89.00,89.00,89.00,89.00,89.00,89.00,89.00,89.00,89.00,89.00,89.00,89.00,89.00,89.00,89.00,89.00,89.00
2026-08-25 11:06:00,89.00,89.00,89.00,89.00,89.00,89.00,89.00,89.00,89.00,89.00,89.00,89.00,89.00,89.00,89.00,89.00,89.00,89.00,89.00,89.00,89.00,89.00
2026-08-25 11:15:57,89.00,89.00,89.00,89.00,89.00,89.00,89.00,89.00,89.00,89.00,89.00,89.00,89.00,89.00,89.00,89.00,89.00,89.00,89.00,89.00,89.00,89.00
2026-08-25 11:26:01,89.00,89.00,89.00,89.00,89.00,89.00,89.00,89.00,89.00,89.00,89.00,89.00,89.00,89.00,89.00,89.00,89.00,89.00,89.00,89.00,89.00,89.00
2026-08-25 11:36:03,89.00,89.00,89.00,89.00,89.00,89.00,89.00,89.00,89.00,89.00,89.00,89.00,89.00,89.00,89.00,89.00,89.00,89.00,89.00,89.00,89.00,89.00
2026-08-25 11:46:07,89.00,89.00,89.00,89.00,89.00,89.00,89.00,89.00,89.00,89.00,89.00,89.00,89.00,89.00,89.00,89.00,89.00,89.00,89.00,89.00,89.00,89.00
2026-08-25 11:55:51,89.00,89.00,89.00,89.00,89.00,89.00,89.00,89.00,89.00,89.00,89.00,89.00,89.00,89.00,89.00,89.00,89.00,89.00,89.00,89.00,89.00,89.00
2026-08-25 12:06:01,89.00,89.00,89.00,89.00,89.00,89.00,89.00,89.00,89.00,89.00,89.00,89.00,89.00,89.00,89.00,89.00,89.00,89.00,89.00,89.00,89.00,89.00
2026-08-25 12:16:06,89.00,89.00,89.00,89.00,89.00,89.00,89.00,89.00,89.00,89.00,89.00,89.00,89.00,89.00,89.00,89.00,89.00,89.00,89.00,89.00,89.00,89.00
2026-08-25 12:25:47,89.00,89.00,89.00,89.00,89.00,89.00,89.00,89.00,89.00,89.00,89.00,89.00,89.00,89.00,89.00,89.00,89.00,89.00,89.00,89.00,89.00,89.00
2026-08-25 12:35:59,89.00,89.00,89.00,89.00,89.00,89.00,89.00,89.00,89.00,89.00,89.00,89.00,89.00,89.00,89.00,89.00,89.00,89.00,89.00,89.00,89.00,89.00
2026-08-25 12:45:55,89.00,89.00,89.00,89.00,89.00,89.00,89.00,89.00,89.00,89.00,89.00,89.00,89.00,89.00,89.00,89.00,89.00,89.00,89.00,89.00,89.00,89.00
2026-08-25 12:56:06,89.00,89.00,89.00,89.00,89.00,89.00,89.00,89.00,89.00,89.00,89.00,89.00,89.00,89.00,89.00,89.00,89.00,89.00,89.00,89.00,89.00,89.00
2026-08-25 13:06:01,89.00,89.00,89.00,89.00,89.00,89.00,89.00,89.00,89.00,89.00,89.00,89.00,89.00,89.00,89.00,89.00,89.00,89.00,89.00,89.00,89.00,89.00
2026-08-25 13:16:14,89.00,89.00,89.00,89.00,89.00,89.00,89.00,89.00,89.00,89.00,89.00,89.00,89.00,89.00,89.00,89.00,89.00,89.00,89.00,89.00,89.00,89.00
2026-08-25 13:26:07,89.00,89.00,89.00,89.00,89.00,89.00,89.00,89.00,89.00,89.00,89.00,89.00,89.00,89.00,89.00,89.00,89.00,89.00,89.00,89.00,89.00,89.00
2026-08-25 13:36:08,89.00,89.00,89.00,89.00,89.00,89.00,89.00,89.00,89.00,89.00,89.00,89.00,89.00,89.00,89.00,89.00,89.00,89.00,89.00,89.00,89.00,89.00
2026-08-25 13:45:08,89.00,89.00,89.00,89.00,89.00,89.00,89.00,89.00,89.00,89.00,89.00,89.00,89.00,89.00,89.00,89.00,89.00,89.00,89.00,89.00,89.00,89.00
2026-08-25 13:56:07,89.00,89.00,89.00,89.00,89.00,89.00,89.00,89.00,89.00,89.00,89.00,89.00,89.00,89.00,89.00,89.00,89.00,89.00,89.00,89.00,89.00,89.00
2026-08-25 14:06:26,89.00,89.00,89.00,89.00,89.00,89.00,89.00,89.00,89.00,89.00,89.00,89.00,89.00,89.00,89.00,89.00,89.00,89.00,89.00,89.00,89.00,89.00
2026-08-25 14:16:24,89.00,89.00,89.00,89.00,89.00,89.00,89.00,89.00,89.00,89.00,89.00,89.00,89.00,89.00,89.00,89.00,89.00,89.00,89.00,89.00,89.00,89.00
2026-08-25 14:26:16,89.00,89.00,89.00,89.00,89.00,89.00,89.00,89.00,89.00,89.00,89.00,89.00,89.00,89.00,89.00,89.00,89.00,89.00,89.00,89.00,89.00,89.00
2026-08-25 14:36:09,89.00,89.00,89.00,89.00,89.00,89.00,89.00,89.00,89.00,89.00,89.00,89.00,89.00,89.00,89.00,89.00,89.00,89.00,89.00,89.00,89.00,89.00
2026-08-25 14:45:17,89.00,89.00,89.00,89.00,89.00,89.00,89.00,89.00,89.00,89.00,89.00,89.00,89.00,89.00,89.00,89.00,89.00,89.00,89.00,89.00,89.00,89.00
2026-08-25 14:55:36,89.00,89.00,89.00,89.00,89.00,89.00,89.00,89.00,89.00,89.00,89.00,89.00,89.00,89.00,89.00,89.00,89.00,89.00,89.00,89.00,89.00,89.00
2026-08-25 15:06:10,89.00,89.00,89.00,89.00,89.00,89.00,89.00,89.00,89.00,89.00,89.00,89.00,89.00,89.00,89.00,89.00,89.00,89.00,89.00,89.00,89.00,89.00
2026-08-25 15:16:19,89.00,89.00,89.00,89.00,89.00,89.00,89.00,89.00,89.00,89.00,89.00,89.00,89.00,89.00,89.00,89.00,89.00,89.00,89.00,89.00,89.00,89.00
2026-08-25 15:26:24,89.00,89.00,89.00,89.00,89.00,89.00,89.00,89.00,89.00,89.00,89.00,89.00,89.00,89.00,89.00,89.00,89.00,89.00,89.00,89.00,89.00,89.00
2026-08-25 15:36:11,89.00,89.00,89.00,89.00,89.00,89.00,89.00,89.00,89.00,89.00,89.00,89.00,89.00,89.00,89.00,89.00,89.00,89.00,89.00,89.00,89.00,89.00
2026-08-25 15:46:07,89.00,89.00,89.00,89.00,89.00,89.00,89.00,89.00,89.00,89.00,89.00,89.00,89.00,89.00,89.00,89.00,89.00,89.00,89.00,89.00,89.00,89.00
2026-08-25 15:56:00,89.00,89.00,89.00,89.00,89.00,89.00,89.00,89.00,89.00,89.00,89.00,89.00,89.00,89.00,89.00,89.00,89.00,89.00,89.00,89.00,89.00,89.00
2026-08-25 16:06:05,89.00,89.00,89.00,89.00,89.00,89.00,89.00,89.00,89.00,89.00,89.00,89.00,89.00,89.00,89.00,89.00,89.00,89.00,89.00,89.00,89.00,89.00
2026-08-25 16:16:29,89.00,89.00,89.00,89.00,89.00,89.00,89.00,89.00,89.00,89.00,89.00,89.00,89.00,89.00,89.00,89.00,89.00,89.00,89.00,89.00,89.00,89.00
2026-08-25 16:26:29,89.00,89.00,89.00,89.00,89.00,89.00,89.00,89.00,89.00,89.00,89.00,89.00,89.00,89.00,89.00,89.00,89.00,89.00,89.00,89.00,89.00,89.00
2026-08-25 16:36:54,89.00,89.00,89.00,89.00,89.00,89.00,89.00,89.00,89.00,89.00,89.00,89.00,89.00,89.00,89.00,89.00,89.00,89.00,89.00,89.00,89.00,89.00
2026-08-25 16:47:37,89.00,89.00,89.00,89.00,89.00,89.00,89.00,89.00,89.00,89.00,89.00,89.00,89.00,89.00,89.00,89.00,89.00,89.00,89.00,89.00,89.00,89.00
2026-08-25 16:58:02,89.00,89.00,89.00,89.00,89.00,89.00,89.00,89.00,89.00,89.00,89.00,89.00,89.00,89.00,89.00,89.00,89.00,89.00,89.00,89.00,89.00,89.00
2026-08-25 17:07:50,89.00,89.00,89.00,89.00,89.00,89.00,89.00,89.00,89.00,89.00,89.00,89.00,89.00,89.00,89.00,89.00,89.00,89.00,89.00,89.00,89.00,89.00
2026-08-25 17:17:37,89.00,89.00,89.00,89.00,89.00,89.00,89.00,89.00,89.00,89.00,89.00,89.00,89.00,89.00,89.00,89.00,89.00,89.00,89.00,89.00,89.00,89.00
2026-08-25 17:27:57,89.00,89.00,89.00,89.00,89.00,89.00,89.00,89.00,89.00,89.00,89.00,89.00,89.00,89.00,89.00,89.00,89.00,89.00,89.00,89.00,89.00,89.00
2026-08-25 17:37:59,89.00,89.00,89.00,89.00,89.00,89.00,89.00,89.00,89.00,89.00,89.00,89.00,89.00,89.00,89.00,89.00,89.00,89.00,89.00,89.00,89.00,89.00
2026-08-25 17:47:50,89.00,89.00,89.00,89.00,89.00,89.00,89.00,89.00,89.00,89.00,89.00,89.00,89.00,89.00,89.00,89.00,89.00,89.00,89.00,89.00,89.00,89.00
2026-08-25 17:57:57,89.00,89.00,89.00,89.00,89.00,89.00,89.00,89.00,89.00,89.00,89.00,89.00,89.00,89.00,89.00,89.00,89.00,89.00,89.00,89.00,89.00,89.00
2026-08-25 18:07:54,89.00,89.00,89.00,89.00,89.00,89.00,89.00,89.00,89.00,89.00,89.00,89.00,89.00,89.00,89.00,89.00,89.00,89.00,89.00,89.00,89.00,89.00
2026-08-25 18:17:45,89.00,89.00,89.00,89.00,89.00,89.00,89.00,89.00,89.00,89.00,89.00,89.00,89.00,89.00,89.00,89.00,89.00,89.00,89.00,89.00,89.00,89.00
2026-08-25 18:27:59,89.00,89.00,89.00,89.00,89.00,89.00,89.00,89.00,89.00,89.00,89.00,89.00,89.00,89.00,89.00,89.00,89.00,89.00,89.00,89.00,89.00,89.00
2026-08-25 18:38:14,89.00,89.00,89.00,89.00,89.00,89.00,89.00,89.00,89.00,89.00,89.00,89.00,89.00,89.00,89.00,89.00,89.00,89.00,89.00,89.00,89.00,89.00
2026-08-25 18:48:30,89.00,89.00,89.00,89.00,89.00,89.00,89.00,89.00,89.00,89.00,89.00,89.00,89.00,89.00,89.00,89.00,89.00,89.00,89.00,89.00,89.00,89.00
2026-08-25 18:58:45,89.00,89.00,89.00,89.00,89.00,89.00,89.00,89.00,89.00,89.00,89.00,89.00,89.00,89.00,89.00,89.00,89.00,89.00,89.00,89.00,89.00,89.00
2026-08-25 19:08:57,89.00,89.00,89.00,89.00,89.00,89.00,89.00,89.00,89.00,89.00,89.00,89.00,89.00,89.00,89.00,89.00,89.00,89.00,89.00,89.00,89.00,89.00
2026-08-25 19:19:15,89.00,89.00,89.00,89.00,89.00,89.00,89.00,89.00,89.00,89.00,89.00,89.00,89.00,89.00,89.00,89.00,89.00,89.00,89.00,89.00,89.00,89.00
2026-08-25 19:29:31,89.00,89.00,89.00,89.00,89.00,89.00,89.00,89.00,89.00,89.00,89.00,89.00,89.00,89.00,89.00,89.00,89.00,89.00,89.00,89.00,89.00,89.00
2026-08-25 19:39:21,89.00,89.00,89.00,89.00,89.00,89.00,89.00,89.00,89.00,89.00,89.00,89.00,89.00,89.00,89.00,89.00,89.00,89.00,89.00,89.00,89.00,89.00
2026-08-25 19:49:15,89.00,89.00,89.00,89.00,89.00,89.00,89.00,89.00,89.00,89.00,89.00,89.00,89.00,89.00,89.00,89.00,89.00,89.00,89.00,89.00,89.00,89.00
2026-08-25 19:59:11,89.00,89.00,89.00,89.00,89.00,89.00,89.00,89.00,89.00,89.00,89.00,89.00,89.00,89.00,89.00,89.00,89.00,89.00,89.00,89.00,89.00,89.00
2026-08-25 20:09:27,89.00,89.00,89.00,89.00,89.00,89.00,89.00,89.00,89.00,89.00,89.00,89.00,89.00,89.00,89.00,89.00,89.00,89.00,89.00,89.00,89.00,89.00
2026-08-25 20:19:35,89.00,89.00,89.00,89.00,89.00,89.00,89.00,89.00,89.00,89.00,89.00,89.00,89.00,89.00,89.00,89.00,89.00,89.00,89.00,89.00,89.00,89.00
2026-08-25 20:29:50,89.00,89.00,89.00,89.00,89.00,89.00,109.00,89.00,89.00,89.00,89.00,89.00,89.00,89.00,89.00,89.00,89.00,89.00,89.00,89.00,89.00,89.00
2026-08-25 20:40:09,109.00,109.00,109.00,109.00,109.00,109.00,109.00,109.00,109.00,109.00,89.00,89.00,89.00,89.00,89.00,89.00,89.00,89.00,89.00,89.00,89.00,89.00
2026-08-25 20:49:56,109.00,109.00,109.00,109.00,109.00,109.00,109.00,109.00,109.00,109.00,89.00,89.00,89.00,89.00,89.00,89.00,89.00,89.00,89.00,89.00,89.00,89.00
2026-08-25 20:59:51,109.00,109.00,109.00,109.00,109.00,109.00,109.00,109.00,109.00,109.00,89.00,89.00,89.00,89.00,89.00,89.00,89.00,89.00,89.00,89.00,89.00,89.00
2026-08-25 21:09:56,109.00,109.00,109.00,109.00,109.00,109.00,109.00,109.00,109.00,109.00,89.00,89.00,89.00,89.00,89.00,89.00,89.00,89.00,89.00,89.00,89.00,89.00
2026-08-25 21:20:04,109.00,109.00,109.00,109.00,109.00,109.00,109.00,109.00,109.00,109.00,89.00,89.00,89.00,89.00,89.00,89.00,89.00,89.00,89.00,89.00,89.00,89.00
2026-08-25 21:30:46,109.00,,109.00,,109.00,109.00,109.00,,109.00,,,89.00,89.00,,89.00,,89.00,89.00,,89.00,,
2026-08-25 21:40:34,109.00,109.00,109.00,109.00,109.00,109.00,109.00,109.00,109.00,109.00,89.00,89.00,89.00,89.00,89.00,89.00,89.00,89.00,89.00,89.00,89.00,89.00
2026-08-25 21:49:49,109.00,109.00,109.00,109.00,109.00,109.00,109.00,109.00,109.00,109.00,89.00,89.00,89.00,89.00,89.00,89.00,89.00,89.00,89.00,89.00,89.00,89.00
2026-08-25 21:59:24,109.00,109.00,109.00,109.00,109.00,109.00,109.00,109.00,109.00,109.00,89.00,89.00,89.00,89.00,89.00,89.00,89.00,89.00,89.00,89.00,89.00,89.00
2026-08-25 22:09:54,109.00,109.00,109.00,109.00,109.00,109.00,109.00,109.00,109.00,109.00,89.00,89.00,89.00,89.00,89.00,89.00,89.00,89.00,89.00,89.00,89.00,89.00
2026-08-25 22:20:09,109.00,109.00,109.00,109.00,109.00,109.00,109.00,109.00,109.00,109.00,89.00,89.00,89.00,89.00,89.00,89.00,89.00,89.00,89.00,89.00,89.00,89.00
2026-08-25 22:30:23,109.00,109.00,109.00,109.00,109.00,109.00,109.00,109.00,109.00,109.00,89.00,89.00,89.00,89.00,89.00,89.00,89.00,89.00,89.00,89.00,89.00,89.00
2026-08-25 22:40:45,109.00,109.00,109.00,109.00,109.00,109.00,109.00,109.00,109.00,109.00,89.00,89.00,89.00,89.00,89.00,89.00,89.00,89.00,89.00,89.00,89.00,89.00
2026-08-25 22:51:04,109.00,109.00,109.00,109.00,109.00,109.00,109.00,109.00,109.00,109.00,89.00,89.00,89.00,89.00,89.00,89.00,89.00,89.00,89.00,89.00,89.00,89.00
2026-08-25 23:00:49,109.00,109.00,109.00,109.00,109.00,109.00,109.00,109.00,109.00,109.00,89.00,89.00,89.00,89.00,89.00,89.00,89.00,89.00,89.00,89.00,89.00,89.00
2026-08-25 23:10:05,109.00,109.00,109.00,109.00,109.00,109.00,109.00,109.00,109.00,109.00,89.00,89.00,89.00,89.00,89.00,89.00,89.00,89.00,89.00,89.00,89.00,89.00
2026-08-25 23:19:43,109.00,109.00,109.00,109.00,109.00,109.00,109.00,109.00,109.00,109.00,89.00,89.00,89.00,89.00,89.00,89.00,89.00,89.00,89.00,89.00,89.00,89.00
2026-08-25 23:29:52,109.00,109.00,109.00,109.00,109.00,109.00,109.00,109.00,109.00,109.00,89.00,89.00,89.00,89.00,89.00,89.00,89.00,89.00,89.00,89.00,89.00,89.00
2026-08-25 23:39:50,109.00,109.00,109.00,109.00,109.00,109.00,109.00,109.00,109.00,109.00,89.00,89.00,89.00,89.00,89.00,89.00,89.00,89.00,89.00,89.00,89.00,89.00
2026-08-25 23:50:01,109.00,109.00,109.00,109.00,109.00,109.00,109.00,109.00,109.00,109.00,89.00,89.00,89.00,89.00,89.00,89.00,89.00,89.00,89.00,89.00,89.00,89.00
2026-08-26 00:00:17,109.00,109.00,109.00,109.00,109.00,109.00,109.00,109.00,109.00,109.00,89.00,89.00,89.00,89.00,89.00,89.00,89.00,89.00,89.00,89.00,89.00,89.00
2026-08-26 00:10:36,109.00,109.00,109.00,109.00,109.00,109.00,109.00,109.00,109.00,109.00,89.00,89.00,89.00,89.00,89.00,89.00,89.00,89.00,89.00,89.00,89.00,89.00
2026-08-26 00:20:50,109.00,109.00,109.00,109.00,109.00,109.00,109.00,109.00,109.00,109.00,89.00,89.00,89.00,89.00,89.00,89.00,89.00,89.00,89.00,89.00,89.00,89.00
2026-08-26 00:30:59,109.00,109.00,109.00,109.00,109.00,109.00,109.00,109.00,109.00,109.00,89.00,89.00,89.00,89.00,89.00,89.00,89.00,89.00,89.00,89.00,89.00,89.00
2026-08-26 00:41:03,109.00,109.00,109.00,109.00,109.00,109.00,109.00,109.00,109.00,109.00,89.00,89.00,89.00,89.00,89.00,89.00,89.00,89.00,89.00,89.00,89.00,89.00
2026-08-26 00:51:34,89.00,89.00,89.00,89.00,89.00,89.00,89.00,89.00,89.00,89.00,89.00,89.00,89.00,89.00,89.00,89.00,89.00,89.00,89.00,89.00,89.00,89.00
2026-08-26 01:01:40,89.00,89.00,89.00,89.00,89.00,89.00,89.00,89.00,89.00,89.00,89.00,89.00,89.00,89.00,89.00,89.00,89.00,89.00,89.00,89.00,89.00,89.00
2026-08-26 01:11:50,89.00,89.00,89.00,89.00,89.00,89.00,89.00,89.00,89.00,89.00,89.00,89.00,89.00,89.00,89.00,89.00,89.00,89.00,89.00,89.00,89.00,89.00
2026-08-26 01:22:08,89.00,89.00,89.00,89.00,89.00,89.00,89.00,89.00,89.00,89.00,89.00,89.00,89.00,89.00,89.00,89.00,89.00,89.00,89.00,89.00,89.00,89.00
2026-08-26 01:31:55,89.00,89.00,89.00,89.00,89.00,89.00,89.00,89.00,89.00,89.00,89.00,89.00,89.00,89.00,89.00,89.00,89.00,89.00,89.00,89.00,89.00,89.00
2026-08-26 01:41:45,89.00,89.00,89.00,89.00,89.00,89.00,89.00,89.00,89.00,89.00,89.00,89.00,89.00,89.00,89.00,89.00,89.00,89.00,89.00,89.00,89.00,89.00
2026-08-26 01:51:04,89.00,89.00,89.00,89.00,89.00,89.00,89.00,89.00,89.00,89.00,89.00,89.00,89.00,89.00,89.00,89.00,89.00,89.00,89.00,89.00,89.00,89.00
2026-08-26 02:01:04,89.00,89.00,89.00,89.00,89.00,89.00,89.00,89.00,89.00,89.00,89.00,89.00,89.00,89.00,89.00,89.00,89.00,89.00,89.00,89.00,89.00,89.00
2026-08-26 02:11:17,89.00,89.00,89.00,89.00,89.00,89.00,89.00,89.00,89.00,89.00,89.00,89.00,89.00,89.00,89.00,89.00,89.00,89.00,89.00,89.00,89.00,89.00
2026-08-26 02:21:29,89.00,89.00,89.00,89.00,89.00,89.00,89.00,89.00,89.00,89.00,89.00,89.00,89.00,89.00,89.00,89.00,89.00,89.00,89.00,89.00,89.00,89.00
2026-08-26 02:31:47,89.00,89.00,89.00,89.00,89.00,89.00,89.00,89.00,89.00,89.00,89.00,89.00,89.00,89.00,89.00,89.00,89.00,89.00,89.00,89.00,89.00,89.00
2026-08-26 02:40:59,89.00,89.00,89.00,89.00,89.00,89.00,89.00,89.00,89.00,89.00,89.00,89.00,89.00,89.00,89.00,89.00,89.00,89.00,89.00,89.00,89.00,89.00
2026-08-26 02:50:34,89.00,89.00,89.00,89.00,89.00,89.00,89.00,89.00,89.00,89.00,89.00,89.00,89.00,89.00,89.00,89.00,89.00,89.00,89.00,89.00,89.00,89.00
2026-08-26 03:00:55,89.00,89.00,89.00,89.00,89.00,89.00,89.00,89.00,89.00,89.00,89.00,89.00,89.00,89.00,89.00,89.00,89.00,89.00,89.00,89.00,89.00,89.00
2026-08-26 03:11:25,89.00,89.00,89.00,89.00,89.00,89.00,89.00,89.00,89.00,89.00,89.00,89.00,89.00,89.00,89.00,89.00,89.00,89.00,89.00,89.00,89.00,89.00
2026-08-26 03:21:54,89.00,89.00,89.00,89.00,89.00,89.00,89.00,89.00,89.00,89.00,89.00,89.00,89.00,89.00,89.00,89.00,89.00,89.00,89.00,89.00,89.00,89.00
2026-08-26 03:32:09,89.00,89.00,89.00,89.00,89.00,89.00,89.00,89.00,89.00,89.00,89.00,89.00,89.00,89.00,89.00,89.00,89.00,89.00,89.00,89.00,89.00,89.00
2026-08-26 03:42:36,89.00,89.00,89.00,89.00,89.00,89.00,89.00,89.00,89.00,89.00,89.00,89.00,89.00,89.00,89.00,89.00,89.00,89.00,89.00,89.00,89.00,89.00
2026-08-26 03:52:48,89.00,89.00,89.00,89.00,89.00,89.00,89.00,89.00,89.00,89.00,89.00,89.00,89.00,89.00,89.00,89.00,89.00,89.00,89.00,89.00,89.00,89.00
2026-08-26 04:02:34,89.00,89.00,89.00,89.00,89.00,89.00,89.00,89.00,89.00,89.00,89.00,89.00,89.00,89.00,89.00,89.00,89.00,89.00,89.00,89.00,89.00,89.00
2026-08-26 04:11:56,89.00,89.00,89.00,89.00,89.00,89.00,89.00,89.00,89.00,89.00,89.00,89.00,89.00,89.00,89.00,89.00,89.00,89.00,89.00,89.00,89.00,89.00
2026-08-26 04:22:02,89.00,89.00,89.00,89.00,89.00,89.00,89.00,89.00,89.00,89.00,89.00,89.00,89.00,89.00,89.00,89.00,89.00,89.00,89.00,89.00,89.00,89.00
2026-08-26 04:32:16,89.00,89.00,89.00,89.00,89.00,89.00,89.00,89.00,89.00,89.00,89.00,89.00,89.00,89.00,89.00,89.00,89.00,89.00,89.00,89.00,89.00,89.00
2026-08-26 04:42:54,89.00,89.00,89.00,89.00,89.00,89.00,89.00,89.00,89.00,89.00,89.00,89.00,89.00,89.00,89.00,89.00,89.00,89.00,89.00,89.00,89.00,89.00
2026-08-26 04:53:17,89.00,89.00,89.00,89.00,89.00,89.00,89.00,89.00,89.00,89.00,89.00,89.00,89.00,89.00,89.00,89.00,89.00,89.00,89.00,89.00,89.00,89.00
2026-08-26 05:03:35,89.00,89.00,89.00,89.00,89.00,89.00,89.00,89.00,89.00,89.00,89.00,89.00,89.00,89.00,89.00,89.00,89.00,89.00,89.00,89.00,89.00,89.00
2026-08-26 05:14:10,89.00,89.00,89.00,89.00,89.00,89.00,89.00,89.00,89.00,89.00,89.00,89.00,89.00,89.00,89.00,89.00,89.00,89.00,89.00,89.00,89.00,89.00
2026-08-26 05:24:37,89.00,89.00,89.00,89.00,89.00,89.00,89.00,89.00,89.00,89.00,89.00,89.00,89.00,89.00,89.00,89.00,89.00,89.00,89.00,89.00,89.00,89.00
2026-08-26 05:34:12,89.00,89.00,89.00,89.00,89.00,89.00,89.00,89.00,89.00,89.00,89.00,89.00,89.00,89.00,89.00,89.00,89.00,89.00,89.00,89.00,89.00,89.00
2026-08-26 05:43:40,89.00,89.00,89.00,89.00,89.00,89.00,89.00,89.00,89.00,89.00,89.00,89.00,89.00,89.00,89.00,89.00,89.00,89.00,89.00,89.00,89.00,89.00
2026-08-26 05:53:52,89.00,89.00,89.00,89.00,89.00,89.00,89.00,89.00,89.00,89.00,89.00,89.00,89.00,89.00,89.00,89.00,89.00,89.00,89.00,89.00,89.00,89.00
2026-08-26 06:04:11,89.00,89.00,89.00,89.00,89.00,89.00,89.00,89.00,89.00,89.00,89.00,89.00,89.00,89.00,89.00,89.00,89.00,89.00,89.00,89.00,89.00,89.00
2026-08-26 06:14:39,89.00,89.00,89.00,89.00,89.00,89.00,89.00,89.00,89.00,89.00,89.00,89.00,89.00,89.00,89.00,89.00,89.00,89.00,89.00,89.00,89.00,89.00
2026-08-26 06:24:20,89.00,89.00,89.00,89.00,89.00,89.00,89.00,89.00,89.00,89.00,89.00,89.00,89.00,89.00,89.00,89.00,89.00,89.00,89.00,89.00,89.00,89.00
2026-08-26 06:34:15,89.00,89.00,89.00,89.00,89.00,89.00,89.00,89.00,89.00,89.00,89.00,89.00,89.00,89.00,89.00,89.00,89.00,89.00,89.00,89.00,89.00,89.00
2026-08-26 06:44:31,89.00,89.00,89.00,89.00,89.00,89.00,89.00,89.00,89.00,89.00,89.00,89.00,89.00,89.00,89.00,89.00,89.00,89.00,89.00,89.00,89.00,89.00
2026-08-26 06:54:03,89.00,89.00,89.00,89.00,89.00,89.00,89.00,89.00,89.00,89.00,89.00,89.00,89.00,89.00,89.00,89.00,89.00,89.00,89.00,89.00,89.00,89.00
2026-08-26 07:03:31,89.00,89.00,89.00,89.00,89.00,89.00,89.00,89.00,89.00,89.00,89.00,89.00,89.00,89.00,89.00,89.00,89.00,89.00,89.00,89.00,89.00,89.00
2026-08-26 07:13:55,89.00,89.00,89.00,89.00,89.00,89.00,89.00,89.00,89.00,89.00,89.00,89.00,89.00,89.00,89.00,89.00,89.00,89.00,89.00,89.00,89.00,89.00
2026-08-26 07:24:19,89.00,89.00,89.00,89.00,89.00,89.00,89.00,89.00,89.00,89.00,89.00,89.00,89.00,89.00,89.00,89.00,89.00,89.00,89.00,89.00,89.00,89.00
2026-08-26 07:34:28,89.00,89.00,89.00,89.00,89.00,89.00,89.00,89.00,89.00,89.00,89.00,89.00,89.00,89.00,89.00,89.00,89.00,89.00,89.00,89.00,89.00,89.00
2026-08-26 07:44:47,89.00,89.00,89.00,89.00,89.00,89.00,89.00,89.00,89.00,89.00,89.00,89.00,89.00,89.00,89.00,89.00,89.00,89.00,89.00,89.00,89.00,89.00
2026-08-26 07:55:12,89.00,89.00,89.00,89.00,89.00,89.00,89.00,89.00,89.00,89.00,89.00,89.00,89.00,89.00,89.00,89.00,89.00,89.00,89.00,89.00,89.00,89.00
2026-08-26 08:05:27,89.00,89.00,89.00,89.00,89.00,89.00,89.00,89.00,89.00,89.00,89.00,89.00,89.00,89.00,89.00,89.00,89.00,89.00,89.00,89.00,89.00,89.00
2026-08-26 08:15:48,89.00,89.00,89.00,89.00,89.00,89.00,89.00,89.00,89.00,89.00,89.00,89.00,89.00,89.00,89.00,89.00,89.00,89.00,89.00,89.00,89.00,89.00
2026-08-26 08:26:03,89.00,89.00,89.00,89.00,89.00,89.00,89.00,89.00,89.00,89.00,89.00,89.00,89.00,89.00,89.00,89.00,89.00,89.00,89.00,89.00,89.00,89.00
2026-08-26 08:36:23,89.00,89.00,89.00,89.00,89.00,89.00,89.00,89.00,89.00,89.00,89.00,89.00,89.00,89.00,89.00,89.00,89.00,89.00,89.00,89.00,89.00,89.00
2026-08-26 08:46:06,89.00,89.00,89.00,89.00,89.00,89.00,89.00,89.00,89.00,89.00,89.00,89.00,89.00,89.00,89.00,89.00,89.00,89.00,89.00,89.00,89.00,89.00
2026-08-26 08:56:05,89.00,89.00,89.00,89.00,89.00,89.00,89.00,89.00,89.00,89.00,89.00,89.00,89.00,89.00,89.00,89.00,89.00,89.00,89.00,89.00,89.00,89.00
2026-08-26 09:06:23,89.00,89.00,89.00,89.00,89.00,89.00,89.00,89.00,89.00,89.00,89.00,89.00,89.00,89.00,89.00,89.00,89.00,89.00,89.00,89.00,89.00,89.00
2026-08-26 09:16:31,89.00,89.00,89.00,89.00,89.00,89.00,89.00,89.00,89.00,89.00,89.00,89.00,89.00,89.00,89.00,89.00,89.00,89.00,89.00,89.00,89.00,89.00
2026-08-26 09:25:53,89.00,89.00,89.00,89.00,89.00,89.00,89.00,89.00,89.00,89.00,89.00,89.00,89.00,89.00,89.00,89.00,89.00,89.00,89.00,89.00,89.00,89.00
2026-08-26 09:36:20,89.00,89.00,89.00,89.00,89.00,89.00,89.00,89.00,89.00,89.00,89.00,89.00,89.00,89.00,89.00,89.00,89.00,89.00,89.00,89.00,89.00,89.00
2026-08-26 09:46:51,89.00,89.00,89.00,89.00,89.00,89.00,89.00,89.00,89.00,89.00,89.00,89.00,89.00,89.00,89.00,89.00,89.00,89.00,89.00,89.00,89.00,89.00
2026-08-26 09:57:02,89.00,89.00,89.00,89.00,89.00,89.00,89.00,89.00,89.00,89.00,89.00,89.00,89.00,89.00,89.00,89.00,89.00,89.00,89.00,89.00,89.00,89.00
2026-08-26 10:07:24,89.00,89.00,89.00,89.00,89.00,89.00,89.00,89.00,89.00,89.00,89.00,89.00,89.00,89.00,89.00,89.00,89.00,89.00,89.00,89.00,89.00,89.00
2026-08-26 10:17:54,89.00,89.00,89.00,89.00,89.00,89.00,89.00,89.00,89.00,89.00,89.00,89.00,89.00,89.00,89.00,89.00,89.00,89.00,89.00,89.00,89.00,89.00
2026-08-26 10:27:38,89.00,89.00,89.00,89.00,89.00,89.00,89.00,89.00,89.00,89.00,89.00,89.00,89.00,89.00,89.00,89.00,89.00,89.00,89.00,89.00,89.00,89.00
2026-08-26 10:37:37,89.00,89.00,89.00,89.00,89.00,89.00,89.00,89.00,89.00,89.00,89.00,89.00,89.00,89.00,89.00,89.00,89.00,89.00,89.00,89.00,89.00,89.00
2026-08-26 10:48:09,89.00,89.00,89.00,89.00,89.00,89.00,89.00,89.00,89.00,89.00,89.00,89.00,89.00,89.00,89.00,89.00,89.00,89.00,89.00,89.00,89.00,89.00
2026-08-26 10:58:21,89.00,89.00,89.00,89.00,89.00,89.00,89.00,89.00,89.00,89.00,89.00,89.00,89.00,89.00,89.00,89.00,89.00,89.00,89.00,89.00,89.00,89.00
2026-08-26 11:08:23,89.00,89.00,89.00,89.00,89.00,89.00,89.00,89.00,89.00,89.00,89.00,89.00,89.00,89.00,89.00,89.00,89.00,89.00,89.00,89.00,89.00,89.00
2026-08-26 11:18:40,89.00,89.00,89.00,89.00,89.00,89.00,89.00,89.00,89.00,89.00,89.00,89.00,89.00,89.00,89.00,89.00,89.00,89.00,89.00,89.00,89.00,89.00
2026-08-26 11:28:49,89.00,89.00,89.00,89.00,89.00,89.00,89.00,89.00,89.00,89.00,89.00,89.00,89.00,89.00,89.00,89.00,89.00,89.00,89.00,89.00,89.00,89.00
2026-08-26 11:38:57,89.00,89.00,89.00,89.00,89.00,89.00,89.00,89.00,89.00,89.00,89.00,89.00,89.00,89.00,89.00,89.00,89.00,89.00,89.00,89.00,89.00,89.00
2026-08-26 11:49:21,89.00,89.00,89.00,89.00,89.00,89.00,89.00,89.00,89.00,89.00,89.00,89.00,89.00,89.00,89.00,89.00,89.00,89.00,89.00,89.00,89.00,89.00
2026-08-26 11:59:51,89.00,89.00,89.00,89.00,89.00,89.00,89.00,89.00,89.00,89.00,89.00,89.00,89.00,89.00,89.00,89.00,89.00,89.00,89.00,89.00,89.00,89.00
2026-08-26 12:10:24,89.00,89.00,89.00,89.00,89.00,89.00,89.00,89.00,89.00,89.00,89.00,89.00,89.00,89.00,89.00,89.00,89.00,89.00,89.00,89.00,89.00,89.00
2026-08-26 12:21:01,89.00,89.00,89.00,89.00,89.00,89.00,89.00,89.00,89.00,89.00,89.00,89.00,89.00,89.00,89.00,89.00,89.00,89.00,89.00,89.00,89.00,89.00
2026-08-26 12:31:29,89.00,89.00,89.00,89.00,89.00,89.00,89.00,89.00,89.00,89.00,89.00,89.00,89.00,89.00,89.00,89.00,89.00,89.00,89.00,89.00,89.00,89.00
2026-08-26 12:42:09,89.00,89.00,89.00,89.00,89.00,89.00,89.00,89.00,89.00,89.00,89.00,89.00,89.00,89.00,89.00,89.00,89.00,89.00,89.00,89.00,89.00,89.00
2026-08-26 12:52:42,89.00,89.00,89.00,89.00,89.00,89.00,89.00,89.00,89.00,89.00,89.00,89.00,89.00,89.00,89.00,89.00,89.00,89.00,89.00,89.00,89.00,89.00
2026-08-26 13:02:25,89.00,89.00,89.00,89.00,89.00,89.00,89.00,89.00,89.00,89.00,89.00,89.00,89.00,89.00,89.00,89.00,89.00,89.00,89.00,89.00,89.00,89.00
2026-08-26 13:11:59,89.00,89.00,89.00,89.00,89.00,89.00,89.00,89.00,89.00,89.00,89.00,89.00,89.00,89.00,89.00,89.00,89.00,89.00,89.00,89.00,89.00,89.00
2026-08-26 13:22:27,89.00,89.00,89.00,89.00,89.00,89.00,89.00,89.00,89.00,89.00,89.00,89.00,89.00,89.00,89.00,89.00,89.00,89.00,89.00,89.00,89.00,89.00
2026-08-26 13:32:28,89.00,89.00,89.00,89.00,89.00,89.00,89.00,89.00,89.00,89.00,89.00,89.00,89.00,89.00,89.00,89.00,89.00,89.00,89.00,89.00,89.00,89.00
2026-08-26 13:42:45,89.00,89.00,89.00,89.00,89.00,89.00,89.00,89.00,89.00,89.00,89.00,89.00,89.00,89.00,89.00,89.00,89.00,89.00,89.00,89.00,89.00,89.00
2026-08-26 13:53:43,89.00,89.00,89.00,89.00,89.00,89.00,89.00,89.00,89.00,89.00,89.00,89.00,89.00,89.00,89.00,89.00,89.00,89.00,89.00,89.00,89.00,89.00
2026-08-26 14:04:12,89.00,89.00,89.00,89.00,89.00,89.00,89.00,89.00,89.00,89.00,89.00,89.00,89.00,89.00,89.00,89.00,89.00,89.00,89.00,89.00,89.00,89.00
2026-08-26 14:14:43,89.00,89.00,89.00,89.00,89.00,89.00,89.00,89.00,89.00,89.00,89.00,89.00,89.00,89.00,89.00,89.00,89.00,89.00,89.00,89.00,89.00,89.00
2026-08-26 14:25:15,89.00,89.00,89.00,89.00,89.00,89.00,89.00,89.00,89.00,89.00,89.00,89.00,89.00,89.00,89.00,89.00,89.00,89.00,89.00,89.00,89.00,89.00
2026-08-26 14:35:05,89.00,89.00,89.00,89.00,89.00,89.00,89.00,89.00,89.00,89.00,89.00,89.00,89.00,89.00,89.00,89.00,89.00,89.00,89.00,89.00,89.00,89.00
2026-08-26 14:45:01,89.00,89.00,89.00,89.00,89.00,89.00,89.00,89.00,89.00,89.00,89.00,89.00,89.00,89.00,89.00,89.00,89.00,89.00,89.00,89.00,89.00,89.00
2026-08-26 14:55:54,89.00,89.00,89.00,89.00,89.00,89.00,89.00,89.00,89.00,89.00,89.00,89.00,89.00,89.00,89.00,89.00,89.00,89.00,89.00,89.00,89.00,89.00
2026-08-26 15:06:41,89.00,89.00,89.00,89.00,89.00,89.00,89.00,89.00,89.00,89.00,89.00,89.00,89.00,89.00,89.00,89.00,89.00,89.00,89.00,89.00,89.00,89.00
2026-08-26 15:57:41,89.00,89.00,89.00,89.00,89.00,89.00,89.00,89.00,89.00,89.00,89.00,89.00,89.00,89.00,89.00,89.00,89.00,89.00,89.00,89.00,89.00,89.00
2026-08-26 16:08:11,89.00,89.00,89.00,89.00,89.00,89.00,89.00,89.00,89.00,89.00,89.00,89.00,89.00,89.00,89.00,89.00,89.00,89.00,89.00,89.00,89.00,89.00
2026-08-26 16:18:37,89.00,89.00,89.00,89.00,89.00,89.00,89.00,89.00,89.00,89.00,89.00,89.00,89.00,89.00,89.00,89.00,89.00,89.00,89.00,89.00,89.00,89.00
2026-08-26 16:28:41,89.00,89.00,89.00,89.00,89.00,89.00,89.00,89.00,89.00,89.00,89.00,89.00,89.00,89.00,89.00,89.00,89.00,89.00,89.00,89.00,89.00,89.00
2026-08-26 16:38:51,89.00,89.00,89.00,89.00,89.00,89.00,89.00,89.00,89.00,89.00,89.00,89.00,89.00,89.00,89.00,89.00,89.00,89.00,89.00,89.00,89.00,89.00
2026-08-26 16:49:32,89.00,89.00,89.00,89.00,89.00,89.00,89.00,89.00,89.00,89.00,89.00,89.00,89.00,89.00,89.00,89.00,89.00,89.00,89.00,89.00,89.00,89.00
2026-08-26 16:59:55,89.00,89.00,89.00,89.00,89.00,89.00,89.00,89.00,89.00,89.00,89.00,89.00,89.00,89.00,89.00,89.00,89.00,89.00,89.00,89.00,89.00,89.00
2026-08-26 17:10:35,89.00,89.00,89.00,89.00,89.00,89.00,89.00,89.00,89.00,89.00,89.00,89.00,89.00,89.00,89.00,89.00,89.00,89.00,89.00,89.00,89.00,89.00
2026-08-26 17:21:37,89.00,89.00,89.00,89.00,89.00,89.00,89.00,89.00,89.00,89.00,89.00,89.00,89.00,89.00,89.00,89.00,89.00,89.00,89.00,89.00,89.00,89.00
2026-08-26 17:32:37,89.00,89.00,89.00,89.00,89.00,89.00,89.00,89.00,89.00,89.00,89.00,89.00,89.00,89.00,89.00,89.00,89.00,89.00,89.00,89.00,89.00,89.00
2026-08-26 17:42:47,89.00,89.00,89.00,89.00,89.00,89.00,89.00,89.00,89.00,89.00,89.00,89.00,89.00,89.00,89.00,89.00,89.00,89.00,89.00,89.00,89.00,89.00
2026-08-26 18:14:21,89.00,89.00,89.00,89.00,89.00,89.00,89.00,89.00,89.00,89.00,89.00,89.00,89.00,89.00,89.00,89.00,89.00,89.00,89.00,89.00,89.00,89.00
2026-08-26 18:24:52,89.00,89.00,89.00,89.00,89.00,89.00,89.00,89.00,89.00,89.00,89.00,89.00,89.00,89.00,89.00,89.00,89.00,89.00,89.00,89.00,89.00,89.00
2026-08-26 18:35:12,89.00,89.00,89.00,89.00,89.00,89.00,89.00,89.00,89.00,89.00,89.00,89.00,89.00,89.00,89.00,89.00,89.00,89.00,89.00,89.00,89.00,89.00
2026-08-26 18:45:50,89.00,89.00,89.00,89.00,89.00,89.00,89.00,89.00,89.00,89.00,89.00,89.00,89.00,89.00,89.00,89.00,89.00,89.00,89.00,89.00,89.00,89.00
2026-08-26 18:56:42,89.00,89.00,89.00,89.00,89.00,89.00,89.00,89.00,89.00,89.00,89.00,89.00,89.00,89.00,89.00,89.00,89.00,89.00,89.00,89.00,89.00,89.00
2026-08-26 19:07:38,89.00,89.00,89.00,89.00,89.00,89.00,89.00,89.00,89.00,89.00,89.00,89.00,89.00,89.00,89.00,89.00,89.00,89.00,89.00,89.00,89.00,89.00
2026-08-26 19:20:48,89.00,89.00,89.00,89.00,89.00,89.00,89.00,89.00,89.00,89.00,89.00,89.00,89.00,89.00,89.00,89.00,89.00,89.00,89.00,89.00,89.00,89.00
2026-08-26 19:24:45,89.00,89.00,89.00,89.00,89.00,89.00,89.00,89.00,89.00,89.00,89.00,89.00,89.00,89.00,89.00,89.00,89.00,89.00,89.00,89.00,89.00,89.00
2026-08-26 19:34:54,89.00,89.00,89.00,89.00,89.00,89.00,89.00,89.00,89.00,89.00,89.00,89.00,89.00,89.00,89.00,89.00,89.00,89.00,89.00,89.00,89.00,89.00
2026-08-26 19:44:47,89.00,89.00,89.00,89.00,89.00,89.00,89.00,89.00,89.00,89.00,89.00,89.00,89.00,89.00,89.00,89.00,89.00,89.00,89.00,89.00,89.00,89.00
2026-08-26 19:54:58,89.00,89.00,89.00,89.00,89.00,89.00,89.00,89.00,89.00,89.00,89.00,89.00,89.00,89.00,89.00,89.00,89.00,89.00,89.00,89.00,89.00,89.00
2026-08-26 20:04:55,89.00,89.00,89.00,89.00,89.00,89.00,89.00,89.00,89.00,89.00,89.00,89.00,89.00,89.00,89.00,89.00,89.00,89.00,89.00,89.00,89.00,89.00
2026-08-26 20:14:55,89.00,89.00,89.00,89.00,89.00,89.00,89.00,89.00,89.00,89.00,89.00,89.00,89.00,89.00,89.00,89.00,89.00,89.00,89.00,89.00,89.00,89.00
2026-08-26 20:24:51,89.00,89.00,89.00,89.00,89.00,89.00,89.00,89.00,89.00,89.00,89.00,89.00,89.00,89.00,89.00,89.00,89.00,89.00,89.00,89.00,89.00,89.00
2026-08-26 20:34:51,89.00,89.00,89.00,89.00,89.00,89.00,89.00,89.00,89.00,89.00,89.00,89.00,89.00,89.00,89.00,89.00,89.00,89.00,89.00,89.00,89.00,89.00
2026-08-26 20:44:52,89.00,89.00,89.00,89.00,89.00,89.00,89.00,89.00,89.00,89.00,89.00,89.00,89.00,89.00,89.00,89.00,89.00,89.00,89.00,89.00,89.00,89.00
2026-08-26 20:54:51,89.00,89.00,89.00,89.00,89.00,89.00,89.00,89.00,89.00,89.00,89.00,89.00,89.00,89.00,89.00,89.00,89.00,89.00,89.00,89.00,89.00,89.00
2026-08-26 21:04:49,89.00,89.00,89.00,89.00,89.00,89.00,89.00,89.00,89.00,89.00,89.00,89.00,89.00,89.00,89.00,89.00,89.00,89.00,89.00,89.00,89.00,89.00
2026-08-26 21:14:47,89.00,89.00,89.00,89.00,89.00,89.00,89.00,89.00,89.00,89.00,89.00,89.00,89.00,89.00,89.00,89.00,89.00,89.00,89.00,89.00,89.00,89.00
2026-08-26 21:24:55,89.00,89.00,89.00,89.00,89.00,89.00,89.00,89.00,89.00,89.00,89.00,89.00,89.00,89.00,89.00,89.00,89.00,89.00,89.00,89.00,89.00,89.00
2026-08-26 21:34:51,89.00,89.00,89.00,89.00,89.00,89.00,89.00,89.00,89.00,89.00,89.00,89.00,89.00,89.00,89.00,89.00,89.00,89.00,89.00,89.00,89.00,89.00
2026-08-26 21:44:52,89.00,89.00,89.00,89.00,89.00,89.00,89.00,89.00,89.00,89.00,89.00,89.00,89.00,89.00,89.00,89.00,89.00,89.00,89.00,89.00,89.00,89.00
2026-08-26 21:54:47,89.00,89.00,89.00,89.00,89.00,89.00,89.00,89.00,89.00,89.00,89.00,89.00,89.00,89.00,89.00,89.00,89.00,89.00,89.00,89.00,89.00,89.00
2026-08-26 22:04:50,89.00,89.00,89.00,89.00,89.00,89.00,89.00,89.00,89.00,89.00,89.00,89.00,89.00,89.00,89.00,89.00,89.00,89.00,89.00,89.00,89.00,89.00
2026-08-26 22:14:52,89.00,89.00,89.00,89.00,89.00,89.00,89.00,89.00,89.00,89.00,89.00,89.00,89.00,89.00,89.00,89.00,89.00,89.00,89.00,89.00,89.00,89.00
2026-08-26 22:24:50,89.00,89.00,89.00,89.00,89.00,89.00,89.00,89.00,89.00,89.00,89.00,89.00,89.00,89.00,89.00,89.00,89.00,89.00,89.00,89.00,89.00,89.00
2026-08-26 22:34:50,89.00,89.00,89.00,89.00,89.00,89.00,89.00,89.00,89.00,89.00,89.00,89.00,89.00,89.00,89.00,89.00,89.00,89.00,89.00,89.00,89.00,89.00
2026-08-26 22:44:52,89.00,89.00,89.00,89.00,89.00,89.00,89.00,89.00,89.00,89.00,89.00,89.00,89.00,89.00,89.00,89.00,89.00,89.00,89.00,89.00,89.00,89.00
2026-08-26 22:54:49,89.00,89.00,89.00,89.00,89.00,89.00,89.00,89.00,89.00,89.00,89.00,89.00,89.00,89.00,89.00,89.00,89.00,89.00,89.00,89.00,89.00,89.00
2026-08-26 23:04:52,89.00,89.00,89.00,89.00,89.00,89.00,89.00,89.00,89.00,89.00,89.00,89.00,89.00,89.00,89.00,89.00,89.00,89.00,89.00,89.00,89.00,89.00
2026-08-26 23:14:53,89.00,89.00,89.00,89.00,89.00,89.00,89.00,89.00,89.00,89.00,89.00,89.00,89.00,89.00,89.00,89.00,89.00,89.00,89.00,89.00,89.00,89.00
2026-08-26 23:24:54,89.00,89.00,89.00,89.00,89.00,89.00,89.00,89.00,89.00,89.00,89.00,89.00,89.00,89.00,89.00,89.00,89.00,89.00,89.00,89.00,89.00,89.00
2026-08-26 23:34:52,89.00,89.00,89.00,89.00,89.00,89.00,89.00,89.00,89.00,89.00,89.00,89.00,89.00,89.00,89.00,89.00,89.00,89.00,89.00,89.00,89.00,89.00
2026-08-26 23:44:50,89.00,89.00,89.00,89.00,89.00,89.00,89.00,89.00,89.00,89.00,89.00,89.00,89.00,89.00,89.00,89.00,89.00,89.00,89.00,89.00,89.00,89.00
2026-08-26 23:54:49,89.00,89.00,89.00,89.00,89.00,89.00,89.00,89.00,89.00,89.00,89.00,89.00,89.00,89.00,89.00,89.00,89.00,89.00,89.00,89.00,89.00,89.00
2026-08-27 00:04:51,89.00,89.00,89.00,89.00,89.00,89.00,89.00,89.00,89.00,89.00,89.00,89.00,89.00,89.00,89.00,89.00,89.00,89.00,89.00,89.00,89.00,89.00
2026-08-27 00:14:54,89.00,89.00,89.00,89.00,89.00,89.00,89.00,89.00,89.00,89.00,89.00,89.00,89.00,89.00,89.00,89.00,89.00,89.00,89.00,89.00,89.00,89.00
2026-08-27 00:24:47,89.00,89.00,89.00,89.00,89.00,89.00,89.00,89.00,89.00,89.00,89.00,89.00,89.00,89.00,89.00,89.00,89.00,89.00,89.00,89.00,89.00,89.00
2026-08-27 00:34:50,89.00,89.00,89.00,89.00,89.00,89.00,89.00,89.00,89.00,89.00,89.00,89.00,89.00,89.00,89.00,89.00,89.00,89.00,89.00,89.00,89.00,89.00
2026-08-27 00:44:43,89.00,89.00,89.00,89.00,89.00,89.00,89.00,89.00,89.00,89.00,89.00,89.00,89.00,89.00,89.00,89.00,89.00,89.00,89.00,89.00,89.00,89.00
2026-08-27 00:54:49,89.00,89.00,89.00,89.00,89.00,89.00,89.00,89.00,89.00,89.00,89.00,89.00,89.00,89.00,89.00,89.00,89.00,89.00,89.00,89.00,89.00,89.00
2026-08-27 01:04:52,89.00,89.00,89.00,89.00,89.00,89.00,89.00,89.00,89.00,89.00,89.00,89.00,89.00,89.00,89.00,89.00,89.00,89.00,89.00,89.00,89.00,89.00
2026-08-27 01:14:44,89.00,89.00,89.00,89.00,89.00,89.00,89.00,89.00,89.00,89.00,89.00,89.00,89.00,89.00,89.00,89.00,89.00,89.00,89.00,89.00,89.00,89.00
2026-08-27 01:24:51,89.00,89.00,89.00,89.00,89.00,89.00,89.00,89.00,89.00,89.00,89.00,89.00,89.00,89.00,89.00,89.00,89.00,89.00,89.00,89.00,89.00,89.00
2026-08-27 01:34:55,89.00,89.00,89.00,89.00,89.00,89.00,89.00,89.00,89.00,89.00,89.00,89.00,89.00,89.00,89.00,89.00,89.00,89.00,89.00,89.00,89.00,89.00
2026-08-27 01:44:50,89.00,89.00,89.00,89.00,89.00,89.00,89.00,89.00,89.00,89.00,89.00,89.00,89.00,89.00,89.00,89.00,89.00,89.00,89.00,89.00,89.00,89.00
2026-08-27 01:54:49,89.00,89.00,89.00,89.00,89.00,89.00,89.00,89.00,89.00,89.00,89.00,89.00,89.00,89.00,89.00,89.00,89.00,89.00,89.00,89.00,89.00,89.00
2026-08-27 02:04:50,89.00,89.00,89.00,89.00,89.00,89.00,89.00,89.00,89.00,89.00,89.00,89.00,89.00,89.00,89.00,89.00,89.00,89.00,89.00,89.00,89.00,89.00
2026-08-27 02:14:52,89.00,89.00,89.00,89.00,89.00,89.00,89.00,89.00,89.00,89.00,89.00,89.00,89.00,89.00,89.00,89.00,89.00,89.00,89.00,89.00,89.00,89.00
2026-08-27 02:24:48,89.00,89.00,89.00,89.00,89.00,89.00,89.00,89.00,89.00,89.00,89.00,89.00,89.00,89.00,89.00,89.00,89.00,89.00,89.00,89.00,89.00,89.00
2026-08-27 02:34:50,89.00,89.00,89.00,89.00,89.00,89.00,89.00,89.00,89.00,89.00,89.00,89.00,89.00,89.00,89.00,89.00,89.00,89.00,89.00,89.00,89.00,89.00
2026-08-27 02:44:51,89.00,89.00,89.00,89.00,89.00,89.00,89.00,89.00,89.00,89.00,89.00,89.00,89.00,89.00,89.00,89.00,89.00,89.00,89.00,89.00,89.00,89.00
2026-08-27 02:54:49,89.00,89.00,89.00,89.00,89.00,89.00,89.00,89.00,89.00,89.00,89.00,89.00,89.00,89.00,89.00,89.00,89.00,89.00,89.00,89.00,89.00,89.00
2026-08-27 03:04:48,89.00,89.00,89.00,89.00,89.00,89.00,89.00,89.00,89.00,89.00,89.00,89.00,89.00,89.00,89.00,89.00,89.00,89.00,89.00,89.00,89.00,89.00
2026-08-27 03:14:47,89.00,89.00,89.00,89.00,89.00,89.00,89.00,89.00,89.00,89.00,89.00,89.00,89.00,89.00,89.00,89.00,89.00,89.00,89.00,89.00,89.00,89.00
2026-08-27 03:24:45,89.00,89.00,89.00,89.00,89.00,89.00,89.00,89.00,89.00,89.00,89.00,89.00,89.00,89.00,89.00,89.00,89.00,89.00,89.00,89.00,89.00,89.00
2026-08-27 03:34:49,89.00,89.00,89.00,89.00,89.00,89.00,89.00,89.00,89.00,89.00,89.00,89.00,89.00,89.00,89.00,89.00,89.00,89.00,89.00,89.00,89.00,89.00
2026-08-27 03:44:49,89.00,89.00,89.00,89.00,89.00,89.00,89.00,89.00,89.00,89.00,89.00,89.00,89.00,89.00,89.00,89.00,89.00,89.00,89.00,89.00,89.00,89.00
2026-08-27 03:54:51,89.00,89.00,89.00,89.00,89.00,89.00,89.00,89.00,89.00,89.00,89.00,89.00,89.00,89.00,89.00,89.00,89.00,89.00,89.00,89.00,89.00,89.00
2026-08-27 04:04:53,89.00,89.00,89.00,89.00,89.00,89.00,89.00,89.00,89.00,89.00,89.00,89.00,89.00,89.00,89.00,89.00,89.00,89.00,89.00,89.00,89.00,89.00
2026-08-27 04:14:48,89.00,89.00,89.00,89.00,89.00,89.00,89.00,89.00,89.00,89.00,89.00,89.00,89.00,89.00,89.00,89.00,89.00,89.00,89.00,89.00,89.00,89.00
2026-08-27 04:24:51,89.00,89.00,89.00,89.00,89.00,89.00,89.00,89.00,89.00,89.00,89.00,89.00,89.00,89.00,89.00,89.00,89.00,89.00,89.00,89.00,89.00,89.00
2026-08-27 04:34:49,89.00,89.00,89.00,89.00,89.00,89.00,89.00,89.00,89.00,89.00,89.00,89.00,89.00,89.00,89.00,89.00,89.00,89.00,89.00,89.00,89.00,89.00
2026-08-27 04:44:49,89.00,89.00,89.00,89.00,89.00,89.00,89.00,89.00,89.00,89.00,89.00,89.00,89.00,89.00,89.00,89.00,89.00,89.00,89.00,89.00,89.00,89.00
2026-08-27 04:54:51,89.00,89.00,89.00,89.00,89.00,89.00,89.00,89.00,89.00,89.00,89.00,89.00,89.00,89.00,89.00,89.00,89.00,89.00,89.00,89.00,89.00,89.00
2026-08-27 05:14:49,237.00,237.00,237.00,237.00,237.00,237.00,237.00,237.00,237.00,237.00,237.00,237.00,237.00,237.00,237.00,237.00,237.00,237.00,237.00,237.00,237.00,237.00
2026-08-27 05:24:53,237.00,237.00,237.00,237.00,237.00,237.00,237.00,237.00,237.00,237.00,237.00,237.00,237.00,237.00,237.00,237.00,237.00,237.00,237.00,237.00,237.00,237.00
2026-08-27 05:34:49,237.00,237.00,237.00,237.00,237.00,237.00,237.00,237.00,237.00,237.00,237.00,237.00,237.00,237.00,237.00,237.00,237.00,237.00,237.00,237.00,237.00,237.00
2026-08-27 05:44:53,237.00,237.00,237.00,237.00,237.00,237.00,237.00,237.00,237.00,237.00,237.00,237.00,237.00,237.00,237.00,237.00,237.00,237.00,237.00,237.00,237.00,237.00
2026-08-27 05:54:47,237.00,237.00,237.00,237.00,237.00,237.00,237.00,237.00,237.00,237.00,237.00,237.00,237.00,237.00,237.00,237.00,237.00,237.00,237.00,237.00,237.00,237.00
2026-08-27 06:04:49,237.00,237.00,237.00,237.00,237.00,237.00,237.00,237.00,237.00,237.00,237.00,237.00,237.00,237.00,237.00,237.00,237.00,237.00,237.00,237.00,237.00,237.00
2026-08-27 06:14:51,237.00,237.00,237.00,237.00,237.00,237.00,237.00,237.00,237.00,237.00,237.00,237.00,237.00,237.00,237.00,237.00,237.00,237.00,237.00,237.00,237.00,237.00
2026-08-27 06:24:46,237.00,237.00,237.00,237.00,237.00,237.00,237.00,237.00,237.00,237.00,237.00,237.00,237.00,237.00,237.00,237.00,237.00,237.00,237.00,237.00,237.00,237.00
2026-08-27 06:34:52,237.00,237.00,237.00,237.00,237.00,237.00,237.00,237.00,237.00,237.00,237.00,237.00,237.00,237.00,237.00,237.00,237.00,237.00,237.00,237.00,237.00,237.00
2026-08-27 06:44:51,237.00,237.00,237.00,237.00,237.00,237.00,237.00,237.00,237.00,237.00,237.00,237.00,237.00,237.00,237.00,237.00,237.00,237.00,237.00,237.00,237.00,237.00
2026-08-27 06:54:49,237.00,237.00,237.00,237.00,237.00,237.00,237.00,237.00,237.00,237.00,237.00,237.00,237.00,237.00,237.00,237.00,237.00,237.00,237.00,237.00,237.00,237.00
2026-08-27 07:04:54,237.00,237.00,237.00,237.00,237.00,237.00,237.00,237.00,237.00,237.00,237.00,237.00,237.00,237.00,237.00,237.00,237.00,237.00,237.00,237.00,237.00,237.00
2026-08-27 07:14:48,237.00,237.00,237.00,237.00,237.00,237.00,237.00,237.00,237.00,237.00,237.00,237.00,237.00,237.00,237.00,237.00,237.00,237.00,237.00,237.00,237.00,237.00
2026-08-27 07:24:52,237.00,237.00,237.00,237.00,237.00,237.00,237.00,237.00,237.00,237.00,237.00,237.00,237.00,237.00,237.00,237.00,237.00,237.00,237.00,237.00,237.00,237.00
2026-08-27 07:34:54,237.00,237.00,237.00,237.00,237.00,237.00,237.00,237.00,237.00,237.00,237.00,237.00,237.00,237.00,237.00,237.00,237.00,237.00,237.00,237.00,237.00,237.00
2026-08-27 07:44:49,237.00,237.00,237.00,237.00,237.00,237.00,237.00,237.00,237.00,237.00,237.00,237.00,237.00,237.00,237.00,237.00,237.00,237.00,237.00,237.00,237.00,237.00
2026-08-27 07:54:48,237.00,237.00,237.00,237.00,237.00,237.00,237.00,237.00,237.00,237.00,237.00,237.00,237.00,237.00,237.00,237.00,237.00,237.00,237.00,237.00,237.00,237.00
2026-08-27 08:04:56,237.00,237.00,237.00,237.00,237.00,237.00,237.00,237.00,237.00,237.00,237.00,237.00,237.00,237.00,237.00,237.00,237.00,237.00,237.00,237.00,237.00,237.00
2026-08-27 08:14:54,237.00,237.00,237.00,237.00,237.00,237.00,237.00,237.00,237.00,237.00,237.00,237.00,237.00,237.00,237.00,237.00,237.00,237.00,237.00,237.00,237.00,237.00
2026-08-27 08:24:49,237.00,237.00,237.00,237.00,237.00,237.00,237.00,237.00,237.00,237.00,237.00,237.00,237.00,237.00,237.00,237.00,237.00,237.00,237.00,237.00,237.00,237.00
2026-08-27 08:34:52,237.00,237.00,237.00,237.00,237.00,237.00,237.00,237.00,237.00,237.00,237.00,237.00,237.00,237.00,237.00,237.00,237.00,237.00,237.00,237.00,237.00,237.00
2026-08-27 08:44:50,237.00,237.00,237.00,237.00,237.00,237.00,237.00,237.00,237.00,237.00,237.00,237.00,237.00,237.00,237.00,237.00,237.00,237.00,237.00,237.00,237.00,237.00
2026-08-27 08:54:49,237.00,237.00,237.00,237.00,237.00,237.00,237.00,237.00,237.00,237.00,237.00,237.00,237.00,237.00,237.00,237.00,237.00,237.00,237.00,237.00,237.00,237.00
2026-08-27 09:04:52,237.00,237.00,237.00,237.00,237.00,237.00,237.00,237.00,237.00,237.00,237.00,237.00,237.00,237.00,237.00,237.00,237.00,237.00,237.00,237.00,237.00,237.00
2026-08-27 09:14:51,237.00,237.00,237.00,237.00,237.00,237.00,237.00,237.00,237.00,237.00,237.00,237.00,237.00,237.00,237.00,237.00,237.00,237.00,237.00,237.00,237.00,237.00
2026-08-27 09:24:51,237.00,237.00,237.00,237.00,237.00,237.00,237.00,237.00,237.00,237.00,237.00,237.00,237.00,237.00,237.00,237.00,237.00,237.00,237.00,237.00,237.00,237.00
2026-08-27 09:34:52,237.00,237.00,237.00,237.00,237.00,237.00,237.00,237.00,237.00,237.00,237.00,237.00,237.00,237.00,237.00,237.00,237.00,237.00,237.00,237.00,237.00,237.00
2026-08-27 09:44:48,237.00,237.00,237.00,237.00,237.00,237.00,237.00,237.00,237.00,237.00,237.00,237.00,237.00,237.00,237.00,237.00,237.00,237.00,237.00,237.00,237.00,237.00
2026-08-27 09:54:53,237.00,237.00,237.00,237.00,237.00,237.00,237.00,237.00,237.00,237.00,237.00,237.00,237.00,237.00,237.00,237.00,237.00,237.00,237.00,237.00,237.00,237.00
2026-08-27 10:04:50,237.00,237.00,237.00,237.00,237.00,237.00,237.00,237.00,237.00,237.00,237.00,237.00,237.00,237.00,237.00,237.00,237.00,237.00,237.00,237.00,237.00,237.00
2026-08-27 10:15:06,237.00,,237.00,,237.00,237.00,237.00,,237.00,,,237.00,237.00,,237.00,,237.00,237.00,,237.00,,
2026-08-27 10:24:56,237.00,237.00,237.00,237.00,237.00,237.00,237.00,237.00,237.00,237.00,237.00,237.00,237.00,237.00,237.00,237.00,237.00,237.00,237.00,237.00,237.00,237.00
2026-08-27 10:34:49,237.00,237.00,237.00,237.00,237.00,237.00,237.00,237.00,237.00,237.00,237.00,237.00,237.00,237.00,237.00,237.00,237.00,237.00,237.00,237.00,237.00,237.00
2026-08-27 10:44:52,237.00,237.00,237.00,237.00,237.00,237.00,237.00,237.00,237.00,237.00,237.00,237.00,237.00,237.00,237.00,237.00,237.00,237.00,237.00,237.00,237.00,237.00
2026-08-27 11:04:51,237.00,237.00,237.00,237.00,237.00,237.00,237.00,237.00,237.00,237.00,237.00,237.00,237.00,237.00,237.00,237.00,237.00,237.00,237.00,237.00,237.00,237.00
2026-08-27 11:14:49,237.00,237.00,237.00,237.00,237.00,237.00,237.00,237.00,237.00,237.00,237.00,237.00,237.00,237.00,237.00,237.00,237.00,237.00,237.00,237.00,237.00,237.00
2026-08-27 11:24:50,237.00,237.00,237.00,237.00,237.00,237.00,237.00,237.00,237.00,237.00,237.00,237.00,237.00,237.00,237.00,237.00,237.00,237.00,237.00,237.00,237.00,237.00
2026-08-27 11:34:53,237.00,237.00,237.00,237.00,237.00,237.00,237.00,237.00,237.00,237.00,237.00,237.00,237.00,237.00,237.00,237.00,237.00,237.00,237.00,237.00,237.00,237.00
2026-08-27 11:44:53,237.00,237.00,237.00,237.00,237.00,237.00,237.00,237.00,237.00,237.00,237.00,237.00,237.00,237.00,237.00,237.00,237.00,237.00,237.00,237.00,237.00,237.00
2026-08-27 11:54:52,237.00,237.00,237.00,237.00,237.00,237.00,237.00,237.00,237.00,237.00,237.00,237.00,237.00,237.00,237.00,237.00,237.00,237.00,237.00,237.00,237.00,237.00
2026-08-27 12:04:54,237.00,237.00,237.00,237.00,237.00,237.00,237.00,237.00,237.00,237.00,237.00,237.00,237.00,237.00,237.00,237.00,237.00,237.00,237.00,237.00,237.00,237.00
2026-08-27 12:14:50,237.00,237.00,237.00,237.00,237.00,237.00,237.00,237.00,237.00,237.00,237.00,237.00,237.00,237.00,237.00,237.00,237.00,237.00,237.00,237.00,237.00,237.00
2026-08-27 12:24:54,237.00,237.00,237.00,237.00,237.00,237.00,237.00,237.00,237.00,237.00,237.00,237.00,237.00,237.00,237.00,237.00,237.00,237.00,237.00,237.00,237.00,237.00
2026-08-27 12:34:55,237.00,237.00,237.00,237.00,237.00,237.00,237.00,237.00,237.00,237.00,237.00,237.00,237.00,237.00,237.00,237.00,237.00,237.00,237.00,237.00,237.00,237.00
2026-08-27 12:44:51,237.00,237.00,237.00,237.00,237.00,237.00,237.00,237.00,237.00,237.00,237.00,237.00,237.00,237.00,237.00,237.00,237.00,237.00,237.00,237.00,237.00,237.00
2026-08-27 12:54:49,237.00,237.00,237.00,237.00,237.00,237.00,237.00,237.00,237.00,237.00,237.00,237.00,237.00,237.00,237.00,237.00,237.00,237.00,237.00,237.00,237.00,237.00
2026-08-27 13:04:51,237.00,237.00,237.00,237.00,237.00,237.00,237.00,237.00,237.00,237.00,237.00,237.00,237.00,237.00,237.00,237.00,237.00,237.00,237.00,237.00,237.00,237.00
2026-08-27 13:14:57,237.00,237.00,237.00,237.00,237.00,237.00,237.00,237.00,237.00,237.00,237.00,237.00,237.00,237.00,237.00,237.00,237.00,237.00,237.00,237.00,237.00,237.00
2026-08-27 13:24:55,237.00,237.00,237.00,237.00,237.00,237.00,237.00,237.00,237.00,237.00,237.00,237.00,237.00,237.00,237.00,237.00,237.00,237.00,237.00,237.00,237.00,237.00
2026-08-27 13:34:53,237.00,237.00,237.00,237.00,237.00,237.00,237.00,237.00,237.00,237.00,237.00,237.00,237.00,237.00,237.00,237.00,237.00,237.00,237.00,237.00,237.00,237.00
2026-08-27 13:44:50,237.00,237.00,237.00,237.00,237.00,237.00,237.00,237.00,237.00,237.00,237.00,237.00,237.00,237.00,237.00,237.00,237.00,237.00,237.00,237.00,237.00,237.00
2026-08-27 13:54:53,237.00,237.00,237.00,237.00,237.00,237.00,237.00,237.00,237.00,237.00,237.00,237.00,237.00,237.00,237.00,237.00,237.00,237.00,237.00,237.00,237.00,237.00
2026-08-27 14:04:57,237.00,237.00,237.00,237.00,237.00,237.00,237.00,237.00,237.00,237.00,237.00,237.00,237.00,237.00,237.00,237.00,237.00,237.00,237.00,237.00,237.00,237.00
2026-08-27 14:14:50,237.00,237.00,237.00,237.00,237.00,237.00,237.00,237.00,237.00,237.00,237.00,237.00,237.00,237.00,237.00,237.00,237.00,237.00,237.00,237.00,237.00,237.00
2026-08-27 14:24:53,237.00,237.00,237.00,237.00,237.00,237.00,237.00,237.00,237.00,237.00,237.00,237.00,237.00,237.00,237.00,237.00,237.00,237.00,237.00,237.00,237.00,237.00
2026-08-27 14:34:56,237.00,237.00,237.00,237.00,237.00,237.00,237.00,237.00,237.00,237.00,237.00,237.00,237.00,237.00,237.00,237.00,237.00,237.00,237.00,237.00,237.00,237.00
2026-08-27 14:44:51,237.00,237.00,237.00,237.00,237.00,237.00,237.00,237.00,237.00,237.00,237.00,237.00,237.00,237.00,237.00,237.00,237.00,237.00,237.00,237.00,237.00,237.00
2026-08-27 14:54:53,237.00,237.00,237.00,237.00,237.00,237.00,237.00,237.00,237.00,237.00,237.00,237.00,237.00,237.00,237.00,237.00,237.00,237.00,237.00,237.00,237.00,237.00
2026-08-27 15:04:52,237.00,237.00,237.00,237.00,237.00,237.00,237.00,237.00,237.00,237.00,237.00,237.00,237.00,237.00,237.00,237.00,237.00,237.00,237.00,237.00,237.00,237.00
2026-08-27 15:14:54,237.00,237.00,237.00,237.00,237.00,237.00,237.00,237.00,237.00,237.00,237.00,237.00,237.00,237.00,237.00,237.00,237.00,237.00,237.00,237.00,237.00,237.00
2026-08-27 15:24:53,237.00,237.00,237.00,237.00,237.00,237.00,237.00,237.00,237.00,237.00,237.00,237.00,237.00,237.00,237.00,237.00,237.00,237.00,237.00,237.00,237.00,237.00
2026-08-27 15:34:55,237.00,237.00,237.00,237.00,237.00,237.00,237.00,237.00,237.00,237.00,237.00,237.00,237.00,237.00,237.00,237.00,237.00,237.00,237.00,237.00,237.00,237.00
2026-08-27 15:44:51,237.00,237.00,237.00,237.00,237.00,237.00,237.00,237.00,237.00,237.00,237.00,237.00,237.00,237.00,237.00,237.00,237.00,237.00,237.00,237.00,237.00,237.00
2026-08-27 15:54:50,,237.00,,237.00,,,,237.00,237.00,237.00,237.00,,,237.00,,237.00,,,237.00,,237.00,237.00
2026-08-27 16:04:55,237.00,237.00,237.00,237.00,237.00,237.00,237.00,237.00,237.00,237.00,237.00,237.00,237.00,237.00,237.00,237.00,237.00,237.00,237.00,237.00,237.00,237.00
2026-08-27 16:14:50,237.00,237.00,237.00,237.00,237.00,237.00,237.00,237.00,237.00,237.00,237.00,237.00,237.00,237.00,237.00,237.00,237.00,237.00,237.00,237.00,237.00,237.00
2026-08-27 16:24:57,237.00,237.00,237.00,237.00,237.00,237.00,237.00,237.00,237.00,237.00,237.00,237.00,237.00,237.00,237.00,237.00,237.00,237.00,237.00,237.00,237.00,237.00
2026-08-27 16:34:54,237.00,237.00,237.00,237.00,237.00,237.00,237.00,237.00,237.00,237.00,237.00,237.00,237.00,237.00,237.00,237.00,237.00,237.00,237.00,237.00,237.00,237.00
2026-08-27 16:45:01,237.00,237.00,237.00,237.00,237.00,237.00,237.00,237.00,237.00,237.00,237.00,237.00,237.00,237.00,237.00,237.00,237.00,237.00,237.00,237.00,237.00,237.00
2026-08-27 16:54:53,237.00,237.00,237.00,237.00,237.00,237.00,237.00,237.00,237.00,237.00,237.00,237.00,237.00,237.00,237.00,237.00,237.00,237.00,237.00,237.00,237.00,237.00
2026-08-27 17:04:52,237.00,237.00,237.00,237.00,237.00,237.00,237.00,237.00,237.00,237.00,237.00,237.00,237.00,237.00,237.00,237.00,237.00,237.00,237.00,237.00,237.00,237.00
2026-08-27 17:14:50,237.00,237.00,237.00,237.00,237.00,237.00,237.00,237.00,237.00,237.00,237.00,237.00,237.00,237.00,237.00,237.00,237.00,237.00,237.00,237.00,237.00,237.00
2026-08-27 17:24:51,237.00,237.00,237.00,237.00,237.00,237.00,237.00,237.00,237.00,237.00,237.00,237.00,237.00,237.00,237.00,237.00,237.00,237.00,237.00,237.00,237.00,237.00
2026-08-27 17:34:51,237.00,237.00,237.00,237.00,237.00,237.00,237.00,237.00,237.00,237.00,237.00,237.00,237.00,237.00,237.00,237.00,237.00,237.00,237.00,237.00,237.00,237.00
2026-08-27 17:44:54,237.00,237.00,237.00,237.00,237.00,237.00,237.00,237.00,237.00,237.00,237.00,237.00,237.00,237.00,237.00,237.00,237.00,237.00,237.00,237.00,237.00,237.00
2026-08-27 17:54:52,237.00,237.00,237.00,237.00,237.00,237.00,237.00,237.00,237.00,237.00,237.00,237.00,237.00,237.00,237.00,237.00,237.00,237.00,237.00,237.00,237.00,237.00
2026-08-27 18:04:54,237.00,237.00,237.00,237.00,237.00,237.00,237.00,237.00,237.00,237.00,237.00,237.00,237.00,237.00,237.00,237.00,237.00,237.00,237.00,237.00,237.00,237.00
2026-08-27 18:14:49,237.00,237.00,237.00,237.00,237.00,237.00,237.00,237.00,237.00,237.00,237.00,237.00,237.00,237.00,237.00,237.00,237.00,237.00,237.00,237.00,237.00,237.00
2026-08-27 18:24:54,237.00,237.00,237.00,237.00,237.00,237.00,237.00,237.00,237.00,237.00,237.00,237.00,237.00,237.00,237.00,237.00,237.00,237.00,237.00,237.00,237.00,237.00
2026-08-27 18:34:54,237.00,237.00,237.00,237.00,237.00,237.00,237.00,237.00,237.00,237.00,237.00,237.00,237.00,237.00,237.00,237.00,237.00,237.00,237.00,237.00,237.00,237.00
2026-08-27 18:44:51,237.00,237.00,237.00,237.00,237.00,237.00,237.00,237.00,237.00,237.00,237.00,237.00,237.00,237.00,237.00,237.00,237.00,237.00,237.00,237.00,237.00,237.00
2026-08-27 18:54:54,237.00,237.00,237.00,237.00,237.00,237.00,237.00,237.00,237.00,237.00,237.00,237.00,237.00,237.00,237.00,237.00,237.00,237.00,237.00,237.00,237.00,237.00
2026-08-27 19:04:49,237.00,237.00,237.00,237.00,237.00,237.00,237.00,237.00,237.00,237.00,237.00,237.00,237.00,237.00,237.00,237.00,237.00,237.00,237.00,237.00,237.00,237.00
2026-08-27 19:14:55,237.00,237.00,237.00,237.00,237.00,237.00,237.00,237.00,237.00,237.00,237.00,237.00,237.00,237.00,237.00,237.00,237.00,237.00,237.00,237.00,237.00,237.00
2026-08-27 19:24:53,237.00,237.00,237.00,237.00,237.00,237.00,237.00,237.00,237.00,237.00,237.00,237.00,237.00,237.00,237.00,237.00,237.00,237.00,237.00,237.00,237.00,237.00
2026-08-27 19:34:52,237.00,237.00,237.00,237.00,237.00,237.00,237.00,237.00,237.00,237.00,237.00,237.00,237.00,237.00,237.00,237.00,237.00,237.00,237.00,237.00,237.00,237.00
2026-08-27 19:44:55,237.00,237.00,237.00,237.00,237.00,237.00,237.00,237.00,237.00,237.00,237.00,237.00,237.00,237.00,237.00,237.00,237.00,237.00,237.00,237.00,237.00,237.00
2026-08-27 19:54:53,237.00,237.00,237.00,237.00,237.00,237.00,237.00,237.00,237.00,237.00,237.00,237.00,237.00,237.00,237.00,237.00,237.00,237.00,237.00,237.00,237.00,237.00
2026-08-27 20:04:59,237.00,237.00,237.00,237.00,237.00,237.00,237.00,237.00,237.00,237.00,237.00,237.00,237.00,237.00,237.00,237.00,237.00,237.00,237.00,237.00,237.00,237.00
2026-08-27 20:14:55,237.00,237.00,237.00,237.00,237.00,237.00,237.00,237.00,237.00,237.00,237.00,237.00,237.00,237.00,237.00,237.00,237.00,237.00,237.00,237.00,237.00,237.00
2026-08-27 20:24:53,237.00,237.00,237.00,237.00,237.00,237.00,237.00,237.00,237.00,237.00,237.00,237.00,237.00,237.00,237.00,237.00,237.00,237.00,237.00,237.00,237.00,237.00
2026-08-27 20:34:53,237.00,237.00,237.00,237.00,237.00,237.00,237.00,237.00,237.00,237.00,237.00,237.00,237.00,237.00,237.00,237.00,237.00,237.00,237.00,237.00,237.00,237.00
2026-08-27 20:44:52,237.00,237.00,237.00,237.00,237.00,237.00,237.00,237.00,237.00,237.00,237.00,237.00,237.00,237.00,237.00,237.00,237.00,237.00,237.00,237.00,237.00,237.00
2026-08-27 20:54:52,237.00,237.00,237.00,237.00,237.00,237.00,237.00,237.00,237.00,237.00,237.00,237.00,237.00,237.00,237.00,237.00,237.00,237.00,237.00,237.00,237.00,237.00
2026-08-27 21:04:52,237.00,237.00,237.00,237.00,237.00,237.00,237.00,237.00,237.00,237.00,237.00,237.00,237.00,237.00,237.00,237.00,237.00,237.00,237.00,237.00,237.00,237.00
2026-08-27 21:14:51,237.00,237.00,237.00,237.00,237.00,237.00,237.00,237.00,237.00,237.00,237.00,237.00,237.00,237.00,237.00,237.00,237.00,237.00,237.00,237.00,237.00,237.00
2026-08-27 21:24:50,237.00,237.00,237.00,237.00,237.00,237.00,237.00,237.00,237.00,237.00,237.00,237.00,237.00,237.00,237.00,237.00,237.00,237.00,237.00,237.00,237.00,237.00
2026-08-27 21:34:55,237.00,237.00,237.00,237.00,237.00,237.00,237.00,237.00,237.00,237.00,237.00,237.00,237.00,237.00,237.00,237.00,237.00,237.00,237.00,237.00,237.00,237.00
2026-08-27 21:44:56,237.00,237.00,237.00,237.00,237.00,237.00,237.00,237.00,237.00,237.00,237.00,237.00,237.00,237.00,237.00,237.00,237.00,237.00,237.00,237.00,237.00,237.00
2026-08-27 21:54:51,237.00,237.00,237.00,237.00,237.00,237.00,237.00,237.00,237.00,237.00,237.00,237.00,237.00,237.00,237.00,237.00,237.00,237.00,237.00,237.00,237.00,237.00
2026-08-27 22:04:49,237.00,237.00,237.00,237.00,237.00,237.00,237.00,237.00,237.00,237.00,237.00,237.00,237.00,237.00,237.00,237.00,237.00,237.00,237.00,237.00,237.00,237.00
2026-08-27 22:14:49,237.00,237.00,237.00,237.00,237.00,237.00,237.00,237.00,237.00,237.00,237.00,237.00,237.00,237.00,237.00,237.00,237.00,237.00,237.00,237.00,237.00,237.00
2026-08-27 22:24:53,237.00,237.00,237.00,237.00,237.00,237.00,237.00,237.00,237.00,237.00,237.00,237.00,237.00,237.00,237.00,237.00,237.00,237.00,237.00,237.00,237.00,237.00
2026-08-27 22:34:56,237.00,237.00,237.00,237.00,237.00,237.00,237.00,237.00,237.00,237.00,237.00,237.00,237.00,237.00,237.00,237.00,237.00,237.00,237.00,237.00,237.00,237.00
2026-08-27 22:44:54,237.00,237.00,237.00,237.00,237.00,237.00,237.00,237.00,237.00,237.00,237.00,237.00,237.00,237.00,237.00,237.00,237.00,237.00,237.00,237.00,237.00,237.00
2026-08-27 22:54:50,237.00,237.00,237.00,237.00,237.00,237.00,237.00,237.00,237.00,237.00,237.00,237.00,237.00,237.00,237.00,237.00,237.00,237.00,237.00,237.00,237.00,237.00
2026-08-27 23:04:49,237.00,237.00,237.00,237.00,237.00,237.00,237.00,237.00,237.00,237.00,237.00,237.00,237.00,237.00,237.00,237.00,237.00,237.00,237.00,237.00,237.00,237.00
2026-08-27 23:14:51,237.00,237.00,237.00,237.00,237.00,237.00,237.00,237.00,237.00,237.00,237.00,237.00,237.00,237.00,237.00,237.00,237.00,237.00,237.00,237.00,237.00,237.00
2026-08-27 23:24:52,237.00,237.00,237.00,237.00,237.00,237.00,237.00,237.00,237.00,237.00,237.00,237.00,237.00,237.00,237.00,237.00,237.00,237.00,237.00,237.00,237.00,237.00
2026-08-27 23:34:55,237.00,237.00,237.00,237.00,237.00,237.00,237.00,237.00,237.00,237.00,237.00,237.00,237.00,237.00,237.00,237.00,237.00,237.00,237.00,237.00,237.00,237.00
2026-08-27 23:44:54,237.00,237.00,237.00,237.00,237.00,237.00,237.00,237.00,237.00,237.00,237.00,237.00,237.00,237.00,237.00,237.00,237.00,237.00,237.00,237.00,237.00,237.00
2026-08-27 23:54:51,237.00,237.00,237.00,237.00,237.00,237.00,237.00,237.00,237.00,237.00,237.00,237.00,237.00,237.00,237.00,237.00,237.00,237.00,237.00,237.00,237.00,237.00
2026-08-28 00:04:51,237.00,237.00,237.00,237.00,237.00,237.00,237.00,237.00,237.00,237.00,237.00,237.00,237.00,237.00,237.00,237.00,237.00,237.00,237.00,237.00,237.00,237.00
2026-08-28 00:14:51,237.00,237.00,237.00,237.00,237.00,237.00,237.00,237.00,237.00,237.00,237.00,237.00,237.00,237.00,237.00,237.00,237.00,237.00,237.00,237.00,237.00,237.00
2026-08-28 00:24:52,237.00,237.00,237.00,237.00,237.00,237.00,237.00,237.00,237.00,237.00,237.00,237.00,237.00,237.00,237.00,237.00,237.00,237.00,237.00,237.00,237.00,237.00
2026-08-28 00:35:02,237.00,237.00,237.00,237.00,237.00,237.00,237.00,237.00,237.00,237.00,237.00,237.00,237.00,237.00,237.00,237.00,237.00,237.00,237.00,237.00,237.00,237.00
2026-08-28 00:44:50,237.00,237.00,237.00,237.00,237.00,237.00,237.00,237.00,237.00,237.00,237.00,237.00,237.00,237.00,237.00,237.00,237.00,237.00,237.00,237.00,237.00,237.00
2026-08-28 00:54:49,237.00,237.00,237.00,237.00,237.00,237.00,237.00,237.00,237.00,237.00,237.00,237.00,237.00,237.00,237.00,237.00,237.00,237.00,237.00,237.00,237.00,237.00
2026-08-28 01:04:51,237.00,237.00,237.00,237.00,237.00,237.00,237.00,237.00,237.00,237.00,237.00,237.00,237.00,237.00,237.00,237.00,237.00,237.00,237.00,237.00,237.00,237.00
2026-08-28 01:14:51,237.00,237.00,237.00,237.00,237.00,237.00,237.00,237.00,237.00,237.00,237.00,237.00,237.00,237.00,237.00,237.00,237.00,237.00,237.00,237.00,237.00,237.00
2026-08-28 01:24:52,237.00,237.00,237.00,237.00,237.00,237.00,237.00,237.00,237.00,237.00,237.00,237.00,237.00,237.00,237.00,237.00,237.00,237.00,237.00,237.00,237.00,237.00
2026-08-28 01:34:51,237.00,237.00,237.00,237.00,237.00,237.00,237.00,237.00,237.00,237.00,237.00,237.00,237.00,237.00,237.00,237.00,237.00,237.00,237.00,237.00,237.00,237.00
2026-08-28 01:44:50,237.00,237.00,237.00,237.00,237.00,237.00,237.00,237.00,237.00,237.00,237.00,237.00,237.00,237.00,237.00,237.00,237.00,237.00,237.00,237.00,237.00,237.00
2026-08-28 01:54:51,237.00,237.00,237.00,237.00,237.00,237.00,237.00,237.00,237.00,237.00,237.00,237.00,237.00,237.00,237.00,237.00,237.00,237.00,237.00,237.00,237.00,237.00
2026-08-28 02:04:49,237.00,237.00,237.00,237.00,237.00,237.00,237.00,237.00,237.00,237.00,237.00,237.00,237.00,237.00,237.00,237.00,237.00,237.00,237.00,237.00,237.00,237.00
2026-08-28 02:14:55,237.00,237.00,237.00,237.00,237.00,237.00,237.00,237.00,237.00,237.00,237.00,237.00,237.00,237.00,237.00,237.00,237.00,237.00,237.00,237.00,237.00,237.00
2026-08-28 02:24:45,237.00,237.00,237.00,237.00,237.00,237.00,237.00,237.00,237.00,237.00,237.00,237.00,237.00,237.00,237.00,237.00,237.00,237.00,237.00,237.00,237.00,237.00
2026-08-28 02:34:52,237.00,237.00,237.00,237.00,237.00,237.00,237.00,237.00,237.00,237.00,237.00,237.00,237.00,237.00,237.00,237.00,237.00,237.00,237.00,237.00,237.00,237.00
2026-08-28 02:44:50,237.00,237.00,237.00,237.00,237.00,237.00,237.00,237.00,237.00,237.00,237.00,237.00,237.00,237.00,237.00,237.00,237.00,237.00,237.00,237.00,237.00,237.00
2026-08-28 02:54:54,237.00,237.00,237.00,237.00,237.00,237.00,237.00,237.00,237.00,237.00,237.00,237.00,237.00,237.00,237.00,237.00,237.00,237.00,237.00,237.00,237.00,237.00
2026-08-28 03:04:52,237.00,237.00,237.00,237.00,237.00,237.00,237.00,237.00,237.00,237.00,237.00,237.00,237.00,237.00,237.00,237.00,237.00,237.00,237.00,237.00,237.00,237.00
2026-08-28 03:14:51,237.00,237.00,237.00,237.00,237.00,237.00,237.00,237.00,237.00,237.00,237.00,237.00,237.00,237.00,237.00,237.00,237.00,237.00,237.00,237.00,237.00,237.00
2026-08-28 03:24:49,237.00,237.00,237.00,237.00,237.00,237.00,237.00,237.00,237.00,237.00,237.00,237.00,237.00,237.00,237.00,237.00,237.00,237.00,237.00,237.00,237.00,237.00
2026-08-28 03:34:53,237.00,237.00,237.00,237.00,237.00,237.00,237.00,237.00,237.00,237.00,237.00,237.00,237.00,237.00,237.00,237.00,237.00,237.00,237.00,237.00,237.00,237.00
2026-08-28 03:44:51,237.00,237.00,237.00,237.00,237.00,237.00,237.00,237.00,237.00,237.00,237.00,237.00,237.00,237.00,237.00,237.00,237.00,237.00,237.00,237.00,237.00,237.00
2026-08-28 03:54:48,237.00,237.00,237.00,237.00,237.00,237.00,237.00,237.00,237.00,237.00,237.00,237.00,237.00,237.00,237.00,237.00,237.00,237.00,237.00,237.00,237.00,237.00
2026-08-28 04:04:54,237.00,237.00,237.00,237.00,237.00,237.00,237.00,237.00,237.00,237.00,237.00,237.00,237.00,237.00,237.00,237.00,237.00,237.00,237.00,237.00,237.00,237.00
2026-08-28 04:14:53,237.00,237.00,237.00,237.00,237.00,237.00,237.00,237.00,237.00,237.00,237.00,237.00,237.00,237.00,237.00,237.00,237.00,237.00,237.00,237.00,237.00,237.00
2026-08-28 04:24:52,237.00,237.00,237.00,237.00,237.00,237.00,237.00,237.00,237.00,237.00,237.00,237.00,237.00,237.00,237.00,237.00,237.00,237.00,237.00,237.00,237.00,237.00
2026-08-28 04:34:49,237.00,237.00,237.00,237.00,237.00,237.00,237.00,237.00,237.00,237.00,237.00,237.00,237.00,237.00,237.00,237.00,237.00,237.00,237.00,237.00,237.00,237.00
2026-08-28 04:44:53,237.00,237.00,237.00,237.00,237.00,237.00,237.00,237.00,237.00,237.00,237.00,237.00,237.00,237.00,237.00,237.00,237.00,237.00,237.00,237.00,237.00,237.00
2026-08-28 04:54:51,237.00,237.00,237.00,237.00,237.00,237.00,237.00,237.00,237.00,237.00,237.00,237.00,237.00,237.00,237.00,237.00,237.00,237.00,237.00,237.00,237.00,237.00
2026-08-28 05:04:54,237.00,237.00,237.00,237.00,237.00,237.00,237.00,237.00,237.00,237.00,237.00,237.00,237.00,237.00,237.00,237.00,237.00,237.00,237.00,237.00,237.00,237.00
2026-08-28 05:14:55,237.00,237.00,237.00,237.00,237.00,237.00,237.00,237.00,237.00,237.00,237.00,237.00,237.00,237.00,237.00,237.00,237.00,237.00,237.00,237.00,237.00,237.00
2026-08-28 05:24:55,237.00,237.00,237.00,237.00,237.00,237.00,237.00,237.00,237.00,237.00,237.00,237.00,237.00,237.00,237.00,237.00,237.00,237.00,237.00,237.00,237.00,237.00
2026-08-28 05:34:51,237.00,237.00,237.00,237.00,237.00,237.00,237.00,237.00,237.00,237.00,237.00,237.00,237.00,237.00,237.00,237.00,237.00,237.00,237.00,237.00,237.00,237.00
2026-08-28 05:44:52,237.00,237.00,237.00,237.00,237.00,237.00,237.00,237.00,237.00,237.00,237.00,237.00,237.00,237.00,237.00,237.00,237.00,237.00,237.00,237.00,237.00,237.00
2026-08-28 05:54:52,237.00,237.00,237.00,237.00,237.00,237.00,237.00,237.00,237.00,237.00,237.00,237.00,237.00,237.00,237.00,237.00,237.00,237.00,237.00,237.00,237.00,237.00
2026-08-28 06:04:50,237.00,237.00,237.00,237.00,237.00,237.00,237.00,237.00,237.00,237.00,237.00,237.00,237.00,237.00,237.00,237.00,237.00,237.00,237.00,237.00,237.00,237.00
2026-08-28 06:14:55,237.00,237.00,237.00,237.00,237.00,237.00,237.00,237.00,237.00,237.00,237.00,237.00,237.00,237.00,237.00,237.00,237.00,237.00,237.00,237.00,237.00,237.00
2026-08-28 06:24:55,237.00,237.00,237.00,237.00,237.00,237.00,237.00,237.00,237.00,237.00,237.00,237.00,237.00,237.00,237.00,237.00,237.00,237.00,237.00,237.00,237.00,237.00
2026-08-28 06:34:52,237.00,237.00,237.00,237.00,237.00,237.00,237.00,237.00,237.00,237.00,237.00,237.00,237.00,237.00,237.00,237.00,237.00,237.00,237.00,237.00,237.00,237.00
2026-08-28 06:44:55,237.00,237.00,237.00,237.00,237.00,237.00,237.00,237.00,237.00,237.00,237.00,237.00,237.00,237.00,237.00,237.00,237.00,237.00,237.00,237.00,237.00,237.00
2026-08-28 06:54:51,237.00,237.00,237.00,237.00,237.00,237.00,237.00,237.00,237.00,237.00,237.00,237.00,237.00,237.00,237.00,237.00,237.00,237.00,237.00,237.00,237.00,237.00
2026-08-28 07:04:52,237.00,237.00,237.00,237.00,237.00,237.00,237.00,237.00,237.00,237.00,237.00,237.00,237.00,237.00,237.00,237.00,237.00,237.00,237.00,237.00,237.00,237.00
2026-08-28 07:14:54,237.00,237.00,237.00,237.00,237.00,237.00,237.00,237.00,237.00,237.00,237.00,237.00,237.00,237.00,237.00,237.00,237.00,237.00,237.00,237.00,237.00,237.00
2026-08-28 07:24:53,237.00,237.00,237.00,237.00,237.00,237.00,237.00,237.00,237.00,237.00,237.00,237.00,237.00,237.00,237.00,237.00,237.00,237.00,237.00,237.00,237.00,237.00
2026-08-28 07:34:52,237.00,237.00,237.00,237.00,237.00,237.00,237.00,237.00,237.00,237.00,237.00,237.00,237.00,237.00,237.00,237.00,237.00,237.00,237.00,237.00,237.00,237.00
2026-08-28 07:44:55,237.00,237.00,237.00,237.00,237.00,237.00,237.00,237.00,237.00,237.00,237.00,237.00,237.00,237.00,237.00,237.00,237.00,237.00,237.00,237.00,237.00,237.00
2026-08-28 07:54:53,237.00,237.00,237.00,237.00,237.00,237.00,237.00,237.00,237.00,237.00,237.00,237.00,237.00,237.00,237.00,237.00,237.00,237.00,237.00,237.00,237.00,237.00
2026-08-28 08:04:49,237.00,237.00,237.00,237.00,237.00,237.00,237.00,237.00,237.00,237.00,237.00,237.00,237.00,237.00,237.00,237.00,237.00,237.00,237.00,237.00,237.00,237.00
2026-08-28 08:14:51,237.00,237.00,237.00,237.00,237.00,237.00,237.00,237.00,237.00,237.00,237.00,237.00,237.00,237.00,237.00,237.00,237.00,237.00,237.00,237.00,237.00,237.00
2026-08-28 08:24:50,237.00,237.00,237.00,237.00,237.00,237.00,237.00,237.00,237.00,237.00,237.00,237.00,237.00,237.00,237.00,237.00,237.00,237.00,237.00,237.00,237.00,237.00
2026-08-28 08:34:51,237.00,237.00,237.00,237.00,237.00,237.00,237.00,237.00,237.00,237.00,237.00,237.00,237.00,237.00,237.00,237.00,237.00,237.00,237.00,237.00,237.00,237.00
2026-08-28 08:44:53,237.00,237.00,237.00,237.00,237.00,237.00,237.00,237.00,237.00,237.00,237.00,237.00,237.00,237.00,237.00,237.00,237.00,237.00,237.00,237.00,237.00,237.00
2026-08-28 08:54:54,237.00,237.00,237.00,237.00,237.00,237.00,237.00,237.00,237.00,237.00,237.00,237.00,237.00,237.00,237.00,237.00,237.00,237.00,237.00,237.00,237.00,237.00
2026-08-28 09:04:52,237.00,237.00,237.00,237.00,237.00,237.00,237.00,237.00,237.00,237.00,237.00,237.00,237.00,237.00,237.00,237.00,237.00,237.00,237.00,237.00,237.00,237.00
2026-08-28 09:14:51,237.00,237.00,237.00,237.00,237.00,237.00,237.00,237.00,237.00,237.00,237.00,237.00,237.00,237.00,237.00,237.00,237.00,237.00,237.00,237.00,237.00,237.00
2026-08-28 09:24:53,237.00,237.00,237.00,237.00,237.00,237.00,237.00,237.00,237.00,237.00,237.00,237.00,237.00,237.00,237.00,237.00,237.00,237.00,237.00,237.00,237.00,237.00
2026-08-28 09:34:55,237.00,237.00,237.00,237.00,237.00,237.00,237.00,237.00,237.00,237.00,237.00,237.00,237.00,237.00,237.00,237.00,237.00,237.00,237.00,237.00,237.00,237.00
2026-08-28 09:44:56,237.00,237.00,237.00,237.00,237.00,237.00,237.00,237.00,237.00,237.00,237.00,237.00,237.00,237.00,237.00,237.00,237.00,237.00,237.00,237.00,237.00,237.00
2026-08-28 09:55:01,237.00,237.00,237.00,237.00,237.00,237.00,237.00,237.00,237.00,237.00,237.00,237.00,237.00,237.00,237.00,237.00,237.00,237.00,237.00,237.00,237.00,237.00
2026-08-28 10:04:51,237.00,237.00,237.00,237.00,237.00,237.00,237.00,237.00,237.00,237.00,237.00,237.00,237.00,237.00,237.00,237.00,237.00,237.00,237.00,237.00,237.00,237.00
2026-08-28 10:14:52,237.00,237.00,237.00,237.00,237.00,237.00,237.00,237.00,237.00,237.00,237.00,237.00,237.00,237.00,237.00,237.00,237.00,237.00,237.00,237.00,237.00,237.00
2026-08-28 10:24:52,237.00,237.00,237.00,237.00,237.00,237.00,237.00,237.00,237.00,237.00,237.00,237.00,237.00,237.00,237.00,237.00,237.00,237.00,237.00,237.00,237.00,237.00
2026-08-28 10:34:53,237.00,237.00,237.00,237.00,237.00,237.00,237.00,237.00,237.00,237.00,237.00,237.00,237.00,237.00,237.00,237.00,237.00,237.00,237.00,237.00,237.00,237.00
2026-08-28 10:44:50,237.00,237.00,237.00,237.00,237.00,237.00,237.00,237.00,237.00,237.00,237.00,237.00,237.00,237.00,237.00,237.00,237.00,237.00,237.00,237.00,237.00,237.00
2026-08-28 10:54:54,237.00,237.00,237.00,237.00,237.00,237.00,237.00,237.00,237.00,237.00,237.00,237.00,237.00,237.00,237.00,237.00,237.00,237.00,237.00,237.00,237.00,237.00
2026-08-28 11:04:51,237.00,237.00,237.00,237.00,237.00,237.00,237.00,237.00,237.00,237.00,237.00,237.00,237.00,237.00,237.00,237.00,237.00,237.00,237.00,237.00,237.00,237.00
2026-08-28 11:14:54,237.00,237.00,237.00,237.00,237.00,237.00,237.00,237.00,237.00,237.00,237.00,237.00,237.00,237.00,237.00,237.00,237.00,237.00,237.00,237.00,237.00,237.00
2026-08-28 11:24:58,237.00,237.00,237.00,237.00,237.00,237.00,237.00,237.00,237.00,237.00,237.00,237.00,237.00,237.00,237.00,237.00,237.00,237.00,237.00,237.00,237.00,237.00
2026-08-28 11:34:55,237.00,237.00,237.00,237.00,237.00,237.00,237.00,237.00,237.00,237.00,237.00,237.00,237.00,237.00,237.00,237.00,237.00,237.00,237.00,237.00,237.00,237.00
2026-08-28 11:44:54,237.00,237.00,237.00,237.00,237.00,237.00,237.00,237.00,237.00,237.00,237.00,237.00,237.00,237.00,237.00,237.00,237.00,237.00,237.00,237.00,237.00,237.00
2026-08-28 11:54:56,237.00,237.00,237.00,237.00,237.00,237.00,237.00,237.00,237.00,237.00,237.00,237.00,237.00,237.00,237.00,237.00,237.00,237.00,237.00,237.00,237.00,237.00
2026-08-28 12:04:50,237.00,237.00,237.00,237.00,237.00,237.00,237.00,237.00,237.00,237.00,237.00,237.00,237.00,237.00,237.00,237.00,237.00,237.00,237.00,237.00,237.00,237.00
2026-08-28 12:14:53,237.00,237.00,237.00,237.00,237.00,237.00,237.00,237.00,237.00,237.00,237.00,237.00,237.00,237.00,237.00,237.00,237.00,237.00,237.00,237.00,237.00,237.00
2026-08-28 12:24:52,237.00,237.00,237.00,237.00,237.00,237.00,237.00,237.00,237.00,237.00,237.00,237.00,237.00,237.00,237.00,237.00,237.00,237.00,237.00,237.00,237.00,237.00
2026-08-28 12:34:52,,237.00,,237.00,,,,237.00,237.00,237.00,237.00,,,237.00,,237.00,,,237.00,,237.00,237.00
2026-08-28 12:44:53,237.00,237.00,237.00,237.00,237.00,237.00,237.00,237.00,237.00,237.00,237.00,237.00,237.00,237.00,237.00,237.00,237.00,237.00,237.00,237.00,237.00,237.00
2026-08-28 12:54:51,237.00,237.00,237.00,237.00,237.00,237.00,237.00,237.00,237.00,237.00,237.00,237.00,237.00,237.00,237.00,237.00,237.00,237.00,237.00,237.00,237.00,237.00
2026-08-28 13:04:57,237.00,237.00,237.00,237.00,237.00,237.00,237.00,237.00,237.00,237.00,237.00,237.00,237.00,237.00,237.00,237.00,237.00,237.00,237.00,237.00,237.00,237.00
2026-08-28 13:14:53,237.00,237.00,237.00,237.00,237.00,237.00,237.00,237.00,237.00,237.00,237.00,237.00,237.00,237.00,237.00,237.00,237.00,237.00,237.00,237.00,237.00,237.00
2026-08-28 13:24:50,237.00,237.00,237.00,237.00,237.00,237.00,237.00,237.00,237.00,237.00,237.00,237.00,237.00,237.00,237.00,237.00,237.00,237.00,237.00,237.00,237.00,237.00
2026-08-28 13:34:54,237.00,237.00,237.00,237.00,237.00,237.00,237.00,237.00,237.00,237.00,237.00,237.00,237.00,237.00,237.00,237.00,237.00,237.00,237.00,237.00,237.00,237.00
2026-08-28 13:44:55,237.00,237.00,237.00,237.00,237.00,237.00,237.00,237.00,237.00,237.00,237.00,237.00,237.00,237.00,237.00,237.00,237.00,237.00,237.00,237.00,237.00,237.00
2026-08-28 13:54:58,,237.00,,237.00,,,,237.00,237.00,237.00,237.00,,,237.00,,237.00,,,237.00,,237.00,237.00
2026-08-28 14:04:51,237.00,237.00,237.00,237.00,237.00,237.00,237.00,237.00,237.00,237.00,237.00,237.00,237.00,237.00,237.00,237.00,237.00,237.00,237.00,237.00,237.00,237.00
2026-08-28 14:14:51,237.00,237.00,237.00,237.00,237.00,237.00,237.00,237.00,237.00,237.00,237.00,237.00,237.00,237.00,237.00,237.00,237.00,237.00,237.00,237.00,237.00,237.00
2026-08-28 14:24:52,237.00,237.00,237.00,237.00,237.00,237.00,237.00,237.00,237.00,237.00,237.00,237.00,237.00,237.00,237.00,237.00,237.00,237.00,237.00,237.00,237.00,237.00
2026-08-28 14:34:52,237.00,237.00,237.00,237.00,237.00,237.00,237.00,237.00,237.00,237.00,237.00,237.00,237.00,237.00,237.00,237.00,237.00,237.00,237.00,237.00,237.00,237.00
2026-08-28 14:44:56,237.00,237.00,237.00,237.00,237.00,237.00,237.00,237.00,237.00,237.00,237.00,237.00,237.00,237.00,237.00,237.00,237.00,237.00,237.00,237.00,237.00,237.00
2026-08-28 14:54:53,237.00,237.00,237.00,237.00,237.00,237.00,237.00,237.00,237.00,237.00,237.00,237.00,237.00,237.00,237.00,237.00,237.00,237.00,237.00,237.00,237.00,237.00
2026-08-28 15:04:53,237.00,237.00,237.00,237.00,237.00,237.00,237.00,237.00,237.00,237.00,237.00,237.00,237.00,237.00,237.00,237.00,237.00,237.00,237.00,237.00,237.00,237.00
2026-08-28 15:14:55,237.00,237.00,237.00,237.00,237.00,237.00,237.00,237.00,237.00,237.00,237.00,237.00,237.00,237.00,237.00,237.00,237.00,237.00,237.00,237.00,237.00,237.00
2026-08-28 15:24:56,237.00,237.00,237.00,237.00,237.00,237.00,237.00,237.00,237.00,237.00,237.00,237.00,237.00,237.00,237.00,237.00,237.00,237.00,237.00,237.00,237.00,237.00
2026-08-28 15:34:57,237.00,237.00,237.00,237.00,237.00,237.00,237.00,237.00,237.00,237.00,237.00,237.00,237.00,237.00,237.00,237.00,237.00,237.00,237.00,237.00,237.00,237.00
2026-08-28 15:44:53,237.00,237.00,237.00,237.00,237.00,237.00,237.00,237.00,237.00,237.00,237.00,237.00,237.00,237.00,237.00,237.00,237.00,237.00,237.00,237.00,237.00,237.00
2026-08-28 15:54:57,237.00,237.00,237.00,237.00,237.00,237.00,237.00,237.00,237.00,237.00,237.00,237.00,237.00,237.00,237.00,237.00,237.00,237.00,237.00,237.00,237.00,237.00
2026-08-28 16:04:53,237.00,237.00,237.00,237.00,237.00,237.00,237.00,237.00,237.00,237.00,237.00,237.00,237.00,237.00,237.00,237.00,237.00,237.00,237.00,237.00,237.00,237.00
2026-08-28 16:14:53,237.00,237.00,237.00,237.00,237.00,237.00,237.00,237.00,237.00,237.00,237.00,237.00,237.00,237.00,237.00,237.00,237.00,237.00,237.00,237.00,237.00,237.00
2026-08-28 16:24:58,237.00,237.00,237.00,237.00,237.00,237.00,237.00,237.00,237.00,237.00,237.00,237.00,237.00,237.00,237.00,237.00,237.00,237.00,237.00,237.00,237.00,237.00
2026-08-28 16:34:51,237.00,237.00,237.00,237.00,237.00,237.00,237.00,237.00,237.00,237.00,237.00,237.00,237.00,237.00,237.00,237.00,237.00,237.00,237.00,237.00,237.00,237.00
2026-08-28 16:45:01,237.00,237.00,237.00,237.00,237.00,237.00,237.00,237.00,237.00,237.00,237.00,237.00,237.00,237.00,237.00,237.00,237.00,237.00,237.00,237.00,237.00,237.00
2026-08-28 16:54:55,237.00,237.00,237.00,237.00,237.00,237.00,237.00,237.00,237.00,237.00,237.00,237.00,237.00,237.00,237.00,237.00,237.00,237.00,237.00,237.00,237.00,237.00
2026-08-28 17:04:54,237.00,237.00,237.00,237.00,237.00,237.00,237.00,237.00,237.00,237.00,237.00,237.00,237.00,237.00,237.00,237.00,237.00,237.00,237.00,237.00,237.00,237.00
2026-08-28 17:14:52,237.00,237.00,237.00,237.00,237.00,237.00,237.00,237.00,237.00,237.00,237.00,237.00,237.00,237.00,237.00,237.00,237.00,237.00,237.00,237.00,237.00,237.00
2026-08-28 17:24:52,237.00,237.00,237.00,237.00,237.00,237.00,237.00,237.00,237.00,237.00,237.00,237.00,237.00,237.00,237.00,237.00,237.00,237.00,237.00,237.00,237.00,237.00
2026-08-28 17:34:52,237.00,237.00,237.00,237.00,237.00,237.00,237.00,237.00,237.00,237.00,237.00,237.00,237.00,237.00,237.00,237.00,237.00,237.00,237.00,237.00,237.00,237.00
2026-08-28 17:44:53,237.00,237.00,237.00,237.00,237.00,237.00,237.00,237.00,237.00,237.00,237.00,237.00,237.00,237.00,237.00,237.00,237.00,237.00,237.00,237.00,237.00,237.00
2026-08-28 17:54:49,237.00,237.00,237.00,237.00,237.00,237.00,237.00,237.00,237.00,237.00,237.00,237.00,237.00,237.00,237.00,237.00,237.00,237.00,237.00,237.00,237.00,237.00
2026-08-28 18:04:54,237.00,237.00,237.00,237.00,237.00,237.00,237.00,237.00,237.00,237.00,237.00,237.00,237.00,237.00,237.00,237.00,237.00,237.00,237.00,237.00,237.00,237.00
2026-08-28 18:14:57,237.00,237.00,237.00,237.00,237.00,237.00,237.00,237.00,237.00,237.00,237.00,237.00,237.00,237.00,237.00,237.00,237.00,237.00,237.00,237.00,237.00,237.00
2026-08-28 18:24:53,237.00,237.00,237.00,237.00,237.00,237.00,237.00,237.00,237.00,237.00,237.00,237.00,237.00,237.00,237.00,237.00,237.00,237.00,237.00,237.00,237.00,237.00
2026-08-28 18:34:55,237.00,237.00,237.00,237.00,237.00,237.00,237.00,237.00,237.00,237.00,237.00,237.00,237.00,237.00,237.00,237.00,237.00,237.00,237.00,237.00,237.00,237.00
2026-08-28 18:44:53,237.00,237.00,237.00,237.00,237.00,237.00,237.00,237.00,237.00,237.00,237.00,237.00,237.00,237.00,237.00,237.00,237.00,237.00,237.00,237.00,237.00,237.00
2026-08-28 18:54:53,237.00,237.00,237.00,237.00,237.00,237.00,237.00,237.00,237.00,237.00,237.00,237.00,237.00,237.00,237.00,237.00,237.00,237.00,237.00,237.00,237.00,237.00
2026-08-28 19:04:55,237.00,237.00,237.00,237.00,237.00,237.00,237.00,237.00,237.00,237.00,237.00,237.00,237.00,237.00,237.00,237.00,237.00,237.00,237.00,237.00,237.00,237.00
2026-08-28 19:14:51,237.00,237.00,237.00,237.00,237.00,237.00,237.00,237.00,237.00,237.00,237.00,237.00,237.00,237.00,237.00,237.00,237.00,237.00,237.00,237.00,237.00,237.00
2026-08-28 19:24:55,237.00,237.00,237.00,237.00,237.00,237.00,237.00,237.00,237.00,237.00,237.00,237.00,237.00,237.00,237.00,237.00,237.00,237.00,237.00,237.00,237.00,237.00
2026-08-28 19:34:50,237.00,237.00,237.00,237.00,237.00,237.00,237.00,237.00,237.00,237.00,237.00,237.00,237.00,237.00,237.00,237.00,237.00,237.00,237.00,237.00,237.00,237.00
2026-08-28 19:44:51,237.00,237.00,237.00,237.00,237.00,237.00,237.00,237.00,237.00,237.00,237.00,237.00,237.00,237.00,237.00,237.00,237.00,237.00,237.00,237.00,237.00,237.00
2026-08-28 19:54:54,237.00,237.00,237.00,237.00,237.00,237.00,237.00,237.00,237.00,237.00,237.00,237.00,237.00,237.00,237.00,237.00,237.00,237.00,237.00,237.00,237.00,237.00
2026-08-28 20:04:59,237.00,237.00,237.00,237.00,237.00,237.00,237.00,237.00,237.00,237.00,237.00,237.00,237.00,237.00,237.00,237.00,237.00,237.00,237.00,237.00,237.00,237.00
2026-08-28 20:14:52,237.00,237.00,237.00,237.00,237.00,237.00,237.00,237.00,237.00,237.00,237.00,237.00,237.00,237.00,237.00,237.00,237.00,237.00,237.00,237.00,237.00,237.00
2026-08-28 20:25:04,237.00,237.00,237.00,237.00,237.00,237.00,237.00,237.00,237.00,237.00,237.00,237.00,237.00,237.00,237.00,237.00,237.00,237.00,237.00,237.00,237.00,237.00
2026-08-28 20:35:00,237.00,237.00,237.00,237.00,237.00,237.00,237.00,237.00,237.00,237.00,237.00,237.00,237.00,237.00,237.00,237.00,237.00,237.00,237.00,237.00,237.00,237.00
2026-08-28 20:44:58,237.00,237.00,237.00,237.00,237.00,237.00,237.00,237.00,237.00,237.00,237.00,237.00,237.00,237.00,237.00,237.00,237.00,237.00,237.00,237.00,237.00,237.00
2026-08-28 20:54:59,237.00,237.00,237.00,237.00,237.00,237.00,237.00,237.00,237.00,237.00,237.00,237.00,237.00,237.00,237.00,237.00,237.00,237.00,237.00,237.00,237.00,237.00
2026-08-28 21:04:56,237.00,237.00,237.00,237.00,237.00,237.00,237.00,237.00,237.00,237.00,237.00,237.00,237.00,237.00,237.00,237.00,237.00,237.00,237.00,237.00,237.00,237.00
2026-08-28 21:15:09,237.00,,237.00,,237.00,237.00,237.00,,237.00,,,237.00,237.00,,237.00,,237.00,237.00,,237.00,,
2026-08-28 21:24:57,237.00,237.00,237.00,237.00,237.00,237.00,237.00,237.00,237.00,237.00,237.00,237.00,237.00,237.00,237.00,237.00,237.00,237.00,237.00,237.00,237.00,237.00
2026-08-28 21:34:53,237.00,237.00,237.00,237.00,237.00,237.00,237.00,237.00,237.00,237.00,237.00,237.00,237.00,237.00,237.00,237.00,237.00,237.00,237.00,237.00,237.00,237.00
2026-08-28 21:44:55,237.00,237.00,237.00,237.00,237.00,237.00,237.00,237.00,237.00,237.00,237.00,237.00,237.00,237.00,237.00,237.00,237.00,237.00,237.00,237.00,237.00,237.00
2026-08-28 21:54:51,237.00,237.00,237.00,237.00,237.00,237.00,237.00,237.00,237.00,237.00,237.00,237.00,237.00,237.00,237.00,237.00,237.00,237.00,237.00,237.00,237.00,237.00
2026-08-28 22:04:56,237.00,237.00,237.00,237.00,237.00,237.00,237.00,237.00,237.00,237.00,237.00,237.00,237.00,237.00,237.00,237.00,237.00,237.00,237.00,237.00,237.00,237.00
2026-08-28 22:14:56,237.00,237.00,237.00,237.00,237.00,237.00,237.00,237.00,237.00,237.00,237.00,237.00,237.00,237.00,237.00,237.00,237.00,237.00,237.00,237.00,237.00,237.00
2026-08-28 22:24:51,237.00,237.00,237.00,237.00,237.00,237.00,237.00,237.00,237.00,237.00,237.00,237.00,237.00,237.00,237.00,237.00,237.00,237.00,237.00,237.00,237.00,237.00
2026-08-28 22:34:47,237.00,237.00,237.00,237.00,237.00,237.00,237.00,237.00,237.00,237.00,237.00,237.00,237.00,237.00,237.00,237.00,237.00,237.00,237.00,237.00,237.00,237.00
2026-08-28 22:44:50,237.00,237.00,237.00,237.00,237.00,237.00,237.00,237.00,237.00,237.00,237.00,237.00,237.00,237.00,237.00,237.00,237.00,237.00,237.00,237.00,237.00,237.00
2026-08-28 22:54:54,237.00,237.00,237.00,237.00,237.00,237.00,237.00,237.00,237.00,237.00,237.00,237.00,237.00,237.00,237.00,237.00,237.00,237.00,237.00,237.00,237.00,237.00
2026-08-28 23:04:53,237.00,237.00,237.00,237.00,237.00,237.00,237.00,237.00,237.00,237.00,237.00,237.00,237.00,237.00,237.00,237.00,237.00,237.00,237.00,237.00,237.00,237.00
2026-08-28 23:14:55,237.00,237.00,237.00,237.00,237.00,237.00,237.00,237.00,237.00,237.00,237.00,237.00,237.00,237.00,237.00,237.00,237.00,237.00,237.00,237.00,237.00,237.00
2026-08-28 23:26:09,237.00,237.00,237.00,237.00,237.00,237.00,237.00,237.00,237.00,237.00,237.00,237.00,237.00,237.00,237.00,237.00,237.00,237.00,237.00,237.00,237.00,237.00
2026-08-28 23:34:54,237.00,237.00,237.00,237.00,237.00,237.00,237.00,237.00,237.00,237.00,237.00,237.00,237.00,237.00,237.00,237.00,237.00,237.00,237.00,237.00,237.00,237.00
2026-08-28 23:44:52,237.00,237.00,237.00,237.00,237.00,237.00,237.00,237.00,237.00,237.00,237.00,237.00,237.00,237.00,237.00,237.00,237.00,237.00,237.00,237.00,237.00,237.00
2026-08-28 23:54:52,237.00,237.00,237.00,237.00,237.00,237.00,237.00,237.00,237.00,237.00,237.00,237.00,237.00,237.00,237.00,237.00,237.00,237.00,237.00,237.00,237.00,237.00
2026-08-29 00:05:03,237.00,237.00,237.00,237.00,237.00,237.00,237.00,237.00,237.00,237.00,237.00,237.00,237.00,237.00,237.00,237.00,237.00,237.00,237.00,237.00,237.00,237.00
2026-08-29 00:14:53,237.00,237.00,237.00,237.00,237.00,237.00,237.00,237.00,237.00,237.00,237.00,237.00,237.00,237.00,237.00,237.00,237.00,237.00,237.00,237.00,237.00,237.00
2026-08-29 00:24:53,237.00,237.00,237.00,237.00,237.00,237.00,237.00,237.00,237.00,237.00,237.00,237.00,237.00,237.00,237.00,237.00,237.00,237.00,237.00,237.00,237.00,237.00
2026-08-29 00:34:54,237.00,237.00,237.00,237.00,237.00,237.00,237.00,237.00,237.00,237.00,237.00,237.00,237.00,237.00,237.00,237.00,237.00,237.00,237.00,237.00,237.00,237.00
2026-08-29 00:44:56,237.00,237.00,237.00,237.00,237.00,237.00,237.00,237.00,237.00,237.00,237.00,237.00,237.00,237.00,237.00,237.00,237.00,237.00,237.00,237.00,237.00,237.00
2026-08-29 00:54:51,237.00,237.00,237.00,237.00,237.00,237.00,237.00,237.00,237.00,237.00,237.00,237.00,237.00,237.00,237.00,237.00,237.00,237.00,237.00,237.00,237.00,237.00
2026-08-29 01:04:55,237.00,237.00,237.00,237.00,237.00,237.00,237.00,237.00,237.00,237.00,237.00,237.00,237.00,237.00,237.00,237.00,237.00,237.00,237.00,237.00,237.00,237.00
2026-08-29 01:14:58,237.00,237.00,237.00,237.00,237.00,237.00,237.00,237.00,237.00,237.00,237.00,237.00,237.00,237.00,237.00,237.00,237.00,237.00,237.00,237.00,237.00,237.00
2026-08-29 01:24:54,237.00,237.00,237.00,237.00,237.00,237.00,237.00,237.00,237.00,237.00,237.00,237.00,237.00,237.00,237.00,237.00,237.00,237.00,237.00,237.00,237.00,237.00
2026-08-29 01:34:53,237.00,237.00,237.00,237.00,237.00,237.00,237.00,237.00,237.00,237.00,237.00,237.00,237.00,237.00,237.00,237.00,237.00,237.00,237.00,237.00,237.00,237.00
2026-08-29 01:44:52,237.00,237.00,237.00,237.00,237.00,237.00,237.00,237.00,237.00,237.00,237.00,237.00,237.00,237.00,237.00,237.00,237.00,237.00,237.00,237.00,237.00,237.00
2026-08-29 01:54:52,237.00,237.00,237.00,237.00,237.00,237.00,237.00,237.00,237.00,237.00,237.00,237.00,237.00,237.00,237.00,237.00,237.00,237.00,237.00,237.00,237.00,237.00
2026-08-29 02:04:53,237.00,237.00,237.00,237.00,237.00,237.00,237.00,237.00,237.00,237.00,237.00,237.00,237.00,237.00,237.00,237.00,237.00,237.00,237.00,237.00,237.00,237.00
2026-08-29 02:14:54,237.00,237.00,237.00,237.00,237.00,237.00,237.00,237.00,237.00,237.00,237.00,237.00,237.00,237.00,237.00,237.00,237.00,237.00,237.00,237.00,237.00,237.00
2026-08-29 02:24:57,237.00,237.00,237.00,237.00,237.00,237.00,237.00,237.00,237.00,237.00,237.00,237.00,237.00,237.00,237.00,237.00,237.00,237.00,237.00,237.00,237.00,237.00
2026-08-29 02:34:52,,237.00,,237.00,,,,237.00,237.00,237.00,237.00,,,237.00,,237.00,,,237.00,,237.00,237.00
2026-08-29 02:44:50,237.00,237.00,237.00,237.00,237.00,237.00,237.00,237.00,237.00,237.00,237.00,237.00,237.00,237.00,237.00,237.00,237.00,237.00,237.00,237.00,237.00,237.00
2026-08-29 02:54:54,237.00,237.00,237.00,237.00,237.00,237.00,237.00,237.00,237.00,237.00,237.00,237.00,237.00,237.00,237.00,237.00,237.00,237.00,237.00,237.00,237.00,237.00
2026-08-29 03:04:52,237.00,237.00,237.00,237.00,237.00,237.00,237.00,237.00,237.00,237.00,237.00,237.00,237.00,237.00,237.00,237.00,237.00,237.00,237.00,237.00,237.00,237.00
2026-08-29 03:14:53,237.00,237.00,237.00,237.00,237.00,237.00,237.00,237.00,237.00,237.00,237.00,237.00,237.00,237.00,237.00,237.00,237.00,237.00,237.00,237.00,237.00,237.00
2026-08-29 03:24:53,237.00,237.00,237.00,237.00,237.00,237.00,237.00,237.00,237.00,237.00,237.00,237.00,237.00,237.00,237.00,237.00,237.00,237.00,237.00,237.00,237.00,237.00
2026-08-29 03:34:50,237.00,237.00,237.00,237.00,237.00,237.00,237.00,237.00,237.00,237.00,237.00,237.00,237.00,237.00,237.00,237.00,237.00,237.00,237.00,237.00,237.00,237.00
2026-08-29 03:44:53,237.00,237.00,237.00,237.00,237.00,237.00,237.00,237.00,237.00,237.00,237.00,237.00,237.00,237.00,237.00,237.00,237.00,237.00,237.00,237.00,237.00,237.00
2026-08-29 03:54:53,237.00,237.00,237.00,237.00,237.00,237.00,237.00,237.00,237.00,237.00,237.00,237.00,237.00,237.00,237.00,237.00,237.00,237.00,237.00,237.00,237.00,237.00
2026-08-29 04:04:56,237.00,237.00,237.00,237.00,237.00,237.00,237.00,237.00,237.00,237.00,237.00,237.00,237.00,237.00,237.00,237.00,237.00,237.00,237.00,237.00,237.00,237.00
2026-08-29 04:14:51,237.00,237.00,237.00,237.00,237.00,237.00,237.00,237.00,237.00,237.00,237.00,237.00,237.00,237.00,237.00,237.00,237.00,237.00,237.00,237.00,237.00,237.00
2026-08-29 04:24:52,237.00,237.00,237.00,237.00,237.00,237.00,237.00,237.00,237.00,237.00,237.00,237.00,237.00,237.00,237.00,237.00,237.00,237.00,237.00,237.00,237.00,237.00
2026-08-29 04:35:04,237.00,237.00,237.00,237.00,237.00,237.00,237.00,237.00,237.00,237.00,237.00,237.00,237.00,237.00,237.00,237.00,237.00,237.00,237.00,237.00,237.00,237.00
2026-08-29 04:44:53,237.00,237.00,237.00,237.00,237.00,237.00,237.00,237.00,237.00,237.00,237.00,237.00,237.00,237.00,237.00,237.00,237.00,237.00,237.00,237.00,237.00,237.00
2026-08-29 04:54:51,237.00,237.00,237.00,237.00,237.00,237.00,237.00,237.00,237.00,237.00,237.00,237.00,237.00,237.00,237.00,237.00,237.00,237.00,237.00,237.00,237.00,237.00
2026-08-29 05:04:52,237.00,237.00,237.00,237.00,237.00,237.00,237.00,237.00,237.00,237.00,237.00,237.00,237.00,237.00,237.00,237.00,237.00,237.00,237.00,237.00,237.00,237.00
2026-08-29 05:14:58,237.00,237.00,237.00,237.00,237.00,237.00,237.00,237.00,237.00,237.00,237.00,237.00,237.00,237.00,237.00,237.00,237.00,237.00,237.00,237.00,237.00,237.00
2026-08-29 05:24:50,237.00,237.00,237.00,237.00,237.00,237.00,237.00,237.00,237.00,237.00,237.00,237.00,237.00,237.00,237.00,237.00,237.00,237.00,237.00,237.00,237.00,237.00
2026-08-29 05:34:53,237.00,237.00,237.00,237.00,237.00,237.00,237.00,237.00,237.00,237.00,237.00,237.00,237.00,237.00,237.00,237.00,237.00,237.00,237.00,237.00,237.00,237.00
2026-08-29 05:44:56,237.00,237.00,237.00,237.00,237.00,237.00,237.00,237.00,237.00,237.00,237.00,237.00,237.00,237.00,237.00,237.00,237.00,237.00,237.00,237.00,237.00,237.00
2026-08-29 05:54:53,237.00,237.00,237.00,237.00,237.00,237.00,237.00,237.00,237.00,237.00,237.00,237.00,237.00,237.00,237.00,237.00,237.00,237.00,237.00,237.00,237.00,237.00
2026-08-29 06:04:52,237.00,237.00,237.00,237.00,237.00,237.00,237.00,237.00,237.00,237.00,237.00,237.00,237.00,237.00,237.00,237.00,237.00,237.00,237.00,237.00,237.00,237.00
2026-08-29 06:14:51,237.00,237.00,237.00,237.00,237.00,237.00,237.00,237.00,237.00,237.00,237.00,237.00,237.00,237.00,237.00,237.00,237.00,237.00,237.00,237.00,237.00,237.00
2026-08-29 06:24:51,237.00,237.00,237.00,237.00,237.00,237.00,237.00,237.00,237.00,237.00,237.00,237.00,237.00,237.00,237.00,237.00,237.00,237.00,237.00,237.00,237.00,237.00
2026-08-29 06:34:52,237.00,237.00,237.00,237.00,237.00,237.00,237.00,237.00,237.00,237.00,237.00,237.00,237.00,237.00,237.00,237.00,237.00,237.00,237.00,237.00,237.00,237.00
2026-08-29 06:44:51,237.00,237.00,237.00,237.00,237.00,237.00,237.00,237.00,237.00,237.00,237.00,237.00,237.00,237.00,237.00,237.00,237.00,237.00,237.00,237.00,237.00,237.00
2026-08-29 06:54:54,237.00,237.00,237.00,237.00,237.00,237.00,237.00,237.00,237.00,237.00,237.00,237.00,237.00,237.00,237.00,237.00,237.00,237.00,237.00,237.00,237.00,237.00
2026-08-29 07:04:53,237.00,237.00,237.00,237.00,237.00,237.00,237.00,237.00,237.00,237.00,237.00,237.00,237.00,237.00,237.00,237.00,237.00,237.00,237.00,237.00,237.00,237.00
2026-08-29 07:15:00,237.00,237.00,237.00,237.00,237.00,237.00,237.00,237.00,237.00,237.00,237.00,237.00,237.00,237.00,237.00,237.00,237.00,237.00,237.00,237.00,237.00,237.00
2026-08-29 07:24:54,237.00,237.00,237.00,237.00,237.00,237.00,237.00,237.00,237.00,237.00,237.00,237.00,237.00,237.00,237.00,237.00,237.00,237.00,237.00,237.00,237.00,237.00
2026-08-29 07:34:51,237.00,237.00,237.00,237.00,237.00,237.00,237.00,237.00,237.00,237.00,237.00,237.00,237.00,237.00,237.00,237.00,237.00,237.00,237.00,237.00,237.00,237.00
2026-08-29 07:44:48,237.00,237.00,237.00,237.00,237.00,237.00,237.00,237.00,237.00,237.00,237.00,237.00,237.00,237.00,237.00,237.00,237.00,237.00,237.00,237.00,237.00,237.00
2026-08-29 07:54:53,237.00,237.00,237.00,237.00,237.00,237.00,237.00,237.00,237.00,237.00,237.00,237.00,237.00,237.00,237.00,237.00,237.00,237.00,237.00,237.00,237.00,237.00
2026-08-29 08:04:52,237.00,237.00,237.00,237.00,237.00,237.00,237.00,237.00,237.00,237.00,237.00,237.00,237.00,237.00,237.00,237.00,237.00,237.00,237.00,237.00,237.00,237.00
2026-08-29 08:14:49,237.00,237.00,237.00,237.00,237.00,237.00,237.00,237.00,237.00,237.00,237.00,237.00,237.00,237.00,237.00,237.00,237.00,237.00,237.00,237.00,237.00,237.00
2026-08-29 08:24:56,237.00,237.00,237.00,237.00,237.00,237.00,237.00,237.00,237.00,237.00,237.00,237.00,237.00,237.00,237.00,237.00,237.00,237.00,237.00,237.00,237.00,237.00
2026-08-29 08:34:54,237.00,237.00,237.00,237.00,237.00,237.00,237.00,237.00,237.00,237.00,237.00,237.00,237.00,237.00,237.00,237.00,237.00,237.00,237.00,237.00,237.00,237.00
2026-08-29 08:44:54,237.00,237.00,237.00,237.00,237.00,237.00,237.00,237.00,237.00,237.00,237.00,237.00,237.00,237.00,237.00,237.00,237.00,237.00,237.00,237.00,237.00,237.00
2026-08-29 08:54:51,237.00,237.00,237.00,237.00,237.00,237.00,237.00,237.00,237.00,237.00,237.00,237.00,237.00,237.00,237.00,237.00,237.00,237.00,237.00,237.00,237.00,237.00
2026-08-29 09:04:53,237.00,237.00,237.00,237.00,237.00,237.00,237.00,237.00,237.00,237.00,237.00,237.00,237.00,237.00,237.00,237.00,237.00,237.00,237.00,237.00,237.00,237.00
2026-08-29 09:14:49,237.00,237.00,237.00,237.00,237.00,237.00,237.00,237.00,237.00,237.00,237.00,237.00,237.00,237.00,237.00,237.00,237.00,237.00,237.00,237.00,237.00,237.00
2026-08-29 09:24:56,237.00,237.00,237.00,237.00,237.00,237.00,237.00,237.00,237.00,237.00,237.00,237.00,237.00,237.00,237.00,237.00,237.00,237.00,237.00,237.00,237.00,237.00
2026-08-29 09:34:51,237.00,237.00,237.00,237.00,237.00,237.00,237.00,237.00,237.00,237.00,237.00,237.00,237.00,237.00,237.00,237.00,237.00,237.00,237.00,237.00,237.00,237.00
2026-08-29 09:44:51,237.00,237.00,237.00,237.00,237.00,237.00,237.00,237.00,237.00,237.00,237.00,237.00,237.00,237.00,237.00,237.00,237.00,237.00,237.00,237.00,237.00,237.00
2026-08-29 09:54:57,237.00,237.00,237.00,237.00,237.00,237.00,237.00,237.00,237.00,237.00,237.00,237.00,237.00,237.00,237.00,237.00,237.00,237.00,237.00,237.00,237.00,237.00
2026-08-29 10:04:53,237.00,237.00,237.00,237.00,237.00,237.00,237.00,237.00,237.00,237.00,237.00,237.00,237.00,237.00,237.00,237.00,237.00,237.00,237.00,237.00,237.00,237.00
2026-08-29 10:14:51,237.00,237.00,237.00,237.00,237.00,237.00,237.00,237.00,237.00,237.00,237.00,237.00,237.00,237.00,237.00,237.00,237.00,237.00,237.00,237.00,237.00,237.00
2026-08-29 10:24:50,237.00,237.00,237.00,237.00,237.00,237.00,237.00,237.00,237.00,237.00,237.00,237.00,237.00,237.00,237.00,237.00,237.00,237.00,237.00,237.00,237.00,237.00
2026-08-29 10:34:57,237.00,237.00,237.00,237.00,237.00,237.00,237.00,237.00,237.00,237.00,237.00,237.00,237.00,237.00,237.00,237.00,237.00,237.00,237.00,237.00,237.00,237.00
2026-08-29 10:44:52,237.00,237.00,237.00,237.00,237.00,237.00,237.00,237.00,237.00,237.00,237.00,237.00,237.00,237.00,237.00,237.00,237.00,237.00,237.00,237.00,237.00,237.00
2026-08-29 10:54:56,237.00,237.00,237.00,237.00,237.00,237.00,237.00,237.00,237.00,237.00,237.00,237.00,237.00,237.00,237.00,237.00,237.00,237.00,237.00,237.00,237.00,237.00
2026-08-29 11:04:52,237.00,237.00,237.00,237.00,237.00,237.00,237.00,237.00,237.00,237.00,237.00,237.00,237.00,237.00,237.00,237.00,237.00,237.00,237.00,237.00,237.00,237.00
2026-08-29 11:14:56,237.00,237.00,237.00,237.00,237.00,237.00,237.00,237.00,237.00,237.00,237.00,237.00,237.00,237.00,237.00,237.00,237.00,237.00,237.00,237.00,237.00,237.00
2026-08-29 11:24:52,237.00,237.00,237.00,237.00,237.00,237.00,237.00,237.00,237.00,237.00,237.00,237.00,237.00,237.00,237.00,237.00,237.00,237.00,237.00,237.00,237.00,237.00
2026-08-29 11:34:55,237.00,237.00,237.00,237.00,237.00,237.00,237.00,237.00,237.00,237.00,237.00,237.00,237.00,237.00,237.00,237.00,237.00,237.00,237.00,237.00,237.00,237.00
2026-08-29 11:45:00,237.00,237.00,237.00,237.00,237.00,237.00,237.00,237.00,237.00,237.00,237.00,237.00,237.00,237.00,237.00,237.00,237.00,237.00,237.00,237.00,237.00,237.00
2026-08-29 11:54:55,237.00,237.00,237.00,237.00,237.00,237.00,237.00,237.00,237.00,237.00,237.00,237.00,237.00,237.00,237.00,237.00,237.00,237.00,237.00,237.00,237.00,237.00
2026-08-29 12:04:51,237.00,237.00,237.00,237.00,237.00,237.00,237.00,237.00,237.00,237.00,237.00,237.00,237.00,237.00,237.00,237.00,237.00,237.00,237.00,237.00,237.00,237.00
2026-08-29 12:14:54,237.00,237.00,237.00,237.00,237.00,237.00,237.00,237.00,237.00,237.00,237.00,237.00,237.00,237.00,237.00,237.00,237.00,237.00,237.00,237.00,237.00,237.00
2026-08-29 12:24:55,237.00,237.00,237.00,237.00,237.00,237.00,237.00,237.00,237.00,237.00,237.00,237.00,237.00,237.00,237.00,237.00,237.00,237.00,237.00,237.00,237.00,237.00
2026-08-29 12:34:55,237.00,237.00,237.00,237.00,237.00,237.00,237.00,237.00,237.00,237.00,237.00,237.00,237.00,237.00,237.00,237.00,237.00,237.00,237.00,237.00,237.00,237.00
2026-08-29 12:44:54,237.00,237.00,237.00,237.00,237.00,237.00,237.00,237.00,237.00,237.00,237.00,237.00,237.00,237.00,237.00,237.00,237.00,237.00,237.00,237.00,237.00,237.00
2026-08-29 12:54:51,237.00,237.00,237.00,237.00,237.00,237.00,237.00,237.00,237.00,237.00,237.00,237.00,237.00,237.00,237.00,237.00,237.00,237.00,237.00,237.00,237.00,237.00
2026-08-29 13:04:55,237.00,237.00,237.00,237.00,237.00,237.00,237.00,237.00,237.00,237.00,237.00,237.00,237.00,237.00,237.00,237.00,237.00,237.00,237.00,237.00,237.00,237.00
2026-08-29 13:14:55,237.00,237.00,237.00,237.00,237.00,237.00,237.00,237.00,237.00,237.00,237.00,237.00,237.00,237.00,237.00,237.00,237.00,237.00,237.00,237.00,237.00,237.00
2026-08-29 13:24:52,237.00,237.00,237.00,237.00,237.00,237.00,237.00,237.00,237.00,237.00,237.00,237.00,237.00,237.00,237.00,237.00,237.00,237.00,237.00,237.00,237.00,237.00
2026-08-29 13:34:52,237.00,237.00,237.00,237.00,237.00,237.00,237.00,237.00,237.00,237.00,237.00,237.00,237.00,237.00,237.00,237.00,237.00,237.00,237.00,237.00,237.00,237.00
2026-08-29 13:44:52,237.00,237.00,237.00,237.00,237.00,237.00,237.00,237.00,237.00,237.00,237.00,237.00,237.00,237.00,237.00,237.00,237.00,237.00,237.00,237.00,237.00,237.00
2026-08-29 13:54:56,237.00,237.00,237.00,237.00,237.00,237.00,237.00,237.00,237.00,237.00,237.00,237.00,237.00,237.00,237.00,237.00,237.00,237.00,237.00,237.00,237.00,237.00
2026-08-29 14:04:53,237.00,237.00,237.00,237.00,237.00,237.00,237.00,237.00,237.00,237.00,237.00,237.00,237.00,237.00,237.00,237.00,237.00,237.00,237.00,237.00,237.00,237.00
2026-08-29 14:14:56,237.00,237.00,237.00,237.00,237.00,237.00,237.00,237.00,237.00,237.00,237.00,237.00,237.00,237.00,237.00,237.00,237.00,237.00,237.00,237.00,237.00,237.00
2026-08-29 14:24:55,237.00,237.00,237.00,237.00,237.00,237.00,237.00,237.00,237.00,237.00,237.00,237.00,237.00,237.00,237.00,237.00,237.00,237.00,237.00,237.00,237.00,237.00
2026-08-29 14:34:56,237.00,237.00,237.00,237.00,237.00,237.00,237.00,237.00,237.00,237.00,237.00,237.00,237.00,237.00,237.00,237.00,237.00,237.00,237.00,237.00,237.00,237.00
2026-08-29 14:44:48,237.00,237.00,237.00,237.00,237.00,237.00,237.00,237.00,237.00,237.00,237.00,237.00,237.00,237.00,237.00,237.00,237.00,237.00,237.00,237.00,237.00,237.00
2026-08-29 14:54:58,237.00,237.00,237.00,237.00,237.00,237.00,237.00,237.00,237.00,237.00,237.00,237.00,237.00,237.00,237.00,237.00,237.00,237.00,237.00,237.00,237.00,237.00
2026-08-29 15:04:52,237.00,237.00,237.00,237.00,237.00,237.00,237.00,237.00,237.00,237.00,237.00,237.00,237.00,237.00,237.00,237.00,237.00,237.00,237.00,237.00,237.00,237.00
2026-08-29 15:14:56,237.00,237.00,237.00,237.00,237.00,237.00,237.00,237.00,237.00,237.00,237.00,237.00,237.00,237.00,237.00,237.00,237.00,237.00,237.00,237.00,237.00,237.00
2026-08-29 15:24:54,237.00,237.00,237.00,237.00,237.00,237.00,237.00,237.00,237.00,237.00,237.00,237.00,237.00,237.00,237.00,237.00,237.00,237.00,237.00,237.00,237.00,237.00
2026-08-29 15:34:50,237.00,237.00,237.00,237.00,237.00,237.00,237.00,237.00,237.00,237.00,237.00,237.00,237.00,237.00,237.00,237.00,237.00,237.00,237.00,237.00,237.00,237.00
2026-08-29 15:44:58,237.00,237.00,237.00,237.00,237.00,237.00,237.00,237.00,237.00,237.00,237.00,237.00,237.00,237.00,237.00,237.00,237.00,237.00,237.00,237.00,237.00,237.00
2026-08-29 15:54:55,237.00,237.00,237.00,237.00,237.00,237.00,237.00,237.00,237.00,237.00,237.00,237.00,237.00,237.00,237.00,237.00,237.00,237.00,237.00,237.00,237.00,237.00
2026-08-29 16:04:55,237.00,237.00,237.00,237.00,237.00,237.00,237.00,237.00,237.00,237.00,237.00,237.00,237.00,237.00,237.00,237.00,237.00,237.00,237.00,237.00,237.00,237.00
2026-08-29 16:14:55,237.00,237.00,237.00,237.00,237.00,237.00,237.00,237.00,237.00,237.00,237.00,237.00,237.00,237.00,237.00,237.00,237.00,237.00,237.00,237.00,237.00,237.00
2026-08-29 16:24:59,237.00,237.00,237.00,237.00,237.00,237.00,237.00,237.00,237.00,237.00,237.00,237.00,237.00,237.00,237.00,237.00,237.00,237.00,237.00,237.00,237.00,237.00
2026-08-29 16:34:54,237.00,237.00,237.00,237.00,237.00,237.00,237.00,237.00,237.00,237.00,237.00,237.00,237.00,237.00,237.00,237.00,237.00,237.00,237.00,237.00,237.00,237.00
2026-08-29 16:44:56,237.00,237.00,237.00,237.00,237.00,237.00,237.00,237.00,237.00,237.00,237.00,237.00,237.00,237.00,237.00,237.00,237.00,237.00,237.00,237.00,237.00,237.00
2026-08-29 16:54:59,237.00,237.00,237.00,237.00,237.00,237.00,237.00,237.00,237.00,237.00,237.00,237.00,237.00,237.00,237.00,237.00,237.00,237.00,237.00,237.00,237.00,237.00
2026-08-29 17:04:58,237.00,237.00,237.00,237.00,237.00,237.00,237.00,237.00,237.00,237.00,237.00,237.00,237.00,237.00,237.00,237.00,237.00,237.00,237.00,237.00,237.00,237.00
2026-08-29 17:15:05,237.00,237.00,237.00,237.00,237.00,237.00,237.00,237.00,237.00,237.00,237.00,237.00,237.00,237.00,237.00,237.00,237.00,237.00,237.00,237.00,237.00,237.00
2026-08-29 17:24:54,237.00,237.00,237.00,237.00,237.00,237.00,237.00,237.00,237.00,237.00,237.00,237.00,237.00,237.00,237.00,237.00,237.00,237.00,237.00,237.00,237.00,237.00
2026-08-29 17:34:58,237.00,237.00,237.00,237.00,237.00,237.00,237.00,237.00,237.00,237.00,237.00,237.00,237.00,237.00,237.00,237.00,237.00,237.00,237.00,237.00,237.00,237.00
2026-08-29 17:44:53,237.00,237.00,237.00,237.00,237.00,237.00,237.00,237.00,237.00,237.00,237.00,237.00,237.00,237.00,237.00,237.00,237.00,237.00,237.00,237.00,237.00,237.00
2026-08-29 17:54:49,237.00,237.00,237.00,237.00,237.00,237.00,237.00,237.00,237.00,237.00,237.00,237.00,237.00,237.00,237.00,237.00,237.00,237.00,237.00,237.00,237.00,237.00
2026-08-29 18:04:58,237.00,237.00,237.00,237.00,237.00,237.00,237.00,237.00,237.00,237.00,237.00,237.00,237.00,237.00,237.00,237.00,237.00,237.00,237.00,237.00,237.00,237.00
2026-08-29 18:14:58,237.00,237.00,237.00,237.00,237.00,237.00,237.00,237.00,237.00,237.00,237.00,237.00,237.00,237.00,237.00,237.00,237.00,237.00,237.00,237.00,237.00,237.00
2026-08-29 18:24:53,237.00,237.00,237.00,237.00,237.00,237.00,237.00,237.00,237.00,237.00,237.00,237.00,237.00,237.00,237.00,237.00,237.00,237.00,237.00,237.00,237.00,237.00
2026-08-29 18:34:52,237.00,237.00,237.00,237.00,237.00,237.00,237.00,237.00,237.00,237.00,237.00,237.00,237.00,237.00,237.00,237.00,237.00,237.00,237.00,237.00,237.00,237.00
2026-08-29 18:44:49,237.00,237.00,237.00,237.00,237.00,237.00,237.00,237.00,237.00,237.00,237.00,237.00,237.00,237.00,237.00,237.00,237.00,237.00,237.00,237.00,237.00,237.00
2026-08-29 18:54:55,237.00,237.00,237.00,237.00,237.00,237.00,237.00,237.00,237.00,237.00,237.00,237.00,237.00,237.00,237.00,237.00,237.00,237.00,237.00,237.00,237.00,237.00
2026-08-29 19:04:56,237.00,237.00,237.00,237.00,237.00,237.00,237.00,237.00,237.00,237.00,237.00,237.00,237.00,237.00,237.00,237.00,237.00,237.00,237.00,237.00,237.00,237.00
2026-08-29 19:14:53,237.00,237.00,237.00,237.00,237.00,237.00,237.00,237.00,237.00,237.00,237.00,237.00,237.00,237.00,237.00,237.00,237.00,237.00,237.00,237.00,237.00,237.00
2026-08-29 19:24:53,237.00,237.00,237.00,237.00,237.00,237.00,237.00,237.00,237.00,237.00,237.00,237.00,237.00,237.00,237.00,237.00,237.00,237.00,237.00,237.00,237.00,237.00
2026-08-29 19:35:04,237.00,237.00,237.00,237.00,237.00,237.00,237.00,237.00,237.00,237.00,237.00,237.00,237.00,237.00,237.00,237.00,237.00,237.00,237.00,237.00,237.00,237.00
2026-08-29 19:44:54,237.00,237.00,237.00,237.00,237.00,237.00,237.00,237.00,237.00,237.00,237.00,237.00,237.00,237.00,237.00,237.00,237.00,237.00,237.00,237.00,237.00,237.00
2026-08-29 19:54:53,237.00,237.00,237.00,237.00,237.00,237.00,237.00,237.00,237.00,237.00,237.00,237.00,237.00,237.00,237.00,237.00,237.00,237.00,237.00,237.00,237.00,237.00
2026-08-29 20:04:55,237.00,237.00,237.00,237.00,237.00,237.00,237.00,237.00,237.00,237.00,237.00,237.00,237.00,237.00,237.00,237.00,237.00,237.00,237.00,237.00,237.00,237.00
2026-08-29 20:14:52,237.00,237.00,237.00,237.00,237.00,237.00,237.00,237.00,237.00,237.00,237.00,237.00,237.00,237.00,237.00,237.00,237.00,237.00,237.00,237.00,237.00,237.00
2026-08-29 20:24:58,237.00,237.00,237.00,237.00,237.00,237.00,237.00,237.00,237.00,237.00,237.00,237.00,237.00,237.00,237.00,237.00,237.00,237.00,237.00,237.00,237.00,237.00
2026-08-29 20:34:57,237.00,237.00,237.00,237.00,237.00,237.00,237.00,237.00,237.00,237.00,237.00,237.00,237.00,237.00,237.00,237.00,237.00,237.00,237.00,237.00,237.00,237.00
2026-08-29 20:45:00,237.00,237.00,237.00,237.00,237.00,237.00,237.00,237.00,237.00,237.00,237.00,237.00,237.00,237.00,237.00,237.00,237.00,237.00,237.00,237.00,237.00,237.00
2026-08-29 20:54:59,237.00,237.00,237.00,237.00,237.00,237.00,237.00,237.00,237.00,237.00,237.00,237.00,237.00,237.00,237.00,237.00,237.00,237.00,237.00,237.00,237.00,237.00
2026-08-29 21:04:59,237.00,237.00,237.00,237.00,237.00,237.00,237.00,237.00,237.00,237.00,237.00,237.00,237.00,237.00,237.00,237.00,237.00,237.00,237.00,237.00,237.00,237.00
2026-08-29 21:14:55,237.00,237.00,237.00,237.00,237.00,237.00,237.00,237.00,237.00,237.00,237.00,237.00,237.00,237.00,237.00,237.00,237.00,237.00,237.00,237.00,237.00,237.00
2026-08-29 21:24:54,237.00,237.00,237.00,237.00,237.00,237.00,237.00,237.00,237.00,237.00,237.00,237.00,237.00,237.00,237.00,237.00,237.00,237.00,237.00,237.00,237.00,237.00
2026-08-29 21:34:56,237.00,237.00,237.00,237.00,237.00,237.00,237.00,237.00,237.00,237.00,237.00,237.00,237.00,237.00,237.00,237.00,237.00,237.00,237.00,237.00,237.00,237.00
2026-08-29 21:44:57,237.00,237.00,237.00,237.00,237.00,237.00,237.00,237.00,237.00,237.00,237.00,237.00,237.00,237.00,237.00,237.00,237.00,237.00,237.00,237.00,237.00,237.00
2026-08-29 21:54:58,237.00,237.00,237.00,237.00,237.00,237.00,237.00,237.00,237.00,237.00,237.00,237.00,237.00,237.00,237.00,237.00,237.00,237.00,237.00,237.00,237.00,237.00
2026-08-29 22:04:54,237.00,237.00,237.00,237.00,237.00,237.00,237.00,237.00,237.00,237.00,237.00,237.00,237.00,237.00,237.00,237.00,237.00,237.00,237.00,237.00,237.00,237.00
2026-08-29 22:14:55,237.00,237.00,237.00,237.00,237.00,237.00,237.00,237.00,237.00,237.00,237.00,237.00,237.00,237.00,237.00,237.00,237.00,237.00,237.00,237.00,237.00,237.00
2026-08-29 22:24:55,237.00,237.00,237.00,237.00,237.00,237.00,237.00,237.00,237.00,237.00,237.00,237.00,237.00,237.00,237.00,237.00,237.00,237.00,237.00,237.00,237.00,237.00
2026-08-29 22:34:57,237.00,237.00,237.00,237.00,237.00,237.00,237.00,237.00,237.00,237.00,237.00,237.00,237.00,237.00,237.00,237.00,237.00,237.00,237.00,237.00,237.00,237.00
2026-08-29 22:44:56,237.00,237.00,237.00,237.00,237.00,237.00,237.00,237.00,237.00,237.00,237.00,237.00,237.00,237.00,237.00,237.00,237.00,237.00,237.00,237.00,237.00,237.00
2026-08-29 22:54:55,237.00,237.00,237.00,237.00,237.00,237.00,237.00,237.00,237.00,237.00,237.00,237.00,237.00,237.00,237.00,237.00,237.00,237.00,237.00,237.00,237.00,237.00
2026-08-29 23:05:01,237.00,237.00,237.00,237.00,237.00,237.00,237.00,237.00,237.00,237.00,237.00,237.00,237.00,237.00,237.00,237.00,237.00,237.00,237.00,237.00,237.00,237.00
2026-08-29 23:14:52,237.00,237.00,237.00,237.00,237.00,237.00,237.00,237.00,237.00,237.00,237.00,237.00,237.00,237.00,237.00,237.00,237.00,237.00,237.00,237.00,237.00,237.00
2026-08-29 23:24:51,237.00,237.00,237.00,237.00,237.00,237.00,237.00,237.00,237.00,237.00,237.00,237.00,237.00,237.00,237.00,237.00,237.00,237.00,237.00,237.00,237.00,237.00
2026-08-29 23:34:53,237.00,237.00,237.00,237.00,237.00,237.00,237.00,237.00,237.00,237.00,237.00,237.00,237.00,237.00,237.00,237.00,237.00,237.00,237.00,237.00,237.00,237.00
2026-08-29 23:44:58,237.00,237.00,237.00,237.00,237.00,237.00,237.00,237.00,237.00,237.00,237.00,237.00,237.00,237.00,237.00,237.00,237.00,237.00,237.00,237.00,237.00,237.00
2026-08-29 23:54:54,237.00,237.00,237.00,237.00,237.00,237.00,237.00,237.00,237.00,237.00,237.00,237.00,237.00,237.00,237.00,237.00,237.00,237.00,237.00,237.00,237.00,237.00
2026-08-30 00:05:00,237.00,237.00,237.00,237.00,237.00,237.00,237.00,237.00,237.00,237.00,237.00,237.00,237.00,237.00,237.00,237.00,237.00,237.00,237.00,237.00,237.00,237.00
2026-08-30 00:14:56,237.00,237.00,237.00,237.00,237.00,237.00,237.00,237.00,237.00,237.00,237.00,237.00,237.00,237.00,237.00,237.00,237.00,237.00,237.00,237.00,237.00,237.00
2026-08-30 00:24:54,237.00,237.00,237.00,237.00,237.00,237.00,237.00,237.00,237.00,237.00,237.00,237.00,237.00,237.00,237.00,237.00,237.00,237.00,237.00,237.00,237.00,237.00
2026-08-30 00:34:56,237.00,237.00,237.00,237.00,237.00,237.00,237.00,237.00,237.00,237.00,237.00,237.00,237.00,237.00,237.00,237.00,237.00,237.00,237.00,237.00,237.00,237.00
2026-08-30 00:44:53,237.00,237.00,237.00,237.00,237.00,237.00,237.00,237.00,237.00,237.00,237.00,237.00,237.00,237.00,237.00,237.00,237.00,237.00,237.00,237.00,237.00,237.00
2026-08-30 00:54:53,237.00,237.00,237.00,237.00,237.00,237.00,237.00,237.00,237.00,237.00,237.00,237.00,237.00,237.00,237.00,237.00,237.00,237.00,237.00,237.00,237.00,237.00
2026-08-30 01:04:55,237.00,237.00,237.00,237.00,237.00,237.00,237.00,237.00,237.00,237.00,237.00,237.00,237.00,237.00,237.00,237.00,237.00,237.00,237.00,237.00,237.00,237.00
2026-08-30 01:14:53,237.00,237.00,237.00,237.00,237.00,237.00,237.00,237.00,237.00,237.00,237.00,237.00,237.00,237.00,237.00,237.00,237.00,237.00,237.00,237.00,237.00,237.00
2026-08-30 01:24:55,237.00,237.00,237.00,237.00,237.00,237.00,237.00,237.00,237.00,237.00,237.00,237.00,237.00,237.00,237.00,237.00,237.00,237.00,237.00,237.00,237.00,237.00
2026-08-30 01:34:56,237.00,237.00,237.00,237.00,237.00,237.00,237.00,237.00,237.00,237.00,237.00,237.00,237.00,237.00,237.00,237.00,237.00,237.00,237.00,237.00,237.00,237.00
2026-08-30 01:44:55,237.00,237.00,237.00,237.00,237.00,237.00,237.00,237.00,237.00,237.00,237.00,237.00,237.00,237.00,237.00,237.00,237.00,237.00,237.00,237.00,237.00,237.00
2026-08-30 01:54:51,237.00,237.00,237.00,237.00,237.00,237.00,237.00,237.00,237.00,237.00,237.00,237.00,237.00,237.00,237.00,237.00,237.00,237.00,237.00,237.00,237.00,237.00
2026-08-30 02:04:56,237.00,237.00,237.00,237.00,237.00,237.00,237.00,237.00,237.00,237.00,237.00,237.00,237.00,237.00,237.00,237.00,237.00,237.00,237.00,237.00,237.00,237.00
2026-08-30 02:14:57,237.00,237.00,237.00,237.00,237.00,237.00,237.00,237.00,237.00,237.00,237.00,237.00,237.00,237.00,237.00,237.00,237.00,237.00,237.00,237.00,237.00,237.00
2026-08-30 02:24:54,237.00,237.00,237.00,237.00,237.00,237.00,237.00,237.00,237.00,237.00,237.00,237.00,237.00,237.00,237.00,237.00,237.00,237.00,237.00,237.00,237.00,237.00
2026-08-30 02:34:54,237.00,237.00,237.00,237.00,237.00,237.00,237.00,237.00,237.00,237.00,237.00,237.00,237.00,237.00,237.00,237.00,237.00,237.00,237.00,237.00,237.00,237.00
2026-08-30 02:44:56,237.00,237.00,237.00,237.00,237.00,237.00,237.00,237.00,237.00,237.00,237.00,237.00,237.00,237.00,237.00,237.00,237.00,237.00,237.00,237.00,237.00,237.00
2026-08-30 02:54:56,237.00,237.00,237.00,237.00,237.00,237.00,237.00,237.00,237.00,237.00,237.00,237.00,237.00,237.00,237.00,237.00,237.00,237.00,237.00,237.00,237.00,237.00
2026-08-30 03:04:51,237.00,237.00,237.00,237.00,237.00,237.00,237.00,237.00,237.00,237.00,237.00,237.00,237.00,237.00,237.00,237.00,237.00,237.00,237.00,237.00,237.00,237.00
2026-08-30 03:14:59,237.00,237.00,237.00,237.00,237.00,237.00,237.00,237.00,237.00,237.00,237.00,237.00,237.00,237.00,237.00,237.00,237.00,237.00,237.00,237.00,237.00,237.00
2026-08-30 03:24:56,237.00,237.00,237.00,237.00,237.00,237.00,237.00,237.00,237.00,237.00,237.00,237.00,237.00,237.00,237.00,237.00,237.00,237.00,237.00,237.00,237.00,237.00
2026-08-30 03:34:58,237.00,237.00,237.00,237.00,237.00,237.00,237.00,237.00,237.00,237.00,237.00,237.00,237.00,237.00,237.00,237.00,237.00,237.00,237.00,237.00,237.00,237.00
2026-08-30 03:44:59,237.00,237.00,237.00,237.00,237.00,237.00,237.00,237.00,237.00,237.00,237.00,237.00,237.00,237.00,237.00,237.00,237.00,237.00,237.00,237.00,237.00,237.00
2026-08-30 03:54:56,237.00,237.00,237.00,237.00,237.00,237.00,237.00,237.00,237.00,237.00,237.00,237.00,237.00,237.00,237.00,237.00,237.00,237.00,237.00,237.00,237.00,237.00
2026-08-30 04:04:56,237.00,237.00,237.00,237.00,237.00,237.00,237.00,237.00,237.00,237.00,237.00,237.00,237.00,237.00,237.00,237.00,237.00,237.00,237.00,237.00,237.00,237.00
2026-08-30 04:14:58,237.00,237.00,237.00,237.00,237.00,237.00,237.00,237.00,237.00,237.00,237.00,237.00,237.00,237.00,237.00,237.00,237.00,237.00,237.00,237.00,237.00,237.00
2026-08-30 04:24:57,237.00,237.00,237.00,237.00,237.00,237.00,237.00,237.00,237.00,237.00,237.00,237.00,237.00,237.00,237.00,237.00,237.00,237.00,237.00,237.00,237.00,237.00
2026-08-30 04:34:52,237.00,237.00,237.00,237.00,237.00,237.00,237.00,237.00,237.00,237.00,237.00,237.00,237.00,237.00,237.00,237.00,237.00,237.00,237.00,237.00,237.00,237.00
2026-08-30 04:44:54,237.00,237.00,237.00,237.00,237.00,237.00,237.00,237.00,237.00,237.00,237.00,237.00,237.00,237.00,237.00,237.00,237.00,237.00,237.00,237.00,237.00,237.00
2026-08-30 04:54:57,237.00,237.00,237.00,237.00,237.00,237.00,237.00,237.00,237.00,237.00,237.00,237.00,237.00,237.00,237.00,237.00,237.00,237.00,237.00,237.00,237.00,237.00
2026-08-30 05:04:55,237.00,237.00,237.00,237.00,237.00,237.00,237.00,237.00,237.00,237.00,237.00,237.00,237.00,237.00,237.00,237.00,237.00,237.00,237.00,237.00,237.00,237.00
2026-08-30 05:14:51,237.00,237.00,237.00,237.00,237.00,237.00,237.00,237.00,237.00,237.00,237.00,237.00,237.00,237.00,237.00,237.00,237.00,237.00,237.00,237.00,237.00,237.00
2026-08-30 05:24:53,237.00,237.00,237.00,237.00,237.00,237.00,237.00,237.00,237.00,237.00,237.00,237.00,237.00,237.00,237.00,237.00,237.00,237.00,237.00,237.00,237.00,237.00
2026-08-30 05:35:01,237.00,237.00,237.00,237.00,237.00,237.00,237.00,237.00,237.00,237.00,237.00,237.00,237.00,237.00,237.00,237.00,237.00,237.00,237.00,237.00,237.00,237.00
2026-08-30 05:44:48,237.00,237.00,237.00,237.00,237.00,237.00,237.00,237.00,237.00,237.00,237.00,237.00,237.00,237.00,237.00,237.00,237.00,237.00,237.00,237.00,237.00,237.00
2026-08-30 05:55:00,237.00,237.00,237.00,237.00,237.00,237.00,237.00,237.00,237.00,237.00,237.00,237.00,237.00,237.00,237.00,237.00,237.00,237.00,237.00,237.00,237.00,237.00
2026-08-30 06:04:56,237.00,237.00,237.00,237.00,237.00,237.00,237.00,237.00,237.00,237.00,237.00,237.00,237.00,237.00,237.00,237.00,237.00,237.00,237.00,237.00,237.00,237.00
2026-08-30 06:14:50,237.00,237.00,237.00,237.00,237.00,237.00,237.00,237.00,237.00,237.00,237.00,237.00,237.00,237.00,237.00,237.00,237.00,237.00,237.00,237.00,237.00,237.00
2026-08-30 06:24:55,237.00,237.00,237.00,237.00,237.00,237.00,237.00,237.00,237.00,237.00,237.00,237.00,237.00,237.00,237.00,237.00,237.00,237.00,237.00,237.00,237.00,237.00
2026-08-30 06:34:54,237.00,237.00,237.00,237.00,237.00,237.00,237.00,237.00,237.00,237.00,237.00,237.00,237.00,237.00,237.00,237.00,237.00,237.00,237.00,237.00,237.00,237.00
2026-08-30 06:44:55,237.00,237.00,237.00,237.00,237.00,237.00,237.00,237.00,237.00,237.00,237.00,237.00,237.00,237.00,237.00,237.00,237.00,237.00,237.00,237.00,237.00,237.00
2026-08-30 06:54:58,237.00,237.00,237.00,237.00,237.00,237.00,237.00,237.00,237.00,237.00,237.00,237.00,237.00,237.00,237.00,237.00,237.00,237.00,237.00,237.00,237.00,237.00
2026-08-30 07:04:54,237.00,237.00,237.00,237.00,237.00,237.00,237.00,237.00,237.00,237.00,237.00,237.00,237.00,237.00,237.00,237.00,237.00,237.00,237.00,237.00,237.00,237.00
2026-08-30 07:14:53,237.00,237.00,237.00,237.00,237.00,237.00,237.00,237.00,237.00,237.00,237.00,237.00,237.00,237.00,237.00,237.00,237.00,237.00,237.00,237.00,237.00,237.00
2026-08-30 07:25:00,237.00,237.00,237.00,237.00,237.00,237.00,237.00,237.00,237.00,237.00,237.00,237.00,237.00,237.00,237.00,237.00,237.00,237.00,237.00,237.00,237.00,237.00
