checked_at,AA1239,AA1479,AA1509,AA2578,AA2607,AA3022,AA3048,AA3067,AA3324,AA802,B6111,B6112,DL2570,DL2828,UA1117,UA1186,UA1349,UA1414,UA1606,UA1706,UA2631,UA503,UA717
2026-08-18 16:03:39,138.00,138.00,138.00,138.00,138.00,138.00,138.00,138.00,138.00,138.00,128.00,128.00,128.00,128.00,128.00,128.00,128.00,128.00,128.00,128.00,128.00,128.00,128.00
2026-08-18 16:13:14,138.00,138.00,138.00,138.00,138.00,138.00,138.00,138.00,138.00,138.00,128.00,128.00,128.00,128.00,128.00,128.00,128.00,128.00,128.00,128.00,128.00,128.00,128.00
2026-08-18 16:23:21,138.00,138.00,138.00,138.00,138.00,138.00,138.00,138.00,138.00,138.00,128.00,128.00,128.00,128.00,128.00,128.00,128.00,128.00,128.00,128.00,128.00,128.00,128.00
2026-08-18 16:31:35,138.00,138.00,138.00,138.00,138.00,138.00,138.00,138.00,138.00,138.00,128.00,128.00,128.00,128.00,128.00,128.00,128.00,128.00,128.00,128.00,128.00,128.00,128.00
2026-08-18 16:37:40,138.00,138.00,138.00,138.00,138.00,138.00,138.00,138.00,138.00,138.00,128.00,128.00,128.00,128.00,128.00,128.00,128.00,128.00,128.00,128.00,128.00,128.00,128.00
2026-08-18 16:44:04,138.00,138.00,138.00,138.00,138.00,138.00,138.00,138.00,138.00,138.00,128.00,128.00,128.00,128.00,128.00,128.00,128.00,128.00,128.00,128.00,128.00,128.00,128.00
2026-08-18 16:53:34,138.00,138.00,138.00,138.00,138.00,138.00,138.00,138.00,138.00,138.00,128.00,128.00,128.00,128.00,128.00,128.00,128.00,128.00,128.00,128.00,128.00,128.00,128.00
2026-08-18 17:01:52,138.00,138.00,138.00,138.00,138.00,138.00,138.00,138.00,138.00,138.00,128.00,128.00,128.00,128.00,128.00,128.00,128.00,128.00,128.00,128.00,128.00,128.00,128.00
2026-08-18 17:07:46,138.00,138.00,138.00,138.00,138.00,138.00,138.00,138.00,138.00,138.00,128.00,128.00,128.00,128.00,128.00,128.00,128.00,128.00,128.00,128.00,128.00,128.00,128.00
2026-08-18 17:13:50,138.00,138.00,138.00,138.00,138.00,138.00,138.00,138.00,138.00,138.00,128.00,128.00,128.00,128.00,128.00,128.00,128.00,128.00,128.00,128.00,128.00,128.00,128.00
2026-08-18 17:23:22,138.00,138.00,138.00,138.00,138.00,138.00,138.00,138.00,138.00,138.00,128.00,128.00,128.00,128.00,128.00,128.00,128.00,128.00,128.00,128.00,128.00,128.00,128.00
2026-08-18 17:33:19,138.00,138.00,138.00,138.00,138.00,138.00,138.00,138.00,138.00,138.00,128.00,128.00,128.00,128.00,128.00,128.00,128.00,128.00,128.00,128.00,128.00,128.00,128.00
2026-08-18 17:43:27,138.00,138.00,138.00,138.00,138.00,138.00,138.00,138.00,138.00,128.00,128.00,128.00,128.00,128.00,128.00,128.00,128.00,128.00,128.00,128.00,128.00,128.00,128.00
2026-08-18 17:53:12,128.00,138.00,128.00,138.00,128.00,138.00,128.00,138.00,128.00,128.00,128.00,128.00,128.00,128.00,128.00,128.00,128.00,128.00,128.00,128.00,128.00,128.00,128.00
2026-08-18 18:03:30,128.00,128.00,128.00,128.00,128.00,128.00,128.00,128.00,128.00,128.00,128.00,128.00,138.00,138.00,128.00,128.00,128.00,128.00,128.00,128.00,128.00,128.00,128.00
2026-08-18 18:13:22,128.00,128.00,128.00,128.00,128.00,128.00,128.00,128.00,128.00,128.00,128.00,128.00,138.00,138.00,128.00,128.00,128.00,128.00,128.00,128.00,128.00,128.00,128.00
2026-08-18 18:23:17,128.00,128.00,128.00,128.00,128.00,128.00,128.00,128.00,128.00,128.00,128.00,128.00,138.00,138.00,128.00,128.00,128.00,128.00,128.00,128.00,128.00,128.00,128.00
2026-08-18 18:33:25,128.00,128.00,128.00,128.00,128.00,128.00,128.00,128.00,128.00,128.00,128.00,128.00,138.00,138.00,128.00,128.00,128.00,128.00,128.00,128.00,128.00,128.00,128.00
2026-08-18 18:43:28,128.00,128.00,128.00,128.00,128.00,128.00,128.00,128.00,128.00,128.00,128.00,128.00,138.00,138.00,128.00,128.00,128.00,128.00,128.00,128.00,128.00,128.00,128.00
2026-08-18 18:53:28,128.00,128.00,128.00,128.00,128.00,128.00,128.00,128.00,128.00,128.00,128.00,128.00,138.00,138.00,128.00,128.00,128.00,128.00,128.00,128.00,128.00,128.00,128.00
2026-08-18 19:03:29,128.00,128.00,128.00,128.00,128.00,128.00,128.00,128.00,128.00,128.00,128.00,128.00,138.00,138.00,128.00,128.00,128.00,128.00,128.00,128.00,128.00,128.00,128.00
2026-08-18 19:13:24,128.00,128.00,128.00,128.00,128.00,128.00,128.00,128.00,128.00,128.00,128.00,128.00,138.00,138.00,128.00,128.00,128.00,128.00,128.00,128.00,128.00,128.00,128.00
2026-08-18 19:23:32,128.00,128.00,128.00,128.00,128.00,128.00,128.00,128.00,128.00,128.00,128.00,128.00,138.00,138.00,128.00,128.00,128.00,128.00,128.00,128.00,128.00,128.00,128.00
2026-08-18 19:33:33,128.00,128.00,128.00,128.00,128.00,128.00,128.00,128.00,128.00,128.00,128.00,128.00,138.00,138.00,128.00,128.00,128.00,128.00,128.00,128.00,128.00,128.00,128.00
2026-08-18 19:43:25,128.00,128.00,128.00,128.00,128.00,128.00,128.00,128.00,128.00,128.00,128.00,128.00,138.00,138.00,128.00,128.00,128.00,128.00,128.00,128.00,128.00,128.00,128.00
2026-08-18 19:53:21,128.00,128.00,128.00,128.00,128.00,128.00,128.00,128.00,128.00,128.00,128.00,128.00,138.00,138.00,128.00,128.00,128.00,128.00,128.00,128.00,128.00,128.00,128.00
2026-08-18 20:03:38,128.00,128.00,128.00,128.00,128.00,128.00,128.00,128.00,128.00,128.00,128.00,128.00,138.00,138.00,128.00,128.00,128.00,128.00,128.00,128.00,128.00,128.00,128.00
2026-08-18 20:13:38,128.00,128.00,128.00,128.00,128.00,128.00,128.00,128.00,128.00,128.00,128.00,128.00,138.00,138.00,128.00,128.00,128.00,128.00,128.00,128.00,128.00,128.00,128.00
2026-08-18 20:23:40,128.00,128.00,128.00,128.00,128.00,128.00,128.00,128.00,128.00,128.00,128.00,128.00,138.00,138.00,128.00,128.00,128.00,128.00,128.00,128.00,128.00,128.00,128.00
2026-08-18 20:33:39,128.00,128.00,128.00,128.00,128.00,128.00,128.00,128.00,128.00,128.00,128.00,128.00,138.00,138.00,128.00,128.00,128.00,128.00,128.00,128.00,128.00,128.00,128.00
2026-08-18 20:43:28,128.00,128.00,128.00,128.00,128.00,128.00,128.00,128.00,128.00,128.00,128.00,128.00,138.00,138.00,128.00,128.00,128.00,128.00,128.00,128.00,128.00,128.00,128.00
2026-08-18 20:53:18,128.00,128.00,128.00,128.00,128.00,128.00,128.00,128.00,128.00,128.00,128.00,128.00,138.00,138.00,128.00,128.00,128.00,128.00,128.00,128.00,128.00,128.00,128.00
2026-08-18 21:03:49,128.00,128.00,128.00,128.00,128.00,128.00,128.00,128.00,128.00,128.00,128.00,128.00,138.00,138.00,128.00,128.00,128.00,128.00,128.00,128.00,128.00,128.00,128.00
2026-08-18 21:13:18,128.00,128.00,128.00,128.00,128.00,128.00,128.00,128.00,128.00,128.00,128.00,128.00,138.00,138.00,128.00,128.00,128.00,128.00,128.00,128.00,128.00,128.00,128.00
2026-08-18 21:23:23,128.00,128.00,128.00,128.00,128.00,128.00,128.00,128.00,128.00,128.00,128.00,128.00,138.00,138.00,128.00,128.00,128.00,128.00,128.00,128.00,128.00,128.00,128.00
2026-08-18 21:33:34,128.00,128.00,128.00,128.00,128.00,128.00,128.00,128.00,128.00,128.00,128.00,128.00,138.00,138.00,128.00,128.00,128.00,128.00,128.00,128.00,128.00,128.00,128.00
2026-08-18 21:43:30,128.00,128.00,128.00,128.00,128.00,128.00,128.00,128.00,128.00,128.00,128.00,128.00,138.00,138.00,128.00,128.00,128.00,128.00,128.00,128.00,128.00,128.00,128.00
2026-08-18 21:53:23,128.00,128.00,128.00,128.00,128.00,128.00,128.00,128.00,128.00,128.00,128.00,128.00,138.00,138.00,128.00,128.00,128.00,128.00,128.00,128.00,128.00,128.00,128.00
2026-08-18 22:03:31,128.00,128.00,128.00,128.00,128.00,128.00,128.00,128.00,128.00,128.00,128.00,128.00,138.00,138.00,128.00,128.00,128.00,128.00,128.00,128.00,128.00,128.00,128.00
2026-08-18 22:13:24,128.00,128.00,128.00,128.00,128.00,128.00,128.00,128.00,128.00,128.00,128.00,128.00,138.00,138.00,128.00,128.00,128.00,128.00,128.00,128.00,128.00,128.00,128.00
2026-08-18 22:23:20,128.00,128.00,128.00,128.00,128.00,128.00,128.00,128.00,128.00,128.00,128.00,128.00,138.00,138.00,128.00,128.00,128.00,128.00,128.00,128.00,128.00,128.00,128.00
2026-08-18 22:33:27,128.00,128.00,128.00,128.00,128.00,128.00,128.00,128.00,128.00,128.00,128.00,128.00,138.00,138.00,128.00,128.00,128.00,128.00,128.00,128.00,128.00,128.00,128.00
2026-08-18 22:43:47,128.00,128.00,128.00,128.00,128.00,128.00,128.00,128.00,128.00,128.00,128.00,128.00,138.00,138.00,128.00,128.00,128.00,128.00,128.00,128.00,128.00,128.00,128.00
2026-08-18 22:53:27,128.00,128.00,128.00,128.00,128.00,128.00,128.00,128.00,128.00,128.00,128.00,128.00,138.00,138.00,128.00,128.00,128.00,128.00,128.00,128.00,128.00,128.00,128.00
2026-08-18 23:03:34,128.00,128.00,128.00,128.00,128.00,128.00,128.00,128.00,128.00,128.00,128.00,128.00,138.00,138.00,128.00,128.00,128.00,128.00,128.00,128.00,128.00,128.00,128.00
2026-08-18 23:13:19,128.00,128.00,128.00,128.00,128.00,128.00,128.00,128.00,128.00,128.00,128.00,128.00,138.00,138.00,128.00,128.00,128.00,128.00,128.00,128.00,128.00,128.00,128.00
2026-08-18 23:23:50,128.00,128.00,128.00,128.00,128.00,128.00,128.00,128.00,128.00,128.00,128.00,128.00,138.00,138.00,128.00,128.00,128.00,128.00,128.00,128.00,128.00,128.00,128.00
2026-08-18 23:33:40,128.00,128.00,128.00,128.00,128.00,128.00,128.00,128.00,128.00,128.00,128.00,128.00,138.00,138.00,128.00,128.00,128.00,128.00,128.00,128.00,128.00,128.00,128.00
2026-08-18 23:43:33,128.00,128.00,128.00,128.00,128.00,128.00,128.00,128.00,128.00,128.00,128.00,128.00,138.00,138.00,128.00,128.00,128.00,128.00,128.00,128.00,128.00,128.00,128.00
2026-08-18 23:53:32,128.00,128.00,128.00,128.00,128.00,128.00,128.00,128.00,128.00,128.00,128.00,128.00,138.00,138.00,128.00,128.00,128.00,128.00,128.00,128.00,128.00,128.00,128.00
2026-08-19 00:03:33,128.00,128.00,128.00,128.00,128.00,128.00,128.00,128.00,128.00,128.00,128.00,128.00,138.00,138.00,128.00,128.00,128.00,128.00,128.00,128.00,128.00,128.00,128.00
2026-08-19 00:13:28,128.00,128.00,128.00,128.00,128.00,128.00,128.00,128.00,128.00,128.00,128.00,128.00,138.00,138.00,128.00,128.00,128.00,128.00,128.00,128.00,128.00,128.00,128.00
2026-08-19 00:23:25,128.00,128.00,128.00,128.00,128.00,128.00,128.00,128.00,128.00,128.00,128.00,128.00,138.00,138.00,128.00,128.00,128.00,128.00,128.00,128.00,128.00,128.00,128.00
2026-08-19 00:33:32,128.00,128.00,128.00,128.00,128.00,128.00,128.00,128.00,128.00,128.00,128.00,128.00,138.00,138.00,128.00,128.00,128.00,128.00,128.00,128.00,128.00,128.00,128.00
2026-08-19 00:43:25,128.00,128.00,128.00,128.00,128.00,128.00,128.00,128.00,128.00,128.00,128.00,128.00,138.00,138.00,128.00,128.00,128.00,128.00,128.00,128.00,128.00,128.00,128.00
2026-08-19 00:53:30,128.00,128.00,128.00,128.00,128.00,128.00,128.00,128.00,128.00,128.00,138.00,138.00,138.00,138.00,128.00,128.00,128.00,128.00,128.00,128.00,128.00,128.00,128.00
2026-08-19 01:03:34,128.00,128.00,128.00,128.00,128.00,128.00,128.00,128.00,128.00,128.00,138.00,138.00,138.00,138.00,128.00,128.00,128.00,128.00,128.00,128.00,128.00,128.00,128.00
2026-08-19 01:13:25,128.00,128.00,128.00,128.00,128.00,128.00,128.00,128.00,128.00,128.00,138.00,138.00,138.00,138.00,128.00,128.00,128.00,128.00,128.00,128.00,128.00,128.00,128.00
2026-08-19 01:23:34,128.00,128.00,128.00,128.00,128.00,128.00,128.00,128.00,128.00,128.00,138.00,138.00,138.00,138.00,128.00,128.00,128.00,128.00,128.00,128.00,128.00,128.00,128.00
2026-08-19 01:33:38,128.00,128.00,128.00,128.00,128.00,128.00,128.00,128.00,128.00,128.00,138.00,138.00,138.00,138.00,128.00,128.00,128.00,128.00,128.00,128.00,128.00,128.00,128.00
2026-08-19 01:43:26,128.00,128.00,128.00,128.00,128.00,128.00,128.00,128.00,128.00,128.00,138.00,138.00,138.00,138.00,128.00,128.00,128.00,128.00,128.00,128.00,128.00,128.00,128.00
2026-08-19 01:53:28,128.00,128.00,128.00,128.00,128.00,128.00,128.00,128.00,128.00,128.00,138.00,138.00,138.00,138.00,128.00,128.00,128.00,128.00,128.00,128.00,128.00,128.00,128.00
2026-08-19 02:03:42,128.00,128.00,128.00,128.00,128.00,128.00,128.00,128.00,128.00,128.00,138.00,138.00,138.00,138.00,128.00,128.00,128.00,128.00,128.00,128.00,128.00,128.00,128.00
2026-08-19 02:13:50,128.00,128.00,128.00,128.00,128.00,128.00,128.00,128.00,128.00,128.00,138.00,138.00,138.00,138.00,128.00,128.00,128.00,128.00,128.00,128.00,128.00,128.00,128.00
2026-08-19 02:23:51,128.00,128.00,128.00,128.00,128.00,128.00,128.00,128.00,128.00,128.00,138.00,138.00,138.00,138.00,128.00,128.00,128.00,128.00,128.00,128.00,128.00,128.00,128.00
2026-08-19 02:33:31,128.00,128.00,128.00,128.00,128.00,128.00,128.00,128.00,128.00,128.00,138.00,138.00,138.00,138.00,128.00,128.00,128.00,128.00,128.00,128.00,128.00,128.00,128.00
2026-08-19 02:43:52,128.00,128.00,128.00,128.00,128.00,128.00,128.00,128.00,128.00,128.00,138.00,138.00,138.00,138.00,128.00,128.00,128.00,128.00,128.00,128.00,128.00,128.00,128.00
2026-08-19 02:53:52,128.00,128.00,128.00,128.00,128.00,128.00,128.00,128.00,128.00,128.00,138.00,138.00,138.00,138.00,128.00,128.00,128.00,128.00,128.00,128.00,128.00,128.00,128.00
2026-08-19 03:03:41,128.00,128.00,128.00,128.00,128.00,128.00,128.00,128.00,128.00,128.00,138.00,138.00,138.00,138.00,128.00,128.00,128.00,128.00,128.00,128.00,128.00,128.00,128.00
2026-08-19 03:13:38,128.00,128.00,128.00,128.00,128.00,128.00,128.00,128.00,128.00,128.00,138.00,138.00,138.00,138.00,128.00,128.00,128.00,128.00,128.00,128.00,128.00,128.00,128.00
2026-08-19 03:23:37,128.00,128.00,128.00,128.00,128.00,128.00,128.00,128.00,128.00,128.00,138.00,138.00,138.00,138.00,128.00,128.00,128.00,128.00,128.00,128.00,128.00,128.00,128.00
2026-08-19 03:33:46,128.00,169.00,128.00,128.00,128.00,128.00,128.00,128.00,128.00,128.00,138.00,138.00,138.00,138.00,128.00,128.00,128.00,128.00,128.00,128.00,128.00,128.00,128.00
2026-08-19 03:43:37,128.00,169.00,128.00,128.00,128.00,128.00,128.00,128.00,128.00,128.00,138.00,138.00,138.00,138.00,128.00,128.00,128.00,128.00,128.00,128.00,128.00,128.00,128.00
2026-08-19 03:53:30,128.00,169.00,128.00,128.00,128.00,128.00,128.00,128.00,128.00,128.00,138.00,138.00,138.00,138.00,128.00,128.00,128.00,128.00,128.00,128.00,128.00,128.00,128.00
2026-08-19 04:03:43,128.00,169.00,128.00,128.00,128.00,128.00,128.00,128.00,128.00,128.00,138.00,138.00,138.00,138.00,128.00,128.00,128.00,128.00,128.00,128.00,128.00,128.00,128.00
2026-08-19 04:13:36,128.00,169.00,128.00,128.00,128.00,128.00,128.00,128.00,128.00,128.00,138.00,138.00,138.00,138.00,128.00,128.00,128.00,128.00,128.00,128.00,128.00,128.00,128.00
2026-08-19 04:23:41,128.00,169.00,128.00,128.00,128.00,128.00,128.00,128.00,128.00,128.00,138.00,138.00,138.00,138.00,128.00,128.00,128.00,128.00,128.00,128.00,128.00,128.00,128.00
2026-08-19 04:33:44,128.00,169.00,128.00,128.00,128.00,128.00,128.00,128.00,128.00,128.00,138.00,138.00,138.00,138.00,128.00,128.00,128.00,128.00,128.00,128.00,128.00,128.00,128.00
2026-08-19 04:43:27,128.00,169.00,128.00,128.00,128.00,128.00,128.00,128.00,128.00,128.00,138.00,138.00,138.00,138.00,128.00,128.00,128.00,128.00,128.00,128.00,128.00,128.00,128.00
2026-08-19 04:53:40,128.00,169.00,128.00,128.00,128.00,128.00,128.00,128.00,128.00,128.00,138.00,138.00,138.00,138.00,128.00,128.00,128.00,128.00,128.00,128.00,128.00,128.00,128.00
2026-08-19 05:03:34,128.00,169.00,128.00,128.00,128.00,128.00,128.00,128.00,128.00,128.00,138.00,138.00,138.00,138.00,128.00,128.00,128.00,128.00,128.00,128.00,128.00,128.00,128.00
2026-08-19 05:13:35,128.00,169.00,128.00,128.00,128.00,128.00,128.00,128.00,128.00,128.00,138.00,138.00,138.00,138.00,128.00,128.00,128.00,128.00,128.00,128.00,128.00,128.00,128.00
2026-08-19 05:23:26,128.00,169.00,128.00,128.00,128.00,128.00,128.00,128.00,128.00,128.00,138.00,138.00,138.00,138.00,128.00,128.00,128.00,128.00,128.00,128.00,128.00,128.00,128.00
2026-08-19 05:33:39,128.00,169.00,128.00,128.00,128.00,128.00,128.00,128.00,128.00,128.00,138.00,138.00,138.00,138.00,128.00,128.00,128.00,128.00,128.00,128.00,128.00,128.00,128.00
2026-08-19 05:43:26,128.00,169.00,128.00,128.00,128.00,128.00,128.00,128.00,128.00,128.00,138.00,138.00,138.00,138.00,128.00,128.00,128.00,128.00,128.00,128.00,128.00,128.00,128.00
2026-08-19 05:53:35,128.00,169.00,128.00,128.00,128.00,128.00,128.00,128.00,128.00,128.00,138.00,138.00,138.00,138.00,128.00,128.00,128.00,128.00,128.00,128.00,128.00,128.00,128.00
2026-08-19 06:03:31,128.00,169.00,128.00,128.00,128.00,128.00,128.00,128.00,128.00,128.00,138.00,138.00,138.00,138.00,128.00,128.00,128.00,128.00,128.00,128.00,128.00,128.00,128.00
2026-08-19 06:13:30,128.00,169.00,128.00,128.00,128.00,128.00,128.00,128.00,128.00,128.00,138.00,138.00,138.00,138.00,128.00,128.00,128.00,128.00,128.00,128.00,128.00,128.00,128.00
2026-08-19 06:23:28,128.00,169.00,128.00,128.00,128.00,128.00,128.00,128.00,128.00,128.00,138.00,138.00,138.00,138.00,128.00,128.00,128.00,128.00,128.00,128.00,128.00,128.00,128.00
2026-08-19 06:33:37,128.00,169.00,128.00,128.00,128.00,128.00,128.00,128.00,128.00,128.00,138.00,138.00,138.00,138.00,128.00,128.00,128.00,128.00,128.00,128.00,128.00,128.00,128.00
2026-08-19 06:43:29,128.00,169.00,128.00,128.00,128.00,128.00,128.00,128.00,128.00,128.00,138.00,138.00,138.00,138.00,128.00,128.00,128.00,128.00,128.00,128.00,128.00,128.00,128.00
2026-08-19 06:53:32,128.00,169.00,128.00,128.00,128.00,128.00,128.00,128.00,128.00,128.00,138.00,138.00,138.00,138.00,128.00,128.00,128.00,128.00,128.00,128.00,128.00,128.00,128.00
2026-08-19 07:03:37,128.00,169.00,128.00,128.00,128.00,128.00,128.00,128.00,128.00,128.00,138.00,138.00,138.00,138.00,128.00,128.00,128.00,128.00,128.00,128.00,128.00,128.00,128.00
2026-08-19 07:13:41,128.00,169.00,128.00,128.00,128.00,128.00,128.00,128.00,128.00,128.00,138.00,138.00,138.00,138.00,128.00,128.00,128.00,128.00,128.00,128.00,128.00,128.00,128.00
2026-08-19 07:23:39,128.00,169.00,128.00,128.00,128.00,128.00,128.00,128.00,128.00,128.00,138.00,138.00,138.00,138.00,128.00,128.00,128.00,128.00,128.00,128.00,128.00,128.00,128.00
2026-08-19 07:33:39,128.00,169.00,128.00,128.00,128.00,128.00,128.00,128.00,128.00,128.00,138.00,138.00,138.00,138.00,128.00,128.00,128.00,128.00,128.00,128.00,128.00,128.00,128.00
2026-08-19 07:43:33,128.00,169.00,128.00,128.00,128.00,128.00,128.00,128.00,128.00,128.00,138.00,138.00,138.00,138.00,128.00,128.00,128.00,128.00,128.00,128.00,128.00,128.00,128.00
2026-08-19 07:53:36,128.00,169.00,128.00,128.00,128.00,128.00,128.00,128.00,128.00,128.00,138.00,138.00,138.00,138.00,128.00,128.00,128.00,128.00,128.00,128.00,128.00,128.00,128.00
2026-08-19 08:03:40,128.00,169.00,128.00,128.00,128.00,128.00,128.00,128.00,128.00,128.00,138.00,138.00,138.00,138.00,128.00,128.00,128.00,128.00,128.00,128.00,128.00,128.00,128.00
2026-08-19 08:13:36,128.00,169.00,128.00,128.00,128.00,128.00,128.00,128.00,128.00,128.00,138.00,138.00,138.00,138.00,128.00,128.00,128.00,128.00,128.00,128.00,128.00,128.00,128.00
2026-08-19 08:23:28,128.00,169.00,128.00,128.00,128.00,128.00,128.00,128.00,128.00,128.00,138.00,138.00,138.00,138.00,128.00,128.00,128.00,128.00,128.00,128.00,128.00,128.00,128.00
2026-08-19 08:33:41,128.00,169.00,128.00,128.00,128.00,128.00,128.00,128.00,128.00,128.00,138.00,138.00,138.00,138.00,128.00,128.00,128.00,128.00,128.00,128.00,128.00,128.00,128.00
2026-08-19 08:43:35,128.00,169.00,128.00,128.00,128.00,128.00,128.00,128.00,128.00,128.00,138.00,138.00,138.00,138.00,128.00,128.00,128.00,128.00,128.00,128.00,128.00,128.00,128.00
2026-08-19 08:53:31,128.00,169.00,128.00,128.00,128.00,128.00,128.00,128.00,128.00,128.00,138.00,138.00,138.00,138.00,128.00,128.00,128.00,128.00,128.00,128.00,128.00,128.00,128.00
2026-08-19 09:03:44,128.00,169.00,128.00,128.00,128.00,128.00,128.00,128.00,128.00,128.00,138.00,138.00,138.00,138.00,128.00,128.00,128.00,128.00,128.00,128.00,128.00,128.00,128.00
2026-08-19 09:13:31,128.00,169.00,128.00,128.00,128.00,128.00,128.00,128.00,128.00,128.00,138.00,138.00,138.00,138.00,128.00,128.00,128.00,128.00,128.00,128.00,128.00,128.00,128.00
2026-08-19 09:23:30,128.00,169.00,128.00,128.00,128.00,128.00,128.00,128.00,128.00,128.00,138.00,138.00,138.00,138.00,128.00,128.00,128.00,128.00,128.00,128.00,128.00,128.00,128.00
2026-08-19 09:33:35,128.00,169.00,128.00,128.00,128.00,128.00,128.00,128.00,128.00,128.00,138.00,138.00,138.00,138.00,128.00,128.00,128.00,128.00,128.00,128.00,128.00,128.00,128.00
2026-08-19 09:43:28,128.00,169.00,128.00,128.00,128.00,128.00,128.00,128.00,128.00,128.00,138.00,138.00,138.00,138.00,128.00,128.00,128.00,128.00,128.00,128.00,128.00,128.00,128.00
2026-08-19 09:53:34,128.00,169.00,128.00,128.00,128.00,128.00,128.00,128.00,128.00,128.00,138.00,138.00,138.00,138.00,128.00,128.00,128.00,128.00,128.00,128.00,128.00,128.00,128.00
2026-08-19 10:03:36,128.00,169.00,128.00,128.00,128.00,128.00,128.00,128.00,128.00,128.00,138.00,138.00,138.00,138.00,128.00,128.00,128.00,128.00,128.00,128.00,128.00,128.00,128.00
2026-08-19 10:13:30,128.00,169.00,128.00,128.00,128.00,128.00,128.00,128.00,128.00,128.00,138.00,138.00,138.00,138.00,128.00,128.00,128.00,128.00,128.00,128.00,128.00,128.00,128.00
2026-08-19 10:23:27,128.00,169.00,128.00,128.00,128.00,128.00,128.00,128.00,128.00,128.00,138.00,138.00,138.00,138.00,128.00,128.00,128.00,128.00,128.00,128.00,128.00,128.00,128.00
2026-08-19 10:33:28,128.00,169.00,128.00,128.00,128.00,128.00,128.00,128.00,128.00,128.00,138.00,138.00,138.00,138.00,128.00,128.00,128.00,128.00,128.00,128.00,128.00,128.00,128.00
2026-08-19 10:43:33,128.00,169.00,128.00,128.00,128.00,128.00,128.00,128.00,128.00,128.00,138.00,138.00,138.00,138.00,128.00,128.00,128.00,128.00,128.00,128.00,128.00,128.00,128.00
2026-08-19 10:53:27,128.00,169.00,128.00,128.00,128.00,128.00,128.00,128.00,128.00,128.00,138.00,138.00,138.00,138.00,128.00,128.00,128.00,128.00,128.00,128.00,128.00,128.00,128.00
2026-08-19 11:03:35,128.00,169.00,128.00,128.00,128.00,128.00,128.00,128.00,128.00,128.00,138.00,138.00,138.00,138.00,128.00,128.00,128.00,128.00,128.00,128.00,128.00,128.00,128.00
2026-08-19 11:13:29,128.00,169.00,128.00,128.00,128.00,128.00,128.00,128.00,128.00,128.00,138.00,138.00,138.00,138.00,128.00,128.00,128.00,128.00,128.00,128.00,128.00,128.00,128.00
2026-08-19 11:23:40,128.00,169.00,128.00,128.00,128.00,128.00,128.00,128.00,128.00,128.00,138.00,138.00,138.00,138.00,128.00,128.00,128.00,128.00,128.00,128.00,128.00,128.00,128.00
2026-08-19 11:33:28,128.00,169.00,128.00,128.00,128.00,128.00,128.00,128.00,128.00,128.00,138.00,138.00,138.00,138.00,128.00,128.00,128.00,128.00,128.00,128.00,128.00,128.00,128.00
2026-08-19 11:43:25,128.00,169.00,128.00,128.00,128.00,128.00,128.00,128.00,128.00,128.00,138.00,138.00,138.00,138.00,128.00,128.00,128.00,128.00,128.00,128.00,128.00,128.00,128.00
2026-08-19 11:53:43,128.00,169.00,128.00,128.00,128.00,128.00,128.00,128.00,128.00,128.00,138.00,138.00,138.00,138.00,128.00,128.00,128.00,128.00,128.00,128.00,128.00,128.00,128.00
2026-08-19 12:03:30,128.00,169.00,128.00,128.00,128.00,128.00,128.00,128.00,128.00,128.00,138.00,138.00,138.00,138.00,128.00,128.00,128.00,128.00,128.00,128.00,128.00,128.00,128.00
2026-08-19 12:13:33,128.00,169.00,128.00,128.00,128.00,128.00,128.00,128.00,128.00,128.00,138.00,138.00,138.00,138.00,128.00,128.00,128.00,128.00,128.00,128.00,128.00,128.00,128.00
2026-08-19 12:23:47,128.00,169.00,128.00,128.00,128.00,128.00,128.00,128.00,128.00,128.00,138.00,138.00,138.00,138.00,128.00,128.00,128.00,128.00,128.00,128.00,128.00,128.00,128.00
2026-08-19 12:33:45,128.00,169.00,128.00,128.00,128.00,128.00,128.00,128.00,128.00,128.00,138.00,138.00,138.00,138.00,128.00,128.00,128.00,128.00,128.00,128.00,128.00,128.00,128.00
2026-08-19 12:43:43,128.00,169.00,128.00,128.00,128.00,128.00,128.00,128.00,128.00,128.00,138.00,138.00,138.00,138.00,128.00,128.00,128.00,128.00,128.00,128.00,128.00,128.00,128.00
2026-08-19 12:53:27,128.00,169.00,128.00,128.00,128.00,128.00,128.00,128.00,128.00,128.00,138.00,138.00,138.00,138.00,128.00,128.00,128.00,128.00,128.00,128.00,128.00,128.00,128.00
2026-08-19 13:03:37,128.00,169.00,128.00,128.00,128.00,128.00,128.00,128.00,128.00,128.00,138.00,138.00,138.00,138.00,128.00,128.00,128.00,128.00,128.00,128.00,128.00,128.00,128.00
2026-08-19 13:13:38,128.00,169.00,128.00,128.00,128.00,128.00,128.00,128.00,128.00,128.00,138.00,138.00,138.00,138.00,128.00,128.00,128.00,128.00,128.00,128.00,128.00,128.00,128.00
2026-08-19 13:23:35,128.00,169.00,128.00,128.00,128.00,128.00,128.00,128.00,128.00,128.00,138.00,138.00,138.00,138.00,128.00,128.00,128.00,128.00,128.00,128.00,128.00,128.00,128.00
2026-08-19 13:33:38,128.00,169.00,128.00,128.00,128.00,128.00,128.00,128.00,128.00,128.00,138.00,138.00,138.00,138.00,128.00,128.00,128.00,128.00,128.00,128.00,128.00,128.00,128.00
2026-08-19 13:43:41,128.00,169.00,128.00,128.00,128.00,128.00,128.00,128.00,128.00,128.00,138.00,138.00,138.00,138.00,128.00,128.00,128.00,128.00,128.00,128.00,128.00,128.00,128.00
2026-08-19 13:53:38,128.00,169.00,128.00,128.00,128.00,128.00,128.00,128.00,128.00,128.00,138.00,138.00,138.00,138.00,128.00,128.00,128.00,128.00,128.00,128.00,128.00,128.00,128.00
2026-08-19 14:03:48,128.00,169.00,128.00,128.00,128.00,128.00,128.00,128.00,128.00,128.00,138.00,138.00,138.00,138.00,128.00,128.00,128.00,128.00,128.00,128.00,128.00,128.00,128.00
2026-08-19 14:13:40,128.00,169.00,128.00,128.00,128.00,128.00,128.00,128.00,128.00,128.00,138.00,138.00,138.00,138.00,128.00,128.00,128.00,128.00,128.00,128.00,128.00,128.00,128.00
2026-08-19 14:23:42,128.00,128.00,128.00,128.00,128.00,128.00,128.00,128.00,128.00,128.00,138.00,138.00,138.00,138.00,128.00,128.00,128.00,128.00,128.00,128.00,128.00,128.00,128.00
2026-08-19 14:33:39,128.00,128.00,128.00,128.00,128.00,128.00,128.00,128.00,128.00,128.00,138.00,138.00,138.00,138.00,128.00,128.00,128.00,128.00,128.00,128.00,128.00,128.00,128.00
2026-08-19 14:43:44,128.00,128.00,128.00,128.00,128.00,128.00,128.00,128.00,128.00,128.00,138.00,138.00,138.00,138.00,128.00,128.00,128.00,128.00,128.00,128.00,128.00,128.00,128.00
2026-08-19 14:53:32,128.00,128.00,128.00,128.00,128.00,128.00,128.00,128.00,128.00,128.00,138.00,138.00,138.00,138.00,128.00,128.00,128.00,128.00,128.00,128.00,128.00,128.00,128.00
2026-08-19 15:03:44,128.00,128.00,128.00,128.00,128.00,128.00,128.00,128.00,128.00,128.00,138.00,138.00,138.00,138.00,128.00,128.00,128.00,128.00,128.00,128.00,128.00,128.00,128.00
2026-08-19 15:13:34,128.00,128.00,128.00,128.00,128.00,128.00,128.00,128.00,128.00,128.00,138.00,138.00,138.00,138.00,128.00,128.00,128.00,128.00,128.00,128.00,128.00,128.00,128.00
2026-08-19 15:23:37,128.00,128.00,128.00,128.00,128.00,128.00,128.00,128.00,128.00,128.00,138.00,138.00,138.00,138.00,128.00,128.00,128.00,128.00,128.00,128.00,128.00,128.00,128.00
2026-08-19 15:34:11,128.00,128.00,128.00,128.00,128.00,128.00,128.00,128.00,128.00,128.00,138.00,138.00,138.00,138.00,128.00,128.00,128.00,128.00,128.00,128.00,128.00,128.00,128.00
2026-08-19 15:43:47,128.00,128.00,128.00,128.00,128.00,128.00,128.00,128.00,128.00,128.00,138.00,138.00,138.00,138.00,128.00,128.00,128.00,128.00,128.00,128.00,128.00,128.00,128.00
2026-08-19 15:53:45,128.00,128.00,128.00,128.00,128.00,128.00,128.00,128.00,128.00,128.00,138.00,138.00,138.00,138.00,128.00,128.00,128.00,128.00,128.00,128.00,128.00,128.00,128.00
2026-08-19 16:03:45,128.00,128.00,128.00,128.00,128.00,128.00,128.00,128.00,128.00,128.00,138.00,138.00,138.00,138.00,128.00,128.00,128.00,128.00,128.00,128.00,128.00,128.00,128.00
2026-08-19 16:13:38,128.00,128.00,128.00,128.00,128.00,128.00,128.00,128.00,128.00,128.00,138.00,138.00,138.00,138.00,128.00,128.00,128.00,128.00,128.00,128.00,128.00,128.00,128.00
2026-08-19 16:23:42,128.00,128.00,128.00,128.00,128.00,128.00,128.00,128.00,128.00,128.00,138.00,138.00,138.00,138.00,128.00,128.00,128.00,128.00,128.00,128.00,128.00,128.00,128.00
2026-08-19 16:33:47,128.00,128.00,128.00,128.00,128.00,128.00,128.00,128.00,128.00,128.00,138.00,138.00,138.00,138.00,128.00,128.00,128.00,128.00,128.00,128.00,128.00,128.00,128.00
2026-08-19 16:43:43,128.00,128.00,128.00,128.00,128.00,128.00,128.00,128.00,128.00,128.00,138.00,138.00,138.00,138.00,128.00,128.00,128.00,128.00,128.00,128.00,128.00,128.00,128.00
2026-08-19 16:53:48,128.00,,128.00,,128.00,,128.00,,128.00,,138.00,,138.00,,,,128.00,128.00,,,128.00,128.00,128.00
2026-08-19 17:03:49,128.00,128.00,128.00,128.00,128.00,128.00,128.00,128.00,128.00,128.00,138.00,138.00,138.00,138.00,128.00,128.00,128.00,128.00,128.00,128.00,128.00,128.00,128.00
2026-08-19 17:13:35,128.00,128.00,128.00,128.00,128.00,128.00,128.00,128.00,128.00,128.00,138.00,138.00,138.00,138.00,128.00,128.00,128.00,128.00,128.00,128.00,128.00,128.00,128.00
2026-08-19 17:23:38,128.00,128.00,128.00,128.00,128.00,128.00,128.00,128.00,128.00,128.00,138.00,138.00,138.00,138.00,128.00,128.00,128.00,128.00,128.00,128.00,128.00,128.00,128.00
2026-08-19 17:33:43,128.00,128.00,128.00,128.00,128.00,128.00,128.00,128.00,128.00,128.00,138.00,138.00,128.00,128.00,128.00,128.00,128.00,128.00,128.00,128.00,128.00,128.00,128.00
2026-08-19 17:43:42,128.00,128.00,128.00,128.00,128.00,128.00,128.00,128.00,128.00,128.00,138.00,138.00,128.00,128.00,128.00,128.00,128.00,128.00,128.00,128.00,128.00,128.00,128.00
2026-08-19 17:53:38,128.00,128.00,128.00,128.00,128.00,128.00,128.00,128.00,128.00,128.00,138.00,138.00,128.00,128.00,128.00,128.00,128.00,128.00,128.00,128.00,128.00,128.00,128.00
2026-08-19 18:03:43,128.00,128.00,128.00,128.00,128.00,128.00,128.00,128.00,128.00,128.00,138.00,138.00,128.00,128.00,128.00,128.00,128.00,128.00,128.00,128.00,128.00,128.00,128.00
2026-08-19 18:13:42,128.00,128.00,128.00,128.00,128.00,128.00,128.00,128.00,128.00,128.00,138.00,138.00,128.00,128.00,128.00,128.00,128.00,128.00,128.00,128.00,128.00,128.00,128.00
2026-08-19 18:23:44,128.00,128.00,128.00,128.00,128.00,128.00,128.00,128.00,128.00,128.00,138.00,138.00,128.00,128.00,128.00,128.00,128.00,128.00,128.00,128.00,128.00,128.00,128.00
2026-08-19 18:33:45,128.00,128.00,128.00,128.00,128.00,128.00,128.00,128.00,128.00,128.00,138.00,138.00,128.00,128.00,128.00,128.00,128.00,128.00,128.00,128.00,128.00,128.00,128.00
2026-08-19 18:43:41,128.00,128.00,128.00,128.00,128.00,128.00,128.00,128.00,128.00,128.00,138.00,138.00,128.00,128.00,128.00,128.00,128.00,128.00,128.00,128.00,128.00,128.00,128.00
2026-08-19 18:53:35,128.00,128.00,128.00,128.00,128.00,128.00,128.00,128.00,128.00,128.00,138.00,138.00,128.00,128.00,128.00,128.00,128.00,128.00,128.00,128.00,128.00,128.00,128.00
2026-08-19 19:03:44,128.00,128.00,128.00,128.00,128.00,128.00,128.00,128.00,128.00,128.00,138.00,138.00,128.00,128.00,128.00,128.00,128.00,128.00,128.00,128.00,128.00,128.00,128.00
2026-08-19 19:13:39,128.00,128.00,128.00,128.00,128.00,128.00,128.00,128.00,128.00,128.00,138.00,138.00,128.00,128.00,128.00,128.00,128.00,128.00,128.00,128.00,128.00,128.00,128.00
2026-08-19 19:23:41,128.00,128.00,128.00,128.00,128.00,128.00,128.00,128.00,128.00,128.00,138.00,138.00,128.00,128.00,128.00,128.00,128.00,128.00,128.00,128.00,128.00,128.00,128.00
2026-08-19 19:33:52,128.00,128.00,128.00,128.00,128.00,128.00,128.00,128.00,128.00,128.00,138.00,138.00,128.00,128.00,128.00,128.00,128.00,128.00,128.00,128.00,128.00,128.00,128.00
2026-08-19 19:43:36,128.00,128.00,128.00,128.00,128.00,128.00,128.00,128.00,128.00,128.00,138.00,138.00,128.00,128.00,128.00,128.00,128.00,128.00,128.00,128.00,128.00,128.00,128.00
2026-08-19 19:53:38,128.00,128.00,128.00,128.00,128.00,128.00,128.00,128.00,128.00,128.00,138.00,138.00,128.00,128.00,128.00,128.00,128.00,128.00,128.00,128.00,128.00,128.00,128.00
2026-08-19 20:03:47,128.00,128.00,128.00,128.00,128.00,128.00,128.00,128.00,128.00,128.00,138.00,138.00,128.00,128.00,128.00,128.00,128.00,128.00,128.00,128.00,128.00,128.00,128.00
2026-08-19 20:13:46,128.00,128.00,128.00,128.00,128.00,128.00,128.00,128.00,128.00,128.00,138.00,138.00,128.00,128.00,128.00,128.00,128.00,128.00,128.00,128.00,128.00,128.00,128.00
2026-08-19 20:23:38,128.00,128.00,128.00,128.00,128.00,128.00,128.00,128.00,128.00,128.00,138.00,138.00,128.00,128.00,128.00,128.00,128.00,128.00,128.00,128.00,128.00,128.00,128.00
2026-08-19 20:33:49,128.00,128.00,128.00,128.00,128.00,128.00,128.00,128.00,128.00,128.00,138.00,138.00,128.00,128.00,128.00,128.00,128.00,128.00,128.00,128.00,128.00,128.00,128.00
2026-08-19 20:43:51,128.00,128.00,128.00,128.00,128.00,128.00,128.00,128.00,128.00,128.00,138.00,138.00,128.00,128.00,128.00,128.00,128.00,128.00,128.00,128.00,128.00,128.00,128.00
2026-08-19 20:53:55,128.00,128.00,128.00,128.00,128.00,128.00,128.00,128.00,128.00,128.00,138.00,138.00,128.00,128.00,128.00,128.00,128.00,128.00,128.00,128.00,128.00,128.00,128.00
2026-08-19 21:03:53,128.00,128.00,128.00,128.00,128.00,128.00,128.00,128.00,128.00,128.00,138.00,138.00,128.00,128.00,128.00,128.00,128.00,128.00,128.00,128.00,128.00,128.00,128.00
2026-08-19 21:13:37,128.00,128.00,128.00,128.00,128.00,128.00,128.00,128.00,128.00,128.00,138.00,138.00,128.00,128.00,128.00,128.00,128.00,128.00,128.00,128.00,128.00,128.00,128.00
2026-08-19 21:23:38,128.00,128.00,128.00,128.00,128.00,128.00,128.00,128.00,128.00,128.00,138.00,138.00,128.00,128.00,128.00,128.00,128.00,128.00,128.00,128.00,128.00,128.00,128.00
2026-08-19 21:33:48,128.00,128.00,128.00,128.00,128.00,128.00,128.00,128.00,128.00,128.00,138.00,138.00,128.00,128.00,128.00,128.00,128.00,128.00,128.00,128.00,128.00,128.00,128.00
2026-08-19 21:43:49,128.00,128.00,128.00,128.00,128.00,128.00,128.00,128.00,128.00,128.00,138.00,138.00,128.00,128.00,128.00,128.00,128.00,128.00,128.00,128.00,128.00,128.00,128.00
2026-08-19 21:53:33,128.00,128.00,128.00,128.00,128.00,128.00,128.00,128.00,128.00,128.00,138.00,138.00,128.00,128.00,128.00,128.00,128.00,128.00,128.00,128.00,128.00,128.00,128.00
2026-08-19 22:03:56,128.00,128.00,128.00,128.00,128.00,128.00,128.00,128.00,128.00,128.00,138.00,138.00,128.00,128.00,128.00,128.00,128.00,128.00,128.00,128.00,128.00,128.00,128.00
2026-08-19 22:13:39,128.00,128.00,128.00,128.00,128.00,128.00,128.00,128.00,128.00,128.00,138.00,138.00,128.00,128.00,128.00,128.00,128.00,128.00,128.00,128.00,128.00,128.00,128.00
2026-08-19 22:23:37,128.00,128.00,128.00,128.00,128.00,128.00,128.00,128.00,128.00,128.00,138.00,138.00,128.00,128.00,128.00,128.00,128.00,128.00,128.00,128.00,128.00,128.00,128.00
2026-08-19 22:33:50,128.00,128.00,128.00,128.00,128.00,128.00,128.00,128.00,128.00,128.00,138.00,138.00,128.00,128.00,128.00,128.00,128.00,128.00,128.00,128.00,128.00,128.00,128.00
2026-08-19 22:43:38,128.00,128.00,128.00,128.00,128.00,128.00,128.00,128.00,128.00,128.00,138.00,138.00,128.00,128.00,128.00,128.00,128.00,128.00,128.00,128.00,128.00,128.00,128.00
2026-08-19 22:53:42,128.00,128.00,128.00,128.00,128.00,128.00,128.00,128.00,128.00,128.00,138.00,138.00,128.00,128.00,128.00,128.00,128.00,128.00,128.00,128.00,128.00,128.00,128.00
2026-08-19 23:03:43,128.00,128.00,128.00,128.00,128.00,128.00,128.00,128.00,128.00,128.00,138.00,138.00,128.00,128.00,128.00,128.00,128.00,128.00,128.00,128.00,128.00,128.00,128.00
2026-08-19 23:13:50,128.00,128.00,128.00,128.00,128.00,128.00,128.00,128.00,128.00,128.00,138.00,138.00,128.00,128.00,128.00,128.00,128.00,128.00,128.00,128.00,128.00,128.00,128.00
2026-08-19 23:23:35,128.00,128.00,128.00,128.00,128.00,128.00,128.00,128.00,128.00,128.00,138.00,138.00,128.00,128.00,128.00,128.00,128.00,128.00,128.00,128.00,128.00,128.00,128.00
2026-08-19 23:33:47,128.00,128.00,128.00,128.00,128.00,128.00,128.00,128.00,128.00,128.00,138.00,138.00,128.00,128.00,128.00,128.00,128.00,128.00,128.00,128.00,128.00,128.00,128.00
2026-08-19 23:43:35,128.00,128.00,128.00,128.00,128.00,128.00,128.00,128.00,128.00,128.00,138.00,138.00,128.00,128.00,128.00,128.00,128.00,128.00,128.00,128.00,128.00,128.00,128.00
2026-08-19 23:53:40,128.00,128.00,128.00,128.00,128.00,128.00,128.00,128.00,128.00,128.00,138.00,138.00,128.00,128.00,128.00,128.00,128.00,128.00,128.00,128.00,128.00,128.00,128.00
2026-08-20 00:04:03,128.00,128.00,128.00,128.00,128.00,128.00,128.00,128.00,128.00,128.00,138.00,138.00,128.00,128.00,128.00,128.00,128.00,128.00,128.00,128.00,128.00,128.00,128.00
2026-08-20 00:13:35,128.00,128.00,128.00,128.00,128.00,128.00,128.00,128.00,128.00,128.00,138.00,138.00,128.00,128.00,128.00,128.00,128.00,128.00,128.00,128.00,128.00,128.00,128.00
2026-08-20 00:23:51,128.00,128.00,128.00,128.00,128.00,128.00,128.00,128.00,128.00,128.00,138.00,138.00,128.00,128.00,128.00,128.00,128.00,128.00,128.00,128.00,128.00,128.00,128.00
2026-08-20 00:33:42,128.00,128.00,128.00,128.00,128.00,128.00,128.00,128.00,128.00,128.00,138.00,138.00,128.00,128.00,128.00,128.00,128.00,128.00,128.00,128.00,128.00,128.00,128.00
2026-08-20 00:43:40,128.00,128.00,128.00,128.00,128.00,128.00,128.00,128.00,128.00,128.00,138.00,138.00,128.00,128.00,128.00,128.00,128.00,128.00,128.00,128.00,128.00,128.00,128.00
2026-08-20 00:53:43,128.00,128.00,128.00,128.00,128.00,128.00,128.00,128.00,128.00,128.00,138.00,138.00,128.00,128.00,128.00,128.00,128.00,128.00,128.00,128.00,128.00,128.00,128.00
2026-08-20 01:03:59,128.00,128.00,128.00,128.00,128.00,128.00,128.00,128.00,128.00,128.00,138.00,138.00,128.00,128.00,128.00,128.00,128.00,128.00,128.00,128.00,128.00,128.00,128.00
2026-08-20 01:13:58,128.00,128.00,128.00,128.00,128.00,128.00,128.00,128.00,128.00,128.00,138.00,138.00,128.00,128.00,128.00,128.00,128.00,128.00,128.00,128.00,128.00,128.00,128.00
2026-08-20 01:23:43,128.00,128.00,128.00,128.00,128.00,128.00,128.00,128.00,128.00,128.00,138.00,138.00,128.00,128.00,128.00,128.00,128.00,128.00,128.00,128.00,128.00,128.00,128.00
2026-08-20 01:33:39,128.00,128.00,128.00,128.00,128.00,128.00,128.00,128.00,128.00,128.00,138.00,138.00,128.00,128.00,128.00,128.00,128.00,128.00,128.00,128.00,128.00,128.00,128.00
2026-08-20 01:43:37,128.00,128.00,128.00,128.00,128.00,128.00,128.00,128.00,128.00,128.00,138.00,138.00,128.00,128.00,128.00,128.00,128.00,128.00,128.00,128.00,128.00,128.00,128.00
2026-08-20 01:53:43,128.00,128.00,128.00,128.00,128.00,128.00,128.00,128.00,128.00,128.00,138.00,138.00,128.00,128.00,128.00,128.00,128.00,128.00,128.00,128.00,128.00,128.00,128.00
2026-08-20 02:04:04,128.00,128.00,128.00,128.00,128.00,128.00,128.00,128.00,128.00,128.00,138.00,138.00,128.00,128.00,128.00,128.00,128.00,128.00,128.00,128.00,128.00,128.00,128.00
2026-08-20 02:13:58,128.00,128.00,128.00,128.00,128.00,128.00,128.00,128.00,128.00,128.00,138.00,138.00,128.00,128.00,128.00,128.00,128.00,128.00,128.00,128.00,128.00,128.00,128.00
2026-08-20 02:23:45,128.00,128.00,128.00,128.00,128.00,128.00,128.00,128.00,128.00,128.00,138.00,138.00,128.00,128.00,128.00,128.00,128.00,128.00,128.00,128.00,128.00,128.00,128.00
2026-08-20 02:33:53,128.00,128.00,128.00,128.00,128.00,128.00,128.00,128.00,128.00,128.00,138.00,138.00,128.00,128.00,128.00,128.00,128.00,128.00,128.00,128.00,128.00,128.00,128.00
2026-08-20 02:43:49,128.00,128.00,128.00,128.00,128.00,128.00,128.00,128.00,128.00,128.00,138.00,138.00,128.00,128.00,128.00,128.00,128.00,128.00,128.00,128.00,128.00,128.00,128.00
2026-08-20 02:53:41,128.00,128.00,128.00,128.00,128.00,128.00,128.00,128.00,128.00,128.00,138.00,138.00,128.00,128.00,128.00,128.00,128.00,128.00,128.00,128.00,128.00,128.00,128.00
2026-08-20 03:03:50,128.00,128.00,128.00,128.00,128.00,128.00,128.00,128.00,128.00,128.00,138.00,138.00,128.00,128.00,128.00,128.00,128.00,128.00,128.00,128.00,128.00,128.00,128.00
2026-08-20 03:13:44,128.00,128.00,128.00,128.00,128.00,128.00,128.00,128.00,128.00,128.00,138.00,138.00,128.00,128.00,128.00,128.00,128.00,128.00,128.00,128.00,128.00,128.00,128.00
2026-08-20 03:23:41,128.00,128.00,128.00,128.00,128.00,128.00,128.00,128.00,128.00,128.00,138.00,138.00,128.00,128.00,128.00,128.00,128.00,128.00,128.00,128.00,128.00,128.00,128.00
2026-08-20 03:33:54,128.00,128.00,128.00,128.00,128.00,128.00,128.00,128.00,128.00,128.00,138.00,138.00,128.00,128.00,128.00,128.00,128.00,128.00,128.00,128.00,128.00,128.00,128.00
2026-08-20 03:43:44,128.00,128.00,128.00,128.00,128.00,128.00,128.00,128.00,128.00,128.00,138.00,138.00,128.00,128.00,128.00,128.00,128.00,128.00,128.00,128.00,128.00,128.00,128.00
2026-08-20 03:53:40,128.00,128.00,128.00,128.00,128.00,128.00,128.00,128.00,128.00,128.00,138.00,138.00,128.00,128.00,128.00,128.00,128.00,128.00,128.00,128.00,128.00,128.00,128.00
2026-08-20 04:03:57,128.00,128.00,128.00,128.00,128.00,128.00,128.00,128.00,128.00,128.00,138.00,138.00,128.00,128.00,128.00,128.00,128.00,128.00,128.00,128.00,128.00,128.00,128.00
2026-08-20 04:13:45,128.00,128.00,128.00,128.00,128.00,128.00,128.00,128.00,128.00,128.00,138.00,138.00,128.00,128.00,128.00,128.00,128.00,128.00,128.00,128.00,128.00,128.00,128.00
2026-08-20 04:23:48,128.00,128.00,128.00,128.00,128.00,128.00,128.00,128.00,128.00,128.00,138.00,138.00,128.00,128.00,128.00,128.00,128.00,128.00,128.00,128.00,128.00,128.00,128.00
2026-08-20 04:33:40,128.00,128.00,128.00,128.00,128.00,128.00,128.00,128.00,128.00,128.00,138.00,138.00,128.00,128.00,128.00,128.00,128.00,128.00,128.00,128.00,128.00,128.00,128.00
2026-08-20 04:43:38,128.00,128.00,128.00,128.00,128.00,128.00,128.00,128.00,128.00,128.00,138.00,138.00,128.00,128.00,128.00,128.00,128.00,128.00,128.00,128.00,128.00,128.00,128.00
2026-08-20 04:53:35,128.00,128.00,128.00,128.00,128.00,128.00,128.00,128.00,128.00,128.00,138.00,138.00,128.00,128.00,128.00,128.00,128.00,128.00,128.00,128.00,128.00,128.00,128.00
2026-08-20 05:03:42,128.00,128.00,128.00,128.00,128.00,128.00,128.00,128.00,128.00,128.00,138.00,138.00,128.00,128.00,128.00,128.00,128.00,128.00,128.00,128.00,128.00,128.00,128.00
2026-08-20 05:13:40,128.00,128.00,128.00,128.00,128.00,128.00,128.00,128.00,128.00,128.00,138.00,138.00,128.00,128.00,128.00,128.00,128.00,128.00,128.00,128.00,128.00,128.00,128.00
2026-08-20 05:23:39,128.00,128.00,128.00,128.00,128.00,128.00,128.00,128.00,128.00,128.00,138.00,138.00,128.00,128.00,128.00,128.00,128.00,128.00,128.00,128.00,128.00,128.00,128.00
2026-08-20 05:33:48,128.00,128.00,128.00,128.00,128.00,128.00,128.00,128.00,128.00,128.00,138.00,138.00,128.00,128.00,128.00,128.00,128.00,128.00,128.00,128.00,128.00,128.00,128.00
2026-08-20 05:43:42,128.00,128.00,128.00,128.00,128.00,128.00,128.00,128.00,128.00,128.00,138.00,138.00,128.00,128.00,128.00,128.00,128.00,128.00,128.00,128.00,128.00,128.00,128.00
2026-08-20 05:53:37,128.00,128.00,128.00,128.00,128.00,128.00,128.00,128.00,128.00,128.00,138.00,138.00,128.00,128.00,128.00,128.00,128.00,128.00,128.00,128.00,128.00,128.00,128.00
2026-08-20 06:03:58,128.00,128.00,128.00,128.00,128.00,128.00,128.00,128.00,128.00,128.00,138.00,138.00,128.00,128.00,128.00,128.00,128.00,128.00,128.00,128.00,128.00,128.00,128.00
2026-08-20 06:13:36,128.00,128.00,128.00,128.00,128.00,128.00,128.00,128.00,128.00,128.00,138.00,138.00,128.00,128.00,128.00,128.00,128.00,128.00,128.00,128.00,128.00,128.00,128.00
2026-08-20 06:23:35,128.00,128.00,128.00,128.00,128.00,128.00,128.00,128.00,128.00,128.00,138.00,138.00,128.00,128.00,128.00,128.00,128.00,128.00,128.00,128.00,128.00,128.00,128.00
2026-08-20 06:33:45,128.00,128.00,128.00,128.00,128.00,128.00,128.00,128.00,128.00,128.00,138.00,138.00,128.00,128.00,128.00,128.00,128.00,128.00,128.00,128.00,128.00,128.00,128.00
2026-08-20 06:43:37,128.00,128.00,128.00,128.00,128.00,128.00,128.00,128.00,128.00,128.00,138.00,138.00,128.00,128.00,128.00,128.00,128.00,128.00,128.00,128.00,128.00,128.00,128.00
2026-08-20 06:53:36,128.00,128.00,128.00,128.00,128.00,128.00,128.00,128.00,128.00,128.00,138.00,138.00,128.00,128.00,128.00,128.00,128.00,128.00,128.00,128.00,128.00,128.00,128.00
2026-08-20 07:03:53,128.00,128.00,128.00,128.00,128.00,128.00,128.00,128.00,128.00,128.00,138.00,138.00,128.00,128.00,128.00,128.00,128.00,128.00,128.00,128.00,128.00,128.00,128.00
2026-08-20 07:13:45,128.00,128.00,128.00,128.00,128.00,128.00,128.00,128.00,128.00,128.00,138.00,138.00,128.00,128.00,128.00,128.00,128.00,128.00,128.00,128.00,128.00,128.00,128.00
2026-08-20 07:23:37,128.00,128.00,128.00,128.00,128.00,128.00,128.00,128.00,128.00,128.00,138.00,138.00,128.00,128.00,128.00,128.00,128.00,128.00,128.00,128.00,128.00,128.00,128.00
2026-08-20 07:33:48,128.00,128.00,128.00,128.00,128.00,128.00,128.00,128.00,128.00,128.00,138.00,138.00,128.00,128.00,128.00,128.00,128.00,128.00,128.00,128.00,128.00,128.00,128.00
2026-08-20 07:43:43,128.00,128.00,128.00,128.00,128.00,128.00,128.00,128.00,128.00,128.00,138.00,138.00,128.00,128.00,128.00,128.00,128.00,128.00,128.00,128.00,128.00,128.00,128.00
2026-08-20 07:53:41,128.00,128.00,128.00,128.00,128.00,128.00,128.00,128.00,128.00,128.00,138.00,138.00,128.00,128.00,128.00,128.00,128.00,128.00,128.00,128.00,128.00,128.00,128.00
2026-08-20 08:03:44,128.00,128.00,128.00,128.00,128.00,128.00,128.00,128.00,128.00,128.00,138.00,138.00,128.00,128.00,128.00,128.00,128.00,128.00,128.00,128.00,128.00,128.00,128.00
2026-08-20 08:13:36,128.00,128.00,128.00,128.00,128.00,128.00,128.00,128.00,128.00,128.00,138.00,138.00,128.00,128.00,128.00,128.00,128.00,128.00,128.00,128.00,128.00,128.00,128.00
2026-08-20 08:23:41,128.00,128.00,128.00,128.00,128.00,128.00,128.00,128.00,128.00,128.00,138.00,138.00,128.00,128.00,128.00,128.00,128.00,128.00,128.00,128.00,128.00,128.00,128.00
2026-08-20 08:33:46,128.00,128.00,128.00,128.00,128.00,128.00,128.00,128.00,128.00,128.00,138.00,138.00,128.00,128.00,128.00,128.00,128.00,128.00,128.00,128.00,128.00,128.00,128.00
2026-08-20 08:43:38,128.00,128.00,128.00,128.00,128.00,128.00,128.00,128.00,128.00,128.00,138.00,138.00,128.00,128.00,128.00,128.00,128.00,128.00,128.00,128.00,128.00,128.00,128.00
2026-08-20 08:53:42,128.00,128.00,128.00,128.00,128.00,128.00,128.00,128.00,128.00,128.00,138.00,138.00,128.00,128.00,128.00,128.00,128.00,128.00,128.00,128.00,128.00,128.00,128.00
2026-08-20 09:03:47,128.00,128.00,128.00,128.00,128.00,128.00,128.00,128.00,128.00,128.00,138.00,138.00,128.00,128.00,128.00,128.00,128.00,128.00,128.00,128.00,128.00,128.00,128.00
2026-08-20 09:13:38,128.00,128.00,128.00,128.00,128.00,128.00,128.00,128.00,128.00,128.00,138.00,138.00,128.00,128.00,128.00,128.00,128.00,128.00,128.00,128.00,128.00,128.00,128.00
2026-08-20 09:23:35,128.00,128.00,128.00,128.00,128.00,128.00,128.00,128.00,128.00,128.00,138.00,138.00,128.00,128.00,128.00,128.00,128.00,128.00,128.00,128.00,128.00,128.00,128.00
2026-08-20 09:33:44,128.00,128.00,128.00,128.00,128.00,128.00,128.00,128.00,128.00,128.00,138.00,138.00,128.00,128.00,128.00,128.00,128.00,128.00,128.00,128.00,128.00,128.00,128.00
2026-08-20 09:43:32,128.00,128.00,128.00,128.00,128.00,128.00,128.00,128.00,128.00,128.00,138.00,138.00,128.00,128.00,128.00,128.00,128.00,128.00,128.00,128.00,128.00,128.00,128.00
2026-08-20 09:53:50,128.00,128.00,128.00,128.00,128.00,128.00,128.00,128.00,128.00,128.00,138.00,138.00,128.00,128.00,128.00,128.00,128.00,128.00,128.00,128.00,128.00,128.00,128.00
2026-08-20 10:03:43,128.00,128.00,128.00,128.00,128.00,128.00,128.00,128.00,128.00,128.00,138.00,138.00,128.00,128.00,128.00,128.00,128.00,128.00,128.00,128.00,128.00,128.00,128.00
2026-08-20 10:13:28,128.00,128.00,128.00,128.00,128.00,128.00,128.00,128.00,128.00,128.00,138.00,138.00,128.00,128.00,128.00,128.00,128.00,128.00,128.00,128.00,128.00,128.00,128.00
2026-08-20 10:23:41,128.00,128.00,128.00,128.00,128.00,128.00,128.00,128.00,128.00,128.00,138.00,138.00,128.00,128.00,128.00,128.00,128.00,128.00,128.00,128.00,128.00,128.00,128.00
2026-08-20 10:33:51,128.00,128.00,128.00,128.00,128.00,128.00,128.00,128.00,128.00,128.00,138.00,138.00,128.00,128.00,128.00,128.00,128.00,128.00,128.00,128.00,128.00,128.00,128.00
2026-08-20 10:43:49,128.00,128.00,128.00,128.00,128.00,128.00,128.00,128.00,128.00,128.00,138.00,138.00,128.00,128.00,128.00,128.00,128.00,128.00,128.00,128.00,128.00,128.00,128.00
2026-08-20 10:53:44,128.00,128.00,128.00,128.00,128.00,128.00,128.00,128.00,128.00,128.00,138.00,138.00,128.00,128.00,128.00,128.00,128.00,128.00,128.00,128.00,128.00,128.00,128.00
2026-08-20 11:04:02,128.00,128.00,128.00,128.00,128.00,128.00,128.00,128.00,128.00,128.00,138.00,138.00,128.00,128.00,128.00,128.00,128.00,128.00,128.00,128.00,128.00,128.00,128.00
2026-08-20 11:13:43,128.00,128.00,128.00,128.00,128.00,128.00,128.00,128.00,128.00,128.00,138.00,138.00,128.00,128.00,128.00,128.00,128.00,128.00,128.00,128.00,128.00,128.00,128.00
2026-08-20 11:23:48,128.00,128.00,128.00,128.00,128.00,128.00,128.00,128.00,128.00,128.00,138.00,138.00,128.00,128.00,128.00,128.00,128.00,128.00,128.00,128.00,128.00,128.00,128.00
2026-08-20 11:33:51,128.00,128.00,128.00,128.00,128.00,128.00,128.00,128.00,128.00,128.00,138.00,138.00,128.00,128.00,128.00,128.00,128.00,128.00,128.00,128.00,128.00,128.00,128.00
2026-08-20 11:43:54,128.00,128.00,128.00,128.00,128.00,128.00,128.00,128.00,128.00,128.00,138.00,138.00,128.00,128.00,128.00,128.00,128.00,128.00,128.00,128.00,128.00,128.00,128.00
2026-08-20 11:53:56,128.00,128.00,128.00,128.00,128.00,128.00,128.00,128.00,128.00,128.00,138.00,138.00,128.00,128.00,128.00,128.00,128.00,128.00,128.00,128.00,128.00,128.00,128.00
2026-08-20 12:04:03,128.00,128.00,128.00,128.00,128.00,128.00,128.00,128.00,128.00,128.00,138.00,138.00,128.00,128.00,128.00,128.00,128.00,128.00,128.00,128.00,128.00,128.00,128.00
2026-08-20 12:13:44,128.00,128.00,128.00,128.00,128.00,128.00,128.00,128.00,128.00,128.00,138.00,138.00,128.00,128.00,128.00,128.00,128.00,128.00,128.00,128.00,128.00,128.00,128.00
2026-08-20 12:23:44,128.00,128.00,128.00,128.00,128.00,128.00,128.00,128.00,128.00,128.00,138.00,138.00,128.00,128.00,128.00,128.00,128.00,128.00,128.00,128.00,128.00,128.00,128.00
2026-08-20 12:33:49,128.00,128.00,128.00,128.00,128.00,128.00,128.00,128.00,128.00,128.00,138.00,138.00,128.00,128.00,128.00,128.00,128.00,128.00,128.00,128.00,128.00,128.00,128.00
2026-08-20 12:43:57,128.00,128.00,128.00,128.00,128.00,128.00,128.00,128.00,128.00,128.00,138.00,138.00,128.00,128.00,128.00,128.00,128.00,128.00,128.00,128.00,128.00,128.00,128.00
2026-08-20 12:53:48,128.00,128.00,128.00,128.00,128.00,128.00,128.00,128.00,128.00,128.00,138.00,138.00,128.00,128.00,128.00,128.00,128.00,128.00,128.00,128.00,128.00,128.00,128.00
2026-08-20 13:04:25,128.00,,128.00,,128.00,,128.00,,128.00,,138.00,,128.00,,,,128.00,128.00,,,128.00,128.00,128.00
2026-08-20 13:13:48,128.00,128.00,128.00,128.00,128.00,128.00,128.00,128.00,128.00,128.00,138.00,138.00,128.00,128.00,128.00,128.00,128.00,128.00,128.00,128.00,128.00,128.00,128.00
2026-08-20 13:23:45,128.00,128.00,128.00,128.00,128.00,128.00,128.00,128.00,128.00,128.00,138.00,138.00,128.00,128.00,128.00,128.00,128.00,128.00,128.00,128.00,128.00,128.00,128.00
2026-08-20 13:33:52,128.00,128.00,128.00,128.00,128.00,128.00,128.00,128.00,128.00,128.00,138.00,138.00,128.00,128.00,128.00,128.00,128.00,128.00,128.00,128.00,128.00,128.00,128.00
2026-08-20 13:43:43,128.00,128.00,128.00,128.00,128.00,128.00,128.00,128.00,128.00,128.00,138.00,138.00,128.00,128.00,128.00,128.00,128.00,128.00,128.00,128.00,128.00,128.00,128.00
2026-08-20 13:54:02,128.00,128.00,128.00,128.00,128.00,128.00,128.00,128.00,128.00,128.00,138.00,138.00,128.00,128.00,128.00,128.00,128.00,128.00,128.00,128.00,128.00,128.00,128.00
2026-08-20 14:04:04,128.00,128.00,128.00,128.00,128.00,128.00,128.00,128.00,128.00,128.00,138.00,138.00,128.00,128.00,128.00,128.00,128.00,128.00,128.00,128.00,128.00,128.00,128.00
2026-08-20 14:13:51,128.00,128.00,128.00,128.00,128.00,128.00,128.00,128.00,128.00,128.00,138.00,138.00,128.00,128.00,128.00,128.00,128.00,128.00,128.00,128.00,128.00,128.00,128.00
2026-08-20 14:23:49,128.00,128.00,128.00,128.00,128.00,128.00,128.00,128.00,128.00,128.00,138.00,138.00,128.00,128.00,128.00,128.00,128.00,128.00,128.00,128.00,128.00,128.00,128.00
2026-08-20 14:33:50,128.00,128.00,128.00,128.00,128.00,128.00,128.00,128.00,128.00,128.00,138.00,138.00,128.00,128.00,128.00,128.00,128.00,128.00,128.00,128.00,128.00,128.00,128.00
2026-08-20 14:43:53,128.00,128.00,128.00,128.00,128.00,128.00,128.00,128.00,128.00,128.00,138.00,138.00,128.00,128.00,128.00,128.00,128.00,128.00,128.00,128.00,128.00,128.00,128.00
2026-08-20 14:53:59,128.00,128.00,128.00,128.00,128.00,128.00,128.00,128.00,128.00,128.00,138.00,138.00,128.00,128.00,128.00,128.00,128.00,128.00,128.00,128.00,128.00,128.00,128.00
2026-08-20 15:03:52,128.00,128.00,128.00,128.00,128.00,128.00,128.00,128.00,128.00,128.00,138.00,138.00,128.00,128.00,128.00,128.00,128.00,128.00,128.00,128.00,128.00,128.00,128.00
2026-08-20 15:13:51,128.00,128.00,128.00,128.00,128.00,128.00,128.00,128.00,128.00,128.00,138.00,138.00,128.00,128.00,128.00,128.00,128.00,128.00,128.00,128.00,128.00,128.00,128.00
2026-08-20 15:23:55,128.00,128.00,128.00,128.00,128.00,128.00,128.00,128.00,128.00,128.00,138.00,138.00,128.00,128.00,128.00,128.00,128.00,128.00,128.00,128.00,128.00,128.00,128.00
2026-08-20 15:34:12,128.00,128.00,128.00,128.00,128.00,128.00,128.00,128.00,128.00,128.00,138.00,138.00,128.00,128.00,128.00,128.00,128.00,128.00,128.00,128.00,128.00,128.00,128.00
2026-08-20 15:43:48,128.00,128.00,128.00,128.00,128.00,128.00,128.00,128.00,128.00,128.00,138.00,138.00,128.00,128.00,128.00,128.00,128.00,128.00,128.00,128.00,128.00,128.00,128.00
2026-08-20 15:53:54,128.00,128.00,128.00,128.00,128.00,128.00,128.00,128.00,128.00,128.00,138.00,138.00,128.00,128.00,128.00,128.00,128.00,128.00,128.00,128.00,128.00,128.00,128.00
2026-08-20 16:03:47,128.00,128.00,128.00,128.00,128.00,128.00,128.00,128.00,128.00,128.00,138.00,138.00,128.00,128.00,128.00,128.00,128.00,128.00,128.00,128.00,128.00,128.00,128.00
2026-08-20 16:13:57,128.00,128.00,128.00,128.00,128.00,128.00,128.00,128.00,128.00,128.00,138.00,138.00,128.00,128.00,128.00,128.00,128.00,128.00,128.00,128.00,128.00,128.00,128.00
2026-08-20 16:23:59,128.00,128.00,128.00,128.00,128.00,128.00,128.00,128.00,128.00,128.00,138.00,138.00,128.00,128.00,128.00,128.00,128.00,128.00,128.00,128.00,128.00,128.00,128.00
2026-08-20 16:33:58,128.00,128.00,128.00,128.00,128.00,128.00,128.00,128.00,128.00,128.00,138.00,138.00,128.00,128.00,128.00,128.00,128.00,128.00,128.00,128.00,128.00,128.00,128.00
2026-08-20 16:44:05,128.00,128.00,128.00,128.00,128.00,128.00,128.00,128.00,128.00,128.00,138.00,138.00,128.00,128.00,128.00,128.00,128.00,128.00,128.00,128.00,128.00,128.00,128.00
2026-08-20 16:53:55,128.00,128.00,128.00,128.00,128.00,128.00,128.00,128.00,128.00,128.00,138.00,138.00,128.00,128.00,128.00,128.00,128.00,128.00,128.00,128.00,128.00,128.00,128.00
2026-08-20 17:04:01,128.00,128.00,128.00,128.00,128.00,128.00,128.00,128.00,128.00,128.00,138.00,138.00,128.00,128.00,128.00,128.00,128.00,128.00,128.00,128.00,128.00,128.00,128.00
2026-08-20 17:19:00,128.00,128.00,128.00,128.00,128.00,128.00,128.00,128.00,128.00,128.00,138.00,138.00,128.00,128.00,128.00,128.00,128.00,128.00,128.00,128.00,128.00,128.00,128.00
2026-08-20 17:25:59,128.00,128.00,128.00,128.00,128.00,128.00,128.00,128.00,128.00,128.00,138.00,138.00,128.00,128.00,128.00,128.00,128.00,128.00,128.00,128.00,128.00,128.00,128.00
2026-08-20 17:33:53,128.00,128.00,128.00,128.00,128.00,128.00,128.00,128.00,128.00,128.00,138.00,138.00,128.00,128.00,128.00,128.00,128.00,128.00,128.00,128.00,128.00,128.00,128.00
2026-08-20 17:44:02,128.00,128.00,128.00,128.00,128.00,128.00,128.00,128.00,128.00,128.00,138.00,138.00,128.00,128.00,128.00,128.00,128.00,128.00,128.00,128.00,128.00,128.00,128.00
2026-08-20 17:53:56,128.00,128.00,128.00,128.00,128.00,128.00,128.00,128.00,128.00,128.00,138.00,138.00,128.00,128.00,128.00,128.00,128.00,128.00,128.00,128.00,128.00,128.00,128.00
2026-08-20 18:04:04,128.00,128.00,128.00,128.00,128.00,128.00,128.00,128.00,128.00,128.00,138.00,138.00,128.00,128.00,128.00,128.00,128.00,128.00,128.00,128.00,128.00,128.00,128.00
2026-08-20 18:13:45,128.00,128.00,128.00,128.00,128.00,128.00,128.00,128.00,128.00,128.00,138.00,138.00,128.00,128.00,128.00,128.00,128.00,128.00,128.00,128.00,128.00,128.00,128.00
2026-08-20 18:23:57,128.00,128.00,128.00,128.00,128.00,128.00,128.00,128.00,128.00,128.00,138.00,138.00,128.00,128.00,128.00,128.00,128.00,128.00,128.00,128.00,128.00,128.00,128.00
2026-08-20 18:33:56,128.00,128.00,128.00,128.00,128.00,128.00,128.00,128.00,128.00,128.00,138.00,138.00,128.00,128.00,128.00,128.00,128.00,128.00,128.00,128.00,128.00,128.00,128.00
2026-08-20 18:43:59,128.00,128.00,128.00,128.00,128.00,128.00,128.00,128.00,128.00,128.00,138.00,138.00,128.00,128.00,128.00,128.00,128.00,128.00,128.00,128.00,128.00,128.00,128.00
2026-08-20 18:53:59,128.00,128.00,128.00,128.00,128.00,128.00,128.00,128.00,128.00,128.00,138.00,138.00,128.00,128.00,128.00,128.00,128.00,128.00,128.00,128.00,128.00,128.00,128.00
2026-08-20 19:04:14,128.00,128.00,128.00,128.00,128.00,128.00,128.00,128.00,128.00,128.00,138.00,138.00,128.00,128.00,128.00,128.00,128.00,128.00,128.00,128.00,128.00,128.00,128.00
2026-08-20 19:14:00,128.00,128.00,128.00,128.00,128.00,128.00,128.00,128.00,128.00,128.00,138.00,138.00,128.00,128.00,128.00,128.00,128.00,128.00,128.00,128.00,128.00,128.00,128.00
2026-08-20 19:23:56,128.00,128.00,128.00,128.00,128.00,128.00,128.00,128.00,128.00,128.00,138.00,138.00,128.00,128.00,128.00,128.00,128.00,128.00,128.00,128.00,128.00,128.00,128.00
2026-08-20 19:34:02,128.00,128.00,128.00,128.00,128.00,128.00,128.00,128.00,128.00,128.00,138.00,138.00,128.00,128.00,128.00,128.00,128.00,128.00,128.00,128.00,128.00,128.00,128.00
2026-08-20 19:44:06,128.00,128.00,128.00,128.00,128.00,128.00,128.00,128.00,128.00,128.00,138.00,138.00,128.00,128.00,128.00,128.00,128.00,128.00,128.00,128.00,128.00,128.00,128.00
2026-08-20 19:53:58,128.00,128.00,128.00,128.00,128.00,128.00,128.00,128.00,128.00,128.00,138.00,138.00,128.00,128.00,128.00,128.00,128.00,128.00,128.00,128.00,128.00,128.00,128.00
2026-08-20 20:04:04,128.00,128.00,128.00,128.00,128.00,128.00,128.00,128.00,128.00,128.00,138.00,138.00,128.00,128.00,128.00,128.00,128.00,128.00,128.00,128.00,128.00,128.00,128.00
2026-08-20 20:13:57,128.00,128.00,128.00,128.00,128.00,128.00,128.00,128.00,128.00,128.00,138.00,138.00,128.00,128.00,128.00,128.00,128.00,128.00,128.00,128.00,128.00,128.00,128.00
2026-08-20 20:23:44,128.00,128.00,128.00,128.00,128.00,128.00,128.00,128.00,128.00,128.00,138.00,138.00,128.00,128.00,128.00,128.00,128.00,128.00,128.00,128.00,128.00,128.00,128.00
2026-08-20 20:33:58,128.00,128.00,128.00,128.00,128.00,128.00,128.00,128.00,128.00,128.00,138.00,138.00,128.00,128.00,128.00,128.00,128.00,128.00,128.00,128.00,128.00,128.00,128.00
2026-08-20 20:43:58,128.00,128.00,128.00,128.00,128.00,128.00,128.00,128.00,128.00,128.00,138.00,138.00,128.00,128.00,128.00,128.00,128.00,128.00,128.00,128.00,128.00,128.00,128.00
2026-08-20 20:53:57,128.00,128.00,128.00,128.00,128.00,128.00,128.00,128.00,128.00,128.00,138.00,138.00,128.00,128.00,128.00,128.00,128.00,128.00,128.00,128.00,128.00,128.00,128.00
2026-08-20 21:04:00,128.00,128.00,128.00,128.00,128.00,128.00,128.00,128.00,128.00,128.00,138.00,138.00,128.00,128.00,128.00,128.00,128.00,128.00,128.00,128.00,128.00,128.00,128.00
2026-08-20 21:13:54,128.00,128.00,128.00,128.00,128.00,128.00,128.00,128.00,128.00,128.00,138.00,138.00,128.00,128.00,128.00,128.00,128.00,128.00,128.00,128.00,128.00,128.00,128.00
2026-08-20 21:24:10,128.00,128.00,128.00,128.00,128.00,128.00,128.00,128.00,128.00,128.00,138.00,138.00,128.00,128.00,128.00,128.00,128.00,128.00,128.00,128.00,128.00,128.00,128.00
2026-08-20 21:33:59,128.00,128.00,128.00,128.00,128.00,128.00,128.00,128.00,128.00,128.00,138.00,138.00,128.00,128.00,128.00,128.00,128.00,128.00,128.00,128.00,128.00,128.00,128.00
2026-08-20 21:44:02,128.00,128.00,128.00,128.00,128.00,128.00,128.00,128.00,128.00,128.00,138.00,138.00,128.00,128.00,128.00,128.00,128.00,128.00,128.00,128.00,128.00,128.00,128.00
2026-08-20 21:53:55,128.00,128.00,128.00,128.00,128.00,128.00,128.00,128.00,128.00,128.00,138.00,138.00,128.00,128.00,128.00,128.00,128.00,128.00,128.00,128.00,128.00,128.00,128.00
2026-08-20 22:03:56,128.00,128.00,128.00,128.00,128.00,128.00,128.00,128.00,128.00,128.00,138.00,138.00,128.00,128.00,128.00,128.00,128.00,128.00,128.00,128.00,128.00,128.00,128.00
2026-08-20 22:13:58,128.00,128.00,128.00,128.00,128.00,128.00,128.00,128.00,128.00,128.00,128.00,128.00,128.00,128.00,128.00,128.00,128.00,128.00,128.00,128.00,128.00,128.00,128.00
2026-08-20 22:24:01,128.00,128.00,128.00,128.00,128.00,128.00,128.00,128.00,128.00,128.00,128.00,128.00,128.00,128.00,128.00,128.00,128.00,128.00,128.00,128.00,128.00,128.00,128.00
2026-08-20 22:34:11,128.00,128.00,128.00,128.00,128.00,128.00,128.00,128.00,128.00,128.00,128.00,128.00,128.00,128.00,128.00,128.00,128.00,128.00,128.00,128.00,128.00,128.00,128.00
2026-08-20 22:43:50,128.00,128.00,128.00,128.00,128.00,128.00,128.00,128.00,128.00,128.00,128.00,128.00,128.00,128.00,128.00,128.00,128.00,128.00,128.00,128.00,128.00,128.00,128.00
2026-08-20 22:53:45,128.00,128.00,128.00,128.00,128.00,128.00,128.00,128.00,128.00,128.00,128.00,128.00,128.00,128.00,128.00,128.00,128.00,128.00,128.00,128.00,128.00,128.00,128.00
2026-08-20 23:04:10,128.00,128.00,128.00,128.00,128.00,128.00,128.00,128.00,128.00,128.00,128.00,128.00,128.00,128.00,128.00,128.00,128.00,128.00,128.00,128.00,128.00,128.00,128.00
2026-08-20 23:13:55,128.00,128.00,128.00,128.00,128.00,128.00,128.00,128.00,128.00,128.00,128.00,128.00,128.00,128.00,128.00,128.00,128.00,128.00,128.00,128.00,128.00,128.00,128.00
2026-08-20 23:23:53,128.00,128.00,128.00,128.00,128.00,128.00,128.00,128.00,128.00,128.00,128.00,128.00,128.00,128.00,128.00,128.00,128.00,128.00,128.00,128.00,128.00,128.00,128.00
2026-08-20 23:34:07,128.00,128.00,128.00,128.00,128.00,128.00,128.00,128.00,128.00,128.00,128.00,128.00,128.00,128.00,128.00,128.00,128.00,128.00,128.00,128.00,128.00,128.00,128.00
2026-08-20 23:44:02,128.00,128.00,128.00,128.00,128.00,128.00,128.00,128.00,128.00,128.00,128.00,128.00,128.00,128.00,128.00,128.00,128.00,128.00,128.00,128.00,128.00,128.00,128.00
2026-08-20 23:53:55,128.00,128.00,128.00,128.00,128.00,128.00,128.00,128.00,128.00,128.00,128.00,128.00,128.00,128.00,128.00,128.00,128.00,128.00,128.00,128.00,128.00,128.00,128.00
2026-08-21 00:04:30,128.00,128.00,128.00,128.00,128.00,128.00,128.00,128.00,128.00,128.00,128.00,128.00,128.00,128.00,128.00,128.00,128.00,128.00,128.00,128.00,128.00,128.00,128.00
2026-08-21 00:14:02,128.00,128.00,128.00,128.00,128.00,128.00,128.00,128.00,128.00,128.00,128.00,128.00,128.00,128.00,128.00,128.00,128.00,128.00,128.00,128.00,128.00,128.00,128.00
2026-08-21 00:24:23,128.00,128.00,128.00,128.00,128.00,128.00,128.00,128.00,128.00,128.00,128.00,128.00,128.00,128.00,128.00,128.00,128.00,128.00,128.00,128.00,128.00,128.00,128.00
2026-08-21 00:34:04,128.00,128.00,128.00,128.00,128.00,128.00,128.00,128.00,128.00,128.00,128.00,128.00,128.00,128.00,128.00,128.00,128.00,128.00,128.00,128.00,128.00,128.00,128.00
2026-08-21 00:54:08,128.00,138.00,128.00,128.00,128.00,128.00,128.00,128.00,128.00,128.00,128.00,128.00,128.00,128.00,128.00,128.00,128.00,128.00,128.00,128.00,128.00,128.00,128.00
2026-08-21 01:04:11,128.00,138.00,128.00,128.00,128.00,128.00,128.00,128.00,128.00,128.00,128.00,128.00,128.00,128.00,128.00,128.00,128.00,128.00,128.00,128.00,128.00,128.00,128.00
2026-08-21 01:14:07,128.00,138.00,128.00,128.00,128.00,128.00,128.00,128.00,128.00,128.00,128.00,128.00,128.00,128.00,128.00,128.00,128.00,128.00,128.00,128.00,128.00,128.00,128.00
2026-08-21 01:23:53,128.00,138.00,128.00,128.00,128.00,128.00,128.00,128.00,128.00,128.00,128.00,128.00,128.00,128.00,128.00,128.00,128.00,128.00,128.00,128.00,128.00,128.00,128.00
2026-08-21 01:34:06,128.00,138.00,128.00,128.00,128.00,128.00,128.00,128.00,128.00,128.00,128.00,128.00,128.00,128.00,128.00,128.00,128.00,128.00,128.00,128.00,128.00,128.00,128.00
2026-08-21 01:43:53,128.00,138.00,128.00,128.00,128.00,128.00,128.00,128.00,128.00,128.00,128.00,128.00,128.00,128.00,128.00,128.00,128.00,128.00,128.00,128.00,128.00,128.00,128.00
2026-08-21 01:54:14,,138.00,,128.00,,128.00,,128.00,,128.00,,128.00,128.00,128.00,128.00,128.00,,,128.00,128.00,,,
2026-08-21 02:04:06,128.00,128.00,128.00,128.00,128.00,128.00,128.00,128.00,128.00,128.00,128.00,128.00,128.00,128.00,128.00,128.00,128.00,128.00,128.00,128.00,128.00,128.00,128.00
2026-08-21 02:13:53,128.00,128.00,128.00,128.00,128.00,128.00,128.00,128.00,128.00,128.00,128.00,128.00,128.00,128.00,128.00,128.00,128.00,128.00,128.00,128.00,128.00,128.00,128.00
2026-08-21 02:24:13,128.00,128.00,128.00,128.00,128.00,128.00,128.00,128.00,128.00,128.00,128.00,128.00,128.00,128.00,128.00,128.00,128.00,128.00,128.00,128.00,128.00,128.00,128.00
2026-08-21 02:34:13,128.00,128.00,128.00,128.00,128.00,128.00,128.00,128.00,128.00,128.00,128.00,128.00,128.00,128.00,128.00,128.00,128.00,128.00,128.00,128.00,128.00,128.00,128.00
2026-08-21 02:44:29,,128.00,,128.00,,128.00,,128.00,,128.00,,128.00,128.00,128.00,128.00,128.00,,,128.00,128.00,,,
2026-08-21 02:54:08,128.00,128.00,128.00,128.00,128.00,128.00,128.00,128.00,128.00,128.00,128.00,128.00,128.00,128.00,128.00,128.00,128.00,128.00,128.00,128.00,128.00,128.00,128.00
2026-08-21 03:04:11,128.00,128.00,128.00,128.00,128.00,128.00,128.00,128.00,128.00,128.00,128.00,128.00,128.00,128.00,128.00,128.00,128.00,128.00,128.00,128.00,128.00,128.00,128.00
2026-08-21 03:14:06,128.00,128.00,128.00,128.00,128.00,128.00,128.00,128.00,128.00,128.00,128.00,128.00,128.00,128.00,128.00,128.00,128.00,128.00,128.00,128.00,128.00,128.00,128.00
2026-08-21 03:24:03,128.00,128.00,128.00,128.00,128.00,128.00,128.00,128.00,128.00,128.00,128.00,128.00,128.00,128.00,128.00,128.00,128.00,128.00,128.00,128.00,128.00,128.00,128.00
2026-08-21 03:33:57,128.00,128.00,128.00,128.00,128.00,128.00,128.00,128.00,128.00,128.00,128.00,128.00,128.00,128.00,128.00,128.00,128.00,128.00,128.00,128.00,128.00,128.00,128.00
2026-08-21 03:44:04,128.00,128.00,128.00,128.00,128.00,128.00,128.00,128.00,128.00,128.00,128.00,128.00,128.00,128.00,128.00,128.00,128.00,128.00,128.00,128.00,128.00,128.00,128.00
2026-08-21 03:53:59,128.00,128.00,128.00,128.00,128.00,128.00,128.00,128.00,128.00,128.00,128.00,128.00,128.00,128.00,128.00,128.00,128.00,128.00,128.00,128.00,128.00,128.00,128.00
2026-08-21 04:04:13,128.00,128.00,128.00,128.00,128.00,128.00,128.00,128.00,128.00,128.00,128.00,128.00,128.00,128.00,128.00,128.00,128.00,128.00,128.00,128.00,128.00,128.00,128.00
2026-08-21 04:13:49,128.00,128.00,128.00,128.00,128.00,128.00,128.00,128.00,128.00,128.00,128.00,128.00,128.00,128.00,128.00,128.00,128.00,128.00,128.00,128.00,128.00,128.00,128.00
2026-08-21 04:23:53,128.00,128.00,128.00,128.00,128.00,128.00,128.00,128.00,128.00,128.00,128.00,128.00,128.00,128.00,128.00,128.00,128.00,128.00,128.00,128.00,128.00,128.00,128.00
2026-08-21 04:33:54,128.00,128.00,128.00,128.00,128.00,128.00,128.00,128.00,128.00,128.00,128.00,128.00,128.00,128.00,128.00,128.00,128.00,128.00,128.00,128.00,128.00,128.00,128.00
2026-08-21 04:44:01,128.00,128.00,128.00,128.00,128.00,128.00,128.00,128.00,128.00,128.00,128.00,128.00,128.00,128.00,128.00,128.00,128.00,128.00,128.00,128.00,128.00,128.00,128.00
2026-08-21 04:54:02,128.00,128.00,128.00,128.00,128.00,128.00,128.00,128.00,128.00,128.00,128.00,128.00,128.00,128.00,128.00,128.00,128.00,128.00,128.00,128.00,128.00,128.00,128.00
2026-08-21 05:04:11,128.00,128.00,128.00,128.00,128.00,128.00,128.00,128.00,128.00,128.00,128.00,128.00,128.00,128.00,128.00,128.00,128.00,128.00,128.00,128.00,128.00,128.00,128.00
2026-08-21 05:13:58,128.00,128.00,128.00,128.00,128.00,128.00,128.00,128.00,128.00,128.00,128.00,128.00,128.00,128.00,128.00,128.00,128.00,128.00,128.00,128.00,128.00,128.00,128.00
2026-08-21 05:24:06,128.00,128.00,128.00,128.00,128.00,128.00,128.00,128.00,128.00,128.00,128.00,128.00,128.00,128.00,128.00,128.00,128.00,128.00,128.00,128.00,128.00,128.00,128.00
2026-08-21 05:33:57,128.00,128.00,128.00,128.00,128.00,128.00,128.00,128.00,128.00,128.00,128.00,128.00,128.00,128.00,128.00,128.00,128.00,128.00,128.00,128.00,128.00,128.00,128.00
2026-08-21 05:43:54,128.00,128.00,128.00,128.00,128.00,128.00,128.00,128.00,128.00,128.00,128.00,128.00,128.00,128.00,128.00,128.00,128.00,128.00,128.00,128.00,128.00,128.00,128.00
2026-08-21 05:54:00,128.00,128.00,128.00,128.00,128.00,128.00,128.00,128.00,128.00,128.00,128.00,128.00,128.00,128.00,128.00,128.00,128.00,128.00,128.00,128.00,128.00,128.00,128.00
2026-08-21 06:03:49,128.00,128.00,128.00,128.00,128.00,128.00,128.00,128.00,128.00,128.00,128.00,128.00,128.00,128.00,128.00,128.00,128.00,128.00,128.00,128.00,128.00,128.00,128.00
2026-08-21 06:14:05,128.00,128.00,128.00,128.00,128.00,128.00,128.00,128.00,128.00,128.00,128.00,128.00,128.00,128.00,128.00,128.00,128.00,128.00,128.00,128.00,128.00,128.00,128.00
2026-08-21 06:23:50,128.00,128.00,128.00,128.00,128.00,128.00,128.00,128.00,128.00,128.00,128.00,128.00,128.00,128.00,128.00,128.00,128.00,128.00,128.00,128.00,128.00,128.00,128.00
2026-08-21 06:34:03,128.00,128.00,128.00,128.00,128.00,128.00,128.00,128.00,128.00,128.00,128.00,128.00,128.00,128.00,128.00,128.00,128.00,128.00,128.00,128.00,128.00,128.00,128.00
2026-08-21 06:43:57,128.00,128.00,128.00,128.00,128.00,128.00,128.00,128.00,128.00,128.00,128.00,128.00,128.00,128.00,128.00,128.00,128.00,128.00,128.00,128.00,128.00,128.00,128.00
2026-08-21 06:54:00,128.00,,128.00,,128.00,,128.00,,128.00,,128.00,,128.00,,,,128.00,128.00,,,128.00,128.00,128.00
2026-08-21 07:04:20,128.00,128.00,128.00,128.00,128.00,128.00,128.00,128.00,128.00,128.00,128.00,128.00,128.00,128.00,128.00,128.00,128.00,128.00,128.00,128.00,128.00,128.00,128.00
2026-08-21 07:14:05,128.00,128.00,128.00,128.00,128.00,128.00,128.00,128.00,128.00,128.00,128.00,128.00,128.00,128.00,128.00,128.00,128.00,128.00,128.00,128.00,128.00,128.00,128.00
2026-08-21 07:24:06,128.00,128.00,128.00,128.00,128.00,128.00,128.00,128.00,128.00,128.00,128.00,128.00,128.00,128.00,128.00,128.00,128.00,128.00,128.00,128.00,128.00,128.00,128.00
2026-08-21 07:34:02,128.00,128.00,128.00,128.00,128.00,128.00,128.00,128.00,128.00,128.00,128.00,128.00,128.00,128.00,128.00,128.00,128.00,128.00,128.00,128.00,128.00,128.00,128.00
2026-08-21 07:43:44,128.00,128.00,128.00,128.00,128.00,128.00,128.00,128.00,128.00,128.00,128.00,128.00,128.00,128.00,128.00,128.00,128.00,128.00,128.00,128.00,128.00,128.00,128.00
2026-08-21 07:53:56,128.00,128.00,128.00,128.00,128.00,128.00,128.00,128.00,128.00,128.00,128.00,128.00,128.00,128.00,128.00,128.00,128.00,128.00,128.00,128.00,128.00,128.00,128.00
2026-08-21 08:04:02,128.00,128.00,128.00,128.00,128.00,128.00,128.00,128.00,128.00,128.00,128.00,128.00,128.00,128.00,128.00,128.00,128.00,128.00,128.00,128.00,128.00,128.00,128.00
2026-08-21 08:14:00,128.00,128.00,128.00,128.00,128.00,128.00,128.00,128.00,128.00,128.00,128.00,128.00,128.00,128.00,128.00,128.00,128.00,128.00,128.00,128.00,128.00,128.00,128.00
2026-08-21 08:23:59,128.00,128.00,128.00,128.00,128.00,128.00,128.00,128.00,128.00,128.00,128.00,128.00,128.00,128.00,128.00,128.00,128.00,128.00,128.00,128.00,128.00,128.00,128.00
2026-08-21 08:34:16,,128.00,,128.00,,128.00,,128.00,,128.00,,128.00,128.00,128.00,128.00,128.00,,,128.00,128.00,,,
2026-08-21 08:43:54,128.00,128.00,128.00,128.00,128.00,128.00,128.00,128.00,128.00,128.00,128.00,128.00,128.00,128.00,128.00,128.00,128.00,128.00,128.00,128.00,128.00,128.00,128.00
2026-08-21 08:53:56,128.00,128.00,128.00,128.00,128.00,128.00,128.00,128.00,128.00,128.00,128.00,128.00,128.00,128.00,128.00,128.00,128.00,128.00,128.00,128.00,128.00,128.00,128.00
2026-08-21 09:03:58,128.00,128.00,128.00,128.00,128.00,128.00,128.00,128.00,128.00,128.00,128.00,128.00,128.00,128.00,128.00,128.00,128.00,128.00,128.00,128.00,128.00,128.00,128.00
2026-08-21 09:13:57,128.00,128.00,128.00,128.00,128.00,128.00,128.00,128.00,128.00,128.00,128.00,128.00,128.00,128.00,128.00,128.00,128.00,128.00,128.00,128.00,128.00,128.00,128.00
2026-08-21 09:24:02,128.00,128.00,128.00,128.00,128.00,128.00,128.00,128.00,128.00,128.00,128.00,128.00,128.00,128.00,128.00,128.00,128.00,128.00,128.00,128.00,128.00,128.00,128.00
2026-08-21 09:34:00,128.00,128.00,128.00,128.00,128.00,128.00,128.00,128.00,128.00,128.00,128.00,128.00,128.00,128.00,128.00,128.00,128.00,128.00,128.00,128.00,128.00,128.00,128.00
2026-08-21 09:44:01,128.00,128.00,128.00,128.00,128.00,128.00,128.00,128.00,128.00,128.00,128.00,128.00,128.00,128.00,128.00,128.00,128.00,128.00,128.00,128.00,128.00,128.00,128.00
2026-08-21 09:53:45,128.00,128.00,128.00,128.00,128.00,128.00,128.00,128.00,128.00,128.00,128.00,128.00,128.00,128.00,128.00,128.00,128.00,128.00,128.00,128.00,128.00,128.00,128.00
2026-08-21 10:04:04,128.00,128.00,128.00,128.00,128.00,128.00,128.00,128.00,128.00,128.00,128.00,128.00,128.00,128.00,128.00,128.00,128.00,128.00,128.00,128.00,128.00,128.00,128.00
2026-08-21 10:13:59,128.00,128.00,128.00,128.00,128.00,128.00,128.00,128.00,128.00,128.00,128.00,128.00,128.00,128.00,128.00,128.00,128.00,128.00,128.00,128.00,128.00,128.00,128.00
2026-08-21 10:24:01,128.00,128.00,128.00,128.00,128.00,128.00,128.00,128.00,128.00,128.00,128.00,128.00,128.00,128.00,128.00,128.00,128.00,128.00,128.00,128.00,128.00,128.00,128.00
2026-08-21 10:34:11,128.00,128.00,128.00,128.00,128.00,128.00,128.00,128.00,128.00,128.00,128.00,128.00,128.00,128.00,128.00,128.00,128.00,128.00,128.00,128.00,128.00,128.00,128.00
2026-08-21 10:44:01,128.00,128.00,128.00,128.00,128.00,128.00,128.00,128.00,128.00,128.00,128.00,128.00,128.00,128.00,128.00,128.00,128.00,128.00,128.00,128.00,128.00,128.00,128.00
2026-08-21 10:54:24,128.00,128.00,128.00,128.00,128.00,128.00,128.00,128.00,128.00,128.00,128.00,128.00,128.00,128.00,128.00,128.00,128.00,128.00,128.00,128.00,128.00,128.00,128.00
2026-08-21 11:04:26,128.00,128.00,128.00,128.00,128.00,128.00,128.00,128.00,128.00,128.00,128.00,128.00,128.00,128.00,128.00,128.00,128.00,128.00,128.00,128.00,128.00,128.00,128.00
2026-08-21 11:13:57,128.00,128.00,128.00,128.00,128.00,128.00,128.00,128.00,128.00,128.00,128.00,128.00,128.00,128.00,128.00,128.00,128.00,128.00,128.00,128.00,128.00,128.00,128.00
2026-08-21 11:24:02,128.00,128.00,128.00,128.00,128.00,128.00,128.00,128.00,128.00,128.00,128.00,128.00,128.00,128.00,128.00,128.00,128.00,128.00,128.00,128.00,128.00,128.00,128.00
2026-08-21 11:33:52,128.00,128.00,128.00,128.00,128.00,128.00,128.00,128.00,128.00,128.00,128.00,128.00,128.00,128.00,128.00,128.00,128.00,128.00,128.00,128.00,128.00,128.00,128.00
2026-08-21 11:44:05,128.00,128.00,128.00,128.00,128.00,128.00,128.00,128.00,128.00,128.00,128.00,128.00,128.00,128.00,128.00,128.00,128.00,128.00,128.00,128.00,128.00,128.00,128.00
2026-08-21 11:53:51,128.00,128.00,128.00,128.00,128.00,128.00,128.00,128.00,128.00,128.00,128.00,128.00,128.00,128.00,128.00,128.00,128.00,128.00,128.00,128.00,128.00,128.00,128.00
2026-08-21 12:04:17,128.00,128.00,128.00,128.00,128.00,128.00,128.00,128.00,128.00,128.00,128.00,128.00,128.00,128.00,128.00,128.00,128.00,128.00,128.00,128.00,128.00,128.00,128.00
2026-08-21 12:14:04,128.00,128.00,128.00,128.00,128.00,128.00,128.00,128.00,128.00,128.00,128.00,128.00,128.00,128.00,128.00,128.00,128.00,128.00,128.00,128.00,128.00,128.00,128.00
2026-08-21 12:23:55,128.00,128.00,128.00,128.00,128.00,128.00,128.00,128.00,128.00,128.00,128.00,128.00,128.00,128.00,128.00,128.00,128.00,128.00,128.00,128.00,128.00,128.00,128.00
2026-08-21 12:33:52,128.00,128.00,128.00,128.00,128.00,128.00,128.00,128.00,128.00,128.00,128.00,128.00,128.00,128.00,128.00,128.00,128.00,128.00,128.00,128.00,128.00,128.00,128.00
2026-08-21 12:44:14,128.00,128.00,128.00,128.00,128.00,128.00,128.00,128.00,128.00,128.00,128.00,128.00,128.00,128.00,128.00,128.00,128.00,128.00,128.00,128.00,128.00,128.00,128.00
2026-08-21 12:53:44,128.00,128.00,128.00,128.00,128.00,128.00,128.00,128.00,128.00,128.00,128.00,128.00,128.00,128.00,128.00,128.00,128.00,128.00,128.00,128.00,128.00,128.00,128.00
2026-08-21 13:04:05,128.00,128.00,128.00,128.00,128.00,128.00,128.00,128.00,128.00,128.00,128.00,128.00,128.00,128.00,128.00,128.00,128.00,128.00,128.00,128.00,128.00,128.00,128.00
2026-08-21 13:13:58,128.00,128.00,128.00,128.00,128.00,128.00,128.00,128.00,128.00,128.00,128.00,128.00,128.00,128.00,128.00,128.00,128.00,128.00,128.00,128.00,128.00,128.00,128.00
2026-08-21 13:23:56,128.00,128.00,128.00,128.00,128.00,128.00,128.00,128.00,128.00,128.00,128.00,128.00,128.00,128.00,128.00,128.00,128.00,128.00,128.00,128.00,128.00,128.00,128.00
2026-08-21 13:34:07,128.00,128.00,128.00,128.00,128.00,128.00,128.00,128.00,128.00,128.00,128.00,128.00,128.00,128.00,128.00,128.00,128.00,128.00,128.00,128.00,128.00,128.00,128.00
2026-08-21 13:44:07,128.00,128.00,128.00,128.00,128.00,128.00,128.00,128.00,128.00,128.00,128.00,128.00,128.00,128.00,128.00,128.00,128.00,128.00,128.00,128.00,128.00,128.00,128.00
2026-08-21 13:54:05,128.00,128.00,128.00,128.00,128.00,128.00,128.00,128.00,128.00,128.00,128.00,128.00,128.00,128.00,128.00,128.00,128.00,128.00,128.00,128.00,128.00,128.00,128.00
2026-08-21 14:04:13,128.00,128.00,128.00,128.00,128.00,128.00,128.00,128.00,128.00,128.00,128.00,128.00,128.00,128.00,128.00,128.00,128.00,128.00,128.00,128.00,128.00,128.00,128.00
2026-08-21 14:14:00,128.00,128.00,128.00,128.00,128.00,128.00,128.00,128.00,128.00,128.00,128.00,128.00,128.00,128.00,128.00,128.00,128.00,128.00,128.00,128.00,128.00,128.00,128.00
2026-08-21 14:24:10,128.00,128.00,128.00,128.00,128.00,128.00,128.00,128.00,128.00,128.00,128.00,109.00,128.00,128.00,128.00,128.00,128.00,128.00,128.00,128.00,128.00,128.00,128.00
2026-08-21 14:34:04,109.00,109.00,109.00,109.00,109.00,109.00,109.00,109.00,109.00,109.00,109.00,109.00,109.00,109.00,128.00,128.00,128.00,128.00,128.00,128.00,128.00,128.00,128.00
2026-08-21 14:44:11,109.00,109.00,109.00,109.00,109.00,109.00,109.00,109.00,109.00,109.00,109.00,109.00,109.00,109.00,128.00,128.00,128.00,128.00,128.00,128.00,128.00,128.00,128.00
2026-08-21 14:53:53,109.00,109.00,109.00,109.00,109.00,109.00,109.00,109.00,109.00,109.00,109.00,109.00,109.00,109.00,128.00,128.00,128.00,128.00,128.00,128.00,128.00,128.00,128.00
2026-08-21 15:03:56,109.00,109.00,109.00,109.00,109.00,109.00,109.00,109.00,109.00,109.00,109.00,109.00,109.00,109.00,128.00,128.00,128.00,128.00,128.00,128.00,128.00,128.00,128.00
2026-08-21 15:13:51,109.00,109.00,109.00,109.00,109.00,109.00,109.00,109.00,109.00,109.00,109.00,109.00,109.00,109.00,128.00,128.00,128.00,128.00,128.00,128.00,128.00,128.00,128.00
2026-08-21 15:24:02,109.00,109.00,109.00,109.00,109.00,109.00,109.00,109.00,109.00,109.00,109.00,109.00,109.00,109.00,128.00,128.00,128.00,128.00,128.00,128.00,128.00,128.00,128.00
2026-08-21 15:34:03,109.00,109.00,109.00,109.00,109.00,109.00,109.00,109.00,109.00,109.00,109.00,109.00,109.00,109.00,128.00,128.00,128.00,128.00,128.00,128.00,128.00,128.00,128.00
2026-08-21 15:44:16,109.00,138.00,109.00,109.00,109.00,109.00,109.00,109.00,109.00,109.00,109.00,109.00,109.00,109.00,128.00,128.00,128.00,128.00,128.00,128.00,128.00,128.00,128.00
2026-08-21 15:54:07,109.00,138.00,109.00,109.00,109.00,109.00,109.00,109.00,109.00,109.00,109.00,109.00,109.00,109.00,128.00,128.00,128.00,128.00,128.00,128.00,128.00,128.00,128.00
2026-08-21 16:04:08,109.00,138.00,109.00,109.00,109.00,109.00,109.00,109.00,109.00,109.00,109.00,109.00,109.00,109.00,128.00,128.00,128.00,128.00,128.00,128.00,128.00,128.00,128.00
2026-08-21 16:14:12,109.00,,109.00,,109.00,,109.00,,109.00,,109.00,,109.00,,,,128.00,128.00,,,128.00,128.00,128.00
2026-08-21 16:23:47,109.00,138.00,109.00,109.00,109.00,109.00,109.00,109.00,109.00,109.00,109.00,109.00,109.00,109.00,128.00,128.00,128.00,128.00,128.00,128.00,128.00,128.00,128.00
2026-08-21 16:34:04,109.00,138.00,109.00,109.00,109.00,109.00,109.00,109.00,109.00,109.00,109.00,109.00,109.00,109.00,128.00,128.00,128.00,128.00,128.00,128.00,128.00,128.00,128.00
2026-08-21 16:44:19,,138.00,,109.00,,109.00,,109.00,,109.00,,109.00,109.00,109.00,128.00,128.00,,,128.00,128.00,,,
2026-08-21 16:53:55,109.00,138.00,109.00,109.00,109.00,109.00,109.00,109.00,109.00,109.00,109.00,109.00,109.00,109.00,128.00,128.00,128.00,128.00,128.00,128.00,128.00,128.00,128.00
2026-08-21 17:03:49,109.00,138.00,109.00,109.00,109.00,109.00,109.00,109.00,109.00,109.00,109.00,109.00,109.00,109.00,128.00,128.00,128.00,128.00,128.00,128.00,128.00,128.00,128.00
2026-08-21 17:14:06,109.00,138.00,109.00,109.00,109.00,109.00,109.00,109.00,109.00,109.00,109.00,109.00,109.00,109.00,128.00,128.00,128.00,128.00,128.00,128.00,128.00,128.00,128.00
2026-08-21 17:23:58,109.00,138.00,109.00,109.00,109.00,109.00,109.00,109.00,109.00,109.00,109.00,109.00,109.00,109.00,109.00,109.00,128.00,128.00,109.00,109.00,128.00,128.00,128.00
2026-08-21 17:34:17,109.00,138.00,109.00,109.00,109.00,109.00,109.00,109.00,109.00,109.00,109.00,109.00,109.00,109.00,109.00,109.00,128.00,128.00,109.00,109.00,128.00,128.00,128.00
2026-08-21 17:43:54,109.00,,109.00,,109.00,,109.00,,109.00,,109.00,,109.00,,,,109.00,109.00,,,109.00,109.00,109.00
2026-08-21 17:54:21,109.00,138.00,109.00,109.00,109.00,109.00,109.00,109.00,109.00,109.00,109.00,109.00,109.00,109.00,109.00,109.00,109.00,109.00,109.00,109.00,109.00,109.00,109.00
2026-08-21 18:04:18,109.00,138.00,109.00,109.00,109.00,109.00,109.00,109.00,109.00,109.00,109.00,109.00,109.00,109.00,109.00,109.00,109.00,109.00,109.00,109.00,109.00,109.00,109.00
2026-08-21 18:14:10,109.00,138.00,109.00,109.00,109.00,109.00,109.00,109.00,109.00,109.00,109.00,109.00,109.00,109.00,109.00,109.00,109.00,109.00,109.00,109.00,109.00,109.00,109.00
2026-08-21 18:24:08,109.00,138.00,109.00,109.00,109.00,109.00,109.00,109.00,109.00,109.00,109.00,109.00,109.00,109.00,109.00,109.00,109.00,109.00,109.00,109.00,109.00,109.00,109.00
2026-08-21 18:34:07,109.00,138.00,109.00,109.00,109.00,109.00,109.00,109.00,109.00,109.00,109.00,109.00,109.00,109.00,109.00,109.00,109.00,109.00,109.00,109.00,109.00,109.00,109.00
2026-08-21 18:44:04,109.00,138.00,109.00,109.00,109.00,109.00,109.00,109.00,109.00,109.00,109.00,109.00,109.00,109.00,109.00,109.00,109.00,109.00,109.00,109.00,109.00,109.00,109.00
2026-08-21 18:54:09,109.00,138.00,109.00,109.00,109.00,109.00,109.00,109.00,109.00,109.00,109.00,109.00,109.00,109.00,109.00,109.00,109.00,109.00,109.00,109.00,109.00,109.00,109.00
2026-08-21 19:04:01,109.00,138.00,109.00,109.00,109.00,109.00,109.00,109.00,109.00,109.00,109.00,109.00,109.00,109.00,109.00,109.00,109.00,109.00,109.00,109.00,109.00,109.00,109.00
2026-08-21 19:14:01,109.00,138.00,109.00,109.00,109.00,109.00,109.00,109.00,109.00,109.00,109.00,109.00,109.00,109.00,109.00,109.00,109.00,109.00,109.00,109.00,109.00,109.00,109.00
2026-08-21 19:23:57,109.00,138.00,109.00,109.00,109.00,109.00,109.00,109.00,109.00,109.00,109.00,109.00,109.00,109.00,109.00,109.00,109.00,109.00,109.00,109.00,109.00,109.00,109.00
2026-08-21 19:34:06,109.00,138.00,109.00,109.00,109.00,109.00,109.00,109.00,109.00,109.00,109.00,109.00,109.00,109.00,109.00,109.00,109.00,109.00,109.00,109.00,109.00,109.00,109.00
2026-08-21 19:44:06,109.00,138.00,109.00,109.00,109.00,109.00,109.00,109.00,109.00,109.00,109.00,109.00,109.00,109.00,109.00,109.00,109.00,109.00,109.00,109.00,109.00,109.00,109.00
2026-08-21 19:54:04,109.00,138.00,109.00,109.00,109.00,109.00,109.00,109.00,109.00,109.00,109.00,109.00,109.00,109.00,109.00,109.00,109.00,109.00,109.00,109.00,109.00,109.00,109.00
2026-08-21 20:04:13,109.00,138.00,109.00,109.00,109.00,109.00,109.00,109.00,109.00,109.00,109.00,109.00,109.00,109.00,109.00,109.00,109.00,109.00,109.00,109.00,109.00,109.00,109.00
2026-08-21 20:13:46,109.00,138.00,109.00,109.00,109.00,109.00,109.00,109.00,109.00,109.00,109.00,109.00,109.00,109.00,109.00,109.00,109.00,109.00,109.00,109.00,109.00,109.00,109.00
2026-08-21 20:24:09,109.00,138.00,109.00,109.00,109.00,109.00,109.00,109.00,109.00,109.00,109.00,109.00,109.00,109.00,109.00,109.00,109.00,109.00,109.00,109.00,109.00,109.00,109.00
2026-08-21 20:34:10,109.00,138.00,109.00,109.00,109.00,109.00,109.00,109.00,109.00,109.00,109.00,109.00,109.00,109.00,109.00,109.00,109.00,109.00,109.00,109.00,109.00,109.00,109.00
2026-08-21 20:44:07,109.00,138.00,109.00,109.00,109.00,109.00,109.00,109.00,109.00,109.00,109.00,109.00,109.00,109.00,109.00,109.00,109.00,109.00,109.00,109.00,109.00,109.00,109.00
2026-08-21 20:54:05,109.00,138.00,109.00,109.00,109.00,109.00,109.00,109.00,109.00,109.00,109.00,109.00,109.00,109.00,109.00,109.00,109.00,109.00,109.00,109.00,109.00,109.00,109.00
2026-08-21 21:04:13,109.00,138.00,109.00,109.00,109.00,109.00,109.00,109.00,109.00,109.00,109.00,109.00,109.00,109.00,109.00,109.00,109.00,109.00,109.00,109.00,109.00,109.00,109.00
2026-08-21 21:14:11,109.00,138.00,109.00,109.00,109.00,109.00,109.00,109.00,109.00,109.00,109.00,109.00,109.00,109.00,109.00,109.00,109.00,109.00,109.00,109.00,109.00,109.00,109.00
2026-08-21 21:23:57,109.00,138.00,109.00,109.00,109.00,109.00,109.00,109.00,109.00,109.00,109.00,109.00,109.00,109.00,109.00,109.00,109.00,109.00,109.00,109.00,109.00,109.00,109.00
2026-08-21 21:34:09,109.00,138.00,109.00,109.00,109.00,109.00,109.00,109.00,109.00,109.00,109.00,109.00,109.00,109.00,109.00,109.00,109.00,109.00,109.00,109.00,109.00,109.00,109.00
2026-08-21 21:44:14,109.00,138.00,109.00,109.00,109.00,109.00,109.00,109.00,109.00,109.00,109.00,109.00,109.00,109.00,109.00,109.00,109.00,109.00,109.00,109.00,109.00,109.00,109.00
2026-08-21 21:54:10,109.00,138.00,109.00,109.00,109.00,109.00,109.00,109.00,109.00,109.00,109.00,109.00,109.00,109.00,109.00,109.00,109.00,109.00,109.00,109.00,109.00,109.00,109.00
2026-08-21 22:04:23,109.00,138.00,109.00,109.00,109.00,109.00,109.00,109.00,109.00,109.00,109.00,109.00,109.00,109.00,109.00,109.00,109.00,109.00,109.00,109.00,109.00,109.00,109.00
2026-08-21 22:13:57,109.00,138.00,109.00,109.00,109.00,109.00,109.00,109.00,109.00,109.00,109.00,109.00,109.00,109.00,109.00,109.00,109.00,109.00,109.00,109.00,109.00,109.00,109.00
2026-08-21 22:24:10,109.00,138.00,109.00,109.00,109.00,109.00,109.00,109.00,109.00,109.00,109.00,109.00,109.00,109.00,109.00,109.00,109.00,109.00,109.00,109.00,109.00,109.00,109.00
2026-08-21 22:33:59,109.00,138.00,109.00,109.00,109.00,109.00,109.00,109.00,109.00,109.00,109.00,109.00,109.00,109.00,109.00,109.00,109.00,109.00,109.00,109.00,109.00,109.00,109.00
2026-08-21 22:44:13,109.00,138.00,109.00,109.00,109.00,109.00,109.00,109.00,109.00,109.00,109.00,109.00,109.00,109.00,109.00,109.00,109.00,109.00,109.00,109.00,109.00,109.00,109.00
2026-08-21 22:54:03,109.00,138.00,109.00,109.00,109.00,109.00,109.00,109.00,109.00,109.00,109.00,109.00,109.00,109.00,109.00,109.00,109.00,109.00,109.00,109.00,109.00,109.00,109.00
2026-08-21 23:04:19,109.00,138.00,109.00,109.00,109.00,109.00,109.00,109.00,109.00,109.00,109.00,109.00,109.00,109.00,109.00,109.00,109.00,109.00,109.00,109.00,109.00,109.00,109.00
2026-08-21 23:14:00,109.00,138.00,109.00,109.00,109.00,109.00,109.00,109.00,109.00,109.00,109.00,109.00,109.00,109.00,109.00,109.00,109.00,109.00,109.00,109.00,109.00,109.00,109.00
2026-08-21 23:24:00,109.00,138.00,109.00,109.00,109.00,109.00,109.00,109.00,109.00,109.00,109.00,109.00,109.00,109.00,109.00,109.00,109.00,109.00,109.00,109.00,109.00,109.00,109.00
2026-08-21 23:34:07,109.00,138.00,109.00,109.00,109.00,109.00,109.00,109.00,109.00,109.00,109.00,109.00,109.00,109.00,109.00,109.00,109.00,109.00,109.00,109.00,109.00,109.00,109.00
2026-08-21 23:44:04,109.00,138.00,109.00,109.00,109.00,109.00,109.00,109.00,109.00,109.00,109.00,109.00,109.00,109.00,109.00,109.00,109.00,109.00,109.00,109.00,109.00,109.00,109.00
2026-08-21 23:53:58,109.00,138.00,109.00,109.00,109.00,109.00,109.00,109.00,109.00,109.00,109.00,109.00,109.00,109.00,109.00,109.00,109.00,109.00,109.00,109.00,109.00,109.00,109.00
2026-08-22 00:04:21,109.00,138.00,109.00,109.00,109.00,109.00,109.00,109.00,109.00,109.00,109.00,109.00,109.00,109.00,109.00,109.00,109.00,109.00,109.00,109.00,109.00,109.00,109.00
2026-08-22 00:13:39,109.00,138.00,109.00,109.00,109.00,109.00,109.00,109.00,109.00,109.00,109.00,109.00,109.00,109.00,109.00,109.00,109.00,109.00,109.00,109.00,109.00,109.00,109.00
2026-08-22 00:24:08,109.00,138.00,109.00,109.00,109.00,109.00,109.00,109.00,109.00,109.00,109.00,109.00,109.00,109.00,109.00,109.00,109.00,109.00,109.00,109.00,109.00,109.00,109.00
2026-08-22 00:34:13,109.00,138.00,109.00,109.00,109.00,109.00,109.00,109.00,109.00,109.00,109.00,109.00,109.00,109.00,109.00,109.00,109.00,109.00,109.00,109.00,109.00,109.00,109.00
2026-08-22 00:44:03,109.00,138.00,109.00,109.00,109.00,109.00,109.00,109.00,109.00,109.00,109.00,109.00,109.00,109.00,109.00,109.00,109.00,109.00,109.00,109.00,109.00,109.00,109.00
2026-08-22 00:53:56,109.00,138.00,109.00,109.00,109.00,109.00,109.00,109.00,109.00,109.00,109.00,109.00,109.00,109.00,109.00,109.00,109.00,109.00,109.00,109.00,109.00,109.00,109.00
2026-08-22 01:04:05,109.00,138.00,109.00,109.00,109.00,109.00,109.00,109.00,109.00,109.00,109.00,109.00,109.00,109.00,109.00,109.00,109.00,109.00,109.00,109.00,109.00,109.00,109.00
2026-08-22 01:14:04,109.00,138.00,109.00,109.00,109.00,109.00,109.00,109.00,109.00,109.00,109.00,109.00,109.00,109.00,109.00,109.00,109.00,109.00,109.00,109.00,109.00,109.00,109.00
2026-08-22 01:24:12,109.00,138.00,109.00,109.00,109.00,109.00,109.00,109.00,109.00,109.00,109.00,109.00,109.00,109.00,109.00,109.00,109.00,109.00,109.00,109.00,109.00,109.00,109.00
2026-08-22 01:34:08,109.00,138.00,109.00,109.00,109.00,109.00,109.00,109.00,109.00,109.00,109.00,109.00,109.00,109.00,109.00,109.00,109.00,109.00,109.00,109.00,109.00,109.00,109.00
2026-08-22 01:44:13,109.00,138.00,109.00,109.00,109.00,109.00,109.00,109.00,109.00,109.00,109.00,109.00,109.00,109.00,109.00,109.00,109.00,109.00,109.00,109.00,109.00,109.00,109.00
2026-08-22 01:54:09,109.00,138.00,109.00,109.00,109.00,109.00,109.00,109.00,109.00,109.00,109.00,109.00,109.00,109.00,109.00,109.00,109.00,109.00,109.00,109.00,109.00,109.00,109.00
2026-08-22 02:04:07,109.00,138.00,109.00,109.00,109.00,109.00,109.00,109.00,109.00,109.00,109.00,109.00,109.00,109.00,109.00,109.00,109.00,109.00,109.00,109.00,109.00,109.00,109.00
2026-08-22 02:14:02,109.00,138.00,109.00,109.00,109.00,109.00,109.00,109.00,109.00,109.00,109.00,109.00,109.00,109.00,109.00,109.00,109.00,109.00,109.00,109.00,109.00,109.00,109.00
2026-08-22 02:24:01,109.00,,109.00,,109.00,,109.00,,109.00,,109.00,,109.00,,,,109.00,109.00,,,109.00,109.00,109.00
2026-08-22 02:34:14,109.00,138.00,109.00,109.00,109.00,109.00,109.00,109.00,109.00,109.00,109.00,109.00,109.00,109.00,109.00,109.00,109.00,109.00,109.00,109.00,109.00,109.00,109.00
2026-08-22 02:44:08,109.00,138.00,109.00,109.00,109.00,109.00,109.00,109.00,109.00,109.00,109.00,109.00,109.00,109.00,109.00,109.00,109.00,109.00,109.00,109.00,109.00,109.00,109.00
2026-08-22 02:54:02,109.00,138.00,109.00,109.00,109.00,109.00,109.00,109.00,109.00,109.00,109.00,109.00,109.00,109.00,109.00,109.00,109.00,109.00,109.00,109.00,109.00,109.00,109.00
2026-08-22 03:04:06,109.00,138.00,109.00,109.00,109.00,109.00,109.00,109.00,109.00,109.00,109.00,109.00,109.00,109.00,109.00,109.00,109.00,109.00,109.00,109.00,109.00,109.00,109.00
2026-08-22 03:14:13,109.00,138.00,109.00,109.00,109.00,109.00,109.00,109.00,109.00,109.00,109.00,109.00,109.00,109.00,109.00,109.00,109.00,109.00,109.00,109.00,109.00,109.00,109.00
2026-08-22 03:24:13,109.00,138.00,109.00,109.00,109.00,109.00,109.00,109.00,109.00,109.00,109.00,109.00,109.00,109.00,109.00,109.00,109.00,109.00,109.00,109.00,109.00,109.00,109.00
2026-08-22 03:34:11,109.00,138.00,109.00,109.00,109.00,109.00,109.00,109.00,109.00,109.00,109.00,109.00,109.00,109.00,109.00,109.00,109.00,109.00,109.00,109.00,109.00,109.00,109.00
2026-08-22 03:44:04,109.00,138.00,109.00,109.00,109.00,109.00,109.00,109.00,109.00,109.00,109.00,109.00,109.00,109.00,109.00,109.00,109.00,109.00,109.00,109.00,109.00,109.00,109.00
2026-08-22 03:54:14,109.00,138.00,109.00,109.00,109.00,109.00,109.00,109.00,109.00,109.00,109.00,109.00,109.00,109.00,109.00,109.00,109.00,109.00,109.00,109.00,109.00,109.00,109.00
2026-08-22 04:04:17,109.00,138.00,109.00,109.00,109.00,109.00,109.00,109.00,109.00,109.00,109.00,109.00,109.00,109.00,109.00,109.00,109.00,109.00,109.00,109.00,109.00,109.00,109.00
2026-08-22 04:14:16,109.00,138.00,109.00,109.00,109.00,109.00,109.00,109.00,109.00,109.00,109.00,109.00,109.00,109.00,109.00,109.00,109.00,109.00,109.00,109.00,109.00,109.00,109.00
2026-08-22 04:24:08,109.00,138.00,109.00,109.00,109.00,109.00,109.00,109.00,109.00,109.00,109.00,109.00,109.00,109.00,109.00,109.00,109.00,109.00,109.00,109.00,109.00,109.00,109.00
2026-08-22 04:34:10,109.00,138.00,109.00,109.00,109.00,109.00,109.00,109.00,109.00,109.00,109.00,109.00,109.00,109.00,109.00,109.00,109.00,109.00,109.00,109.00,109.00,109.00,109.00
2026-08-22 04:44:08,109.00,138.00,109.00,109.00,109.00,109.00,109.00,109.00,109.00,109.00,109.00,109.00,109.00,109.00,109.00,109.00,109.00,109.00,109.00,109.00,109.00,109.00,109.00
2026-08-22 04:54:08,109.00,138.00,109.00,109.00,109.00,109.00,109.00,109.00,109.00,109.00,109.00,109.00,109.00,109.00,109.00,109.00,109.00,109.00,109.00,109.00,109.00,109.00,109.00
2026-08-22 05:04:13,109.00,154.00,109.00,109.00,109.00,109.00,109.00,109.00,109.00,109.00,109.00,109.00,109.00,109.00,109.00,109.00,109.00,109.00,109.00,109.00,109.00,109.00,109.00
2026-08-22 05:14:15,109.00,154.00,109.00,109.00,109.00,109.00,109.00,109.00,109.00,109.00,109.00,109.00,109.00,109.00,109.00,109.00,109.00,109.00,109.00,109.00,109.00,109.00,109.00
2026-08-22 05:24:18,109.00,154.00,109.00,109.00,109.00,109.00,109.00,109.00,109.00,109.00,109.00,109.00,109.00,109.00,109.00,109.00,109.00,109.00,109.00,109.00,109.00,109.00,109.00
2026-08-22 05:33:44,109.00,154.00,109.00,109.00,109.00,109.00,109.00,109.00,109.00,109.00,109.00,109.00,109.00,109.00,109.00,109.00,109.00,109.00,109.00,109.00,109.00,109.00,109.00
2026-08-22 05:44:16,109.00,154.00,109.00,109.00,109.00,109.00,109.00,109.00,109.00,109.00,109.00,109.00,109.00,109.00,109.00,109.00,109.00,109.00,109.00,109.00,109.00,109.00,109.00
2026-08-22 05:53:48,109.00,154.00,109.00,109.00,109.00,109.00,109.00,109.00,109.00,109.00,109.00,109.00,109.00,109.00,109.00,109.00,109.00,109.00,109.00,109.00,109.00,109.00,109.00
2026-08-22 06:04:10,109.00,154.00,109.00,109.00,109.00,109.00,109.00,109.00,109.00,109.00,109.00,109.00,109.00,109.00,109.00,109.00,109.00,109.00,109.00,109.00,109.00,109.00,109.00
2026-08-22 06:14:27,109.00,154.00,109.00,109.00,109.00,109.00,109.00,109.00,109.00,109.00,109.00,109.00,109.00,109.00,109.00,109.00,109.00,109.00,109.00,109.00,109.00,109.00,109.00
2026-08-22 06:24:18,109.00,154.00,109.00,109.00,109.00,109.00,109.00,109.00,109.00,109.00,109.00,109.00,109.00,109.00,109.00,109.00,109.00,109.00,109.00,109.00,109.00,109.00,109.00
2026-08-22 06:34:14,109.00,154.00,109.00,109.00,109.00,109.00,109.00,109.00,109.00,109.00,109.00,109.00,109.00,109.00,109.00,109.00,109.00,109.00,109.00,109.00,109.00,109.00,109.00
2026-08-22 06:44:00,109.00,154.00,109.00,109.00,109.00,109.00,109.00,109.00,109.00,109.00,109.00,109.00,109.00,109.00,109.00,109.00,109.00,109.00,109.00,109.00,109.00,109.00,109.00
2026-08-22 06:53:44,109.00,154.00,109.00,109.00,109.00,109.00,109.00,109.00,109.00,109.00,109.00,109.00,109.00,109.00,109.00,109.00,109.00,109.00,109.00,109.00,109.00,109.00,109.00
2026-08-22 07:04:17,109.00,154.00,109.00,109.00,109.00,109.00,109.00,109.00,109.00,109.00,109.00,109.00,109.00,109.00,109.00,109.00,109.00,109.00,109.00,109.00,109.00,109.00,109.00
2026-08-22 07:14:11,109.00,154.00,109.00,109.00,109.00,109.00,109.00,109.00,109.00,109.00,109.00,109.00,109.00,109.00,109.00,109.00,109.00,109.00,109.00,109.00,109.00,109.00,109.00
2026-08-22 07:24:13,109.00,154.00,109.00,109.00,109.00,109.00,109.00,109.00,109.00,109.00,109.00,109.00,109.00,109.00,109.00,109.00,109.00,109.00,109.00,109.00,109.00,109.00,109.00
2026-08-22 07:34:20,109.00,154.00,109.00,109.00,109.00,109.00,109.00,109.00,109.00,109.00,109.00,109.00,109.00,109.00,109.00,109.00,109.00,109.00,109.00,109.00,109.00,109.00,109.00
2026-08-22 07:44:20,109.00,154.00,109.00,109.00,109.00,109.00,109.00,109.00,109.00,109.00,109.00,109.00,109.00,109.00,109.00,109.00,109.00,109.00,109.00,109.00,109.00,109.00,109.00
2026-08-22 07:54:12,109.00,154.00,109.00,109.00,109.00,109.00,109.00,109.00,109.00,109.00,109.00,109.00,109.00,109.00,109.00,109.00,109.00,109.00,109.00,109.00,109.00,109.00,109.00
2026-08-22 08:04:19,109.00,154.00,109.00,109.00,109.00,109.00,109.00,109.00,109.00,109.00,109.00,109.00,109.00,109.00,109.00,109.00,109.00,109.00,109.00,109.00,109.00,109.00,109.00
2026-08-22 08:14:15,109.00,154.00,109.00,109.00,109.00,109.00,109.00,109.00,109.00,109.00,109.00,109.00,109.00,109.00,109.00,109.00,109.00,109.00,109.00,109.00,109.00,109.00,109.00
2026-08-22 08:24:26,109.00,154.00,109.00,109.00,109.00,109.00,109.00,109.00,109.00,109.00,109.00,109.00,109.00,109.00,109.00,109.00,109.00,109.00,109.00,109.00,109.00,109.00,109.00
2026-08-22 08:34:17,109.00,154.00,109.00,109.00,109.00,109.00,109.00,109.00,109.00,109.00,109.00,109.00,109.00,109.00,109.00,109.00,109.00,109.00,109.00,109.00,109.00,109.00,109.00
2026-08-22 08:44:14,109.00,154.00,109.00,109.00,109.00,109.00,109.00,109.00,109.00,109.00,109.00,109.00,109.00,109.00,109.00,109.00,109.00,109.00,109.00,109.00,109.00,109.00,109.00
2026-08-22 08:53:55,109.00,154.00,109.00,109.00,109.00,109.00,109.00,109.00,109.00,109.00,109.00,109.00,109.00,109.00,109.00,109.00,109.00,109.00,109.00,109.00,109.00,109.00,109.00
2026-08-22 09:04:23,109.00,154.00,109.00,109.00,109.00,109.00,109.00,109.00,109.00,109.00,109.00,109.00,109.00,109.00,109.00,109.00,109.00,109.00,109.00,109.00,109.00,109.00,109.00
2026-08-22 09:14:00,109.00,154.00,109.00,109.00,109.00,109.00,109.00,109.00,109.00,109.00,109.00,109.00,109.00,109.00,109.00,109.00,109.00,109.00,109.00,109.00,109.00,109.00,109.00
2026-08-22 09:24:18,109.00,154.00,109.00,109.00,109.00,109.00,109.00,109.00,109.00,109.00,109.00,109.00,109.00,109.00,109.00,109.00,109.00,109.00,109.00,109.00,109.00,109.00,109.00
2026-08-22 09:34:07,109.00,154.00,109.00,109.00,109.00,109.00,109.00,109.00,109.00,109.00,109.00,109.00,109.00,109.00,109.00,109.00,109.00,109.00,109.00,109.00,109.00,109.00,109.00
2026-08-22 09:44:14,109.00,154.00,109.00,109.00,109.00,109.00,109.00,109.00,109.00,109.00,109.00,109.00,109.00,109.00,109.00,109.00,109.00,109.00,109.00,109.00,109.00,109.00,109.00
2026-08-22 09:53:53,109.00,154.00,109.00,109.00,109.00,109.00,109.00,109.00,109.00,109.00,109.00,109.00,109.00,109.00,109.00,109.00,109.00,109.00,109.00,109.00,109.00,109.00,109.00
2026-08-22 10:04:16,109.00,154.00,109.00,109.00,109.00,109.00,109.00,109.00,109.00,109.00,109.00,109.00,109.00,109.00,109.00,109.00,109.00,109.00,109.00,109.00,109.00,109.00,109.00
2026-08-22 10:24:03,109.00,154.00,109.00,109.00,109.00,109.00,109.00,109.00,109.00,109.00,109.00,109.00,109.00,109.00,109.00,109.00,109.00,109.00,109.00,109.00,109.00,109.00,109.00
2026-08-22 10:34:13,109.00,154.00,109.00,109.00,109.00,109.00,109.00,109.00,109.00,109.00,109.00,109.00,109.00,109.00,109.00,109.00,109.00,109.00,109.00,109.00,109.00,109.00,109.00
2026-08-22 10:44:35,,154.00,,109.00,,109.00,,109.00,,109.00,,109.00,109.00,109.00,109.00,109.00,,,109.00,109.00,,,
2026-08-22 10:54:09,109.00,154.00,109.00,109.00,109.00,109.00,109.00,109.00,109.00,109.00,109.00,109.00,109.00,109.00,109.00,109.00,109.00,109.00,109.00,109.00,109.00,109.00,109.00
2026-08-22 11:04:12,109.00,,109.00,,109.00,,109.00,,109.00,,109.00,,109.00,,,,109.00,109.00,,,109.00,109.00,109.00
2026-08-22 11:14:12,109.00,154.00,109.00,109.00,109.00,109.00,109.00,109.00,109.00,109.00,109.00,109.00,109.00,109.00,109.00,109.00,109.00,109.00,109.00,109.00,109.00,109.00,109.00
2026-08-22 11:24:09,109.00,154.00,109.00,109.00,109.00,109.00,109.00,109.00,109.00,109.00,109.00,109.00,109.00,109.00,109.00,109.00,109.00,109.00,109.00,109.00,109.00,109.00,109.00
2026-08-22 11:34:20,109.00,154.00,109.00,109.00,109.00,109.00,109.00,109.00,109.00,109.00,109.00,109.00,109.00,109.00,109.00,109.00,109.00,109.00,109.00,109.00,109.00,109.00,109.00
2026-08-22 11:44:32,,154.00,,109.00,,109.00,,109.00,,109.00,,109.00,109.00,109.00,109.00,109.00,,,109.00,109.00,,,
2026-08-22 11:54:06,109.00,154.00,109.00,109.00,109.00,109.00,109.00,109.00,109.00,109.00,109.00,109.00,109.00,109.00,109.00,109.00,109.00,109.00,109.00,109.00,109.00,109.00,109.00
2026-08-22 12:04:19,109.00,154.00,109.00,109.00,109.00,109.00,109.00,109.00,109.00,109.00,109.00,109.00,109.00,109.00,109.00,109.00,109.00,109.00,109.00,109.00,109.00,109.00,109.00
2026-08-22 12:13:56,109.00,154.00,109.00,109.00,109.00,109.00,109.00,109.00,109.00,109.00,109.00,109.00,109.00,109.00,109.00,109.00,109.00,109.00,109.00,109.00,109.00,109.00,109.00
2026-08-22 12:24:01,109.00,154.00,109.00,109.00,109.00,109.00,109.00,109.00,109.00,109.00,109.00,109.00,109.00,109.00,109.00,109.00,109.00,109.00,109.00,109.00,109.00,109.00,109.00
2026-08-22 12:34:25,109.00,154.00,109.00,109.00,109.00,109.00,109.00,109.00,109.00,109.00,109.00,109.00,109.00,109.00,109.00,109.00,109.00,109.00,109.00,109.00,109.00,109.00,109.00
2026-08-22 12:44:11,109.00,154.00,109.00,109.00,109.00,109.00,109.00,109.00,109.00,109.00,109.00,109.00,109.00,109.00,109.00,109.00,109.00,109.00,109.00,109.00,109.00,109.00,109.00
2026-08-22 12:54:22,109.00,154.00,109.00,109.00,109.00,109.00,109.00,109.00,109.00,109.00,109.00,109.00,109.00,109.00,109.00,109.00,109.00,109.00,109.00,109.00,109.00,109.00,109.00
2026-08-22 13:04:16,109.00,154.00,109.00,109.00,109.00,109.00,109.00,109.00,109.00,109.00,109.00,109.00,109.00,109.00,109.00,109.00,109.00,109.00,109.00,109.00,109.00,109.00,109.00
2026-08-22 13:14:07,109.00,154.00,109.00,109.00,109.00,109.00,109.00,109.00,109.00,109.00,109.00,109.00,109.00,109.00,109.00,109.00,109.00,109.00,109.00,109.00,109.00,109.00,109.00
2026-08-22 13:24:15,109.00,154.00,109.00,109.00,109.00,109.00,109.00,109.00,109.00,109.00,109.00,109.00,109.00,109.00,109.00,109.00,109.00,109.00,109.00,109.00,109.00,109.00,109.00
2026-08-22 13:34:18,109.00,154.00,109.00,109.00,109.00,109.00,109.00,109.00,109.00,109.00,109.00,109.00,109.00,109.00,109.00,109.00,109.00,109.00,109.00,109.00,109.00,109.00,109.00
2026-08-22 13:43:51,109.00,154.00,109.00,109.00,109.00,109.00,109.00,109.00,109.00,109.00,109.00,109.00,109.00,109.00,109.00,109.00,109.00,109.00,109.00,109.00,109.00,109.00,109.00
2026-08-22 13:54:08,109.00,154.00,109.00,109.00,109.00,109.00,109.00,109.00,109.00,109.00,109.00,109.00,109.00,109.00,109.00,109.00,109.00,109.00,109.00,109.00,109.00,109.00,109.00
2026-08-22 14:04:19,109.00,154.00,109.00,109.00,109.00,109.00,109.00,109.00,109.00,109.00,109.00,109.00,109.00,109.00,109.00,109.00,109.00,109.00,109.00,109.00,109.00,109.00,109.00
2026-08-22 14:14:11,109.00,154.00,109.00,109.00,109.00,109.00,109.00,109.00,109.00,109.00,109.00,109.00,109.00,109.00,109.00,109.00,109.00,109.00,109.00,109.00,109.00,109.00,109.00
2026-08-22 14:24:14,109.00,154.00,109.00,109.00,109.00,109.00,109.00,109.00,109.00,109.00,109.00,109.00,109.00,109.00,109.00,109.00,109.00,109.00,109.00,109.00,109.00,109.00,109.00
2026-08-22 14:34:18,109.00,154.00,109.00,109.00,109.00,109.00,109.00,109.00,109.00,109.00,109.00,109.00,109.00,109.00,109.00,109.00,,,109.00,109.00,,,
2026-08-22 14:44:17,109.00,154.00,109.00,109.00,109.00,109.00,109.00,109.00,109.00,109.00,109.00,109.00,109.00,109.00,109.00,109.00,,,109.00,109.00,,,
2026-08-22 14:54:16,109.00,154.00,109.00,109.00,109.00,109.00,109.00,109.00,109.00,109.00,109.00,109.00,109.00,109.00,109.00,109.00,,,109.00,109.00,,,
2026-08-22 15:04:14,109.00,154.00,109.00,109.00,109.00,109.00,109.00,109.00,109.00,109.00,109.00,109.00,109.00,109.00,109.00,109.00,,,109.00,109.00,,,
2026-08-22 15:14:09,109.00,154.00,109.00,109.00,109.00,109.00,109.00,109.00,109.00,109.00,109.00,109.00,109.00,109.00,109.00,109.00,,,109.00,109.00,,,
2026-08-22 15:24:26,109.00,154.00,109.00,109.00,109.00,109.00,109.00,109.00,109.00,109.00,109.00,109.00,109.00,109.00,109.00,109.00,109.00,109.00,109.00,109.00,109.00,109.00,109.00
2026-08-22 15:34:15,109.00,154.00,109.00,109.00,109.00,109.00,109.00,109.00,109.00,109.00,109.00,109.00,109.00,109.00,109.00,109.00,109.00,109.00,109.00,109.00,109.00,109.00,109.00
2026-08-22 15:44:30,109.00,154.00,109.00,109.00,109.00,109.00,109.00,109.00,109.00,109.00,109.00,109.00,109.00,109.00,109.00,109.00,109.00,109.00,109.00,109.00,109.00,109.00,109.00
2026-08-22 15:54:13,109.00,154.00,109.00,109.00,109.00,109.00,109.00,109.00,109.00,109.00,109.00,109.00,109.00,109.00,109.00,109.00,109.00,109.00,109.00,109.00,109.00,109.00,109.00
2026-08-22 16:04:14,109.00,154.00,109.00,109.00,109.00,109.00,109.00,109.00,109.00,109.00,109.00,109.00,109.00,109.00,109.00,109.00,109.00,109.00,109.00,109.00,109.00,109.00,109.00
2026-08-22 16:14:03,109.00,154.00,109.00,109.00,109.00,109.00,109.00,109.00,109.00,109.00,109.00,109.00,109.00,109.00,109.00,109.00,109.00,109.00,109.00,109.00,109.00,109.00,109.00
2026-08-22 16:24:05,109.00,154.00,109.00,109.00,109.00,109.00,109.00,109.00,109.00,109.00,109.00,109.00,109.00,109.00,109.00,109.00,109.00,109.00,109.00,109.00,109.00,109.00,109.00
2026-08-22 16:34:24,109.00,154.00,109.00,109.00,109.00,109.00,109.00,109.00,109.00,109.00,109.00,109.00,109.00,109.00,109.00,109.00,109.00,109.00,109.00,109.00,109.00,109.00,109.00
2026-08-22 16:43:47,109.00,154.00,109.00,109.00,109.00,109.00,109.00,109.00,109.00,109.00,109.00,109.00,109.00,109.00,109.00,109.00,109.00,109.00,109.00,109.00,109.00,109.00,109.00
2026-08-22 16:53:54,109.00,154.00,109.00,109.00,109.00,109.00,109.00,109.00,109.00,109.00,109.00,109.00,109.00,109.00,109.00,109.00,109.00,109.00,109.00,109.00,109.00,109.00,109.00
2026-08-22 17:14:02,109.00,154.00,109.00,109.00,109.00,109.00,109.00,109.00,109.00,109.00,109.00,109.00,109.00,109.00,109.00,109.00,109.00,109.00,109.00,109.00,109.00,109.00,109.00
2026-08-22 17:24:23,109.00,154.00,109.00,109.00,109.00,109.00,109.00,109.00,109.00,109.00,109.00,109.00,109.00,109.00,109.00,109.00,109.00,109.00,109.00,109.00,109.00,109.00,109.00
2026-08-22 17:34:12,109.00,154.00,109.00,109.00,109.00,109.00,109.00,109.00,109.00,109.00,109.00,109.00,109.00,109.00,109.00,109.00,109.00,109.00,109.00,109.00,109.00,109.00,109.00
2026-08-22 17:44:14,109.00,154.00,109.00,109.00,109.00,109.00,109.00,109.00,109.00,109.00,109.00,109.00,109.00,109.00,109.00,109.00,109.00,109.00,109.00,109.00,109.00,109.00,109.00
2026-08-22 17:54:27,109.00,154.00,109.00,109.00,109.00,109.00,109.00,109.00,109.00,109.00,109.00,109.00,109.00,109.00,109.00,109.00,109.00,109.00,109.00,109.00,109.00,109.00,109.00
2026-08-22 18:04:29,109.00,154.00,109.00,109.00,109.00,109.00,109.00,109.00,109.00,109.00,109.00,109.00,109.00,109.00,109.00,109.00,109.00,109.00,109.00,109.00,109.00,109.00,109.00
2026-08-22 18:14:27,109.00,154.00,109.00,109.00,109.00,109.00,109.00,109.00,109.00,109.00,109.00,109.00,109.00,109.00,109.00,109.00,109.00,109.00,109.00,109.00,109.00,109.00,109.00
2026-08-22 18:24:16,109.00,154.00,109.00,109.00,109.00,109.00,109.00,109.00,109.00,109.00,109.00,109.00,109.00,109.00,109.00,109.00,109.00,109.00,109.00,109.00,109.00,109.00,109.00
2026-08-22 18:34:18,109.00,154.00,109.00,109.00,109.00,109.00,109.00,109.00,109.00,109.00,109.00,109.00,109.00,109.00,109.00,109.00,109.00,109.00,109.00,109.00,109.00,109.00,109.00
2026-08-22 18:44:19,109.00,154.00,109.00,109.00,109.00,109.00,109.00,109.00,109.00,109.00,109.00,109.00,109.00,109.00,109.00,109.00,109.00,109.00,109.00,109.00,109.00,109.00,109.00
2026-08-22 18:54:17,109.00,154.00,109.00,109.00,109.00,109.00,109.00,109.00,109.00,109.00,109.00,109.00,109.00,109.00,109.00,109.00,109.00,109.00,109.00,109.00,109.00,109.00,109.00
2026-08-22 19:04:16,109.00,154.00,109.00,109.00,109.00,109.00,109.00,109.00,109.00,109.00,109.00,109.00,109.00,109.00,109.00,109.00,109.00,109.00,109.00,109.00,109.00,109.00,109.00
2026-08-22 19:14:25,109.00,154.00,109.00,109.00,109.00,109.00,109.00,109.00,109.00,109.00,109.00,109.00,109.00,109.00,109.00,109.00,109.00,109.00,109.00,109.00,109.00,109.00,109.00
2026-08-22 19:24:15,109.00,154.00,109.00,109.00,109.00,109.00,109.00,109.00,109.00,109.00,109.00,109.00,109.00,109.00,109.00,109.00,109.00,109.00,109.00,109.00,109.00,109.00,109.00
2026-08-22 19:34:19,109.00,154.00,109.00,109.00,109.00,109.00,109.00,109.00,109.00,109.00,109.00,109.00,109.00,109.00,109.00,109.00,109.00,109.00,109.00,109.00,109.00,109.00,109.00
2026-08-22 19:44:15,109.00,154.00,109.00,109.00,109.00,109.00,109.00,109.00,109.00,109.00,109.00,109.00,109.00,109.00,109.00,109.00,109.00,109.00,109.00,109.00,109.00,109.00,109.00
2026-08-22 19:54:09,109.00,154.00,109.00,109.00,109.00,109.00,109.00,109.00,109.00,109.00,109.00,109.00,109.00,109.00,109.00,109.00,109.00,109.00,109.00,109.00,109.00,109.00,109.00
2026-08-22 20:04:28,109.00,154.00,109.00,109.00,109.00,109.00,109.00,109.00,109.00,109.00,109.00,109.00,109.00,109.00,109.00,109.00,109.00,109.00,109.00,109.00,109.00,109.00,109.00
2026-08-22 20:14:20,109.00,154.00,109.00,109.00,109.00,109.00,109.00,109.00,109.00,109.00,109.00,109.00,109.00,109.00,109.00,109.00,109.00,109.00,109.00,109.00,109.00,109.00,109.00
2026-08-22 20:24:36,109.00,154.00,109.00,109.00,109.00,109.00,109.00,109.00,109.00,109.00,109.00,109.00,109.00,109.00,109.00,109.00,109.00,109.00,109.00,109.00,109.00,109.00,109.00
2026-08-22 20:34:24,109.00,154.00,109.00,109.00,109.00,109.00,109.00,109.00,109.00,109.00,109.00,109.00,109.00,109.00,109.00,109.00,109.00,109.00,109.00,109.00,109.00,109.00,109.00
2026-08-22 20:44:22,,154.00,,109.00,,109.00,,109.00,,109.00,,109.00,109.00,109.00,109.00,109.00,,,109.00,109.00,,,
2026-08-22 20:54:20,109.00,154.00,109.00,109.00,109.00,109.00,109.00,109.00,109.00,109.00,109.00,109.00,109.00,109.00,109.00,109.00,109.00,109.00,109.00,109.00,109.00,109.00,109.00
2026-08-22 21:04:20,109.00,154.00,109.00,109.00,109.00,109.00,109.00,109.00,109.00,109.00,109.00,109.00,109.00,109.00,109.00,109.00,109.00,109.00,109.00,109.00,109.00,109.00,109.00
2026-08-22 21:14:09,109.00,154.00,109.00,109.00,109.00,109.00,109.00,109.00,109.00,109.00,109.00,109.00,109.00,109.00,109.00,109.00,109.00,109.00,109.00,109.00,109.00,109.00,109.00
2026-08-22 21:24:14,,154.00,,109.00,,109.00,,109.00,,109.00,,109.00,109.00,109.00,109.00,109.00,,,109.00,109.00,,,
2026-08-22 21:34:26,109.00,154.00,109.00,109.00,109.00,109.00,109.00,109.00,109.00,109.00,109.00,109.00,109.00,109.00,109.00,109.00,109.00,109.00,109.00,109.00,109.00,109.00,109.00
2026-08-22 21:44:09,109.00,154.00,109.00,109.00,109.00,109.00,109.00,109.00,109.00,109.00,109.00,109.00,109.00,109.00,109.00,109.00,109.00,109.00,109.00,109.00,109.00,109.00,109.00
2026-08-22 21:54:13,109.00,154.00,109.00,109.00,109.00,109.00,109.00,109.00,109.00,109.00,109.00,109.00,109.00,109.00,109.00,109.00,109.00,109.00,109.00,109.00,109.00,109.00,109.00
2026-08-22 22:04:14,109.00,154.00,109.00,109.00,109.00,109.00,109.00,109.00,109.00,109.00,109.00,109.00,109.00,109.00,109.00,109.00,109.00,109.00,109.00,109.00,109.00,109.00,109.00
2026-08-22 22:14:11,109.00,154.00,109.00,109.00,109.00,109.00,109.00,109.00,109.00,109.00,109.00,109.00,109.00,109.00,109.00,109.00,109.00,109.00,109.00,109.00,109.00,109.00,109.00
2026-08-22 22:24:19,109.00,154.00,109.00,109.00,109.00,109.00,109.00,109.00,109.00,109.00,109.00,109.00,109.00,109.00,109.00,109.00,109.00,109.00,109.00,109.00,109.00,109.00,109.00
2026-08-22 22:34:14,109.00,154.00,109.00,109.00,109.00,109.00,109.00,109.00,109.00,109.00,109.00,109.00,109.00,109.00,109.00,109.00,109.00,109.00,109.00,109.00,109.00,109.00,109.00
2026-08-22 22:53:58,109.00,154.00,109.00,109.00,109.00,109.00,109.00,109.00,109.00,109.00,109.00,109.00,109.00,109.00,109.00,109.00,109.00,109.00,109.00,109.00,109.00,109.00,109.00
2026-08-22 23:04:03,109.00,154.00,109.00,109.00,109.00,109.00,109.00,109.00,109.00,109.00,109.00,109.00,109.00,109.00,109.00,109.00,109.00,109.00,109.00,109.00,109.00,109.00,109.00
2026-08-22 23:14:11,109.00,154.00,109.00,109.00,109.00,109.00,109.00,109.00,109.00,109.00,109.00,109.00,109.00,109.00,109.00,109.00,109.00,109.00,109.00,109.00,109.00,109.00,109.00
2026-08-22 23:24:26,109.00,154.00,109.00,109.00,109.00,109.00,109.00,109.00,109.00,109.00,109.00,109.00,109.00,109.00,109.00,109.00,109.00,109.00,109.00,109.00,109.00,109.00,109.00
2026-08-22 23:34:41,,154.00,,109.00,,109.00,,109.00,,109.00,,109.00,109.00,109.00,109.00,109.00,,,109.00,109.00,,,
2026-08-22 23:44:24,109.00,154.00,109.00,109.00,109.00,109.00,109.00,109.00,109.00,109.00,109.00,109.00,109.00,109.00,109.00,109.00,109.00,109.00,109.00,109.00,109.00,109.00,109.00
2026-08-22 23:53:50,109.00,154.00,109.00,109.00,109.00,109.00,109.00,109.00,109.00,109.00,109.00,109.00,109.00,109.00,109.00,109.00,109.00,109.00,109.00,109.00,109.00,109.00,109.00
2026-08-23 00:04:33,109.00,,109.00,,109.00,,109.00,,109.00,,109.00,,109.00,,,,109.00,109.00,,,109.00,109.00,109.00
2026-08-23 00:14:14,109.00,154.00,109.00,109.00,109.00,109.00,109.00,109.00,109.00,109.00,109.00,109.00,109.00,109.00,109.00,109.00,109.00,109.00,109.00,109.00,109.00,109.00,109.00
2026-08-23 00:24:14,109.00,154.00,109.00,109.00,109.00,109.00,109.00,109.00,109.00,109.00,109.00,109.00,109.00,109.00,109.00,109.00,109.00,109.00,109.00,109.00,109.00,109.00,109.00
2026-08-23 00:34:08,109.00,154.00,109.00,109.00,109.00,109.00,109.00,109.00,109.00,109.00,109.00,109.00,109.00,109.00,109.00,109.00,109.00,109.00,109.00,109.00,109.00,109.00,109.00
2026-08-23 00:44:24,109.00,154.00,109.00,109.00,109.00,109.00,109.00,109.00,109.00,109.00,109.00,109.00,109.00,109.00,109.00,109.00,109.00,109.00,109.00,109.00,109.00,109.00,109.00
2026-08-23 01:04:41,109.00,154.00,109.00,109.00,109.00,109.00,109.00,109.00,109.00,109.00,109.00,109.00,109.00,109.00,109.00,109.00,109.00,109.00,109.00,109.00,109.00,109.00,109.00
2026-08-23 01:14:18,109.00,154.00,109.00,109.00,109.00,109.00,109.00,109.00,109.00,109.00,109.00,109.00,109.00,109.00,109.00,109.00,109.00,109.00,109.00,109.00,109.00,109.00,109.00
2026-08-23 01:24:42,109.00,154.00,109.00,109.00,109.00,109.00,109.00,109.00,109.00,109.00,109.00,109.00,109.00,109.00,109.00,109.00,109.00,109.00,109.00,109.00,109.00,109.00,109.00
2026-08-23 01:34:32,109.00,154.00,109.00,109.00,109.00,109.00,109.00,109.00,109.00,109.00,109.00,109.00,109.00,109.00,109.00,109.00,109.00,109.00,109.00,109.00,109.00,109.00,109.00
2026-08-23 01:44:19,109.00,154.00,109.00,109.00,109.00,109.00,109.00,109.00,109.00,109.00,109.00,109.00,109.00,109.00,109.00,109.00,109.00,109.00,109.00,109.00,109.00,109.00,109.00
2026-08-23 01:54:25,109.00,154.00,109.00,109.00,109.00,109.00,109.00,109.00,109.00,109.00,109.00,109.00,109.00,109.00,109.00,109.00,109.00,109.00,109.00,109.00,109.00,109.00,109.00
2026-08-23 02:04:54,,154.00,,109.00,,109.00,,109.00,,109.00,,109.00,109.00,109.00,109.00,109.00,,,109.00,109.00,,,
2026-08-23 02:13:53,109.00,154.00,109.00,109.00,109.00,109.00,109.00,109.00,109.00,109.00,109.00,109.00,109.00,109.00,109.00,109.00,109.00,109.00,109.00,109.00,109.00,109.00,109.00
2026-08-23 02:24:13,109.00,154.00,109.00,109.00,109.00,109.00,109.00,109.00,109.00,109.00,109.00,109.00,109.00,109.00,109.00,109.00,109.00,109.00,109.00,109.00,109.00,109.00,109.00
2026-08-23 02:34:35,109.00,154.00,109.00,109.00,109.00,109.00,109.00,109.00,109.00,109.00,109.00,109.00,109.00,109.00,109.00,109.00,109.00,109.00,109.00,109.00,109.00,109.00,109.00
2026-08-23 02:44:21,109.00,154.00,109.00,109.00,109.00,109.00,109.00,109.00,109.00,109.00,109.00,109.00,109.00,109.00,109.00,109.00,109.00,109.00,109.00,109.00,109.00,109.00,109.00
2026-08-23 02:54:06,109.00,154.00,109.00,109.00,109.00,109.00,109.00,109.00,109.00,109.00,109.00,109.00,109.00,109.00,109.00,109.00,109.00,109.00,109.00,109.00,109.00,109.00,109.00
2026-08-23 03:04:38,109.00,154.00,109.00,109.00,109.00,109.00,109.00,109.00,109.00,109.00,109.00,109.00,109.00,109.00,109.00,109.00,109.00,109.00,109.00,109.00,109.00,109.00,109.00
2026-08-23 03:14:28,109.00,154.00,109.00,109.00,109.00,109.00,109.00,109.00,109.00,109.00,109.00,109.00,109.00,109.00,109.00,109.00,109.00,109.00,109.00,109.00,109.00,109.00,109.00
2026-08-23 03:24:27,109.00,154.00,109.00,109.00,109.00,109.00,109.00,109.00,109.00,109.00,109.00,109.00,109.00,109.00,109.00,109.00,109.00,109.00,109.00,109.00,109.00,109.00,109.00
2026-08-23 03:34:16,109.00,154.00,109.00,109.00,109.00,109.00,109.00,109.00,109.00,109.00,109.00,109.00,109.00,109.00,109.00,109.00,109.00,109.00,109.00,109.00,109.00,109.00,109.00
2026-08-23 03:44:01,109.00,154.00,109.00,109.00,109.00,109.00,109.00,109.00,109.00,109.00,109.00,109.00,109.00,109.00,109.00,109.00,109.00,109.00,109.00,109.00,109.00,109.00,109.00
2026-08-23 03:54:27,109.00,154.00,109.00,109.00,109.00,109.00,109.00,109.00,109.00,109.00,109.00,109.00,109.00,109.00,109.00,109.00,109.00,109.00,109.00,109.00,109.00,109.00,109.00
2026-08-23 04:04:29,109.00,154.00,109.00,109.00,109.00,109.00,109.00,109.00,109.00,109.00,109.00,109.00,109.00,109.00,109.00,109.00,109.00,109.00,109.00,109.00,109.00,109.00,109.00
2026-08-23 04:14:23,109.00,154.00,109.00,109.00,109.00,109.00,109.00,109.00,109.00,109.00,109.00,109.00,109.00,109.00,109.00,109.00,109.00,109.00,109.00,109.00,109.00,109.00,109.00
2026-08-23 04:24:07,109.00,154.00,109.00,109.00,109.00,109.00,109.00,109.00,109.00,109.00,109.00,109.00,109.00,109.00,109.00,109.00,109.00,109.00,109.00,109.00,109.00,109.00,109.00
2026-08-23 04:34:34,109.00,154.00,109.00,109.00,109.00,109.00,109.00,109.00,109.00,109.00,109.00,109.00,109.00,109.00,109.00,109.00,109.00,109.00,109.00,109.00,109.00,109.00,109.00
2026-08-23 04:43:58,109.00,154.00,109.00,109.00,109.00,109.00,109.00,109.00,109.00,109.00,109.00,109.00,109.00,109.00,109.00,109.00,109.00,109.00,109.00,109.00,109.00,109.00,109.00
2026-08-23 04:54:18,109.00,154.00,109.00,109.00,109.00,109.00,109.00,109.00,109.00,109.00,109.00,109.00,109.00,109.00,109.00,109.00,109.00,109.00,109.00,109.00,109.00,109.00,109.00
2026-08-23 05:04:27,109.00,154.00,109.00,109.00,109.00,109.00,109.00,109.00,109.00,109.00,109.00,109.00,109.00,109.00,109.00,109.00,109.00,109.00,109.00,109.00,109.00,109.00,109.00
2026-08-23 05:14:26,109.00,154.00,109.00,109.00,109.00,109.00,109.00,109.00,109.00,109.00,109.00,109.00,109.00,109.00,109.00,109.00,109.00,109.00,109.00,109.00,109.00,109.00,109.00
2026-08-23 05:24:20,109.00,154.00,109.00,109.00,109.00,109.00,109.00,109.00,109.00,109.00,109.00,109.00,109.00,109.00,109.00,109.00,109.00,109.00,109.00,109.00,109.00,109.00,109.00
2026-08-23 05:34:33,109.00,154.00,109.00,109.00,109.00,109.00,109.00,109.00,109.00,109.00,109.00,109.00,109.00,109.00,109.00,109.00,109.00,109.00,109.00,109.00,109.00,109.00,109.00
2026-08-23 05:44:29,109.00,154.00,109.00,109.00,109.00,109.00,109.00,109.00,109.00,109.00,109.00,109.00,109.00,109.00,109.00,109.00,109.00,109.00,109.00,109.00,109.00,109.00,109.00
2026-08-23 05:54:29,109.00,154.00,109.00,109.00,109.00,109.00,109.00,109.00,109.00,109.00,109.00,109.00,109.00,109.00,109.00,109.00,109.00,109.00,109.00,109.00,109.00,109.00,109.00
2026-08-23 06:04:35,109.00,154.00,109.00,109.00,109.00,109.00,109.00,109.00,109.00,109.00,109.00,109.00,109.00,109.00,109.00,109.00,109.00,109.00,109.00,109.00,109.00,109.00,109.00
2026-08-23 06:14:22,109.00,154.00,109.00,109.00,109.00,109.00,109.00,109.00,109.00,109.00,109.00,109.00,109.00,109.00,109.00,109.00,109.00,109.00,109.00,109.00,109.00,109.00,109.00
2026-08-23 06:24:51,109.00,154.00,109.00,109.00,109.00,109.00,109.00,109.00,109.00,109.00,109.00,109.00,109.00,109.00,109.00,109.00,109.00,109.00,109.00,109.00,109.00,109.00,109.00
2026-08-23 06:34:21,109.00,154.00,109.00,109.00,109.00,109.00,109.00,109.00,109.00,109.00,109.00,109.00,109.00,109.00,109.00,109.00,109.00,109.00,109.00,109.00,109.00,109.00,109.00
2026-08-23 06:44:18,109.00,154.00,109.00,109.00,109.00,109.00,109.00,109.00,109.00,109.00,109.00,109.00,109.00,109.00,109.00,109.00,109.00,109.00,109.00,109.00,109.00,109.00,109.00
2026-08-23 06:54:26,109.00,154.00,109.00,109.00,109.00,109.00,109.00,109.00,109.00,109.00,109.00,109.00,109.00,109.00,109.00,109.00,109.00,109.00,109.00,109.00,109.00,109.00,109.00
2026-08-23 07:04:32,109.00,154.00,109.00,109.00,109.00,109.00,109.00,109.00,109.00,109.00,109.00,109.00,109.00,109.00,109.00,109.00,109.00,109.00,109.00,109.00,109.00,109.00,109.00
2026-08-23 07:14:26,109.00,154.00,109.00,109.00,109.00,109.00,109.00,109.00,109.00,109.00,109.00,109.00,109.00,109.00,109.00,109.00,109.00,109.00,109.00,109.00,109.00,109.00,109.00
2026-08-23 07:24:26,109.00,154.00,109.00,109.00,109.00,109.00,109.00,109.00,109.00,109.00,109.00,109.00,109.00,109.00,109.00,109.00,109.00,109.00,109.00,109.00,109.00,109.00,109.00
2026-08-23 07:34:19,109.00,154.00,109.00,109.00,109.00,109.00,109.00,109.00,109.00,109.00,109.00,109.00,109.00,109.00,109.00,109.00,109.00,109.00,109.00,109.00,109.00,109.00,109.00
2026-08-23 07:44:55,109.00,154.00,109.00,109.00,109.00,109.00,109.00,109.00,109.00,109.00,109.00,109.00,109.00,109.00,109.00,109.00,109.00,109.00,109.00,109.00,109.00,109.00,109.00
2026-08-23 07:54:03,109.00,154.00,109.00,109.00,109.00,109.00,109.00,109.00,109.00,109.00,109.00,109.00,109.00,109.00,109.00,109.00,109.00,109.00,109.00,109.00,109.00,109.00,109.00
2026-08-23 08:04:39,109.00,154.00,109.00,109.00,109.00,109.00,109.00,109.00,109.00,109.00,109.00,109.00,109.00,109.00,109.00,109.00,109.00,109.00,109.00,109.00,109.00,109.00,109.00
2026-08-23 08:14:42,109.00,154.00,109.00,109.00,109.00,109.00,109.00,109.00,109.00,109.00,109.00,109.00,109.00,109.00,109.00,109.00,109.00,109.00,109.00,109.00,109.00,109.00,109.00
2026-08-23 08:24:16,109.00,154.00,109.00,109.00,109.00,109.00,109.00,109.00,109.00,109.00,109.00,109.00,109.00,109.00,109.00,109.00,109.00,109.00,109.00,109.00,109.00,109.00,109.00
2026-08-23 08:34:29,109.00,154.00,109.00,109.00,109.00,109.00,109.00,109.00,109.00,109.00,109.00,109.00,109.00,109.00,109.00,109.00,109.00,109.00,109.00,109.00,109.00,109.00,109.00
2026-08-23 08:44:07,109.00,154.00,109.00,109.00,109.00,109.00,109.00,109.00,109.00,109.00,109.00,109.00,109.00,109.00,109.00,109.00,109.00,109.00,109.00,109.00,109.00,109.00,109.00
2026-08-23 08:54:22,109.00,154.00,109.00,109.00,109.00,109.00,109.00,109.00,109.00,109.00,109.00,109.00,109.00,109.00,109.00,109.00,109.00,109.00,109.00,109.00,109.00,109.00,109.00
2026-08-23 09:04:36,109.00,154.00,109.00,109.00,109.00,109.00,109.00,109.00,109.00,109.00,109.00,109.00,109.00,109.00,109.00,109.00,109.00,109.00,109.00,109.00,109.00,109.00,109.00
2026-08-23 09:14:29,109.00,154.00,109.00,109.00,109.00,109.00,109.00,109.00,109.00,109.00,109.00,109.00,109.00,109.00,109.00,109.00,109.00,109.00,109.00,109.00,109.00,109.00,109.00
2026-08-23 09:24:28,109.00,154.00,109.00,109.00,109.00,109.00,109.00,109.00,109.00,109.00,109.00,109.00,109.00,109.00,109.00,109.00,109.00,109.00,109.00,109.00,109.00,109.00,109.00
2026-08-23 09:33:59,109.00,154.00,109.00,109.00,109.00,109.00,109.00,109.00,109.00,109.00,109.00,109.00,109.00,109.00,109.00,109.00,109.00,109.00,109.00,109.00,109.00,109.00,109.00
2026-08-23 09:44:33,109.00,154.00,109.00,109.00,109.00,109.00,109.00,109.00,109.00,109.00,109.00,109.00,109.00,109.00,109.00,109.00,109.00,109.00,109.00,109.00,109.00,109.00,109.00
2026-08-23 09:54:02,109.00,154.00,109.00,109.00,109.00,109.00,109.00,109.00,109.00,109.00,109.00,109.00,109.00,109.00,109.00,109.00,109.00,109.00,109.00,109.00,109.00,109.00,109.00
2026-08-23 10:04:40,109.00,154.00,109.00,109.00,109.00,109.00,109.00,109.00,109.00,109.00,109.00,109.00,109.00,109.00,109.00,109.00,109.00,109.00,109.00,109.00,109.00,109.00,109.00
2026-08-23 10:14:42,109.00,154.00,109.00,109.00,109.00,109.00,109.00,109.00,109.00,109.00,109.00,109.00,109.00,109.00,109.00,109.00,109.00,109.00,109.00,109.00,109.00,109.00,109.00
2026-08-23 10:24:31,109.00,154.00,109.00,109.00,109.00,109.00,109.00,109.00,109.00,109.00,109.00,109.00,109.00,109.00,109.00,109.00,109.00,109.00,109.00,109.00,109.00,109.00,109.00
2026-08-23 10:34:39,109.00,154.00,109.00,109.00,109.00,109.00,109.00,109.00,109.00,109.00,109.00,109.00,109.00,109.00,109.00,109.00,109.00,109.00,109.00,109.00,109.00,109.00,109.00
2026-08-23 10:44:35,109.00,154.00,109.00,109.00,109.00,109.00,109.00,109.00,109.00,109.00,109.00,109.00,109.00,109.00,109.00,109.00,109.00,109.00,109.00,109.00,109.00,109.00,109.00
2026-08-23 10:54:32,109.00,154.00,109.00,109.00,109.00,109.00,109.00,109.00,109.00,109.00,109.00,109.00,109.00,109.00,109.00,109.00,109.00,109.00,109.00,109.00,109.00,109.00,109.00
2026-08-23 11:04:07,109.00,154.00,109.00,109.00,109.00,109.00,109.00,109.00,109.00,109.00,109.00,109.00,109.00,109.00,109.00,109.00,109.00,109.00,109.00,109.00,109.00,109.00,109.00
2026-08-23 11:14:29,109.00,154.00,109.00,109.00,109.00,109.00,109.00,109.00,109.00,109.00,109.00,109.00,109.00,109.00,109.00,109.00,109.00,109.00,109.00,109.00,109.00,109.00,109.00
2026-08-23 11:24:19,109.00,154.00,109.00,109.00,109.00,109.00,109.00,109.00,109.00,109.00,109.00,109.00,109.00,109.00,109.00,109.00,109.00,109.00,109.00,109.00,109.00,109.00,109.00
2026-08-23 11:34:52,109.00,154.00,109.00,109.00,109.00,109.00,109.00,109.00,109.00,109.00,109.00,109.00,109.00,109.00,109.00,109.00,109.00,109.00,109.00,109.00,109.00,109.00,109.00
2026-08-23 11:44:26,109.00,154.00,109.00,109.00,109.00,109.00,109.00,109.00,109.00,109.00,109.00,109.00,109.00,109.00,109.00,109.00,109.00,109.00,109.00,109.00,109.00,109.00,109.00
2026-08-23 11:54:12,109.00,154.00,109.00,109.00,109.00,109.00,109.00,109.00,109.00,109.00,109.00,109.00,109.00,109.00,109.00,109.00,109.00,109.00,109.00,109.00,109.00,109.00,109.00
2026-08-23 12:14:40,109.00,154.00,109.00,109.00,109.00,109.00,109.00,109.00,109.00,109.00,109.00,109.00,109.00,109.00,109.00,109.00,109.00,109.00,109.00,109.00,109.00,109.00,109.00
2026-08-23 12:24:25,109.00,154.00,109.00,109.00,109.00,109.00,109.00,109.00,109.00,109.00,109.00,109.00,109.00,109.00,109.00,109.00,109.00,109.00,109.00,109.00,109.00,109.00,109.00
2026-08-23 12:34:08,109.00,154.00,109.00,109.00,109.00,109.00,109.00,109.00,109.00,109.00,109.00,109.00,109.00,109.00,109.00,109.00,109.00,109.00,109.00,109.00,109.00,109.00,109.00
2026-08-23 12:44:34,109.00,154.00,109.00,109.00,109.00,109.00,109.00,109.00,109.00,109.00,109.00,109.00,109.00,109.00,109.00,109.00,109.00,109.00,109.00,109.00,109.00,109.00,109.00
2026-08-23 12:54:38,109.00,154.00,109.00,109.00,109.00,109.00,109.00,109.00,109.00,109.00,109.00,109.00,109.00,109.00,109.00,109.00,109.00,109.00,109.00,109.00,109.00,109.00,109.00
2026-08-23 13:04:10,109.00,154.00,109.00,109.00,109.00,109.00,109.00,109.00,109.00,109.00,109.00,109.00,109.00,109.00,109.00,109.00,109.00,109.00,109.00,109.00,109.00,109.00,109.00
2026-08-23 13:14:35,109.00,154.00,109.00,109.00,109.00,109.00,109.00,109.00,109.00,109.00,109.00,109.00,109.00,109.00,109.00,109.00,109.00,109.00,109.00,109.00,109.00,109.00,109.00
2026-08-23 13:24:02,109.00,154.00,109.00,109.00,109.00,109.00,109.00,109.00,109.00,109.00,109.00,109.00,109.00,109.00,109.00,109.00,109.00,109.00,109.00,109.00,109.00,109.00,109.00
2026-08-23 13:34:30,109.00,154.00,109.00,109.00,109.00,109.00,109.00,109.00,109.00,109.00,109.00,109.00,109.00,109.00,109.00,109.00,109.00,109.00,109.00,109.00,109.00,109.00,109.00
2026-08-23 13:44:36,109.00,154.00,109.00,109.00,109.00,109.00,109.00,109.00,109.00,109.00,109.00,109.00,109.00,109.00,109.00,109.00,109.00,109.00,109.00,109.00,109.00,109.00,109.00
2026-08-23 13:54:39,109.00,154.00,109.00,109.00,109.00,109.00,109.00,109.00,109.00,109.00,109.00,109.00,109.00,109.00,109.00,109.00,109.00,109.00,109.00,109.00,109.00,109.00,109.00
2026-08-23 14:04:26,109.00,154.00,109.00,109.00,109.00,109.00,109.00,109.00,109.00,109.00,109.00,109.00,109.00,109.00,109.00,109.00,109.00,109.00,109.00,109.00,109.00,109.00,109.00
2026-08-23 14:13:52,109.00,154.00,109.00,109.00,109.00,109.00,109.00,109.00,109.00,109.00,109.00,109.00,109.00,109.00,109.00,109.00,109.00,109.00,109.00,109.00,109.00,109.00,109.00
2026-08-23 14:24:12,109.00,154.00,109.00,109.00,109.00,109.00,109.00,109.00,109.00,109.00,109.00,109.00,109.00,109.00,109.00,109.00,109.00,109.00,109.00,109.00,109.00,109.00,109.00
2026-08-23 14:34:16,109.00,154.00,109.00,109.00,109.00,109.00,109.00,109.00,109.00,109.00,109.00,109.00,109.00,109.00,109.00,109.00,109.00,109.00,109.00,109.00,109.00,109.00,109.00
2026-08-23 14:44:35,109.00,154.00,109.00,109.00,109.00,109.00,109.00,109.00,109.00,109.00,109.00,109.00,109.00,109.00,109.00,109.00,109.00,109.00,109.00,109.00,109.00,109.00,109.00
2026-08-23 15:04:27,109.00,154.00,109.00,109.00,109.00,109.00,109.00,109.00,109.00,109.00,109.00,109.00,109.00,109.00,109.00,109.00,109.00,109.00,109.00,109.00,109.00,109.00,109.00
2026-08-23 15:24:36,,154.00,,109.00,,109.00,,109.00,,109.00,,109.00,109.00,109.00,109.00,109.00,,,109.00,109.00,,,
2026-08-23 15:34:10,,154.00,,109.00,,109.00,,109.00,,109.00,,109.00,109.00,109.00,109.00,109.00,,,109.00,109.00,,,
2026-08-23 15:44:31,,154.00,,109.00,,109.00,,109.00,,109.00,,109.00,109.00,109.00,109.00,109.00,,,109.00,109.00,,,
2026-08-23 15:54:08,109.00,154.00,109.00,109.00,109.00,109.00,109.00,109.00,109.00,109.00,109.00,109.00,109.00,109.00,109.00,109.00,109.00,109.00,109.00,109.00,109.00,109.00,109.00
2026-08-23 16:04:29,109.00,,109.00,,109.00,,109.00,,109.00,,109.00,,109.00,,,,109.00,109.00,,,109.00,109.00,109.00
2026-08-23 16:14:12,109.00,154.00,109.00,109.00,109.00,109.00,109.00,109.00,109.00,109.00,109.00,109.00,109.00,109.00,109.00,109.00,109.00,109.00,109.00,109.00,109.00,109.00,109.00
2026-08-23 16:24:57,109.00,154.00,109.00,109.00,109.00,109.00,109.00,109.00,109.00,109.00,109.00,109.00,109.00,109.00,109.00,109.00,109.00,109.00,109.00,109.00,109.00,109.00,109.00
2026-08-23 16:34:01,109.00,,109.00,,109.00,,109.00,,109.00,,109.00,,109.00,,,,109.00,109.00,,,109.00,109.00,109.00
2026-08-23 16:44:47,109.00,154.00,109.00,109.00,109.00,109.00,109.00,109.00,109.00,109.00,109.00,109.00,109.00,109.00,109.00,109.00,109.00,109.00,109.00,109.00,109.00,109.00,109.00
2026-08-23 16:55:02,109.00,154.00,109.00,109.00,109.00,109.00,109.00,109.00,109.00,109.00,109.00,109.00,109.00,109.00,109.00,109.00,109.00,109.00,109.00,109.00,109.00,109.00,109.00
2026-08-23 17:05:07,,154.00,,109.00,,109.00,,109.00,,109.00,,109.00,109.00,109.00,109.00,109.00,,,109.00,109.00,,,
2026-08-23 17:15:28,109.00,154.00,109.00,109.00,109.00,109.00,109.00,109.00,109.00,109.00,109.00,109.00,109.00,109.00,109.00,109.00,109.00,109.00,109.00,109.00,109.00,109.00,109.00
2026-08-23 17:24:41,109.00,154.00,109.00,109.00,109.00,109.00,109.00,109.00,109.00,109.00,109.00,109.00,109.00,109.00,109.00,109.00,109.00,109.00,109.00,109.00,109.00,109.00,109.00
2026-08-23 17:34:57,109.00,154.00,109.00,109.00,109.00,109.00,109.00,109.00,109.00,109.00,109.00,109.00,109.00,109.00,109.00,109.00,109.00,109.00,109.00,109.00,109.00,109.00,109.00
2026-08-23 17:44:28,109.00,154.00,109.00,109.00,109.00,109.00,109.00,109.00,109.00,109.00,109.00,109.00,109.00,109.00,109.00,109.00,109.00,109.00,109.00,109.00,109.00,109.00,109.00
2026-08-23 17:54:58,109.00,154.00,109.00,109.00,109.00,109.00,109.00,109.00,109.00,109.00,109.00,109.00,109.00,109.00,109.00,109.00,109.00,109.00,109.00,109.00,109.00,109.00,109.00
2026-08-23 18:04:57,109.00,154.00,109.00,109.00,109.00,109.00,109.00,109.00,109.00,109.00,109.00,109.00,109.00,109.00,109.00,109.00,109.00,109.00,109.00,109.00,109.00,109.00,109.00
2026-08-23 18:14:32,109.00,154.00,109.00,109.00,109.00,109.00,109.00,109.00,109.00,109.00,109.00,109.00,109.00,109.00,109.00,109.00,109.00,109.00,109.00,109.00,109.00,109.00,109.00
2026-08-23 18:24:38,109.00,109.00,109.00,109.00,109.00,109.00,109.00,109.00,109.00,109.00,109.00,109.00,109.00,109.00,109.00,109.00,109.00,109.00,109.00,109.00,109.00,109.00,109.00
2026-08-23 18:34:53,109.00,109.00,109.00,109.00,109.00,109.00,109.00,109.00,109.00,109.00,109.00,109.00,109.00,109.00,109.00,109.00,109.00,109.00,109.00,109.00,109.00,109.00,109.00
2026-08-23 18:44:47,109.00,109.00,109.00,109.00,109.00,109.00,109.00,109.00,109.00,109.00,109.00,109.00,109.00,109.00,109.00,109.00,109.00,109.00,109.00,109.00,109.00,109.00,109.00
2026-08-23 18:55:02,109.00,109.00,109.00,109.00,109.00,109.00,109.00,109.00,109.00,109.00,109.00,109.00,109.00,109.00,109.00,109.00,109.00,109.00,109.00,109.00,109.00,109.00,109.00
2026-08-23 19:05:10,109.00,109.00,109.00,109.00,109.00,109.00,109.00,109.00,109.00,109.00,109.00,109.00,109.00,109.00,109.00,109.00,109.00,109.00,109.00,109.00,109.00,109.00,109.00
2026-08-23 19:14:30,109.00,109.00,109.00,109.00,109.00,109.00,109.00,109.00,109.00,109.00,109.00,109.00,109.00,109.00,109.00,109.00,109.00,109.00,109.00,109.00,109.00,109.00,109.00
2026-08-23 19:24:36,109.00,109.00,109.00,109.00,109.00,109.00,109.00,109.00,109.00,109.00,109.00,109.00,109.00,109.00,109.00,109.00,109.00,109.00,109.00,109.00,109.00,109.00,109.00
2026-08-23 19:34:52,109.00,109.00,109.00,109.00,109.00,109.00,109.00,109.00,109.00,109.00,109.00,109.00,109.00,109.00,109.00,109.00,109.00,109.00,109.00,109.00,109.00,109.00,109.00
2026-08-23 19:44:10,109.00,109.00,109.00,109.00,109.00,109.00,109.00,109.00,109.00,109.00,109.00,109.00,109.00,109.00,109.00,109.00,109.00,109.00,109.00,109.00,109.00,109.00,109.00
2026-08-23 19:54:33,109.00,109.00,109.00,109.00,109.00,109.00,109.00,109.00,109.00,109.00,109.00,109.00,109.00,109.00,109.00,109.00,109.00,109.00,109.00,109.00,109.00,109.00,109.00
2026-08-23 20:05:04,109.00,109.00,109.00,109.00,109.00,109.00,109.00,109.00,109.00,109.00,109.00,109.00,109.00,109.00,109.00,109.00,109.00,109.00,109.00,109.00,109.00,109.00,109.00
2026-08-23 20:14:47,109.00,109.00,109.00,109.00,109.00,109.00,109.00,109.00,109.00,109.00,109.00,109.00,109.00,109.00,109.00,109.00,109.00,109.00,109.00,109.00,109.00,109.00,109.00
2026-08-23 20:24:40,109.00,109.00,109.00,109.00,109.00,109.00,109.00,109.00,109.00,109.00,109.00,109.00,109.00,109.00,109.00,109.00,109.00,109.00,109.00,109.00,109.00,109.00,109.00
2026-08-23 20:34:50,109.00,109.00,109.00,109.00,109.00,109.00,109.00,109.00,109.00,109.00,109.00,109.00,109.00,109.00,109.00,109.00,109.00,109.00,109.00,109.00,109.00,109.00,109.00
2026-08-23 20:44:43,109.00,154.00,109.00,109.00,109.00,109.00,109.00,109.00,109.00,109.00,109.00,109.00,109.00,109.00,109.00,109.00,109.00,109.00,109.00,109.00,109.00,109.00,109.00
2026-08-23 20:54:54,109.00,154.00,109.00,109.00,109.00,109.00,109.00,109.00,109.00,109.00,109.00,109.00,109.00,109.00,109.00,109.00,109.00,109.00,109.00,109.00,109.00,109.00,109.00
2026-08-23 21:04:49,109.00,154.00,109.00,109.00,109.00,109.00,109.00,109.00,109.00,109.00,109.00,109.00,109.00,109.00,109.00,109.00,109.00,109.00,109.00,109.00,109.00,109.00,109.00
2026-08-23 21:14:53,109.00,154.00,109.00,109.00,109.00,109.00,109.00,109.00,109.00,109.00,109.00,109.00,109.00,109.00,109.00,109.00,109.00,109.00,109.00,109.00,109.00,109.00,109.00
2026-08-23 21:24:48,109.00,154.00,109.00,109.00,109.00,109.00,109.00,109.00,109.00,109.00,109.00,109.00,109.00,109.00,109.00,109.00,109.00,109.00,109.00,109.00,109.00,109.00,109.00
2026-08-23 21:34:51,109.00,154.00,109.00,109.00,109.00,109.00,109.00,109.00,109.00,109.00,109.00,109.00,109.00,109.00,109.00,109.00,109.00,109.00,109.00,109.00,109.00,109.00,109.00
2026-08-23 21:44:55,109.00,154.00,109.00,109.00,109.00,109.00,109.00,109.00,109.00,109.00,109.00,109.00,109.00,109.00,109.00,109.00,109.00,109.00,109.00,109.00,109.00,109.00,109.00
2026-08-23 21:54:42,109.00,154.00,109.00,109.00,109.00,109.00,109.00,109.00,109.00,109.00,109.00,109.00,109.00,109.00,109.00,109.00,109.00,109.00,109.00,109.00,109.00,109.00,109.00
2026-08-23 22:04:48,109.00,154.00,109.00,109.00,109.00,109.00,109.00,109.00,109.00,109.00,109.00,109.00,109.00,109.00,109.00,109.00,109.00,109.00,109.00,109.00,109.00,109.00,109.00
2026-08-23 22:14:45,109.00,154.00,109.00,109.00,109.00,109.00,109.00,109.00,109.00,109.00,109.00,109.00,109.00,109.00,109.00,109.00,109.00,109.00,109.00,109.00,109.00,109.00,109.00
2026-08-23 22:24:43,109.00,154.00,109.00,109.00,109.00,109.00,109.00,109.00,109.00,109.00,109.00,109.00,109.00,109.00,109.00,109.00,109.00,109.00,109.00,109.00,109.00,109.00,109.00
2026-08-23 22:34:42,109.00,154.00,109.00,109.00,109.00,109.00,109.00,109.00,109.00,109.00,109.00,109.00,109.00,109.00,109.00,109.00,109.00,109.00,109.00,109.00,109.00,109.00,109.00
2026-08-23 22:44:41,109.00,154.00,109.00,109.00,109.00,109.00,109.00,109.00,109.00,109.00,109.00,109.00,109.00,109.00,109.00,109.00,109.00,109.00,109.00,109.00,109.00,109.00,109.00
2026-08-23 22:54:53,109.00,154.00,109.00,109.00,109.00,109.00,109.00,109.00,109.00,109.00,109.00,109.00,109.00,109.00,109.00,109.00,109.00,109.00,109.00,109.00,109.00,109.00,109.00
2026-08-23 23:05:06,109.00,154.00,109.00,109.00,109.00,109.00,109.00,109.00,109.00,109.00,109.00,109.00,109.00,109.00,109.00,109.00,109.00,109.00,109.00,109.00,109.00,109.00,109.00
2026-08-23 23:14:58,109.00,154.00,109.00,109.00,109.00,109.00,109.00,109.00,109.00,109.00,109.00,109.00,109.00,109.00,109.00,109.00,109.00,109.00,109.00,109.00,109.00,109.00,109.00
2026-08-23 23:24:39,109.00,154.00,109.00,109.00,109.00,109.00,109.00,109.00,109.00,109.00,109.00,109.00,109.00,109.00,109.00,109.00,109.00,109.00,109.00,109.00,109.00,109.00,109.00
2026-08-23 23:34:52,109.00,154.00,109.00,109.00,109.00,109.00,109.00,109.00,109.00,109.00,109.00,109.00,109.00,109.00,109.00,109.00,109.00,109.00,109.00,109.00,109.00,109.00,109.00
2026-08-23 23:44:49,109.00,154.00,109.00,109.00,109.00,109.00,109.00,109.00,109.00,109.00,109.00,109.00,109.00,109.00,109.00,109.00,109.00,109.00,109.00,109.00,109.00,109.00,109.00
2026-08-23 23:54:47,109.00,154.00,109.00,109.00,109.00,109.00,109.00,109.00,109.00,109.00,109.00,109.00,109.00,109.00,109.00,109.00,109.00,109.00,109.00,109.00,109.00,109.00,109.00
2026-08-24 00:04:54,109.00,154.00,109.00,109.00,109.00,109.00,109.00,109.00,109.00,109.00,109.00,109.00,109.00,109.00,109.00,109.00,109.00,109.00,109.00,109.00,109.00,109.00,109.00
2026-08-24 00:14:48,109.00,154.00,109.00,109.00,109.00,109.00,109.00,109.00,109.00,109.00,109.00,109.00,109.00,109.00,109.00,109.00,109.00,109.00,109.00,109.00,109.00,109.00,109.00
2026-08-24 00:24:59,109.00,154.00,109.00,109.00,109.00,109.00,109.00,109.00,109.00,109.00,109.00,109.00,109.00,109.00,109.00,109.00,109.00,109.00,109.00,109.00,109.00,109.00,109.00
2026-08-24 00:34:18,109.00,154.00,109.00,109.00,109.00,109.00,109.00,109.00,109.00,109.00,109.00,109.00,109.00,109.00,109.00,109.00,109.00,109.00,109.00,109.00,109.00,109.00,109.00
2026-08-24 00:44:57,109.00,,109.00,,109.00,,109.00,,109.00,,109.00,,109.00,,,,109.00,109.00,,,109.00,109.00,109.00
2026-08-24 00:54:41,109.00,154.00,109.00,109.00,109.00,109.00,109.00,109.00,109.00,109.00,109.00,109.00,109.00,109.00,109.00,109.00,109.00,109.00,109.00,109.00,109.00,109.00,109.00
2026-08-24 01:05:05,109.00,154.00,109.00,109.00,109.00,109.00,109.00,109.00,109.00,109.00,109.00,109.00,109.00,109.00,109.00,109.00,109.00,109.00,109.00,109.00,109.00,109.00,109.00
2026-08-24 01:14:44,109.00,154.00,109.00,109.00,109.00,109.00,109.00,109.00,109.00,109.00,109.00,109.00,109.00,109.00,109.00,109.00,109.00,109.00,109.00,109.00,109.00,109.00,109.00
2026-08-24 01:24:38,109.00,154.00,109.00,109.00,109.00,109.00,109.00,109.00,109.00,109.00,109.00,109.00,109.00,109.00,109.00,109.00,109.00,109.00,109.00,109.00,109.00,109.00,109.00
2026-08-24 01:34:49,109.00,154.00,109.00,109.00,109.00,109.00,109.00,109.00,109.00,109.00,109.00,109.00,109.00,109.00,109.00,109.00,109.00,109.00,109.00,109.00,109.00,109.00,109.00
2026-08-24 01:44:29,109.00,154.00,109.00,109.00,109.00,109.00,109.00,109.00,109.00,109.00,109.00,109.00,109.00,109.00,109.00,109.00,109.00,109.00,109.00,109.00,109.00,109.00,109.00
2026-08-24 01:54:47,109.00,154.00,109.00,109.00,109.00,109.00,109.00,109.00,109.00,109.00,109.00,109.00,109.00,109.00,109.00,109.00,109.00,109.00,109.00,109.00,109.00,109.00,109.00
2026-08-24 02:04:35,109.00,154.00,109.00,109.00,109.00,109.00,109.00,109.00,109.00,109.00,109.00,109.00,109.00,109.00,109.00,109.00,109.00,109.00,109.00,109.00,109.00,109.00,109.00
2026-08-24 02:14:53,109.00,154.00,109.00,109.00,109.00,109.00,109.00,109.00,109.00,109.00,109.00,109.00,109.00,109.00,109.00,109.00,109.00,109.00,109.00,109.00,109.00,109.00,109.00
2026-08-24 02:24:50,109.00,154.00,109.00,109.00,109.00,109.00,109.00,109.00,109.00,109.00,109.00,109.00,109.00,109.00,109.00,109.00,109.00,109.00,109.00,109.00,109.00,109.00,109.00
2026-08-24 02:34:55,109.00,154.00,109.00,109.00,109.00,109.00,109.00,109.00,109.00,109.00,109.00,109.00,109.00,109.00,109.00,109.00,109.00,109.00,109.00,109.00,109.00,109.00,109.00
2026-08-24 02:44:21,109.00,154.00,109.00,109.00,109.00,109.00,109.00,109.00,109.00,109.00,109.00,109.00,109.00,109.00,109.00,109.00,109.00,109.00,109.00,109.00,109.00,109.00,109.00
2026-08-24 02:54:41,109.00,154.00,109.00,109.00,109.00,109.00,109.00,109.00,109.00,109.00,109.00,109.00,109.00,109.00,109.00,109.00,109.00,109.00,109.00,109.00,109.00,109.00,109.00
2026-08-24 03:05:04,109.00,154.00,109.00,109.00,109.00,109.00,109.00,109.00,109.00,109.00,109.00,109.00,109.00,109.00,109.00,109.00,109.00,109.00,109.00,109.00,109.00,109.00,109.00
2026-08-24 03:14:57,109.00,154.00,109.00,109.00,109.00,109.00,109.00,109.00,109.00,109.00,109.00,109.00,109.00,109.00,109.00,109.00,109.00,109.00,109.00,109.00,109.00,109.00,109.00
2026-08-24 03:24:45,109.00,154.00,109.00,109.00,109.00,109.00,109.00,109.00,109.00,109.00,109.00,109.00,109.00,109.00,109.00,109.00,109.00,109.00,109.00,109.00,109.00,109.00,109.00
2026-08-24 03:34:47,109.00,154.00,109.00,109.00,109.00,109.00,109.00,109.00,109.00,109.00,109.00,109.00,109.00,109.00,109.00,109.00,109.00,109.00,109.00,109.00,109.00,109.00,109.00
2026-08-24 03:44:42,109.00,154.00,109.00,109.00,109.00,109.00,109.00,109.00,109.00,109.00,109.00,109.00,109.00,109.00,109.00,109.00,109.00,109.00,109.00,109.00,109.00,109.00,109.00
2026-08-24 03:54:22,109.00,154.00,109.00,109.00,109.00,109.00,109.00,109.00,109.00,109.00,109.00,109.00,109.00,109.00,109.00,109.00,109.00,109.00,109.00,109.00,109.00,109.00,109.00
2026-08-24 04:04:53,109.00,154.00,109.00,109.00,109.00,109.00,109.00,109.00,109.00,109.00,109.00,109.00,109.00,109.00,109.00,109.00,109.00,109.00,109.00,109.00,109.00,109.00,109.00
2026-08-24 04:14:52,109.00,154.00,109.00,109.00,109.00,109.00,109.00,109.00,109.00,109.00,109.00,109.00,109.00,109.00,109.00,109.00,109.00,109.00,109.00,109.00,109.00,109.00,109.00
2026-08-24 04:25:04,109.00,154.00,109.00,109.00,109.00,109.00,109.00,109.00,109.00,109.00,109.00,109.00,109.00,109.00,109.00,109.00,109.00,109.00,109.00,109.00,109.00,109.00,109.00
2026-08-24 04:35:00,109.00,154.00,109.00,109.00,109.00,109.00,109.00,109.00,109.00,109.00,109.00,109.00,109.00,109.00,109.00,109.00,109.00,109.00,109.00,109.00,109.00,109.00,109.00
2026-08-24 04:44:51,109.00,154.00,109.00,109.00,109.00,109.00,109.00,109.00,109.00,109.00,109.00,109.00,109.00,109.00,109.00,109.00,109.00,109.00,109.00,109.00,109.00,109.00,109.00
2026-08-24 04:54:25,109.00,154.00,109.00,109.00,109.00,109.00,109.00,109.00,109.00,109.00,109.00,109.00,109.00,109.00,109.00,109.00,109.00,109.00,109.00,109.00,109.00,109.00,109.00
2026-08-24 05:04:57,109.00,154.00,109.00,109.00,109.00,109.00,109.00,109.00,109.00,109.00,109.00,109.00,109.00,109.00,109.00,109.00,109.00,109.00,109.00,109.00,109.00,109.00,109.00
2026-08-24 05:14:26,109.00,154.00,109.00,109.00,109.00,109.00,109.00,109.00,109.00,109.00,109.00,109.00,109.00,109.00,109.00,109.00,109.00,109.00,109.00,109.00,109.00,109.00,109.00
2026-08-24 05:24:48,109.00,154.00,109.00,109.00,109.00,109.00,109.00,109.00,109.00,109.00,109.00,109.00,109.00,109.00,109.00,109.00,109.00,109.00,109.00,109.00,109.00,109.00,109.00
2026-08-24 05:34:55,109.00,154.00,109.00,109.00,109.00,109.00,109.00,109.00,109.00,109.00,109.00,109.00,109.00,109.00,109.00,109.00,109.00,109.00,109.00,109.00,109.00,109.00,109.00
2026-08-24 05:44:42,109.00,154.00,109.00,109.00,109.00,109.00,109.00,109.00,109.00,109.00,109.00,109.00,109.00,109.00,109.00,109.00,109.00,109.00,109.00,109.00,109.00,109.00,109.00
2026-08-24 05:54:59,109.00,154.00,109.00,109.00,109.00,109.00,109.00,109.00,109.00,109.00,109.00,109.00,109.00,109.00,109.00,109.00,109.00,109.00,109.00,109.00,109.00,109.00,109.00
2026-08-24 06:05:00,109.00,154.00,109.00,109.00,109.00,109.00,109.00,109.00,109.00,109.00,109.00,109.00,109.00,109.00,109.00,109.00,109.00,109.00,109.00,109.00,109.00,109.00,109.00
2026-08-24 06:14:52,109.00,154.00,109.00,109.00,109.00,109.00,109.00,109.00,109.00,109.00,109.00,109.00,109.00,109.00,109.00,109.00,109.00,109.00,109.00,109.00,109.00,109.00,109.00
2026-08-24 06:24:52,109.00,154.00,109.00,109.00,109.00,109.00,109.00,109.00,109.00,109.00,109.00,109.00,109.00,109.00,109.00,109.00,109.00,109.00,109.00,109.00,109.00,109.00,109.00
2026-08-24 06:34:30,109.00,154.00,109.00,109.00,109.00,109.00,109.00,109.00,109.00,109.00,109.00,109.00,109.00,109.00,109.00,109.00,109.00,109.00,109.00,109.00,109.00,109.00,109.00
2026-08-24 06:44:51,109.00,154.00,109.00,109.00,109.00,109.00,109.00,109.00,109.00,109.00,109.00,109.00,109.00,109.00,109.00,109.00,109.00,109.00,109.00,109.00,109.00,109.00,109.00
2026-08-24 06:54:46,109.00,154.00,109.00,109.00,109.00,109.00,109.00,109.00,109.00,109.00,109.00,109.00,109.00,109.00,109.00,109.00,109.00,109.00,109.00,109.00,109.00,109.00,109.00
2026-08-24 07:04:37,109.00,154.00,109.00,109.00,109.00,109.00,109.00,109.00,109.00,109.00,109.00,109.00,109.00,109.00,109.00,109.00,109.00,109.00,109.00,109.00,109.00,109.00,109.00
2026-08-24 07:14:45,109.00,154.00,109.00,109.00,109.00,109.00,109.00,109.00,109.00,109.00,109.00,109.00,109.00,109.00,109.00,109.00,109.00,109.00,109.00,109.00,109.00,109.00,109.00
2026-08-24 07:24:39,109.00,154.00,109.00,109.00,109.00,109.00,109.00,109.00,109.00,109.00,109.00,109.00,109.00,109.00,109.00,109.00,109.00,109.00,109.00,109.00,109.00,109.00,109.00
2026-08-24 07:34:56,109.00,154.00,109.00,109.00,109.00,109.00,109.00,109.00,109.00,109.00,109.00,109.00,109.00,109.00,109.00,109.00,109.00,109.00,109.00,109.00,109.00,109.00,109.00
2026-08-24 07:44:30,109.00,154.00,109.00,109.00,109.00,109.00,109.00,109.00,109.00,109.00,109.00,109.00,109.00,109.00,109.00,109.00,109.00,109.00,109.00,109.00,109.00,109.00,109.00
2026-08-24 07:54:44,109.00,154.00,109.00,109.00,109.00,109.00,109.00,109.00,109.00,109.00,109.00,109.00,109.00,109.00,109.00,109.00,109.00,109.00,109.00,109.00,109.00,109.00,109.00
2026-08-24 08:04:54,109.00,154.00,109.00,109.00,109.00,109.00,109.00,109.00,109.00,109.00,109.00,109.00,109.00,109.00,109.00,109.00,109.00,109.00,109.00,109.00,109.00,109.00,109.00
2026-08-24 08:14:50,109.00,154.00,109.00,109.00,109.00,109.00,109.00,109.00,109.00,109.00,109.00,109.00,109.00,109.00,109.00,109.00,109.00,109.00,109.00,109.00,109.00,109.00,109.00
2026-08-24 08:24:53,109.00,154.00,109.00,109.00,109.00,109.00,109.00,109.00,109.00,109.00,109.00,109.00,109.00,109.00,109.00,109.00,109.00,109.00,109.00,109.00,109.00,109.00,109.00
2026-08-24 08:34:50,109.00,154.00,109.00,109.00,109.00,109.00,109.00,109.00,109.00,109.00,109.00,109.00,109.00,109.00,109.00,109.00,109.00,109.00,109.00,109.00,109.00,109.00,109.00
2026-08-24 08:44:13,109.00,154.00,109.00,109.00,109.00,109.00,109.00,109.00,109.00,109.00,109.00,109.00,109.00,109.00,109.00,109.00,109.00,109.00,109.00,109.00,109.00,109.00,109.00
2026-08-24 08:55:26,109.00,154.00,109.00,109.00,109.00,109.00,109.00,109.00,109.00,109.00,109.00,109.00,109.00,109.00,109.00,109.00,109.00,109.00,109.00,109.00,109.00,109.00,109.00
2026-08-24 09:05:03,109.00,154.00,109.00,109.00,109.00,109.00,109.00,109.00,109.00,109.00,109.00,109.00,109.00,109.00,109.00,109.00,109.00,109.00,109.00,109.00,109.00,109.00,109.00
2026-08-24 09:14:30,109.00,154.00,109.00,109.00,109.00,109.00,109.00,109.00,109.00,109.00,109.00,109.00,109.00,109.00,109.00,109.00,109.00,109.00,109.00,109.00,109.00,109.00,109.00
2026-08-24 09:24:49,109.00,154.00,109.00,109.00,109.00,109.00,109.00,109.00,109.00,109.00,109.00,109.00,109.00,109.00,109.00,109.00,109.00,109.00,109.00,109.00,109.00,109.00,109.00
2026-08-24 09:34:51,109.00,154.00,109.00,109.00,109.00,109.00,109.00,109.00,109.00,109.00,109.00,109.00,109.00,109.00,109.00,109.00,109.00,109.00,109.00,109.00,109.00,109.00,109.00
2026-08-24 09:44:49,109.00,154.00,109.00,109.00,109.00,109.00,109.00,109.00,109.00,109.00,109.00,109.00,109.00,109.00,109.00,109.00,109.00,109.00,109.00,109.00,109.00,109.00,109.00
2026-08-24 09:54:27,109.00,154.00,109.00,109.00,109.00,109.00,109.00,109.00,109.00,109.00,109.00,109.00,109.00,109.00,109.00,109.00,109.00,109.00,109.00,109.00,109.00,109.00,109.00
2026-08-24 10:04:44,109.00,154.00,109.00,109.00,109.00,109.00,109.00,109.00,109.00,109.00,109.00,109.00,109.00,109.00,109.00,109.00,109.00,109.00,109.00,109.00,109.00,109.00,109.00
2026-08-24 10:14:53,109.00,154.00,109.00,109.00,109.00,109.00,109.00,109.00,109.00,109.00,109.00,109.00,109.00,109.00,109.00,109.00,109.00,109.00,109.00,109.00,109.00,109.00,109.00
2026-08-24 10:24:38,109.00,154.00,109.00,109.00,109.00,109.00,109.00,109.00,109.00,109.00,109.00,109.00,109.00,109.00,109.00,109.00,109.00,109.00,109.00,109.00,109.00,109.00,109.00
2026-08-24 10:34:22,109.00,154.00,109.00,109.00,109.00,109.00,109.00,109.00,109.00,109.00,109.00,109.00,109.00,109.00,109.00,109.00,109.00,109.00,109.00,109.00,109.00,109.00,109.00
2026-08-24 10:45:02,109.00,154.00,109.00,109.00,109.00,109.00,109.00,109.00,109.00,109.00,109.00,109.00,109.00,109.00,109.00,109.00,109.00,109.00,109.00,109.00,109.00,109.00,109.00
2026-08-24 10:54:36,109.00,154.00,109.00,109.00,109.00,109.00,109.00,109.00,109.00,109.00,109.00,109.00,109.00,109.00,109.00,109.00,109.00,109.00,109.00,109.00,109.00,109.00,109.00
2026-08-24 11:05:03,109.00,154.00,109.00,109.00,109.00,109.00,109.00,109.00,109.00,109.00,109.00,109.00,109.00,109.00,109.00,109.00,109.00,109.00,109.00,109.00,109.00,109.00,109.00
2026-08-24 11:14:33,109.00,154.00,109.00,109.00,109.00,109.00,109.00,109.00,109.00,109.00,109.00,109.00,109.00,109.00,109.00,109.00,109.00,109.00,109.00,109.00,109.00,109.00,109.00
2026-08-24 11:24:56,109.00,154.00,109.00,109.00,109.00,109.00,109.00,109.00,109.00,109.00,109.00,109.00,109.00,109.00,109.00,109.00,109.00,109.00,109.00,109.00,109.00,109.00,109.00
2026-08-24 11:35:14,109.00,154.00,109.00,109.00,109.00,109.00,109.00,109.00,109.00,109.00,109.00,109.00,109.00,109.00,109.00,109.00,109.00,109.00,109.00,109.00,109.00,109.00,109.00
2026-08-24 11:45:03,109.00,154.00,109.00,109.00,109.00,109.00,109.00,109.00,109.00,109.00,109.00,109.00,109.00,109.00,109.00,109.00,109.00,109.00,109.00,109.00,109.00,109.00,109.00
2026-08-24 11:55:01,109.00,154.00,109.00,109.00,109.00,109.00,109.00,109.00,109.00,109.00,109.00,109.00,109.00,109.00,109.00,109.00,109.00,109.00,109.00,109.00,109.00,109.00,109.00
2026-08-24 12:05:16,109.00,154.00,109.00,109.00,109.00,109.00,109.00,109.00,109.00,109.00,109.00,109.00,109.00,109.00,109.00,109.00,109.00,109.00,109.00,109.00,109.00,109.00,109.00
2026-08-24 12:14:46,109.00,154.00,109.00,109.00,109.00,109.00,109.00,109.00,109.00,109.00,109.00,109.00,109.00,109.00,109.00,109.00,109.00,109.00,109.00,109.00,109.00,109.00,109.00
2026-08-24 12:25:02,109.00,154.00,109.00,109.00,109.00,109.00,109.00,109.00,109.00,109.00,109.00,109.00,109.00,109.00,109.00,109.00,109.00,109.00,109.00,109.00,109.00,109.00,109.00
2026-08-24 12:35:16,109.00,154.00,109.00,109.00,109.00,109.00,109.00,109.00,109.00,109.00,109.00,109.00,109.00,109.00,109.00,109.00,109.00,109.00,109.00,109.00,109.00,109.00,109.00
2026-08-24 12:44:29,109.00,154.00,109.00,109.00,109.00,109.00,109.00,109.00,109.00,109.00,109.00,109.00,109.00,109.00,109.00,109.00,109.00,109.00,109.00,109.00,109.00,109.00,109.00
2026-08-24 12:54:51,109.00,154.00,109.00,109.00,109.00,109.00,109.00,109.00,109.00,109.00,109.00,109.00,109.00,109.00,109.00,109.00,109.00,109.00,109.00,109.00,109.00,109.00,109.00
2026-08-24 13:05:12,109.00,154.00,109.00,109.00,109.00,109.00,109.00,109.00,109.00,109.00,109.00,109.00,109.00,109.00,109.00,109.00,109.00,109.00,109.00,109.00,109.00,109.00,109.00
2026-08-24 13:15:05,109.00,154.00,109.00,109.00,109.00,109.00,109.00,109.00,109.00,109.00,109.00,109.00,109.00,109.00,109.00,109.00,109.00,109.00,109.00,109.00,109.00,109.00,109.00
2026-08-24 13:25:06,109.00,154.00,109.00,109.00,109.00,109.00,109.00,109.00,109.00,109.00,109.00,109.00,109.00,109.00,109.00,109.00,109.00,109.00,109.00,109.00,109.00,109.00,109.00
2026-08-24 13:35:04,109.00,154.00,109.00,109.00,109.00,109.00,109.00,109.00,109.00,109.00,109.00,109.00,109.00,109.00,109.00,109.00,109.00,109.00,109.00,109.00,109.00,109.00,109.00
2026-08-24 13:45:02,109.00,154.00,109.00,109.00,109.00,109.00,109.00,109.00,109.00,109.00,109.00,109.00,109.00,109.00,109.00,109.00,109.00,109.00,109.00,109.00,109.00,109.00,109.00
2026-08-24 13:55:12,109.00,154.00,109.00,109.00,109.00,109.00,109.00,109.00,109.00,109.00,109.00,109.00,109.00,109.00,109.00,109.00,109.00,109.00,109.00,109.00,109.00,109.00,109.00
2026-08-24 14:05:11,109.00,154.00,109.00,109.00,109.00,109.00,109.00,109.00,109.00,109.00,109.00,109.00,109.00,109.00,109.00,109.00,109.00,109.00,109.00,109.00,109.00,109.00,109.00
2026-08-24 14:15:16,109.00,154.00,109.00,109.00,109.00,109.00,109.00,109.00,109.00,109.00,109.00,109.00,109.00,109.00,109.00,109.00,109.00,109.00,109.00,109.00,109.00,109.00,109.00
2026-08-24 14:24:47,109.00,154.00,109.00,109.00,109.00,109.00,109.00,109.00,109.00,109.00,109.00,109.00,109.00,109.00,109.00,109.00,109.00,109.00,109.00,109.00,109.00,109.00,109.00
2026-08-24 14:35:12,109.00,154.00,109.00,109.00,109.00,109.00,109.00,109.00,109.00,109.00,109.00,109.00,109.00,109.00,109.00,109.00,109.00,109.00,109.00,109.00,109.00,109.00,109.00
2026-08-24 14:45:07,109.00,154.00,109.00,109.00,109.00,109.00,109.00,109.00,109.00,109.00,109.00,109.00,109.00,109.00,109.00,109.00,109.00,109.00,109.00,109.00,109.00,109.00,109.00
2026-08-24 14:55:14,109.00,154.00,109.00,109.00,109.00,109.00,109.00,109.00,109.00,109.00,109.00,109.00,109.00,109.00,109.00,109.00,109.00,109.00,109.00,109.00,109.00,109.00,109.00
2026-08-24 15:05:34,109.00,154.00,109.00,109.00,109.00,109.00,109.00,109.00,109.00,109.00,109.00,109.00,109.00,109.00,109.00,109.00,109.00,109.00,109.00,109.00,109.00,109.00,109.00
2026-08-24 15:15:22,109.00,154.00,109.00,109.00,109.00,109.00,109.00,109.00,109.00,109.00,109.00,109.00,109.00,109.00,109.00,109.00,109.00,109.00,109.00,109.00,109.00,109.00,109.00
2026-08-24 15:25:21,109.00,154.00,109.00,109.00,109.00,109.00,109.00,109.00,109.00,109.00,109.00,109.00,109.00,109.00,109.00,109.00,109.00,109.00,109.00,109.00,109.00,109.00,109.00
2026-08-24 15:35:12,109.00,154.00,109.00,109.00,109.00,109.00,109.00,109.00,109.00,109.00,109.00,109.00,109.00,109.00,109.00,109.00,109.00,109.00,109.00,109.00,109.00,109.00,109.00
2026-08-24 15:45:09,109.00,,109.00,,109.00,,109.00,,109.00,,109.00,,109.00,,,,109.00,109.00,,,109.00,109.00,109.00
2026-08-24 15:55:09,109.00,154.00,109.00,109.00,109.00,109.00,109.00,109.00,109.00,109.00,109.00,109.00,109.00,109.00,109.00,109.00,109.00,109.00,109.00,109.00,109.00,109.00,109.00
2026-08-24 16:05:27,109.00,154.00,109.00,109.00,109.00,109.00,109.00,109.00,109.00,109.00,109.00,109.00,109.00,109.00,109.00,109.00,109.00,109.00,109.00,109.00,109.00,109.00,109.00
2026-08-24 16:15:11,109.00,154.00,109.00,109.00,109.00,109.00,109.00,109.00,109.00,109.00,109.00,109.00,109.00,109.00,109.00,109.00,109.00,109.00,109.00,109.00,109.00,109.00,109.00
2026-08-24 16:25:11,109.00,154.00,109.00,109.00,109.00,109.00,109.00,109.00,109.00,109.00,109.00,109.00,109.00,109.00,109.00,109.00,109.00,109.00,109.00,109.00,109.00,109.00,109.00
2026-08-24 16:35:06,109.00,154.00,109.00,109.00,109.00,109.00,109.00,109.00,109.00,109.00,109.00,109.00,109.00,109.00,109.00,109.00,109.00,109.00,109.00,109.00,109.00,109.00,109.00
2026-08-24 16:45:10,109.00,154.00,109.00,109.00,109.00,109.00,109.00,109.00,109.00,109.00,109.00,109.00,109.00,109.00,109.00,109.00,109.00,109.00,109.00,109.00,109.00,109.00,109.00
2026-08-24 16:55:08,109.00,154.00,109.00,109.00,109.00,109.00,109.00,109.00,109.00,109.00,109.00,109.00,109.00,109.00,109.00,109.00,109.00,109.00,109.00,109.00,109.00,109.00,109.00
2026-08-24 17:04:48,109.00,154.00,109.00,109.00,109.00,109.00,109.00,109.00,109.00,109.00,109.00,109.00,109.00,109.00,109.00,109.00,109.00,109.00,109.00,109.00,109.00,109.00,109.00
2026-08-24 17:15:21,109.00,154.00,109.00,109.00,109.00,109.00,109.00,109.00,109.00,109.00,109.00,109.00,109.00,109.00,109.00,109.00,109.00,109.00,109.00,109.00,109.00,109.00,109.00
2026-08-24 17:25:14,109.00,154.00,109.00,109.00,109.00,109.00,109.00,109.00,109.00,109.00,109.00,109.00,109.00,109.00,109.00,109.00,109.00,109.00,109.00,109.00,109.00,109.00,109.00
2026-08-24 17:35:14,109.00,154.00,109.00,109.00,109.00,109.00,109.00,109.00,109.00,109.00,109.00,109.00,109.00,109.00,109.00,109.00,109.00,109.00,109.00,109.00,109.00,109.00,109.00
2026-08-24 17:44:39,109.00,154.00,109.00,109.00,109.00,109.00,109.00,109.00,109.00,109.00,109.00,109.00,109.00,109.00,109.00,109.00,109.00,109.00,109.00,109.00,109.00,109.00,109.00
2026-08-24 17:55:24,109.00,154.00,109.00,109.00,109.00,109.00,109.00,109.00,109.00,109.00,109.00,109.00,109.00,109.00,109.00,109.00,109.00,109.00,109.00,109.00,109.00,109.00,109.00
2026-08-24 18:05:26,109.00,154.00,109.00,109.00,109.00,109.00,109.00,109.00,109.00,109.00,109.00,109.00,109.00,109.00,109.00,109.00,109.00,109.00,109.00,109.00,109.00,109.00,109.00
2026-08-24 18:15:11,109.00,154.00,109.00,109.00,109.00,109.00,109.00,109.00,109.00,109.00,109.00,109.00,109.00,109.00,109.00,109.00,109.00,109.00,109.00,109.00,109.00,109.00,109.00
2026-08-24 18:24:41,109.00,154.00,109.00,109.00,109.00,109.00,109.00,109.00,109.00,109.00,109.00,109.00,109.00,109.00,109.00,109.00,109.00,109.00,109.00,109.00,109.00,109.00,109.00
2026-08-24 18:35:10,109.00,154.00,109.00,109.00,109.00,109.00,109.00,109.00,109.00,109.00,109.00,109.00,109.00,109.00,109.00,109.00,109.00,109.00,109.00,109.00,109.00,109.00,109.00
2026-08-24 18:45:17,109.00,154.00,109.00,109.00,109.00,109.00,109.00,109.00,109.00,109.00,109.00,109.00,109.00,109.00,109.00,109.00,109.00,109.00,109.00,109.00,109.00,109.00,109.00
2026-08-24 18:55:14,109.00,154.00,109.00,109.00,109.00,109.00,109.00,109.00,109.00,109.00,109.00,109.00,109.00,109.00,109.00,109.00,109.00,109.00,109.00,109.00,109.00,109.00,109.00
2026-08-24 19:05:17,109.00,154.00,109.00,109.00,109.00,109.00,109.00,109.00,109.00,109.00,109.00,109.00,109.00,109.00,109.00,109.00,109.00,109.00,109.00,109.00,109.00,109.00,109.00
2026-08-24 19:14:55,109.00,154.00,109.00,109.00,109.00,109.00,109.00,109.00,109.00,109.00,109.00,109.00,109.00,109.00,109.00,109.00,109.00,109.00,109.00,109.00,109.00,109.00,109.00
2026-08-24 19:24:46,109.00,154.00,109.00,109.00,109.00,109.00,109.00,109.00,109.00,109.00,109.00,109.00,109.00,109.00,109.00,109.00,109.00,109.00,109.00,109.00,109.00,109.00,109.00
2026-08-24 19:35:13,109.00,154.00,109.00,109.00,109.00,109.00,109.00,109.00,109.00,109.00,109.00,109.00,109.00,109.00,109.00,109.00,109.00,109.00,109.00,109.00,109.00,109.00,109.00
2026-08-24 19:45:17,109.00,154.00,109.00,109.00,109.00,109.00,109.00,109.00,109.00,109.00,109.00,109.00,109.00,109.00,109.00,109.00,109.00,109.00,109.00,109.00,109.00,109.00,109.00
2026-08-24 19:55:17,109.00,154.00,109.00,109.00,109.00,109.00,109.00,109.00,109.00,109.00,109.00,109.00,109.00,109.00,109.00,109.00,109.00,109.00,109.00,109.00,109.00,109.00,109.00
2026-08-24 20:05:17,109.00,154.00,109.00,109.00,109.00,109.00,109.00,109.00,109.00,109.00,109.00,109.00,109.00,109.00,109.00,109.00,109.00,109.00,109.00,109.00,109.00,109.00,109.00
2026-08-24 20:15:21,109.00,154.00,109.00,109.00,109.00,109.00,109.00,109.00,109.00,109.00,109.00,109.00,109.00,109.00,109.00,109.00,109.00,109.00,109.00,109.00,109.00,109.00,109.00
2026-08-24 20:25:11,109.00,154.00,109.00,109.00,109.00,109.00,109.00,109.00,109.00,109.00,109.00,109.00,109.00,109.00,109.00,109.00,109.00,109.00,109.00,109.00,109.00,109.00,109.00
2026-08-24 20:35:12,109.00,154.00,109.00,109.00,109.00,109.00,109.00,109.00,109.00,109.00,109.00,109.00,109.00,109.00,109.00,109.00,109.00,109.00,109.00,109.00,109.00,109.00,109.00
2026-08-24 20:44:56,109.00,154.00,109.00,109.00,109.00,109.00,109.00,109.00,109.00,109.00,109.00,109.00,109.00,109.00,109.00,109.00,109.00,109.00,109.00,109.00,109.00,109.00,109.00
2026-08-24 20:55:17,109.00,154.00,109.00,109.00,109.00,109.00,109.00,109.00,109.00,109.00,109.00,109.00,109.00,109.00,109.00,109.00,109.00,109.00,109.00,109.00,109.00,109.00,109.00
2026-08-24 21:05:03,109.00,154.00,109.00,109.00,109.00,109.00,109.00,109.00,109.00,109.00,109.00,109.00,109.00,109.00,109.00,109.00,109.00,109.00,109.00,109.00,109.00,109.00,109.00
2026-08-24 21:14:59,109.00,154.00,109.00,109.00,109.00,109.00,109.00,109.00,109.00,109.00,109.00,109.00,109.00,109.00,109.00,109.00,109.00,109.00,109.00,109.00,109.00,109.00,109.00
2026-08-24 21:25:18,109.00,154.00,109.00,109.00,109.00,109.00,109.00,109.00,109.00,109.00,109.00,109.00,109.00,109.00,109.00,109.00,109.00,109.00,109.00,109.00,109.00,109.00,109.00
2026-08-24 21:35:14,109.00,154.00,109.00,109.00,109.00,109.00,109.00,109.00,109.00,109.00,109.00,109.00,109.00,109.00,109.00,109.00,109.00,109.00,109.00,109.00,109.00,109.00,109.00
2026-08-24 21:44:41,109.00,154.00,109.00,109.00,109.00,109.00,109.00,109.00,109.00,109.00,109.00,109.00,109.00,109.00,109.00,109.00,109.00,109.00,109.00,109.00,109.00,109.00,109.00
2026-08-24 21:55:14,109.00,154.00,109.00,109.00,109.00,109.00,109.00,109.00,109.00,109.00,109.00,109.00,109.00,109.00,109.00,109.00,109.00,109.00,109.00,109.00,109.00,109.00,109.00
2026-08-24 22:05:23,109.00,154.00,109.00,109.00,109.00,109.00,109.00,109.00,109.00,109.00,109.00,109.00,109.00,109.00,109.00,109.00,109.00,109.00,109.00,109.00,109.00,109.00,109.00
2026-08-24 22:15:08,109.00,,109.00,,109.00,,109.00,,109.00,,109.00,,109.00,,,,109.00,109.00,,,109.00,109.00,109.00
2026-08-24 22:25:07,109.00,154.00,109.00,109.00,109.00,109.00,109.00,109.00,109.00,109.00,109.00,109.00,109.00,109.00,109.00,109.00,109.00,109.00,109.00,109.00,109.00,109.00,109.00
2026-08-24 22:34:31,109.00,154.00,109.00,109.00,109.00,109.00,109.00,109.00,109.00,109.00,109.00,109.00,109.00,109.00,109.00,109.00,109.00,109.00,109.00,109.00,109.00,109.00,109.00
2026-08-24 22:45:18,109.00,154.00,109.00,109.00,109.00,109.00,109.00,109.00,109.00,109.00,109.00,109.00,109.00,109.00,109.00,109.00,109.00,109.00,109.00,109.00,109.00,109.00,109.00
2026-08-24 22:55:15,109.00,154.00,109.00,109.00,109.00,109.00,109.00,109.00,109.00,109.00,109.00,109.00,109.00,109.00,109.00,109.00,109.00,109.00,109.00,109.00,109.00,109.00,109.00
2026-08-24 23:05:28,109.00,154.00,109.00,109.00,109.00,109.00,109.00,109.00,109.00,109.00,109.00,109.00,109.00,109.00,109.00,109.00,109.00,109.00,109.00,109.00,109.00,109.00,109.00
2026-08-24 23:15:17,109.00,154.00,109.00,109.00,109.00,109.00,109.00,109.00,109.00,109.00,109.00,109.00,109.00,109.00,109.00,109.00,109.00,109.00,109.00,109.00,109.00,109.00,109.00
2026-08-24 23:25:14,109.00,154.00,109.00,109.00,109.00,109.00,109.00,109.00,109.00,109.00,109.00,109.00,109.00,109.00,109.00,109.00,109.00,109.00,109.00,109.00,109.00,109.00,109.00
2026-08-24 23:45:10,109.00,154.00,109.00,109.00,109.00,109.00,109.00,109.00,109.00,109.00,109.00,109.00,109.00,109.00,109.00,109.00,109.00,109.00,109.00,109.00,109.00,109.00,109.00
2026-08-24 23:55:21,109.00,154.00,109.00,109.00,109.00,109.00,109.00,109.00,109.00,109.00,109.00,109.00,109.00,109.00,109.00,109.00,109.00,109.00,109.00,109.00,109.00,109.00,109.00
2026-08-25 00:05:19,109.00,154.00,109.00,109.00,109.00,109.00,109.00,109.00,109.00,109.00,109.00,109.00,109.00,109.00,109.00,109.00,109.00,109.00,109.00,109.00,109.00,109.00,109.00
2026-08-25 00:14:47,109.00,154.00,109.00,109.00,109.00,109.00,109.00,109.00,109.00,109.00,109.00,109.00,109.00,109.00,109.00,109.00,109.00,109.00,109.00,109.00,109.00,109.00,109.00
2026-08-25 00:25:12,109.00,154.00,109.00,109.00,109.00,109.00,109.00,109.00,109.00,109.00,109.00,109.00,109.00,109.00,109.00,109.00,109.00,109.00,109.00,109.00,109.00,109.00,109.00
2026-08-25 00:35:15,109.00,154.00,109.00,109.00,109.00,109.00,109.00,109.00,109.00,109.00,119.00,119.00,109.00,109.00,109.00,109.00,109.00,109.00,109.00,109.00,109.00,109.00,109.00
2026-08-25 00:45:30,109.00,154.00,109.00,109.00,109.00,109.00,109.00,109.00,109.00,109.00,119.00,119.00,109.00,109.00,109.00,109.00,109.00,109.00,109.00,109.00,109.00,109.00,109.00
2026-08-25 00:55:21,109.00,154.00,109.00,109.00,109.00,109.00,109.00,109.00,109.00,109.00,119.00,119.00,109.00,109.00,109.00,109.00,109.00,109.00,109.00,109.00,109.00,109.00,109.00
2026-08-25 01:05:03,109.00,154.00,109.00,109.00,109.00,109.00,109.00,109.00,109.00,109.00,119.00,119.00,109.00,109.00,109.00,109.00,109.00,109.00,109.00,109.00,109.00,109.00,109.00
2026-08-25 01:15:21,109.00,154.00,109.00,109.00,109.00,109.00,109.00,109.00,109.00,109.00,119.00,119.00,109.00,109.00,109.00,109.00,109.00,109.00,109.00,109.00,109.00,109.00,109.00
2026-08-25 01:25:15,109.00,154.00,109.00,109.00,109.00,109.00,109.00,109.00,109.00,109.00,119.00,119.00,109.00,109.00,109.00,109.00,109.00,109.00,109.00,109.00,109.00,109.00,109.00
2026-08-25 01:35:20,109.00,154.00,109.00,109.00,109.00,109.00,109.00,109.00,109.00,109.00,119.00,119.00,109.00,109.00,109.00,109.00,109.00,109.00,109.00,109.00,109.00,109.00,109.00
2026-08-25 01:45:31,109.00,154.00,109.00,109.00,109.00,109.00,109.00,109.00,109.00,109.00,119.00,119.00,109.00,109.00,109.00,109.00,109.00,109.00,109.00,109.00,109.00,109.00,109.00
2026-08-25 01:55:18,109.00,154.00,109.00,109.00,109.00,109.00,109.00,109.00,109.00,109.00,119.00,119.00,109.00,109.00,109.00,109.00,109.00,109.00,109.00,109.00,109.00,109.00,109.00
2026-08-25 02:05:31,109.00,154.00,109.00,109.00,109.00,109.00,109.00,109.00,109.00,109.00,119.00,119.00,109.00,109.00,109.00,109.00,109.00,109.00,109.00,109.00,109.00,109.00,109.00
2026-08-25 02:15:25,109.00,154.00,109.00,109.00,109.00,109.00,109.00,109.00,109.00,109.00,119.00,119.00,109.00,109.00,109.00,109.00,109.00,109.00,109.00,109.00,109.00,109.00,109.00
2026-08-25 02:24:31,109.00,154.00,109.00,109.00,109.00,109.00,109.00,109.00,109.00,109.00,119.00,119.00,109.00,109.00,109.00,109.00,109.00,109.00,109.00,109.00,109.00,109.00,109.00
2026-08-25 02:35:12,109.00,154.00,109.00,109.00,109.00,109.00,109.00,109.00,109.00,109.00,119.00,119.00,109.00,109.00,109.00,109.00,109.00,109.00,109.00,109.00,109.00,109.00,109.00
2026-08-25 02:45:14,109.00,154.00,109.00,109.00,109.00,109.00,109.00,109.00,109.00,109.00,119.00,119.00,109.00,109.00,109.00,109.00,109.00,109.00,109.00,109.00,109.00,109.00,109.00
2026-08-25 02:54:32,109.00,154.00,109.00,109.00,109.00,109.00,109.00,109.00,109.00,109.00,119.00,119.00,109.00,109.00,109.00,109.00,109.00,109.00,109.00,109.00,109.00,109.00,109.00
2026-08-25 03:05:22,109.00,154.00,109.00,109.00,109.00,109.00,109.00,109.00,109.00,109.00,119.00,119.00,109.00,109.00,109.00,109.00,109.00,109.00,109.00,109.00,109.00,109.00,109.00
2026-08-25 03:15:31,109.00,154.00,109.00,109.00,109.00,109.00,109.00,109.00,109.00,109.00,119.00,119.00,109.00,109.00,109.00,109.00,109.00,109.00,109.00,109.00,109.00,109.00,109.00
2026-08-25 03:25:16,109.00,154.00,109.00,109.00,109.00,109.00,109.00,109.00,109.00,109.00,119.00,119.00,109.00,109.00,109.00,109.00,109.00,109.00,109.00,109.00,109.00,109.00,109.00
2026-08-25 03:35:14,109.00,154.00,109.00,109.00,109.00,109.00,109.00,109.00,109.00,109.00,119.00,119.00,109.00,109.00,109.00,109.00,109.00,109.00,109.00,109.00,109.00,109.00,109.00
2026-08-25 03:45:10,109.00,154.00,109.00,109.00,109.00,109.00,109.00,109.00,109.00,109.00,119.00,119.00,109.00,109.00,109.00,109.00,109.00,109.00,109.00,109.00,109.00,109.00,109.00
2026-08-25 03:55:17,109.00,154.00,109.00,109.00,109.00,109.00,109.00,109.00,109.00,109.00,119.00,119.00,109.00,109.00,109.00,109.00,109.00,109.00,109.00,109.00,109.00,109.00,109.00
2026-08-25 04:05:36,109.00,154.00,109.00,109.00,109.00,109.00,109.00,109.00,109.00,109.00,119.00,119.00,109.00,109.00,109.00,109.00,109.00,109.00,109.00,109.00,109.00,109.00,109.00
2026-08-25 04:16:08,109.00,154.00,109.00,109.00,109.00,109.00,109.00,109.00,109.00,109.00,119.00,119.00,109.00,109.00,109.00,109.00,109.00,109.00,109.00,109.00,109.00,109.00,109.00
2026-08-25 04:25:50,109.00,154.00,109.00,109.00,109.00,109.00,109.00,109.00,109.00,109.00,119.00,119.00,109.00,109.00,109.00,109.00,109.00,109.00,109.00,109.00,109.00,109.00,109.00
2026-08-25 04:35:29,109.00,154.00,109.00,109.00,109.00,109.00,109.00,109.00,109.00,109.00,119.00,119.00,109.00,109.00,109.00,109.00,109.00,109.00,109.00,109.00,109.00,109.00,109.00
2026-08-25 04:44:47,109.00,154.00,109.00,109.00,109.00,109.00,109.00,109.00,109.00,109.00,119.00,119.00,109.00,109.00,109.00,109.00,109.00,109.00,109.00,109.00,109.00,109.00,109.00
2026-08-25 04:55:17,109.00,154.00,109.00,109.00,109.00,109.00,109.00,109.00,109.00,109.00,119.00,119.00,109.00,109.00,109.00,109.00,109.00,109.00,109.00,109.00,109.00,109.00,109.00
2026-08-25 05:04:39,109.00,154.00,109.00,109.00,109.00,109.00,109.00,109.00,109.00,109.00,119.00,119.00,109.00,109.00,109.00,109.00,109.00,109.00,109.00,109.00,109.00,109.00,109.00
2026-08-25 05:15:06,109.00,154.00,109.00,109.00,109.00,109.00,109.00,109.00,109.00,109.00,119.00,119.00,109.00,109.00,109.00,109.00,109.00,109.00,109.00,109.00,109.00,109.00,109.00
2026-08-25 05:25:06,109.00,154.00,109.00,109.00,109.00,109.00,109.00,109.00,109.00,109.00,119.00,119.00,109.00,109.00,109.00,109.00,109.00,109.00,109.00,109.00,109.00,109.00,109.00
2026-08-25 05:35:18,109.00,154.00,109.00,109.00,109.00,109.00,109.00,109.00,109.00,109.00,119.00,119.00,109.00,109.00,109.00,109.00,109.00,109.00,109.00,109.00,109.00,109.00,109.00
2026-08-25 05:45:12,109.00,154.00,109.00,109.00,109.00,109.00,109.00,109.00,109.00,109.00,119.00,119.00,109.00,109.00,109.00,109.00,109.00,109.00,109.00,109.00,109.00,109.00,109.00
2026-08-25 05:55:12,109.00,154.00,109.00,109.00,109.00,109.00,109.00,109.00,109.00,109.00,119.00,119.00,109.00,109.00,109.00,109.00,109.00,109.00,109.00,109.00,109.00,109.00,109.00
2026-08-25 06:04:53,109.00,154.00,109.00,109.00,109.00,109.00,109.00,109.00,109.00,109.00,119.00,119.00,109.00,109.00,109.00,109.00,109.00,109.00,109.00,109.00,109.00,109.00,109.00
2026-08-25 06:15:10,109.00,154.00,109.00,109.00,109.00,109.00,109.00,109.00,109.00,109.00,119.00,119.00,109.00,109.00,109.00,109.00,109.00,109.00,109.00,109.00,109.00,109.00,109.00
2026-08-25 06:25:16,109.00,154.00,109.00,109.00,109.00,109.00,109.00,109.00,109.00,109.00,119.00,119.00,109.00,109.00,109.00,109.00,109.00,109.00,109.00,109.00,109.00,109.00,109.00
2026-08-25 06:35:09,109.00,154.00,109.00,109.00,109.00,109.00,109.00,109.00,109.00,109.00,119.00,119.00,109.00,109.00,109.00,109.00,109.00,109.00,109.00,109.00,109.00,109.00,109.00
2026-08-25 06:44:47,109.00,154.00,109.00,109.00,109.00,109.00,109.00,109.00,109.00,109.00,119.00,119.00,109.00,109.00,109.00,109.00,109.00,109.00,109.00,109.00,109.00,109.00,109.00
2026-08-25 06:54:36,109.00,154.00,109.00,109.00,109.00,109.00,109.00,109.00,109.00,109.00,119.00,119.00,109.00,109.00,109.00,109.00,109.00,109.00,109.00,109.00,109.00,109.00,109.00
2026-08-25 07:05:14,109.00,154.00,109.00,109.00,109.00,109.00,109.00,109.00,109.00,109.00,119.00,119.00,109.00,109.00,109.00,109.00,109.00,109.00,109.00,109.00,109.00,109.00,109.00
2026-08-25 07:15:03,109.00,154.00,109.00,109.00,109.00,109.00,109.00,109.00,109.00,109.00,119.00,119.00,109.00,109.00,109.00,109.00,109.00,109.00,109.00,109.00,109.00,109.00,109.00
2026-08-25 07:25:12,109.00,154.00,109.00,109.00,109.00,109.00,109.00,109.00,109.00,109.00,119.00,119.00,109.00,109.00,109.00,109.00,109.00,109.00,109.00,109.00,109.00,109.00,109.00
2026-08-25 07:35:18,109.00,154.00,109.00,109.00,109.00,109.00,109.00,109.00,109.00,109.00,119.00,119.00,109.00,109.00,109.00,109.00,109.00,109.00,109.00,109.00,109.00,109.00,109.00
2026-08-25 07:45:06,109.00,154.00,109.00,109.00,109.00,109.00,109.00,109.00,109.00,109.00,119.00,119.00,109.00,109.00,109.00,109.00,109.00,109.00,109.00,109.00,109.00,109.00,109.00
2026-08-25 07:55:14,109.00,154.00,109.00,109.00,109.00,109.00,109.00,109.00,109.00,109.00,119.00,119.00,109.00,109.00,109.00,109.00,109.00,109.00,109.00,109.00,109.00,109.00,109.00
2026-08-25 08:05:20,109.00,154.00,109.00,109.00,109.00,109.00,109.00,109.00,109.00,109.00,119.00,119.00,109.00,109.00,109.00,109.00,109.00,109.00,109.00,109.00,109.00,109.00,109.00
2026-08-25 08:15:09,109.00,154.00,109.00,109.00,109.00,109.00,109.00,109.00,109.00,109.00,119.00,119.00,109.00,109.00,109.00,109.00,109.00,109.00,109.00,109.00,109.00,109.00,109.00
2026-08-25 08:25:13,109.00,154.00,109.00,109.00,109.00,109.00,109.00,109.00,109.00,109.00,119.00,119.00,109.00,109.00,109.00,109.00,109.00,109.00,109.00,109.00,109.00,109.00,109.00
2026-08-25 08:35:17,109.00,154.00,109.00,109.00,109.00,109.00,109.00,109.00,109.00,109.00,119.00,119.00,109.00,109.00,109.00,109.00,109.00,109.00,109.00,109.00,109.00,109.00,109.00
2026-08-25 08:45:10,109.00,154.00,109.00,109.00,109.00,109.00,109.00,109.00,109.00,109.00,119.00,119.00,109.00,109.00,109.00,109.00,109.00,109.00,109.00,109.00,109.00,109.00,109.00
2026-08-25 08:55:07,109.00,154.00,109.00,109.00,109.00,109.00,109.00,109.00,109.00,109.00,119.00,119.00,109.00,109.00,109.00,109.00,109.00,109.00,109.00,109.00,109.00,109.00,109.00
2026-08-25 09:04:55,109.00,154.00,109.00,109.00,109.00,109.00,109.00,109.00,109.00,109.00,119.00,119.00,109.00,109.00,109.00,109.00,109.00,109.00,109.00,109.00,109.00,109.00,109.00
2026-08-25 09:15:09,109.00,154.00,109.00,109.00,109.00,109.00,109.00,109.00,109.00,109.00,119.00,119.00,109.00,109.00,109.00,109.00,109.00,109.00,109.00,109.00,109.00,109.00,109.00
2026-08-25 09:25:11,109.00,154.00,109.00,109.00,109.00,109.00,109.00,109.00,109.00,109.00,119.00,119.00,109.00,109.00,109.00,109.00,109.00,109.00,109.00,109.00,109.00,109.00,109.00
2026-08-25 09:35:12,109.00,154.00,109.00,109.00,109.00,109.00,109.00,109.00,109.00,109.00,119.00,119.00,109.00,109.00,109.00,109.00,109.00,109.00,109.00,109.00,109.00,109.00,109.00
2026-08-25 09:44:52,109.00,154.00,109.00,109.00,109.00,109.00,109.00,109.00,109.00,109.00,119.00,119.00,109.00,109.00,109.00,109.00,109.00,109.00,109.00,109.00,109.00,109.00,109.00
2026-08-25 09:55:14,109.00,154.00,109.00,109.00,109.00,109.00,109.00,109.00,109.00,109.00,119.00,119.00,109.00,109.00,109.00,109.00,109.00,109.00,109.00,109.00,109.00,109.00,109.00
2026-08-25 10:04:52,109.00,154.00,109.00,109.00,109.00,109.00,109.00,109.00,109.00,109.00,119.00,119.00,109.00,109.00,109.00,109.00,109.00,109.00,109.00,109.00,109.00,109.00,109.00
2026-08-25 10:15:10,109.00,154.00,109.00,109.00,109.00,109.00,109.00,109.00,109.00,109.00,119.00,119.00,109.00,109.00,109.00,109.00,109.00,109.00,109.00,109.00,109.00,109.00,109.00
2026-08-25 10:25:07,109.00,154.00,109.00,109.00,109.00,109.00,109.00,109.00,109.00,109.00,119.00,119.00,109.00,109.00,109.00,109.00,109.00,109.00,109.00,109.00,109.00,109.00,109.00
2026-08-25 10:34:51,109.00,154.00,109.00,109.00,109.00,109.00,109.00,109.00,109.00,109.00,119.00,119.00,109.00,109.00,109.00,109.00,109.00,109.00,109.00,109.00,109.00,109.00,109.00
2026-08-25 10:44:21,109.00,154.00,109.00,109.00,109.00,109.00,109.00,109.00,109.00,109.00,119.00,119.00,109.00,109.00,109.00,109.00,109.00,109.00,109.00,109.00,109.00,109.00,109.00
2026-08-25 10:54:52,109.00,154.00,109.00,109.00,109.00,109.00,109.00,109.00,109.00,109.00,119.00,119.00,109.00,109.00,109.00,109.00,109.00,109.00,109.00,109.00,109.00,109.00,109.00
2026-08-25 11:05:19,109.00,154.00,109.00,109.00,109.00,109.00,109.00,109.00,109.00,109.00,119.00,119.00,109.00,109.00,109.00,109.00,109.00,109.00,109.00,109.00,109.00,109.00,109.00
2026-08-25 11:15:16,109.00,154.00,109.00,109.00,109.00,109.00,109.00,109.00,109.00,109.00,119.00,119.00,109.00,109.00,109.00,109.00,109.00,109.00,109.00,109.00,109.00,109.00,109.00
2026-08-25 11:25:21,109.00,154.00,109.00,109.00,109.00,109.00,109.00,109.00,109.00,109.00,119.00,119.00,109.00,109.00,109.00,109.00,109.00,109.00,109.00,109.00,109.00,109.00,109.00
2026-08-25 11:35:23,109.00,154.00,109.00,109.00,109.00,109.00,109.00,109.00,109.00,109.00,119.00,119.00,109.00,109.00,109.00,109.00,109.00,109.00,109.00,109.00,109.00,109.00,109.00
2026-08-25 11:45:25,109.00,154.00,109.00,109.00,109.00,109.00,109.00,109.00,109.00,109.00,119.00,119.00,109.00,109.00,109.00,109.00,109.00,109.00,109.00,109.00,109.00,109.00,109.00
2026-08-25 11:55:11,109.00,154.00,109.00,109.00,109.00,109.00,109.00,109.00,109.00,109.00,119.00,119.00,109.00,109.00,109.00,109.00,109.00,109.00,109.00,109.00,109.00,109.00,109.00
2026-08-25 12:05:21,109.00,154.00,109.00,109.00,109.00,109.00,109.00,109.00,109.00,109.00,119.00,119.00,109.00,109.00,109.00,109.00,109.00,109.00,109.00,109.00,109.00,109.00,109.00
2026-08-25 12:15:27,109.00,154.00,109.00,109.00,109.00,109.00,109.00,109.00,109.00,109.00,119.00,119.00,109.00,109.00,109.00,109.00,109.00,109.00,109.00,109.00,109.00,109.00,109.00
2026-08-25 12:25:07,109.00,154.00,109.00,109.00,109.00,109.00,109.00,109.00,109.00,109.00,119.00,119.00,109.00,109.00,109.00,109.00,109.00,109.00,109.00,109.00,109.00,109.00,109.00
2026-08-25 12:35:18,109.00,154.00,109.00,109.00,109.00,109.00,109.00,109.00,109.00,109.00,119.00,119.00,109.00,109.00,109.00,109.00,109.00,109.00,109.00,109.00,109.00,109.00,109.00
2026-08-25 12:45:14,109.00,154.00,109.00,109.00,109.00,109.00,109.00,109.00,109.00,109.00,119.00,119.00,109.00,109.00,109.00,109.00,109.00,109.00,109.00,109.00,109.00,109.00,109.00
2026-08-25 12:55:25,109.00,154.00,109.00,109.00,109.00,109.00,109.00,109.00,109.00,109.00,119.00,119.00,109.00,109.00,109.00,109.00,109.00,109.00,109.00,109.00,109.00,109.00,109.00
2026-08-25 13:05:20,109.00,154.00,109.00,109.00,109.00,109.00,109.00,109.00,109.00,109.00,119.00,119.00,109.00,109.00,109.00,109.00,109.00,109.00,109.00,109.00,109.00,109.00,109.00
2026-08-25 13:15:33,109.00,154.00,109.00,109.00,109.00,109.00,109.00,109.00,109.00,109.00,119.00,119.00,109.00,109.00,109.00,109.00,109.00,109.00,109.00,109.00,109.00,109.00,109.00
2026-08-25 13:25:30,109.00,154.00,109.00,109.00,109.00,109.00,109.00,109.00,109.00,109.00,119.00,119.00,109.00,109.00,109.00,109.00,109.00,109.00,109.00,109.00,109.00,109.00,109.00
2026-08-25 13:35:27,109.00,154.00,109.00,109.00,109.00,109.00,109.00,109.00,109.00,109.00,119.00,119.00,109.00,109.00,109.00,109.00,109.00,109.00,109.00,109.00,109.00,109.00,109.00
2026-08-25 13:44:37,109.00,154.00,109.00,109.00,109.00,109.00,109.00,109.00,109.00,109.00,119.00,119.00,109.00,109.00,109.00,109.00,109.00,109.00,109.00,109.00,109.00,109.00,109.00
2026-08-25 13:55:26,109.00,154.00,109.00,109.00,109.00,109.00,109.00,109.00,109.00,109.00,119.00,119.00,109.00,109.00,109.00,109.00,109.00,109.00,109.00,109.00,109.00,109.00,109.00
2026-08-25 14:05:43,109.00,154.00,109.00,109.00,109.00,109.00,109.00,109.00,109.00,109.00,119.00,119.00,109.00,109.00,109.00,109.00,109.00,109.00,109.00,109.00,109.00,109.00,109.00
2026-08-25 14:15:43,109.00,154.00,109.00,109.00,109.00,109.00,109.00,109.00,109.00,109.00,119.00,119.00,109.00,109.00,109.00,109.00,109.00,109.00,109.00,109.00,109.00,109.00,109.00
2026-08-25 14:25:36,109.00,154.00,109.00,109.00,109.00,109.00,109.00,109.00,109.00,109.00,119.00,119.00,109.00,109.00,109.00,109.00,109.00,109.00,109.00,109.00,109.00,109.00,109.00
2026-08-25 14:35:27,109.00,154.00,109.00,109.00,109.00,109.00,109.00,109.00,109.00,109.00,119.00,119.00,109.00,109.00,109.00,109.00,109.00,109.00,109.00,109.00,109.00,109.00,109.00
2026-08-25 14:44:45,109.00,154.00,109.00,109.00,109.00,109.00,109.00,109.00,109.00,109.00,119.00,119.00,109.00,109.00,109.00,109.00,109.00,109.00,109.00,109.00,109.00,109.00,109.00
2026-08-25 14:54:59,109.00,154.00,109.00,109.00,109.00,109.00,109.00,109.00,109.00,109.00,119.00,119.00,109.00,109.00,109.00,109.00,109.00,109.00,109.00,109.00,109.00,109.00,109.00
2026-08-25 15:05:28,109.00,154.00,109.00,109.00,109.00,109.00,109.00,109.00,109.00,109.00,119.00,119.00,109.00,109.00,109.00,109.00,109.00,109.00,109.00,109.00,109.00,109.00,109.00
2026-08-25 15:15:37,109.00,154.00,109.00,109.00,109.00,109.00,109.00,109.00,109.00,109.00,119.00,119.00,109.00,109.00,109.00,109.00,109.00,109.00,109.00,109.00,109.00,109.00,109.00
2026-08-25 15:25:41,109.00,154.00,109.00,109.00,109.00,109.00,109.00,109.00,109.00,109.00,119.00,119.00,109.00,109.00,109.00,109.00,109.00,109.00,109.00,109.00,109.00,109.00,109.00
2026-08-25 15:35:30,109.00,154.00,109.00,109.00,109.00,109.00,109.00,109.00,109.00,109.00,119.00,119.00,109.00,109.00,109.00,109.00,109.00,109.00,109.00,109.00,109.00,109.00,109.00
2026-08-25 15:45:25,109.00,154.00,109.00,109.00,109.00,109.00,109.00,109.00,109.00,109.00,119.00,119.00,109.00,109.00,109.00,109.00,109.00,109.00,109.00,109.00,109.00,109.00,109.00
2026-08-25 15:55:18,109.00,154.00,109.00,109.00,109.00,109.00,109.00,109.00,109.00,109.00,119.00,119.00,109.00,109.00,109.00,109.00,109.00,109.00,109.00,109.00,109.00,109.00,109.00
2026-08-25 16:05:25,109.00,154.00,109.00,109.00,109.00,109.00,109.00,109.00,109.00,109.00,119.00,119.00,109.00,109.00,109.00,109.00,109.00,109.00,109.00,109.00,109.00,109.00,109.00
2026-08-25 16:15:47,109.00,154.00,109.00,109.00,109.00,109.00,109.00,109.00,109.00,109.00,119.00,119.00,109.00,109.00,109.00,109.00,109.00,109.00,109.00,109.00,109.00,109.00,109.00
2026-08-25 16:25:45,109.00,154.00,109.00,109.00,109.00,109.00,109.00,109.00,109.00,109.00,119.00,119.00,109.00,109.00,109.00,109.00,109.00,109.00,109.00,109.00,109.00,109.00,109.00
2026-08-25 16:36:05,109.00,154.00,109.00,109.00,109.00,109.00,109.00,109.00,109.00,109.00,119.00,119.00,109.00,109.00,109.00,109.00,109.00,109.00,109.00,109.00,109.00,109.00,109.00
2026-08-25 16:46:52,109.00,154.00,109.00,109.00,109.00,109.00,109.00,109.00,109.00,109.00,119.00,119.00,109.00,109.00,109.00,109.00,109.00,109.00,109.00,109.00,109.00,109.00,109.00
2026-08-25 16:57:21,109.00,154.00,109.00,109.00,109.00,109.00,109.00,109.00,109.00,109.00,119.00,119.00,109.00,109.00,109.00,109.00,109.00,109.00,109.00,109.00,109.00,109.00,109.00
2026-08-25 17:07:14,109.00,154.00,109.00,109.00,109.00,109.00,109.00,109.00,109.00,109.00,119.00,119.00,109.00,109.00,109.00,109.00,109.00,109.00,109.00,109.00,109.00,109.00,109.00
2026-08-25 17:16:56,109.00,154.00,109.00,109.00,109.00,109.00,109.00,109.00,109.00,109.00,119.00,119.00,109.00,109.00,109.00,109.00,109.00,109.00,109.00,109.00,109.00,109.00,109.00
2026-08-25 17:27:13,109.00,154.00,109.00,109.00,109.00,109.00,109.00,109.00,109.00,109.00,119.00,119.00,109.00,109.00,109.00,109.00,109.00,109.00,109.00,109.00,109.00,109.00,109.00
2026-08-25 17:37:18,109.00,154.00,109.00,109.00,109.00,109.00,109.00,109.00,109.00,109.00,119.00,119.00,109.00,109.00,109.00,109.00,109.00,109.00,109.00,109.00,109.00,109.00,109.00
2026-08-25 17:47:11,109.00,154.00,109.00,109.00,109.00,109.00,109.00,109.00,109.00,109.00,119.00,119.00,109.00,109.00,109.00,109.00,109.00,109.00,109.00,109.00,109.00,109.00,109.00
2026-08-25 17:57:15,109.00,154.00,109.00,109.00,109.00,109.00,109.00,109.00,109.00,109.00,119.00,119.00,109.00,109.00,109.00,109.00,109.00,109.00,109.00,109.00,109.00,109.00,109.00
2026-08-25 18:07:17,109.00,154.00,109.00,109.00,109.00,109.00,109.00,109.00,109.00,109.00,119.00,119.00,109.00,109.00,109.00,109.00,109.00,109.00,109.00,109.00,109.00,109.00,109.00
2026-08-25 18:17:02,109.00,154.00,109.00,109.00,109.00,109.00,109.00,109.00,109.00,109.00,119.00,119.00,109.00,109.00,109.00,109.00,109.00,109.00,109.00,109.00,109.00,109.00,109.00
2026-08-25 18:27:18,109.00,154.00,109.00,109.00,109.00,109.00,109.00,109.00,109.00,109.00,119.00,119.00,109.00,109.00,109.00,109.00,109.00,109.00,109.00,109.00,109.00,109.00,109.00
2026-08-25 18:37:34,109.00,154.00,109.00,109.00,109.00,109.00,109.00,109.00,109.00,109.00,119.00,119.00,109.00,109.00,109.00,109.00,109.00,109.00,109.00,109.00,109.00,109.00,109.00
2026-08-25 18:47:49,109.00,154.00,109.00,109.00,109.00,109.00,109.00,109.00,109.00,109.00,119.00,119.00,109.00,109.00,109.00,109.00,109.00,109.00,109.00,109.00,109.00,109.00,109.00
2026-08-25 18:58:03,109.00,154.00,109.00,109.00,109.00,109.00,109.00,109.00,109.00,109.00,119.00,119.00,109.00,109.00,109.00,109.00,109.00,109.00,109.00,109.00,109.00,109.00,109.00
2026-08-25 19:08:14,109.00,154.00,109.00,109.00,109.00,109.00,109.00,109.00,109.00,109.00,119.00,119.00,109.00,109.00,109.00,109.00,109.00,109.00,109.00,109.00,109.00,109.00,109.00
2026-08-25 19:18:34,109.00,154.00,109.00,109.00,109.00,109.00,109.00,109.00,109.00,109.00,119.00,119.00,109.00,109.00,109.00,109.00,109.00,109.00,109.00,109.00,109.00,109.00,109.00
2026-08-25 19:28:50,109.00,154.00,109.00,109.00,109.00,109.00,109.00,109.00,109.00,109.00,119.00,119.00,109.00,109.00,109.00,109.00,109.00,109.00,109.00,109.00,109.00,109.00,109.00
2026-08-25 19:38:40,109.00,154.00,109.00,109.00,109.00,109.00,109.00,109.00,109.00,109.00,119.00,119.00,109.00,109.00,109.00,109.00,109.00,109.00,109.00,109.00,109.00,109.00,109.00
2026-08-25 19:48:29,109.00,154.00,109.00,109.00,109.00,109.00,109.00,109.00,109.00,109.00,119.00,119.00,109.00,109.00,109.00,109.00,109.00,109.00,109.00,109.00,109.00,109.00,109.00
2026-08-25 19:58:30,109.00,154.00,109.00,109.00,109.00,109.00,109.00,109.00,109.00,109.00,119.00,119.00,109.00,109.00,109.00,109.00,109.00,109.00,109.00,109.00,109.00,109.00,109.00
2026-08-25 20:08:42,109.00,154.00,109.00,109.00,109.00,109.00,109.00,109.00,109.00,109.00,119.00,119.00,109.00,109.00,109.00,109.00,109.00,109.00,109.00,109.00,109.00,109.00,109.00
2026-08-25 20:18:54,109.00,154.00,109.00,109.00,109.00,109.00,109.00,109.00,109.00,109.00,119.00,119.00,109.00,109.00,109.00,109.00,109.00,109.00,109.00,109.00,109.00,109.00,109.00
2026-08-25 20:29:09,109.00,154.00,109.00,109.00,109.00,109.00,109.00,109.00,109.00,109.00,119.00,119.00,109.00,109.00,109.00,109.00,109.00,109.00,109.00,109.00,109.00,109.00,109.00
2026-08-25 20:39:27,129.00,174.00,129.00,129.00,129.00,129.00,129.00,129.00,129.00,129.00,119.00,119.00,109.00,109.00,109.00,109.00,109.00,109.00,109.00,109.00,109.00,109.00,109.00
2026-08-25 20:49:18,129.00,174.00,129.00,129.00,129.00,129.00,129.00,129.00,129.00,129.00,119.00,119.00,109.00,109.00,109.00,109.00,109.00,109.00,109.00,109.00,109.00,109.00,109.00
2026-08-25 20:59:10,129.00,174.00,129.00,129.00,129.00,129.00,129.00,129.00,129.00,129.00,119.00,119.00,109.00,109.00,109.00,109.00,109.00,109.00,109.00,109.00,109.00,109.00,109.00
2026-08-25 21:09:15,129.00,174.00,129.00,129.00,129.00,129.00,129.00,129.00,129.00,129.00,119.00,119.00,109.00,109.00,109.00,109.00,109.00,109.00,109.00,109.00,109.00,109.00,109.00
2026-08-25 21:19:23,129.00,174.00,129.00,129.00,129.00,129.00,129.00,129.00,129.00,129.00,119.00,119.00,109.00,109.00,109.00,109.00,109.00,109.00,109.00,109.00,109.00,109.00,109.00
2026-08-25 21:29:43,129.00,174.00,129.00,129.00,129.00,129.00,129.00,129.00,129.00,129.00,119.00,119.00,109.00,109.00,109.00,109.00,109.00,109.00,109.00,109.00,109.00,109.00,109.00
2026-08-25 21:39:53,129.00,174.00,129.00,129.00,129.00,129.00,129.00,129.00,129.00,129.00,119.00,119.00,109.00,109.00,109.00,109.00,109.00,109.00,109.00,109.00,109.00,109.00,109.00
2026-08-25 21:49:16,129.00,174.00,129.00,129.00,129.00,129.00,129.00,129.00,129.00,129.00,119.00,119.00,109.00,109.00,109.00,109.00,109.00,109.00,109.00,109.00,109.00,109.00,109.00
2026-08-25 21:58:42,129.00,129.00,129.00,129.00,129.00,129.00,129.00,129.00,129.00,129.00,119.00,119.00,109.00,109.00,109.00,109.00,109.00,109.00,109.00,109.00,109.00,109.00,109.00
2026-08-25 22:09:12,129.00,129.00,129.00,129.00,129.00,129.00,129.00,129.00,129.00,129.00,119.00,119.00,109.00,109.00,109.00,109.00,109.00,109.00,109.00,109.00,109.00,109.00,109.00
2026-08-25 22:19:27,129.00,129.00,129.00,129.00,129.00,129.00,129.00,129.00,129.00,129.00,119.00,119.00,109.00,109.00,109.00,109.00,109.00,109.00,109.00,109.00,109.00,109.00,109.00
2026-08-25 22:29:43,129.00,129.00,129.00,129.00,129.00,129.00,129.00,129.00,129.00,129.00,119.00,119.00,109.00,109.00,109.00,109.00,109.00,109.00,109.00,109.00,109.00,109.00,109.00
2026-08-25 22:40:04,129.00,129.00,129.00,129.00,129.00,129.00,129.00,129.00,129.00,129.00,119.00,119.00,109.00,109.00,109.00,109.00,109.00,109.00,109.00,109.00,109.00,109.00,109.00
2026-08-25 22:50:20,129.00,129.00,129.00,129.00,129.00,129.00,129.00,129.00,129.00,129.00,119.00,119.00,109.00,109.00,109.00,109.00,109.00,109.00,109.00,109.00,109.00,109.00,109.00
2026-08-25 23:00:09,129.00,129.00,129.00,129.00,129.00,129.00,129.00,129.00,129.00,129.00,119.00,119.00,109.00,109.00,109.00,109.00,109.00,109.00,109.00,109.00,109.00,109.00,109.00
2026-08-25 23:09:29,129.00,129.00,129.00,129.00,129.00,129.00,129.00,129.00,129.00,129.00,119.00,119.00,109.00,109.00,109.00,109.00,109.00,109.00,109.00,109.00,109.00,109.00,109.00
2026-08-25 23:19:01,129.00,129.00,129.00,129.00,129.00,129.00,129.00,129.00,129.00,129.00,119.00,119.00,109.00,109.00,109.00,109.00,109.00,109.00,109.00,109.00,109.00,109.00,109.00
2026-08-25 23:29:16,129.00,,129.00,,129.00,,129.00,,129.00,,119.00,,109.00,,,,109.00,109.00,,,109.00,109.00,109.00
2026-08-25 23:39:09,129.00,129.00,129.00,129.00,129.00,129.00,129.00,129.00,129.00,129.00,119.00,119.00,109.00,109.00,109.00,109.00,109.00,109.00,109.00,109.00,109.00,109.00,109.00
2026-08-25 23:49:19,129.00,129.00,129.00,129.00,129.00,129.00,129.00,129.00,129.00,129.00,119.00,119.00,109.00,109.00,109.00,109.00,109.00,109.00,109.00,109.00,109.00,109.00,109.00
2026-08-25 23:59:35,129.00,129.00,129.00,129.00,129.00,129.00,129.00,129.00,129.00,129.00,119.00,119.00,109.00,109.00,109.00,109.00,109.00,109.00,109.00,109.00,109.00,109.00,109.00
2026-08-26 00:09:54,129.00,129.00,129.00,129.00,129.00,129.00,129.00,129.00,129.00,129.00,119.00,119.00,109.00,109.00,109.00,109.00,109.00,109.00,109.00,109.00,109.00,109.00,109.00
2026-08-26 00:20:05,129.00,129.00,129.00,129.00,129.00,129.00,129.00,129.00,129.00,129.00,119.00,119.00,109.00,109.00,109.00,109.00,109.00,109.00,109.00,109.00,109.00,109.00,109.00
2026-08-26 00:30:17,129.00,129.00,129.00,129.00,129.00,129.00,129.00,129.00,129.00,129.00,119.00,119.00,109.00,109.00,109.00,109.00,109.00,109.00,109.00,109.00,109.00,109.00,109.00
2026-08-26 00:40:20,129.00,129.00,129.00,129.00,129.00,129.00,129.00,129.00,129.00,129.00,119.00,119.00,109.00,109.00,109.00,109.00,109.00,109.00,109.00,109.00,109.00,109.00,109.00
2026-08-26 00:50:52,109.00,109.00,129.00,109.00,129.00,109.00,109.00,129.00,129.00,109.00,119.00,119.00,109.00,109.00,109.00,109.00,109.00,109.00,109.00,109.00,109.00,109.00,109.00
2026-08-26 01:00:59,109.00,109.00,109.00,109.00,109.00,109.00,109.00,109.00,109.00,109.00,109.00,109.00,109.00,109.00,109.00,109.00,109.00,109.00,109.00,109.00,109.00,109.00,109.00
2026-08-26 01:11:03,109.00,109.00,109.00,109.00,109.00,109.00,109.00,109.00,109.00,109.00,109.00,109.00,109.00,109.00,109.00,109.00,109.00,109.00,109.00,109.00,109.00,109.00,109.00
2026-08-26 01:21:27,109.00,109.00,109.00,109.00,109.00,109.00,109.00,109.00,109.00,109.00,109.00,109.00,109.00,109.00,109.00,109.00,109.00,109.00,109.00,109.00,109.00,109.00,109.00
2026-08-26 01:31:13,109.00,109.00,109.00,109.00,109.00,109.00,109.00,109.00,109.00,109.00,109.00,109.00,109.00,109.00,109.00,109.00,109.00,109.00,109.00,109.00,109.00,109.00,109.00
2026-08-26 01:41:06,109.00,109.00,109.00,109.00,109.00,109.00,109.00,109.00,109.00,109.00,109.00,109.00,109.00,109.00,109.00,109.00,109.00,109.00,109.00,109.00,109.00,109.00,109.00
2026-08-26 01:50:26,109.00,109.00,109.00,109.00,109.00,109.00,109.00,109.00,109.00,109.00,109.00,109.00,109.00,109.00,109.00,109.00,109.00,109.00,109.00,109.00,109.00,109.00,109.00
2026-08-26 02:00:22,109.00,154.00,109.00,109.00,109.00,109.00,109.00,109.00,109.00,109.00,109.00,109.00,109.00,109.00,109.00,109.00,109.00,109.00,109.00,109.00,109.00,109.00,109.00
2026-08-26 02:10:36,109.00,154.00,109.00,109.00,109.00,109.00,109.00,109.00,109.00,109.00,109.00,109.00,109.00,109.00,109.00,109.00,109.00,109.00,109.00,109.00,109.00,109.00,109.00
2026-08-26 02:20:44,109.00,154.00,109.00,109.00,109.00,109.00,109.00,109.00,109.00,109.00,109.00,109.00,109.00,109.00,109.00,109.00,109.00,109.00,109.00,109.00,109.00,109.00,109.00
2026-08-26 02:31:04,109.00,154.00,109.00,109.00,109.00,109.00,109.00,109.00,109.00,109.00,109.00,109.00,109.00,109.00,109.00,109.00,109.00,109.00,109.00,109.00,109.00,109.00,109.00
2026-08-26 02:40:26,109.00,154.00,109.00,109.00,109.00,109.00,109.00,109.00,109.00,109.00,109.00,109.00,109.00,109.00,109.00,109.00,109.00,109.00,109.00,109.00,109.00,109.00,109.00
2026-08-26 02:49:52,109.00,154.00,109.00,109.00,109.00,109.00,109.00,109.00,109.00,109.00,109.00,109.00,109.00,109.00,109.00,109.00,109.00,109.00,109.00,109.00,109.00,109.00,109.00
2026-08-26 03:00:13,109.00,154.00,109.00,109.00,109.00,109.00,109.00,109.00,109.00,109.00,109.00,109.00,109.00,109.00,109.00,109.00,109.00,109.00,109.00,109.00,109.00,109.00,109.00
2026-08-26 03:10:42,109.00,154.00,109.00,109.00,109.00,109.00,109.00,109.00,109.00,109.00,109.00,109.00,109.00,109.00,109.00,109.00,109.00,109.00,109.00,109.00,109.00,109.00,109.00
2026-08-26 03:21:12,109.00,154.00,109.00,109.00,109.00,109.00,109.00,109.00,109.00,109.00,109.00,109.00,109.00,109.00,109.00,109.00,109.00,109.00,109.00,109.00,109.00,109.00,109.00
2026-08-26 03:31:28,109.00,154.00,109.00,109.00,109.00,109.00,109.00,109.00,109.00,109.00,109.00,109.00,109.00,109.00,109.00,109.00,109.00,109.00,109.00,109.00,109.00,109.00,109.00
2026-08-26 03:41:53,109.00,154.00,109.00,109.00,109.00,109.00,109.00,109.00,109.00,109.00,109.00,109.00,109.00,109.00,109.00,109.00,109.00,109.00,109.00,109.00,109.00,109.00,109.00
2026-08-26 03:52:06,109.00,154.00,109.00,109.00,109.00,109.00,109.00,109.00,109.00,109.00,109.00,109.00,109.00,109.00,109.00,109.00,109.00,109.00,109.00,109.00,109.00,109.00,109.00
2026-08-26 04:01:56,109.00,154.00,109.00,109.00,109.00,109.00,109.00,109.00,109.00,109.00,109.00,109.00,109.00,109.00,109.00,109.00,109.00,109.00,109.00,109.00,109.00,109.00,109.00
2026-08-26 04:11:17,109.00,154.00,109.00,109.00,109.00,109.00,109.00,109.00,109.00,109.00,109.00,109.00,109.00,109.00,109.00,109.00,109.00,109.00,109.00,109.00,109.00,109.00,109.00
2026-08-26 04:21:17,109.00,154.00,109.00,109.00,109.00,109.00,109.00,109.00,109.00,109.00,109.00,109.00,109.00,109.00,109.00,109.00,109.00,109.00,109.00,109.00,109.00,109.00,109.00
2026-08-26 04:31:33,109.00,154.00,109.00,109.00,109.00,109.00,109.00,109.00,109.00,109.00,109.00,109.00,109.00,109.00,109.00,109.00,109.00,109.00,109.00,109.00,109.00,109.00,109.00
2026-08-26 04:42:12,109.00,154.00,109.00,109.00,109.00,109.00,109.00,109.00,109.00,109.00,109.00,109.00,109.00,109.00,109.00,109.00,109.00,109.00,109.00,109.00,109.00,109.00,109.00
2026-08-26 04:52:34,109.00,154.00,109.00,109.00,109.00,109.00,109.00,109.00,109.00,109.00,109.00,109.00,109.00,109.00,109.00,109.00,109.00,109.00,109.00,109.00,109.00,109.00,109.00
2026-08-26 05:02:53,109.00,154.00,109.00,109.00,109.00,109.00,109.00,109.00,109.00,109.00,109.00,109.00,109.00,109.00,109.00,109.00,109.00,109.00,109.00,109.00,109.00,109.00,109.00
2026-08-26 05:13:27,109.00,154.00,109.00,109.00,109.00,109.00,109.00,109.00,109.00,109.00,109.00,109.00,109.00,109.00,109.00,109.00,109.00,109.00,109.00,109.00,109.00,109.00,109.00
2026-08-26 05:23:52,109.00,154.00,109.00,109.00,109.00,109.00,109.00,109.00,109.00,109.00,109.00,109.00,109.00,109.00,109.00,109.00,109.00,109.00,109.00,109.00,109.00,109.00,109.00
2026-08-26 05:33:39,109.00,154.00,109.00,109.00,109.00,109.00,109.00,109.00,109.00,109.00,109.00,109.00,109.00,109.00,109.00,109.00,109.00,109.00,109.00,109.00,109.00,109.00,109.00
2026-08-26 05:42:55,109.00,154.00,109.00,109.00,109.00,109.00,109.00,109.00,109.00,109.00,109.00,109.00,109.00,109.00,109.00,109.00,109.00,109.00,109.00,109.00,109.00,109.00,109.00
2026-08-26 05:53:09,109.00,154.00,109.00,109.00,109.00,109.00,109.00,109.00,109.00,109.00,109.00,109.00,109.00,109.00,109.00,109.00,109.00,109.00,109.00,109.00,109.00,109.00,109.00
2026-08-26 06:03:29,109.00,154.00,109.00,109.00,109.00,109.00,109.00,109.00,109.00,109.00,109.00,109.00,109.00,109.00,109.00,109.00,109.00,109.00,109.00,109.00,109.00,109.00,109.00
2026-08-26 06:13:55,109.00,154.00,109.00,109.00,109.00,109.00,109.00,109.00,109.00,109.00,109.00,109.00,109.00,109.00,109.00,109.00,109.00,109.00,109.00,109.00,109.00,109.00,109.00
2026-08-26 06:23:42,109.00,154.00,109.00,109.00,109.00,109.00,109.00,109.00,109.00,109.00,109.00,109.00,109.00,109.00,109.00,109.00,109.00,109.00,109.00,109.00,109.00,109.00,109.00
2026-08-26 06:33:33,109.00,154.00,109.00,109.00,109.00,109.00,109.00,109.00,109.00,109.00,109.00,109.00,109.00,109.00,109.00,109.00,109.00,109.00,109.00,109.00,109.00,109.00,109.00
2026-08-26 06:43:50,109.00,154.00,109.00,109.00,109.00,109.00,109.00,109.00,109.00,109.00,109.00,109.00,109.00,109.00,109.00,109.00,109.00,109.00,109.00,109.00,109.00,109.00,109.00
2026-08-26 06:53:26,109.00,154.00,109.00,109.00,109.00,109.00,109.00,109.00,109.00,109.00,109.00,109.00,109.00,109.00,109.00,109.00,109.00,109.00,109.00,109.00,109.00,109.00,109.00
2026-08-26 07:02:48,109.00,154.00,109.00,109.00,109.00,109.00,109.00,109.00,109.00,109.00,109.00,109.00,109.00,109.00,109.00,109.00,109.00,109.00,109.00,109.00,109.00,109.00,109.00
2026-08-26 07:13:08,109.00,154.00,109.00,109.00,109.00,109.00,109.00,109.00,109.00,109.00,109.00,109.00,109.00,109.00,109.00,109.00,109.00,109.00,109.00,109.00,109.00,109.00,109.00
2026-08-26 07:23:34,109.00,154.00,109.00,109.00,109.00,109.00,109.00,109.00,109.00,109.00,109.00,109.00,109.00,109.00,109.00,109.00,109.00,109.00,109.00,109.00,109.00,109.00,109.00
2026-08-26 07:33:48,109.00,154.00,109.00,109.00,109.00,109.00,109.00,109.00,109.00,109.00,109.00,109.00,109.00,109.00,109.00,109.00,109.00,109.00,109.00,109.00,109.00,109.00,109.00
2026-08-26 07:44:03,109.00,154.00,109.00,109.00,109.00,109.00,109.00,109.00,109.00,109.00,109.00,109.00,109.00,109.00,109.00,109.00,109.00,109.00,109.00,109.00,109.00,109.00,109.00
2026-08-26 07:54:29,109.00,154.00,109.00,109.00,109.00,109.00,109.00,109.00,109.00,109.00,109.00,109.00,109.00,109.00,109.00,109.00,109.00,109.00,109.00,109.00,109.00,109.00,109.00
2026-08-26 08:04:46,109.00,154.00,109.00,109.00,109.00,109.00,109.00,109.00,109.00,109.00,109.00,109.00,109.00,109.00,109.00,109.00,109.00,109.00,109.00,109.00,109.00,109.00,109.00
2026-08-26 08:15:03,109.00,154.00,109.00,109.00,109.00,109.00,109.00,109.00,109.00,109.00,109.00,109.00,109.00,109.00,109.00,109.00,109.00,109.00,109.00,109.00,109.00,109.00,109.00
2026-08-26 08:25:22,109.00,154.00,109.00,109.00,109.00,109.00,109.00,109.00,109.00,109.00,109.00,109.00,109.00,109.00,109.00,109.00,109.00,109.00,109.00,109.00,109.00,109.00,109.00
2026-08-26 08:35:41,109.00,154.00,109.00,109.00,109.00,109.00,109.00,109.00,109.00,109.00,109.00,109.00,109.00,109.00,109.00,109.00,109.00,109.00,109.00,109.00,109.00,109.00,109.00
2026-08-26 08:45:28,109.00,154.00,109.00,109.00,109.00,109.00,109.00,109.00,109.00,109.00,109.00,109.00,109.00,109.00,109.00,109.00,109.00,109.00,109.00,109.00,109.00,109.00,109.00
2026-08-26 08:55:24,109.00,154.00,109.00,109.00,109.00,109.00,109.00,109.00,109.00,109.00,109.00,109.00,109.00,109.00,109.00,109.00,109.00,109.00,109.00,109.00,109.00,109.00,109.00
2026-08-26 09:05:40,109.00,154.00,109.00,109.00,109.00,109.00,109.00,109.00,109.00,109.00,109.00,109.00,109.00,109.00,109.00,109.00,109.00,109.00,109.00,109.00,109.00,109.00,109.00
2026-08-26 09:15:52,109.00,154.00,109.00,109.00,109.00,109.00,109.00,109.00,109.00,109.00,109.00,109.00,109.00,109.00,109.00,109.00,109.00,109.00,109.00,109.00,109.00,109.00,109.00
2026-08-26 09:25:15,109.00,154.00,109.00,109.00,109.00,109.00,109.00,109.00,109.00,109.00,109.00,109.00,109.00,109.00,109.00,109.00,109.00,109.00,109.00,109.00,109.00,109.00,109.00
2026-08-26 09:35:37,109.00,154.00,109.00,109.00,109.00,109.00,109.00,109.00,109.00,109.00,109.00,109.00,109.00,109.00,109.00,109.00,109.00,109.00,109.00,109.00,109.00,109.00,109.00
2026-08-26 09:46:06,109.00,154.00,109.00,109.00,109.00,109.00,109.00,109.00,109.00,109.00,109.00,109.00,109.00,109.00,109.00,109.00,109.00,109.00,109.00,109.00,109.00,109.00,109.00
2026-08-26 09:56:18,109.00,154.00,109.00,109.00,109.00,109.00,109.00,109.00,109.00,109.00,109.00,109.00,109.00,109.00,109.00,109.00,109.00,109.00,109.00,109.00,109.00,109.00,109.00
2026-08-26 10:06:41,109.00,154.00,109.00,109.00,109.00,109.00,109.00,109.00,109.00,109.00,109.00,109.00,109.00,109.00,109.00,109.00,109.00,109.00,109.00,109.00,109.00,109.00,109.00
2026-08-26 10:17:09,109.00,154.00,109.00,109.00,109.00,109.00,109.00,109.00,109.00,109.00,109.00,109.00,109.00,109.00,109.00,109.00,109.00,109.00,109.00,109.00,109.00,109.00,109.00
2026-08-26 10:26:59,109.00,154.00,109.00,109.00,109.00,109.00,109.00,109.00,109.00,109.00,109.00,109.00,109.00,109.00,109.00,109.00,109.00,109.00,109.00,109.00,109.00,109.00,109.00
2026-08-26 10:36:53,109.00,154.00,109.00,109.00,109.00,109.00,109.00,109.00,109.00,109.00,109.00,109.00,109.00,109.00,109.00,109.00,109.00,109.00,109.00,109.00,109.00,109.00,109.00
2026-08-26 10:47:25,109.00,154.00,109.00,109.00,109.00,109.00,109.00,109.00,109.00,109.00,109.00,109.00,109.00,109.00,109.00,109.00,109.00,109.00,109.00,109.00,109.00,109.00,109.00
2026-08-26 10:57:40,109.00,154.00,109.00,109.00,109.00,109.00,109.00,109.00,109.00,109.00,109.00,109.00,109.00,109.00,109.00,109.00,109.00,109.00,109.00,109.00,109.00,109.00,109.00
2026-08-26 11:07:41,109.00,154.00,109.00,109.00,109.00,109.00,109.00,109.00,109.00,109.00,109.00,109.00,109.00,109.00,109.00,109.00,109.00,109.00,109.00,109.00,109.00,109.00,109.00
2026-08-26 11:17:52,109.00,154.00,109.00,109.00,109.00,109.00,109.00,109.00,109.00,109.00,109.00,109.00,109.00,109.00,109.00,109.00,109.00,109.00,109.00,109.00,109.00,109.00,109.00
2026-08-26 11:28:07,109.00,154.00,109.00,109.00,109.00,109.00,109.00,109.00,109.00,109.00,109.00,109.00,109.00,109.00,109.00,109.00,109.00,109.00,109.00,109.00,109.00,109.00,109.00
2026-08-26 11:38:14,109.00,154.00,109.00,109.00,109.00,109.00,109.00,109.00,109.00,109.00,109.00,109.00,109.00,109.00,109.00,109.00,109.00,109.00,109.00,109.00,109.00,109.00,109.00
2026-08-26 11:48:37,109.00,154.00,109.00,109.00,109.00,109.00,109.00,109.00,109.00,109.00,109.00,109.00,109.00,109.00,109.00,109.00,109.00,109.00,109.00,109.00,109.00,109.00,109.00
2026-08-26 11:59:08,109.00,154.00,109.00,109.00,109.00,109.00,109.00,109.00,109.00,109.00,109.00,109.00,109.00,109.00,109.00,109.00,109.00,109.00,109.00,109.00,109.00,109.00,109.00
2026-08-26 12:09:41,109.00,154.00,109.00,109.00,109.00,109.00,109.00,109.00,109.00,109.00,109.00,109.00,109.00,109.00,109.00,109.00,109.00,109.00,109.00,109.00,109.00,109.00,109.00
2026-08-26 12:20:18,109.00,154.00,109.00,109.00,109.00,109.00,109.00,109.00,109.00,109.00,109.00,109.00,109.00,109.00,109.00,109.00,109.00,109.00,109.00,109.00,109.00,109.00,109.00
2026-08-26 12:30:46,109.00,154.00,109.00,109.00,109.00,109.00,109.00,109.00,109.00,109.00,109.00,109.00,109.00,109.00,109.00,109.00,109.00,109.00,109.00,109.00,109.00,109.00,109.00
2026-08-26 12:41:24,109.00,154.00,109.00,109.00,109.00,109.00,109.00,109.00,109.00,109.00,109.00,109.00,109.00,109.00,109.00,109.00,109.00,109.00,109.00,109.00,109.00,109.00,109.00
2026-08-26 12:51:59,109.00,154.00,109.00,109.00,109.00,109.00,109.00,109.00,109.00,109.00,109.00,109.00,109.00,109.00,109.00,109.00,109.00,109.00,109.00,109.00,109.00,109.00,109.00
2026-08-26 13:01:47,109.00,154.00,109.00,109.00,109.00,109.00,109.00,109.00,109.00,109.00,109.00,109.00,109.00,109.00,109.00,109.00,109.00,109.00,109.00,109.00,109.00,109.00,109.00
2026-08-26 13:11:18,109.00,154.00,109.00,109.00,109.00,109.00,109.00,109.00,109.00,109.00,109.00,109.00,109.00,109.00,109.00,109.00,109.00,109.00,109.00,109.00,109.00,109.00,109.00
2026-08-26 13:21:44,109.00,154.00,109.00,109.00,109.00,109.00,109.00,109.00,109.00,109.00,109.00,109.00,109.00,109.00,109.00,109.00,109.00,109.00,109.00,109.00,109.00,109.00,109.00
2026-08-26 13:31:48,109.00,154.00,109.00,109.00,109.00,109.00,109.00,109.00,109.00,109.00,109.00,109.00,109.00,109.00,109.00,109.00,109.00,109.00,109.00,109.00,109.00,109.00,109.00
2026-08-26 13:41:55,109.00,154.00,109.00,109.00,109.00,109.00,109.00,109.00,109.00,109.00,109.00,109.00,109.00,109.00,109.00,109.00,109.00,109.00,109.00,109.00,109.00,109.00,109.00
2026-08-26 13:53:00,109.00,154.00,109.00,109.00,109.00,109.00,109.00,109.00,109.00,109.00,109.00,109.00,109.00,109.00,109.00,109.00,109.00,109.00,109.00,109.00,109.00,109.00,109.00
2026-08-26 14:03:30,109.00,154.00,109.00,109.00,109.00,109.00,109.00,109.00,109.00,109.00,109.00,109.00,109.00,109.00,109.00,109.00,109.00,109.00,109.00,109.00,109.00,109.00,109.00
2026-08-26 14:14:03,109.00,109.00,109.00,109.00,109.00,109.00,109.00,109.00,109.00,109.00,109.00,109.00,109.00,109.00,109.00,109.00,109.00,109.00,109.00,109.00,109.00,109.00,109.00
2026-08-26 14:24:31,109.00,109.00,109.00,109.00,109.00,109.00,109.00,109.00,109.00,109.00,109.00,109.00,109.00,109.00,109.00,109.00,109.00,109.00,109.00,109.00,109.00,109.00,109.00
2026-08-26 14:34:30,109.00,109.00,109.00,109.00,109.00,109.00,109.00,109.00,109.00,109.00,109.00,109.00,109.00,109.00,109.00,109.00,109.00,109.00,109.00,109.00,109.00,109.00,109.00
2026-08-26 14:44:17,109.00,109.00,109.00,109.00,109.00,109.00,109.00,109.00,109.00,109.00,109.00,109.00,109.00,109.00,109.00,109.00,109.00,109.00,109.00,109.00,109.00,109.00,109.00
2026-08-26 14:55:09,109.00,109.00,109.00,109.00,109.00,109.00,109.00,109.00,109.00,109.00,109.00,109.00,109.00,109.00,109.00,109.00,109.00,109.00,109.00,109.00,109.00,109.00,109.00
2026-08-26 15:05:58,109.00,109.00,109.00,109.00,109.00,109.00,109.00,109.00,109.00,109.00,109.00,109.00,109.00,109.00,109.00,109.00,109.00,109.00,109.00,109.00,109.00,109.00,109.00
2026-08-26 15:56:56,109.00,109.00,109.00,109.00,109.00,109.00,109.00,109.00,109.00,109.00,109.00,109.00,109.00,109.00,109.00,109.00,109.00,109.00,109.00,109.00,109.00,109.00,109.00
2026-08-26 16:07:27,109.00,109.00,109.00,109.00,109.00,109.00,109.00,109.00,109.00,109.00,109.00,109.00,109.00,109.00,109.00,109.00,109.00,109.00,109.00,109.00,109.00,109.00,109.00
2026-08-26 16:17:54,109.00,109.00,109.00,109.00,109.00,109.00,109.00,109.00,109.00,109.00,109.00,109.00,109.00,109.00,109.00,109.00,109.00,109.00,109.00,109.00,109.00,109.00,109.00
2026-08-26 16:28:03,109.00,109.00,109.00,109.00,109.00,109.00,109.00,109.00,109.00,109.00,109.00,109.00,109.00,109.00,109.00,109.00,109.00,109.00,109.00,109.00,109.00,109.00,109.00
2026-08-26 16:38:06,109.00,109.00,109.00,109.00,109.00,109.00,109.00,109.00,109.00,109.00,109.00,109.00,109.00,109.00,109.00,109.00,109.00,109.00,109.00,109.00,109.00,109.00,109.00
2026-08-26 16:48:47,109.00,109.00,109.00,109.00,109.00,109.00,109.00,109.00,109.00,109.00,109.00,109.00,109.00,109.00,109.00,109.00,109.00,109.00,109.00,109.00,109.00,109.00,109.00
2026-08-26 16:59:13,109.00,109.00,109.00,109.00,109.00,109.00,109.00,109.00,109.00,109.00,109.00,109.00,109.00,109.00,109.00,109.00,109.00,109.00,109.00,109.00,109.00,109.00,109.00
2026-08-26 17:09:52,109.00,109.00,109.00,109.00,109.00,109.00,109.00,109.00,109.00,109.00,109.00,109.00,109.00,109.00,109.00,109.00,109.00,109.00,109.00,109.00,109.00,109.00,109.00
2026-08-26 17:20:52,109.00,109.00,109.00,109.00,109.00,109.00,109.00,109.00,109.00,109.00,109.00,109.00,109.00,109.00,109.00,109.00,109.00,109.00,109.00,109.00,109.00,109.00,109.00
2026-08-26 17:31:53,109.00,109.00,109.00,109.00,109.00,109.00,109.00,109.00,109.00,109.00,109.00,109.00,109.00,109.00,109.00,109.00,109.00,109.00,109.00,109.00,109.00,109.00,109.00
2026-08-26 17:42:08,109.00,109.00,109.00,109.00,109.00,109.00,109.00,109.00,109.00,109.00,109.00,109.00,109.00,109.00,109.00,109.00,109.00,109.00,109.00,109.00,109.00,109.00,109.00
2026-08-26 18:13:43,109.00,109.00,109.00,109.00,109.00,109.00,109.00,109.00,109.00,109.00,109.00,109.00,109.00,109.00,109.00,109.00,109.00,109.00,109.00,109.00,109.00,109.00,109.00
2026-08-26 18:24:07,109.00,109.00,109.00,109.00,109.00,109.00,109.00,109.00,109.00,109.00,109.00,109.00,109.00,109.00,109.00,109.00,109.00,109.00,109.00,109.00,109.00,109.00,109.00
2026-08-26 18:34:31,109.00,109.00,109.00,109.00,109.00,109.00,109.00,109.00,109.00,109.00,109.00,109.00,109.00,109.00,109.00,109.00,109.00,109.00,109.00,109.00,109.00,109.00,109.00
2026-08-26 18:45:01,109.00,109.00,109.00,109.00,109.00,109.00,109.00,109.00,109.00,109.00,109.00,109.00,109.00,109.00,109.00,109.00,109.00,109.00,109.00,109.00,109.00,109.00,109.00
2026-08-26 18:55:57,109.00,109.00,109.00,109.00,109.00,109.00,109.00,109.00,109.00,109.00,109.00,109.00,109.00,109.00,109.00,109.00,109.00,109.00,109.00,109.00,109.00,109.00,109.00
2026-08-26 19:06:53,109.00,109.00,109.00,109.00,109.00,109.00,109.00,109.00,109.00,109.00,109.00,109.00,109.00,109.00,109.00,109.00,109.00,109.00,109.00,109.00,109.00,109.00,109.00
2026-08-26 19:20:19,109.00,109.00,109.00,109.00,109.00,109.00,109.00,109.00,109.00,109.00,109.00,109.00,109.00,109.00,109.00,109.00,109.00,109.00,109.00,109.00,109.00,109.00,109.00
2026-08-26 19:24:17,109.00,109.00,109.00,109.00,109.00,109.00,109.00,109.00,109.00,109.00,109.00,109.00,109.00,109.00,109.00,109.00,109.00,109.00,109.00,109.00,109.00,109.00,109.00
2026-08-26 19:34:21,109.00,109.00,109.00,109.00,109.00,109.00,109.00,109.00,109.00,109.00,109.00,109.00,109.00,109.00,109.00,109.00,109.00,109.00,109.00,109.00,109.00,109.00,109.00
2026-08-26 19:44:15,109.00,109.00,109.00,109.00,109.00,109.00,109.00,109.00,109.00,109.00,109.00,109.00,109.00,109.00,109.00,109.00,109.00,109.00,109.00,109.00,109.00,109.00,109.00
2026-08-26 19:54:30,109.00,139.00,109.00,109.00,109.00,109.00,109.00,109.00,109.00,109.00,109.00,109.00,109.00,109.00,109.00,109.00,109.00,109.00,109.00,109.00,109.00,109.00,109.00
2026-08-26 20:04:39,,139.00,,109.00,,109.00,,109.00,,109.00,,109.00,109.00,109.00,109.00,109.00,,,109.00,109.00,,,
2026-08-26 20:14:23,109.00,139.00,109.00,109.00,109.00,109.00,109.00,109.00,109.00,109.00,109.00,109.00,109.00,109.00,109.00,109.00,109.00,109.00,109.00,109.00,109.00,109.00,109.00
2026-08-26 20:24:19,109.00,139.00,109.00,109.00,109.00,109.00,109.00,109.00,109.00,109.00,109.00,109.00,109.00,109.00,109.00,109.00,109.00,109.00,109.00,109.00,109.00,109.00,109.00
2026-08-26 20:34:18,109.00,139.00,109.00,109.00,109.00,109.00,109.00,109.00,109.00,109.00,109.00,109.00,109.00,109.00,109.00,109.00,109.00,109.00,109.00,109.00,109.00,109.00,109.00
2026-08-26 20:44:19,109.00,139.00,109.00,109.00,109.00,109.00,109.00,109.00,109.00,109.00,109.00,109.00,109.00,109.00,109.00,109.00,109.00,109.00,109.00,109.00,109.00,109.00,109.00
2026-08-26 20:54:18,109.00,139.00,109.00,109.00,109.00,109.00,109.00,109.00,109.00,109.00,109.00,109.00,109.00,109.00,109.00,109.00,109.00,109.00,109.00,109.00,109.00,109.00,109.00
2026-08-26 21:04:17,109.00,139.00,109.00,109.00,109.00,109.00,109.00,109.00,109.00,109.00,109.00,109.00,109.00,109.00,109.00,109.00,109.00,109.00,109.00,109.00,109.00,109.00,109.00
2026-08-26 21:14:20,109.00,139.00,109.00,109.00,109.00,109.00,109.00,109.00,109.00,109.00,109.00,109.00,109.00,109.00,109.00,109.00,109.00,109.00,109.00,109.00,109.00,109.00,109.00
2026-08-26 21:24:21,109.00,139.00,109.00,109.00,109.00,109.00,109.00,109.00,109.00,109.00,109.00,109.00,109.00,109.00,109.00,109.00,109.00,109.00,109.00,109.00,109.00,109.00,109.00
2026-08-26 21:34:16,109.00,139.00,109.00,109.00,109.00,109.00,109.00,109.00,109.00,109.00,109.00,109.00,109.00,109.00,109.00,109.00,109.00,109.00,109.00,109.00,109.00,109.00,109.00
2026-08-26 21:44:14,109.00,139.00,109.00,109.00,109.00,109.00,109.00,109.00,109.00,109.00,109.00,109.00,109.00,109.00,109.00,109.00,109.00,109.00,109.00,109.00,109.00,109.00,109.00
2026-08-26 21:54:18,109.00,139.00,109.00,109.00,109.00,109.00,109.00,109.00,109.00,109.00,109.00,109.00,109.00,109.00,109.00,109.00,109.00,109.00,109.00,109.00,109.00,109.00,109.00
2026-08-26 22:04:21,109.00,139.00,109.00,109.00,109.00,109.00,109.00,109.00,109.00,109.00,109.00,109.00,109.00,109.00,109.00,109.00,109.00,109.00,109.00,109.00,109.00,109.00,109.00
2026-08-26 22:14:19,109.00,139.00,109.00,109.00,109.00,109.00,109.00,109.00,109.00,109.00,109.00,109.00,109.00,109.00,109.00,109.00,109.00,109.00,109.00,109.00,109.00,109.00,109.00
2026-08-26 22:24:18,109.00,139.00,109.00,109.00,109.00,109.00,109.00,109.00,109.00,109.00,109.00,109.00,109.00,109.00,109.00,109.00,109.00,109.00,109.00,109.00,109.00,109.00,109.00
2026-08-26 22:34:20,109.00,139.00,109.00,109.00,109.00,109.00,109.00,109.00,109.00,109.00,109.00,109.00,109.00,109.00,109.00,109.00,109.00,109.00,109.00,109.00,109.00,109.00,109.00
2026-08-26 22:44:19,109.00,139.00,109.00,109.00,109.00,109.00,109.00,109.00,109.00,109.00,109.00,109.00,109.00,109.00,109.00,109.00,109.00,109.00,109.00,109.00,109.00,109.00,109.00
2026-08-26 22:54:15,109.00,139.00,109.00,109.00,109.00,109.00,109.00,109.00,109.00,109.00,109.00,109.00,109.00,109.00,109.00,109.00,109.00,109.00,109.00,109.00,109.00,109.00,109.00
2026-08-26 23:04:20,109.00,139.00,109.00,109.00,109.00,109.00,109.00,109.00,109.00,109.00,109.00,109.00,109.00,109.00,109.00,109.00,109.00,109.00,109.00,109.00,109.00,109.00,109.00
2026-08-26 23:14:19,109.00,139.00,109.00,109.00,109.00,109.00,109.00,109.00,109.00,109.00,109.00,109.00,109.00,109.00,109.00,109.00,109.00,109.00,109.00,109.00,109.00,109.00,109.00
2026-08-26 23:24:19,109.00,139.00,109.00,109.00,109.00,109.00,109.00,109.00,109.00,109.00,109.00,109.00,109.00,109.00,109.00,109.00,109.00,109.00,109.00,109.00,109.00,109.00,109.00
2026-08-26 23:34:20,109.00,139.00,109.00,109.00,109.00,109.00,109.00,109.00,109.00,109.00,109.00,109.00,109.00,109.00,109.00,109.00,109.00,109.00,109.00,109.00,109.00,109.00,109.00
2026-08-26 23:44:18,109.00,139.00,109.00,109.00,109.00,109.00,109.00,109.00,109.00,109.00,109.00,109.00,109.00,109.00,109.00,109.00,109.00,109.00,109.00,109.00,109.00,109.00,109.00
2026-08-26 23:54:17,109.00,139.00,109.00,109.00,109.00,109.00,109.00,109.00,109.00,109.00,109.00,109.00,109.00,109.00,109.00,109.00,109.00,109.00,109.00,109.00,109.00,109.00,109.00
2026-08-27 00:04:19,109.00,139.00,109.00,109.00,109.00,109.00,109.00,109.00,109.00,109.00,109.00,109.00,109.00,109.00,109.00,109.00,109.00,109.00,109.00,109.00,109.00,109.00,109.00
2026-08-27 00:14:19,109.00,139.00,109.00,109.00,109.00,109.00,109.00,109.00,109.00,109.00,109.00,109.00,109.00,109.00,109.00,109.00,109.00,109.00,109.00,109.00,109.00,109.00,109.00
2026-08-27 00:24:19,109.00,139.00,109.00,109.00,109.00,109.00,109.00,109.00,109.00,109.00,109.00,109.00,109.00,109.00,109.00,109.00,109.00,109.00,109.00,109.00,109.00,109.00,109.00
2026-08-27 00:34:17,109.00,139.00,109.00,109.00,109.00,109.00,109.00,109.00,109.00,109.00,109.00,109.00,109.00,109.00,109.00,109.00,109.00,109.00,109.00,109.00,109.00,109.00,109.00
2026-08-27 00:44:16,109.00,139.00,109.00,109.00,109.00,109.00,109.00,109.00,109.00,109.00,109.00,109.00,109.00,109.00,109.00,109.00,109.00,109.00,109.00,109.00,109.00,109.00,109.00
2026-08-27 00:54:17,109.00,139.00,109.00,109.00,109.00,109.00,109.00,109.00,109.00,109.00,109.00,109.00,109.00,109.00,109.00,109.00,109.00,109.00,109.00,109.00,109.00,109.00,109.00
2026-08-27 01:04:17,109.00,139.00,109.00,109.00,109.00,109.00,109.00,109.00,109.00,109.00,109.00,109.00,109.00,109.00,109.00,109.00,109.00,109.00,109.00,109.00,109.00,109.00,109.00
2026-08-27 01:14:14,109.00,139.00,109.00,109.00,109.00,109.00,109.00,109.00,109.00,109.00,109.00,109.00,109.00,109.00,109.00,109.00,109.00,109.00,109.00,109.00,109.00,109.00,109.00
2026-08-27 01:24:17,109.00,139.00,109.00,109.00,109.00,109.00,109.00,109.00,109.00,109.00,109.00,109.00,109.00,109.00,109.00,109.00,109.00,109.00,109.00,109.00,109.00,109.00,109.00
2026-08-27 01:34:20,109.00,139.00,109.00,109.00,109.00,109.00,109.00,109.00,109.00,109.00,109.00,109.00,109.00,109.00,109.00,109.00,109.00,109.00,109.00,109.00,109.00,109.00,109.00
2026-08-27 01:44:17,109.00,139.00,109.00,109.00,109.00,109.00,109.00,109.00,109.00,109.00,109.00,109.00,109.00,109.00,109.00,109.00,109.00,109.00,109.00,109.00,109.00,109.00,109.00
2026-08-27 01:54:16,109.00,139.00,109.00,109.00,109.00,109.00,109.00,109.00,109.00,109.00,109.00,109.00,109.00,109.00,109.00,109.00,109.00,109.00,109.00,109.00,109.00,109.00,109.00
2026-08-27 02:04:20,109.00,139.00,109.00,109.00,109.00,109.00,109.00,109.00,109.00,109.00,109.00,109.00,109.00,109.00,109.00,109.00,109.00,109.00,109.00,109.00,109.00,109.00,109.00
2026-08-27 02:14:19,109.00,139.00,109.00,109.00,109.00,109.00,109.00,109.00,109.00,109.00,109.00,109.00,109.00,109.00,109.00,109.00,109.00,109.00,109.00,109.00,109.00,109.00,109.00
2026-08-27 02:24:15,109.00,139.00,109.00,109.00,109.00,109.00,109.00,109.00,109.00,109.00,109.00,109.00,109.00,109.00,109.00,109.00,109.00,109.00,109.00,109.00,109.00,109.00,109.00
2026-08-27 02:34:23,109.00,139.00,109.00,109.00,109.00,109.00,109.00,109.00,109.00,109.00,109.00,109.00,109.00,109.00,109.00,109.00,109.00,109.00,109.00,109.00,109.00,109.00,109.00
2026-08-27 02:44:18,109.00,139.00,109.00,109.00,109.00,109.00,109.00,109.00,109.00,109.00,109.00,109.00,109.00,109.00,109.00,109.00,109.00,109.00,109.00,109.00,109.00,109.00,109.00
2026-08-27 02:54:16,109.00,139.00,109.00,109.00,109.00,109.00,109.00,109.00,109.00,109.00,109.00,109.00,109.00,109.00,109.00,109.00,109.00,109.00,109.00,109.00,109.00,109.00,109.00
2026-08-27 03:04:14,109.00,139.00,109.00,109.00,109.00,109.00,109.00,109.00,109.00,109.00,109.00,109.00,109.00,109.00,109.00,109.00,109.00,109.00,109.00,109.00,109.00,109.00,109.00
2026-08-27 03:14:15,109.00,139.00,109.00,109.00,109.00,109.00,109.00,109.00,109.00,109.00,109.00,109.00,109.00,109.00,109.00,109.00,109.00,109.00,109.00,109.00,109.00,109.00,109.00
2026-08-27 03:24:17,109.00,139.00,109.00,109.00,109.00,109.00,109.00,109.00,109.00,109.00,109.00,109.00,109.00,109.00,109.00,109.00,109.00,109.00,109.00,109.00,109.00,109.00,109.00
2026-08-27 03:34:16,109.00,139.00,109.00,109.00,109.00,109.00,109.00,109.00,109.00,109.00,109.00,109.00,109.00,109.00,109.00,109.00,109.00,109.00,109.00,109.00,109.00,109.00,109.00
2026-08-27 03:44:17,109.00,139.00,109.00,109.00,109.00,109.00,109.00,109.00,109.00,109.00,109.00,109.00,109.00,109.00,109.00,109.00,109.00,109.00,109.00,109.00,109.00,109.00,109.00
2026-08-27 03:54:19,109.00,139.00,109.00,109.00,109.00,109.00,109.00,109.00,109.00,109.00,109.00,109.00,109.00,109.00,109.00,109.00,109.00,109.00,109.00,109.00,109.00,109.00,109.00
2026-08-27 04:04:20,109.00,139.00,109.00,109.00,109.00,109.00,109.00,109.00,109.00,109.00,138.00,138.00,109.00,109.00,109.00,109.00,109.00,109.00,109.00,109.00,109.00,109.00,109.00
2026-08-27 04:14:16,109.00,139.00,109.00,109.00,109.00,109.00,109.00,109.00,109.00,109.00,138.00,138.00,109.00,109.00,109.00,109.00,109.00,109.00,109.00,109.00,109.00,109.00,109.00
2026-08-27 04:24:16,109.00,139.00,109.00,109.00,109.00,109.00,109.00,109.00,109.00,109.00,138.00,138.00,109.00,109.00,109.00,109.00,109.00,109.00,109.00,109.00,109.00,109.00,109.00
2026-08-27 04:34:17,109.00,139.00,109.00,109.00,109.00,109.00,109.00,109.00,109.00,109.00,138.00,138.00,109.00,109.00,109.00,109.00,109.00,109.00,109.00,109.00,109.00,109.00,109.00
2026-08-27 04:44:16,109.00,139.00,109.00,109.00,109.00,109.00,109.00,109.00,109.00,109.00,138.00,138.00,109.00,109.00,109.00,109.00,109.00,109.00,109.00,109.00,109.00,109.00,109.00
2026-08-27 04:54:18,109.00,139.00,109.00,109.00,109.00,109.00,109.00,109.00,109.00,109.00,138.00,138.00,109.00,109.00,109.00,109.00,109.00,109.00,109.00,109.00,109.00,109.00,109.00
2026-08-27 05:04:16,,,,,,,,,,,138.00,138.00,,,,,,,,,,,
2026-08-27 05:14:16,148.00,148.00,148.00,148.00,148.00,148.00,148.00,148.00,148.00,148.00,138.00,138.00,138.00,138.00,138.00,138.00,138.00,138.00,138.00,138.00,138.00,138.00,138.00
2026-08-27 05:24:17,148.00,148.00,148.00,148.00,148.00,148.00,148.00,148.00,148.00,148.00,138.00,138.00,138.00,138.00,138.00,138.00,138.00,138.00,138.00,138.00,138.00,138.00,138.00
2026-08-27 05:34:16,148.00,148.00,148.00,148.00,148.00,148.00,148.00,148.00,148.00,148.00,138.00,138.00,138.00,138.00,138.00,138.00,138.00,138.00,138.00,138.00,138.00,138.00,138.00
2026-08-27 05:44:17,148.00,148.00,148.00,148.00,148.00,148.00,148.00,148.00,148.00,148.00,138.00,138.00,138.00,138.00,138.00,138.00,138.00,138.00,138.00,138.00,138.00,138.00,138.00
2026-08-27 05:54:14,148.00,148.00,148.00,148.00,148.00,148.00,148.00,148.00,148.00,148.00,138.00,138.00,138.00,138.00,138.00,138.00,138.00,138.00,138.00,138.00,138.00,138.00,138.00
2026-08-27 06:04:17,148.00,148.00,148.00,148.00,148.00,148.00,148.00,148.00,148.00,148.00,138.00,138.00,138.00,138.00,138.00,138.00,138.00,138.00,138.00,138.00,138.00,138.00,138.00
2026-08-27 06:14:17,148.00,148.00,148.00,148.00,148.00,148.00,148.00,148.00,148.00,148.00,138.00,138.00,138.00,138.00,138.00,138.00,138.00,138.00,138.00,138.00,138.00,138.00,138.00
2026-08-27 06:24:16,148.00,148.00,148.00,148.00,148.00,148.00,148.00,148.00,148.00,148.00,138.00,138.00,138.00,138.00,138.00,138.00,138.00,138.00,138.00,138.00,138.00,138.00,138.00
2026-08-27 06:34:18,148.00,148.00,148.00,148.00,148.00,148.00,148.00,148.00,148.00,148.00,138.00,138.00,138.00,138.00,138.00,138.00,138.00,138.00,138.00,138.00,138.00,138.00,138.00
2026-08-27 06:44:18,148.00,148.00,148.00,148.00,148.00,148.00,148.00,148.00,148.00,148.00,138.00,138.00,138.00,138.00,138.00,138.00,138.00,138.00,138.00,138.00,138.00,138.00,138.00
2026-08-27 06:54:18,148.00,148.00,148.00,148.00,148.00,148.00,148.00,148.00,148.00,148.00,138.00,138.00,138.00,138.00,138.00,138.00,138.00,138.00,138.00,138.00,138.00,138.00,138.00
2026-08-27 07:04:19,148.00,148.00,148.00,148.00,148.00,148.00,148.00,148.00,148.00,148.00,138.00,138.00,138.00,138.00,138.00,138.00,138.00,138.00,138.00,138.00,138.00,138.00,138.00
2026-08-27 07:14:16,148.00,148.00,148.00,148.00,148.00,148.00,148.00,148.00,148.00,148.00,138.00,138.00,138.00,138.00,138.00,138.00,138.00,138.00,138.00,138.00,138.00,138.00,138.00
2026-08-27 07:24:19,148.00,148.00,148.00,148.00,148.00,148.00,148.00,148.00,148.00,148.00,138.00,138.00,138.00,138.00,138.00,138.00,138.00,138.00,138.00,138.00,138.00,138.00,138.00
2026-08-27 07:34:21,148.00,148.00,148.00,148.00,148.00,148.00,148.00,148.00,148.00,148.00,138.00,138.00,138.00,138.00,138.00,138.00,138.00,138.00,138.00,138.00,138.00,138.00,138.00
2026-08-27 07:44:16,148.00,148.00,148.00,148.00,148.00,148.00,148.00,148.00,148.00,148.00,138.00,138.00,138.00,138.00,138.00,138.00,138.00,138.00,138.00,138.00,138.00,138.00,138.00
2026-08-27 07:54:16,148.00,148.00,148.00,148.00,148.00,148.00,148.00,148.00,148.00,148.00,138.00,138.00,138.00,138.00,138.00,138.00,138.00,138.00,138.00,138.00,138.00,138.00,138.00
2026-08-27 08:04:22,148.00,148.00,148.00,148.00,148.00,148.00,148.00,148.00,148.00,148.00,138.00,138.00,138.00,138.00,138.00,138.00,138.00,138.00,138.00,138.00,138.00,138.00,138.00
2026-08-27 08:14:20,148.00,148.00,148.00,148.00,148.00,148.00,148.00,148.00,148.00,148.00,138.00,138.00,138.00,138.00,138.00,138.00,138.00,138.00,138.00,138.00,138.00,138.00,138.00
2026-08-27 08:24:16,148.00,148.00,148.00,148.00,148.00,148.00,148.00,148.00,148.00,148.00,138.00,138.00,138.00,138.00,138.00,138.00,138.00,138.00,138.00,138.00,138.00,138.00,138.00
2026-08-27 08:34:18,148.00,148.00,148.00,148.00,148.00,148.00,148.00,148.00,148.00,148.00,138.00,138.00,138.00,138.00,138.00,138.00,138.00,138.00,138.00,138.00,138.00,138.00,138.00
2026-08-27 08:44:17,148.00,148.00,148.00,148.00,148.00,148.00,148.00,148.00,148.00,148.00,138.00,138.00,138.00,138.00,138.00,138.00,138.00,138.00,138.00,138.00,138.00,138.00,138.00
2026-08-27 08:54:16,148.00,148.00,148.00,148.00,148.00,148.00,148.00,148.00,148.00,148.00,138.00,138.00,138.00,138.00,138.00,138.00,138.00,138.00,138.00,138.00,138.00,138.00,138.00
2026-08-27 09:04:18,148.00,148.00,148.00,148.00,148.00,148.00,148.00,148.00,148.00,148.00,138.00,138.00,138.00,138.00,138.00,138.00,138.00,138.00,138.00,138.00,138.00,138.00,138.00
2026-08-27 09:14:17,148.00,148.00,148.00,148.00,148.00,148.00,148.00,148.00,148.00,148.00,138.00,138.00,138.00,138.00,138.00,138.00,138.00,138.00,138.00,138.00,138.00,138.00,138.00
2026-08-27 09:24:19,148.00,148.00,148.00,148.00,148.00,148.00,148.00,148.00,148.00,148.00,138.00,138.00,138.00,138.00,138.00,138.00,138.00,138.00,138.00,138.00,138.00,138.00,138.00
2026-08-27 09:34:17,148.00,148.00,148.00,148.00,148.00,148.00,148.00,148.00,148.00,148.00,138.00,138.00,138.00,138.00,138.00,138.00,138.00,138.00,138.00,138.00,138.00,138.00,138.00
2026-08-27 09:44:15,148.00,148.00,148.00,148.00,148.00,148.00,148.00,148.00,148.00,148.00,138.00,138.00,138.00,138.00,138.00,138.00,138.00,138.00,138.00,138.00,138.00,138.00,138.00
2026-08-27 09:54:20,148.00,148.00,148.00,148.00,148.00,148.00,148.00,148.00,148.00,148.00,138.00,138.00,138.00,138.00,138.00,138.00,138.00,138.00,138.00,138.00,138.00,138.00,138.00
2026-08-27 10:04:17,148.00,148.00,148.00,148.00,148.00,148.00,148.00,148.00,148.00,148.00,138.00,138.00,138.00,138.00,138.00,138.00,138.00,138.00,138.00,138.00,138.00,138.00,138.00
2026-08-27 10:14:20,148.00,148.00,148.00,148.00,148.00,148.00,148.00,148.00,148.00,148.00,138.00,138.00,138.00,138.00,138.00,138.00,138.00,138.00,138.00,138.00,138.00,138.00,138.00
2026-08-27 10:24:22,148.00,148.00,148.00,148.00,148.00,148.00,148.00,148.00,148.00,148.00,138.00,138.00,138.00,138.00,138.00,138.00,138.00,138.00,138.00,138.00,138.00,138.00,138.00
2026-08-27 10:34:16,148.00,148.00,148.00,148.00,148.00,148.00,148.00,148.00,148.00,148.00,138.00,138.00,138.00,138.00,138.00,138.00,138.00,138.00,138.00,138.00,138.00,138.00,138.00
2026-08-27 10:44:19,148.00,148.00,148.00,148.00,148.00,148.00,148.00,148.00,148.00,148.00,138.00,138.00,138.00,138.00,138.00,138.00,138.00,138.00,138.00,138.00,138.00,138.00,138.00
2026-08-27 11:04:20,148.00,148.00,148.00,148.00,148.00,148.00,148.00,148.00,148.00,148.00,138.00,138.00,138.00,138.00,138.00,138.00,138.00,138.00,138.00,138.00,138.00,138.00,138.00
2026-08-27 11:14:16,148.00,148.00,148.00,148.00,148.00,148.00,148.00,148.00,148.00,148.00,138.00,138.00,138.00,138.00,138.00,138.00,138.00,138.00,138.00,138.00,138.00,138.00,138.00
2026-08-27 11:24:17,148.00,148.00,148.00,148.00,148.00,148.00,148.00,148.00,148.00,148.00,138.00,138.00,138.00,138.00,138.00,138.00,138.00,138.00,138.00,138.00,138.00,138.00,138.00
2026-08-27 11:34:18,148.00,148.00,148.00,148.00,148.00,148.00,148.00,148.00,148.00,148.00,138.00,138.00,138.00,138.00,138.00,138.00,138.00,138.00,138.00,138.00,138.00,138.00,138.00
2026-08-27 11:44:24,148.00,148.00,148.00,148.00,148.00,148.00,148.00,148.00,148.00,148.00,138.00,138.00,138.00,138.00,138.00,138.00,138.00,138.00,138.00,138.00,138.00,138.00,138.00
2026-08-27 11:54:19,148.00,148.00,148.00,148.00,148.00,148.00,148.00,148.00,148.00,148.00,138.00,138.00,138.00,138.00,138.00,138.00,138.00,138.00,138.00,138.00,138.00,138.00,138.00
2026-08-27 12:04:18,148.00,148.00,148.00,148.00,148.00,148.00,148.00,148.00,148.00,148.00,138.00,138.00,138.00,138.00,138.00,138.00,138.00,138.00,138.00,138.00,138.00,138.00,138.00
2026-08-27 12:14:19,148.00,148.00,148.00,148.00,148.00,148.00,148.00,148.00,148.00,148.00,138.00,138.00,138.00,138.00,138.00,138.00,138.00,138.00,138.00,138.00,138.00,138.00,138.00
2026-08-27 12:24:19,148.00,148.00,148.00,148.00,148.00,148.00,148.00,148.00,148.00,148.00,138.00,138.00,138.00,138.00,138.00,138.00,138.00,138.00,138.00,138.00,138.00,138.00,138.00
2026-08-27 12:34:22,148.00,148.00,148.00,148.00,148.00,148.00,148.00,148.00,148.00,148.00,138.00,138.00,138.00,138.00,138.00,138.00,138.00,138.00,138.00,138.00,138.00,138.00,138.00
2026-08-27 12:44:18,148.00,148.00,148.00,148.00,148.00,148.00,148.00,148.00,148.00,148.00,138.00,138.00,138.00,138.00,138.00,138.00,138.00,138.00,138.00,138.00,138.00,138.00,138.00
2026-08-27 12:54:19,148.00,148.00,148.00,148.00,148.00,148.00,148.00,148.00,148.00,148.00,138.00,138.00,138.00,138.00,138.00,138.00,138.00,138.00,138.00,138.00,138.00,138.00,138.00
2026-08-27 13:04:18,148.00,148.00,148.00,148.00,148.00,148.00,148.00,148.00,148.00,148.00,138.00,138.00,138.00,138.00,138.00,138.00,138.00,138.00,138.00,138.00,138.00,138.00,138.00
2026-08-27 13:14:20,148.00,148.00,148.00,148.00,148.00,148.00,148.00,148.00,148.00,148.00,138.00,138.00,138.00,138.00,138.00,138.00,138.00,138.00,138.00,138.00,138.00,138.00,138.00
2026-08-27 13:24:18,148.00,148.00,148.00,148.00,148.00,148.00,148.00,148.00,148.00,148.00,138.00,138.00,138.00,138.00,138.00,138.00,138.00,138.00,138.00,138.00,138.00,138.00,138.00
2026-08-27 13:34:19,148.00,148.00,148.00,148.00,148.00,148.00,148.00,148.00,148.00,148.00,138.00,138.00,138.00,138.00,138.00,138.00,138.00,138.00,138.00,138.00,138.00,138.00,138.00
2026-08-27 13:44:16,148.00,148.00,148.00,148.00,148.00,148.00,148.00,148.00,148.00,148.00,138.00,138.00,138.00,138.00,138.00,138.00,138.00,138.00,138.00,138.00,138.00,138.00,138.00
2026-08-27 13:54:20,148.00,148.00,148.00,148.00,148.00,148.00,148.00,148.00,148.00,148.00,138.00,138.00,138.00,138.00,138.00,138.00,138.00,138.00,138.00,138.00,138.00,138.00,138.00
2026-08-27 14:04:24,148.00,148.00,148.00,148.00,148.00,148.00,148.00,148.00,148.00,148.00,138.00,138.00,138.00,138.00,138.00,138.00,138.00,138.00,138.00,138.00,138.00,138.00,138.00
2026-08-27 14:14:20,148.00,148.00,148.00,148.00,148.00,148.00,148.00,148.00,148.00,148.00,138.00,138.00,138.00,138.00,138.00,138.00,138.00,138.00,138.00,138.00,138.00,138.00,138.00
2026-08-27 14:24:18,148.00,148.00,148.00,148.00,148.00,148.00,148.00,148.00,148.00,148.00,138.00,138.00,138.00,138.00,138.00,138.00,138.00,138.00,138.00,138.00,138.00,138.00,138.00
2026-08-27 14:34:22,148.00,148.00,148.00,148.00,148.00,148.00,148.00,148.00,148.00,148.00,138.00,138.00,138.00,138.00,138.00,138.00,138.00,138.00,138.00,138.00,138.00,138.00,138.00
2026-08-27 14:44:18,148.00,148.00,148.00,148.00,148.00,148.00,148.00,148.00,148.00,148.00,138.00,138.00,138.00,138.00,138.00,138.00,138.00,138.00,138.00,138.00,138.00,138.00,138.00
2026-08-27 14:54:18,138.00,138.00,138.00,138.00,138.00,138.00,138.00,138.00,138.00,138.00,138.00,138.00,138.00,138.00,138.00,138.00,138.00,138.00,138.00,138.00,138.00,138.00,138.00
2026-08-27 15:04:18,138.00,138.00,138.00,138.00,138.00,138.00,138.00,138.00,138.00,138.00,138.00,138.00,138.00,138.00,138.00,138.00,138.00,138.00,138.00,138.00,138.00,138.00,138.00
2026-08-27 15:14:18,138.00,138.00,138.00,138.00,138.00,138.00,138.00,138.00,138.00,138.00,138.00,138.00,138.00,138.00,138.00,138.00,138.00,138.00,138.00,138.00,138.00,138.00,138.00
2026-08-27 15:24:18,138.00,138.00,138.00,138.00,138.00,138.00,138.00,138.00,138.00,138.00,138.00,138.00,138.00,138.00,138.00,138.00,138.00,138.00,138.00,138.00,138.00,138.00,138.00
2026-08-27 15:34:22,138.00,138.00,138.00,138.00,138.00,138.00,138.00,138.00,138.00,138.00,138.00,138.00,138.00,138.00,138.00,138.00,138.00,138.00,138.00,138.00,138.00,138.00,138.00
2026-08-27 15:44:17,138.00,138.00,138.00,138.00,138.00,138.00,138.00,138.00,138.00,138.00,138.00,138.00,138.00,138.00,138.00,138.00,138.00,138.00,138.00,138.00,138.00,138.00,138.00
2026-08-27 15:54:18,138.00,138.00,138.00,138.00,138.00,138.00,138.00,138.00,138.00,138.00,138.00,138.00,138.00,138.00,138.00,138.00,138.00,138.00,138.00,138.00,138.00,138.00,138.00
2026-08-27 16:04:20,138.00,138.00,138.00,138.00,138.00,138.00,138.00,138.00,138.00,138.00,138.00,138.00,138.00,138.00,138.00,138.00,138.00,138.00,138.00,138.00,138.00,138.00,138.00
2026-08-27 16:14:17,138.00,138.00,138.00,138.00,138.00,138.00,138.00,138.00,138.00,138.00,138.00,138.00,138.00,138.00,138.00,138.00,138.00,138.00,138.00,138.00,138.00,138.00,138.00
2026-08-27 16:24:22,138.00,138.00,138.00,138.00,138.00,138.00,138.00,138.00,138.00,138.00,138.00,138.00,138.00,138.00,138.00,138.00,138.00,138.00,138.00,138.00,138.00,138.00,138.00
2026-08-27 16:34:16,138.00,138.00,138.00,138.00,138.00,138.00,138.00,138.00,138.00,138.00,138.00,138.00,138.00,138.00,138.00,138.00,138.00,138.00,138.00,138.00,138.00,138.00,138.00
2026-08-27 16:44:25,138.00,138.00,138.00,138.00,138.00,138.00,138.00,138.00,138.00,138.00,138.00,138.00,138.00,138.00,138.00,138.00,138.00,138.00,138.00,138.00,138.00,138.00,138.00
2026-08-27 16:54:24,138.00,138.00,138.00,138.00,138.00,138.00,138.00,138.00,138.00,138.00,138.00,138.00,138.00,138.00,138.00,138.00,138.00,138.00,138.00,138.00,138.00,138.00,138.00
2026-08-27 17:04:21,138.00,138.00,138.00,138.00,138.00,138.00,138.00,138.00,138.00,138.00,138.00,138.00,138.00,138.00,138.00,138.00,138.00,138.00,138.00,138.00,138.00,138.00,138.00
2026-08-27 17:14:18,138.00,138.00,138.00,138.00,138.00,138.00,138.00,138.00,138.00,138.00,138.00,138.00,138.00,138.00,138.00,138.00,138.00,138.00,138.00,138.00,138.00,138.00,138.00
2026-08-27 17:24:18,138.00,138.00,138.00,138.00,138.00,138.00,138.00,138.00,138.00,138.00,138.00,138.00,138.00,138.00,138.00,138.00,138.00,138.00,138.00,138.00,138.00,138.00,138.00
2026-08-27 17:34:17,138.00,138.00,138.00,138.00,138.00,138.00,138.00,138.00,138.00,138.00,138.00,138.00,138.00,138.00,138.00,138.00,138.00,138.00,138.00,138.00,138.00,138.00,138.00
2026-08-27 17:44:19,138.00,138.00,138.00,138.00,138.00,138.00,138.00,138.00,138.00,138.00,138.00,138.00,138.00,138.00,138.00,138.00,138.00,138.00,138.00,138.00,138.00,138.00,138.00
2026-08-27 17:54:18,138.00,138.00,138.00,138.00,138.00,138.00,138.00,138.00,138.00,138.00,138.00,138.00,138.00,138.00,138.00,138.00,138.00,138.00,138.00,138.00,138.00,138.00,138.00
2026-08-27 18:04:19,138.00,138.00,138.00,138.00,138.00,138.00,138.00,138.00,138.00,138.00,138.00,138.00,138.00,138.00,138.00,138.00,138.00,138.00,138.00,138.00,138.00,138.00,138.00
2026-08-27 18:14:18,138.00,138.00,138.00,138.00,138.00,138.00,138.00,138.00,138.00,138.00,138.00,138.00,138.00,138.00,138.00,138.00,138.00,138.00,138.00,138.00,138.00,138.00,138.00
2026-08-27 18:24:19,138.00,138.00,138.00,138.00,138.00,138.00,138.00,138.00,138.00,138.00,138.00,138.00,138.00,138.00,138.00,138.00,138.00,138.00,138.00,138.00,138.00,138.00,138.00
2026-08-27 18:34:20,138.00,138.00,138.00,138.00,138.00,138.00,138.00,138.00,138.00,138.00,138.00,138.00,138.00,138.00,138.00,138.00,138.00,138.00,138.00,138.00,138.00,138.00,138.00
2026-08-27 18:44:20,138.00,138.00,138.00,138.00,138.00,138.00,138.00,138.00,138.00,138.00,138.00,138.00,138.00,138.00,138.00,138.00,138.00,138.00,138.00,138.00,138.00,138.00,138.00
2026-08-27 18:54:19,138.00,138.00,138.00,138.00,138.00,138.00,138.00,138.00,138.00,138.00,138.00,138.00,138.00,138.00,138.00,138.00,138.00,138.00,138.00,138.00,138.00,138.00,138.00
2026-08-27 19:04:18,138.00,138.00,138.00,138.00,138.00,138.00,138.00,138.00,138.00,138.00,138.00,138.00,138.00,138.00,138.00,138.00,138.00,138.00,138.00,138.00,138.00,138.00,138.00
2026-08-27 19:14:20,138.00,138.00,138.00,138.00,138.00,138.00,138.00,138.00,138.00,138.00,138.00,138.00,138.00,138.00,138.00,138.00,138.00,138.00,138.00,138.00,138.00,138.00,138.00
2026-08-27 19:24:19,138.00,138.00,138.00,138.00,138.00,138.00,138.00,138.00,138.00,138.00,138.00,138.00,138.00,138.00,138.00,138.00,138.00,138.00,138.00,138.00,138.00,138.00,138.00
2026-08-27 19:34:18,138.00,138.00,138.00,138.00,138.00,138.00,138.00,138.00,138.00,138.00,138.00,138.00,138.00,138.00,138.00,138.00,138.00,138.00,138.00,138.00,138.00,138.00,138.00
2026-08-27 19:44:22,138.00,138.00,138.00,138.00,138.00,138.00,138.00,138.00,138.00,138.00,138.00,138.00,138.00,138.00,138.00,138.00,138.00,138.00,138.00,138.00,138.00,138.00,138.00
2026-08-27 19:54:19,138.00,138.00,138.00,138.00,138.00,138.00,138.00,138.00,138.00,138.00,138.00,138.00,138.00,138.00,138.00,138.00,138.00,138.00,138.00,138.00,138.00,138.00,138.00
2026-08-27 20:04:17,138.00,138.00,138.00,138.00,138.00,138.00,138.00,138.00,138.00,138.00,138.00,138.00,138.00,138.00,138.00,138.00,138.00,138.00,138.00,138.00,138.00,138.00,138.00
2026-08-27 20:14:21,138.00,138.00,138.00,138.00,138.00,138.00,138.00,138.00,138.00,138.00,138.00,138.00,138.00,138.00,138.00,138.00,138.00,138.00,138.00,138.00,138.00,138.00,138.00
2026-08-27 20:24:17,138.00,138.00,138.00,138.00,138.00,138.00,138.00,138.00,138.00,138.00,138.00,138.00,138.00,138.00,138.00,138.00,138.00,138.00,138.00,138.00,138.00,138.00,138.00
2026-08-27 20:34:19,138.00,138.00,138.00,138.00,138.00,138.00,138.00,138.00,138.00,138.00,138.00,138.00,138.00,138.00,138.00,138.00,138.00,138.00,138.00,138.00,138.00,138.00,138.00
2026-08-27 20:44:18,138.00,138.00,138.00,138.00,138.00,138.00,138.00,138.00,138.00,138.00,138.00,138.00,138.00,138.00,138.00,138.00,138.00,138.00,138.00,138.00,138.00,138.00,138.00
2026-08-27 20:54:20,138.00,138.00,138.00,138.00,138.00,138.00,138.00,138.00,138.00,138.00,138.00,138.00,138.00,138.00,138.00,138.00,138.00,138.00,138.00,138.00,138.00,138.00,138.00
2026-08-27 21:04:16,138.00,138.00,138.00,138.00,138.00,138.00,138.00,138.00,138.00,138.00,138.00,138.00,138.00,138.00,138.00,138.00,138.00,138.00,138.00,138.00,138.00,138.00,138.00
2026-08-27 21:14:19,138.00,138.00,138.00,138.00,138.00,138.00,138.00,138.00,138.00,138.00,138.00,138.00,138.00,138.00,138.00,138.00,138.00,138.00,138.00,138.00,138.00,138.00,138.00
2026-08-27 21:24:15,138.00,138.00,138.00,138.00,138.00,138.00,138.00,138.00,138.00,138.00,138.00,138.00,138.00,138.00,138.00,138.00,138.00,138.00,138.00,138.00,138.00,138.00,138.00
2026-08-27 21:34:20,138.00,138.00,138.00,138.00,138.00,138.00,138.00,138.00,138.00,138.00,138.00,138.00,138.00,138.00,138.00,138.00,138.00,138.00,138.00,138.00,138.00,138.00,138.00
2026-08-27 21:44:21,138.00,138.00,138.00,138.00,138.00,138.00,138.00,138.00,138.00,138.00,138.00,138.00,138.00,138.00,138.00,138.00,138.00,138.00,138.00,138.00,138.00,138.00,138.00
2026-08-27 21:54:20,138.00,138.00,138.00,138.00,138.00,138.00,138.00,138.00,138.00,138.00,138.00,138.00,138.00,138.00,138.00,138.00,138.00,138.00,138.00,138.00,138.00,138.00,138.00
2026-08-27 22:04:16,138.00,138.00,138.00,138.00,138.00,138.00,138.00,138.00,138.00,138.00,138.00,138.00,138.00,138.00,138.00,138.00,138.00,138.00,138.00,138.00,138.00,138.00,138.00
2026-08-27 22:14:18,138.00,138.00,138.00,138.00,138.00,138.00,138.00,138.00,138.00,138.00,138.00,138.00,138.00,138.00,138.00,138.00,138.00,138.00,138.00,138.00,138.00,138.00,138.00
2026-08-27 22:24:18,138.00,138.00,138.00,138.00,138.00,138.00,138.00,138.00,138.00,138.00,138.00,138.00,138.00,138.00,138.00,138.00,138.00,138.00,138.00,138.00,138.00,138.00,138.00
2026-08-27 22:34:21,138.00,138.00,138.00,138.00,138.00,138.00,138.00,138.00,138.00,138.00,138.00,138.00,138.00,138.00,138.00,138.00,138.00,138.00,138.00,138.00,138.00,138.00,138.00
2026-08-27 22:44:19,138.00,138.00,138.00,138.00,138.00,138.00,138.00,138.00,138.00,138.00,138.00,138.00,138.00,138.00,138.00,138.00,138.00,138.00,138.00,138.00,138.00,138.00,138.00
2026-08-27 22:54:19,138.00,138.00,138.00,138.00,138.00,138.00,138.00,138.00,138.00,138.00,138.00,138.00,138.00,138.00,138.00,138.00,138.00,138.00,138.00,138.00,138.00,138.00,138.00
2026-08-27 23:04:18,138.00,138.00,138.00,138.00,138.00,138.00,138.00,138.00,138.00,138.00,138.00,138.00,138.00,138.00,138.00,138.00,138.00,138.00,138.00,138.00,138.00,138.00,138.00
2026-08-27 23:14:23,138.00,138.00,138.00,138.00,138.00,138.00,138.00,138.00,138.00,138.00,138.00,138.00,138.00,138.00,138.00,138.00,138.00,138.00,138.00,138.00,138.00,138.00,138.00
2026-08-27 23:24:16,138.00,138.00,138.00,138.00,138.00,138.00,138.00,138.00,138.00,138.00,138.00,138.00,138.00,138.00,138.00,138.00,138.00,138.00,138.00,138.00,138.00,138.00,138.00
2026-08-27 23:34:16,138.00,138.00,138.00,138.00,138.00,138.00,138.00,138.00,138.00,138.00,138.00,138.00,138.00,138.00,138.00,138.00,138.00,138.00,138.00,138.00,138.00,138.00,138.00
2026-08-27 23:44:19,138.00,138.00,138.00,138.00,138.00,138.00,138.00,138.00,138.00,138.00,138.00,138.00,138.00,138.00,138.00,138.00,138.00,138.00,138.00,138.00,138.00,138.00,138.00
2026-08-27 23:54:16,138.00,138.00,138.00,138.00,138.00,138.00,138.00,138.00,138.00,138.00,138.00,138.00,138.00,138.00,138.00,138.00,138.00,138.00,138.00,138.00,138.00,138.00,138.00
2026-08-28 00:04:17,138.00,138.00,138.00,138.00,138.00,138.00,138.00,138.00,138.00,138.00,138.00,138.00,138.00,138.00,138.00,138.00,138.00,138.00,138.00,138.00,138.00,138.00,138.00
2026-08-28 00:14:16,138.00,138.00,138.00,138.00,138.00,138.00,138.00,138.00,138.00,138.00,138.00,138.00,138.00,138.00,138.00,138.00,138.00,138.00,138.00,138.00,138.00,138.00,138.00
2026-08-28 00:24:17,138.00,138.00,138.00,138.00,138.00,138.00,138.00,138.00,138.00,138.00,138.00,138.00,138.00,138.00,138.00,138.00,138.00,138.00,138.00,138.00,138.00,138.00,138.00
2026-08-28 00:34:26,138.00,138.00,138.00,138.00,138.00,138.00,138.00,138.00,138.00,138.00,138.00,138.00,138.00,138.00,138.00,138.00,138.00,138.00,138.00,138.00,138.00,138.00,138.00
2026-08-28 00:44:18,138.00,138.00,138.00,138.00,138.00,138.00,138.00,138.00,138.00,138.00,138.00,138.00,138.00,138.00,138.00,138.00,138.00,138.00,138.00,138.00,138.00,138.00,138.00
2026-08-28 00:54:17,138.00,138.00,138.00,138.00,138.00,138.00,138.00,138.00,138.00,138.00,138.00,138.00,138.00,138.00,138.00,138.00,138.00,138.00,138.00,138.00,138.00,138.00,138.00
2026-08-28 01:04:17,138.00,138.00,138.00,138.00,138.00,138.00,138.00,138.00,138.00,138.00,138.00,138.00,138.00,138.00,138.00,138.00,138.00,138.00,138.00,138.00,138.00,138.00,138.00
2026-08-28 01:14:17,138.00,138.00,138.00,138.00,138.00,138.00,138.00,138.00,138.00,138.00,138.00,138.00,138.00,138.00,138.00,138.00,138.00,138.00,138.00,138.00,138.00,138.00,138.00
2026-08-28 01:24:17,138.00,138.00,138.00,138.00,138.00,138.00,138.00,138.00,138.00,138.00,138.00,138.00,138.00,138.00,138.00,138.00,138.00,138.00,138.00,138.00,138.00,138.00,138.00
2026-08-28 01:34:18,138.00,138.00,138.00,138.00,138.00,138.00,138.00,138.00,138.00,138.00,138.00,138.00,138.00,138.00,138.00,138.00,138.00,138.00,138.00,138.00,138.00,138.00,138.00
2026-08-28 01:44:17,138.00,138.00,138.00,138.00,138.00,138.00,138.00,138.00,138.00,138.00,138.00,138.00,138.00,138.00,138.00,138.00,138.00,138.00,138.00,138.00,138.00,138.00,138.00
2026-08-28 01:54:18,138.00,138.00,138.00,138.00,138.00,138.00,138.00,138.00,138.00,138.00,138.00,138.00,138.00,138.00,138.00,138.00,138.00,138.00,138.00,138.00,138.00,138.00,138.00
2026-08-28 02:04:19,138.00,138.00,138.00,138.00,138.00,138.00,138.00,138.00,138.00,138.00,138.00,138.00,138.00,138.00,138.00,138.00,138.00,138.00,138.00,138.00,138.00,138.00,138.00
2026-08-28 02:14:17,138.00,138.00,138.00,138.00,138.00,138.00,138.00,138.00,138.00,138.00,138.00,138.00,138.00,138.00,138.00,138.00,138.00,138.00,138.00,138.00,138.00,138.00,138.00
2026-08-28 02:24:14,138.00,138.00,138.00,138.00,138.00,138.00,138.00,138.00,138.00,138.00,138.00,138.00,138.00,138.00,138.00,138.00,138.00,138.00,138.00,138.00,138.00,138.00,138.00
2026-08-28 02:34:17,138.00,138.00,138.00,138.00,138.00,138.00,138.00,138.00,138.00,138.00,138.00,138.00,138.00,138.00,138.00,138.00,138.00,138.00,138.00,138.00,138.00,138.00,138.00
2026-08-28 02:44:15,138.00,138.00,138.00,138.00,138.00,138.00,138.00,138.00,138.00,138.00,138.00,138.00,138.00,138.00,138.00,138.00,138.00,138.00,138.00,138.00,138.00,138.00,138.00
2026-08-28 02:54:18,138.00,138.00,138.00,138.00,138.00,138.00,138.00,138.00,138.00,138.00,138.00,138.00,138.00,138.00,138.00,138.00,138.00,138.00,138.00,138.00,138.00,138.00,138.00
2026-08-28 03:04:20,138.00,138.00,138.00,138.00,138.00,138.00,138.00,138.00,138.00,138.00,138.00,138.00,138.00,138.00,138.00,138.00,138.00,138.00,138.00,138.00,138.00,138.00,138.00
2026-08-28 03:14:17,138.00,138.00,138.00,138.00,138.00,138.00,138.00,138.00,138.00,138.00,138.00,138.00,138.00,138.00,138.00,138.00,138.00,138.00,138.00,138.00,138.00,138.00,138.00
2026-08-28 03:24:15,138.00,138.00,138.00,138.00,138.00,138.00,138.00,138.00,138.00,138.00,138.00,138.00,138.00,138.00,138.00,138.00,138.00,138.00,138.00,138.00,138.00,138.00,138.00
2026-08-28 03:34:16,138.00,138.00,138.00,138.00,138.00,138.00,138.00,138.00,138.00,138.00,138.00,138.00,138.00,138.00,138.00,138.00,138.00,138.00,138.00,138.00,138.00,138.00,138.00
2026-08-28 03:44:16,138.00,138.00,138.00,138.00,138.00,138.00,138.00,138.00,138.00,138.00,138.00,138.00,138.00,138.00,138.00,138.00,138.00,138.00,138.00,138.00,138.00,138.00,138.00
2026-08-28 03:54:17,138.00,138.00,138.00,138.00,138.00,138.00,138.00,138.00,138.00,138.00,138.00,138.00,138.00,138.00,138.00,138.00,138.00,138.00,138.00,138.00,138.00,138.00,138.00
2026-08-28 04:04:18,138.00,138.00,138.00,138.00,138.00,138.00,138.00,138.00,138.00,138.00,138.00,138.00,138.00,138.00,138.00,138.00,138.00,138.00,138.00,138.00,138.00,138.00,138.00
2026-08-28 04:14:17,138.00,138.00,138.00,138.00,138.00,138.00,138.00,138.00,138.00,138.00,138.00,138.00,138.00,138.00,138.00,138.00,138.00,138.00,138.00,138.00,138.00,138.00,138.00
2026-08-28 04:24:18,138.00,138.00,138.00,138.00,138.00,138.00,138.00,138.00,138.00,138.00,138.00,138.00,138.00,138.00,138.00,138.00,138.00,138.00,138.00,138.00,138.00,138.00,138.00
2026-08-28 04:34:17,138.00,138.00,138.00,138.00,138.00,138.00,138.00,138.00,138.00,138.00,138.00,138.00,138.00,138.00,138.00,138.00,138.00,138.00,138.00,138.00,138.00,138.00,138.00
2026-08-28 04:44:18,138.00,138.00,138.00,138.00,138.00,138.00,138.00,138.00,138.00,138.00,138.00,138.00,138.00,138.00,138.00,138.00,138.00,138.00,138.00,138.00,138.00,138.00,138.00
2026-08-28 04:54:17,138.00,138.00,138.00,138.00,138.00,138.00,138.00,138.00,138.00,138.00,138.00,138.00,138.00,138.00,138.00,138.00,138.00,138.00,138.00,138.00,138.00,138.00,138.00
2026-08-28 05:04:19,138.00,138.00,138.00,138.00,138.00,138.00,138.00,138.00,138.00,138.00,138.00,138.00,138.00,138.00,138.00,138.00,138.00,138.00,138.00,138.00,138.00,138.00,138.00
2026-08-28 05:14:16,138.00,138.00,138.00,138.00,138.00,138.00,138.00,138.00,138.00,138.00,138.00,138.00,138.00,138.00,138.00,138.00,138.00,138.00,138.00,138.00,138.00,138.00,138.00
2026-08-28 05:24:20,138.00,138.00,138.00,138.00,138.00,138.00,138.00,138.00,138.00,138.00,138.00,138.00,138.00,138.00,138.00,138.00,138.00,138.00,138.00,138.00,138.00,138.00,138.00
2026-08-28 05:34:16,138.00,138.00,138.00,138.00,138.00,138.00,138.00,138.00,138.00,138.00,138.00,138.00,138.00,138.00,138.00,138.00,138.00,138.00,138.00,138.00,138.00,138.00,138.00
2026-08-28 05:44:16,138.00,138.00,138.00,138.00,138.00,138.00,138.00,138.00,138.00,138.00,138.00,138.00,138.00,138.00,138.00,138.00,138.00,138.00,138.00,138.00,138.00,138.00,138.00
2026-08-28 05:54:18,138.00,138.00,138.00,138.00,138.00,138.00,138.00,138.00,138.00,138.00,138.00,138.00,138.00,138.00,138.00,138.00,138.00,138.00,138.00,138.00,138.00,138.00,138.00
2026-08-28 06:04:18,138.00,138.00,138.00,138.00,138.00,138.00,138.00,138.00,138.00,138.00,138.00,138.00,138.00,138.00,138.00,138.00,138.00,138.00,138.00,138.00,138.00,138.00,138.00
2026-08-28 06:14:17,138.00,138.00,138.00,138.00,138.00,138.00,138.00,138.00,138.00,138.00,138.00,138.00,138.00,138.00,138.00,138.00,138.00,138.00,138.00,138.00,138.00,138.00,138.00
2026-08-28 06:24:18,138.00,138.00,138.00,138.00,138.00,138.00,138.00,138.00,138.00,138.00,138.00,138.00,138.00,138.00,138.00,138.00,138.00,138.00,138.00,138.00,138.00,138.00,138.00
2026-08-28 06:34:18,138.00,138.00,138.00,138.00,138.00,138.00,138.00,138.00,138.00,138.00,138.00,138.00,138.00,138.00,138.00,138.00,138.00,138.00,138.00,138.00,138.00,138.00,138.00
2026-08-28 06:44:20,138.00,138.00,138.00,138.00,138.00,138.00,138.00,138.00,138.00,138.00,138.00,138.00,138.00,138.00,138.00,138.00,138.00,138.00,138.00,138.00,138.00,138.00,138.00
2026-08-28 06:54:18,138.00,138.00,138.00,138.00,138.00,138.00,138.00,138.00,138.00,138.00,138.00,138.00,138.00,138.00,138.00,138.00,138.00,138.00,138.00,138.00,138.00,138.00,138.00
2026-08-28 07:04:16,138.00,138.00,138.00,138.00,138.00,138.00,138.00,138.00,138.00,138.00,138.00,138.00,138.00,138.00,138.00,138.00,138.00,138.00,138.00,138.00,138.00,138.00,138.00
2026-08-28 07:14:18,138.00,138.00,138.00,138.00,138.00,138.00,138.00,138.00,138.00,138.00,138.00,138.00,138.00,138.00,138.00,138.00,138.00,138.00,138.00,138.00,138.00,138.00,138.00
2026-08-28 07:24:16,138.00,138.00,138.00,138.00,138.00,138.00,138.00,138.00,138.00,138.00,138.00,138.00,138.00,138.00,138.00,138.00,138.00,138.00,138.00,138.00,138.00,138.00,138.00
2026-08-28 07:34:15,138.00,138.00,138.00,138.00,138.00,138.00,138.00,138.00,138.00,138.00,138.00,138.00,138.00,138.00,138.00,138.00,138.00,138.00,138.00,138.00,138.00,138.00,138.00
2026-08-28 07:44:17,138.00,138.00,138.00,138.00,138.00,138.00,138.00,138.00,138.00,138.00,138.00,138.00,138.00,138.00,138.00,138.00,138.00,138.00,138.00,138.00,138.00,138.00,138.00
2026-08-28 07:54:18,138.00,138.00,138.00,138.00,138.00,138.00,138.00,138.00,138.00,138.00,138.00,138.00,138.00,138.00,138.00,138.00,138.00,138.00,138.00,138.00,138.00,138.00,138.00
2026-08-28 08:04:17,138.00,138.00,138.00,138.00,138.00,138.00,138.00,138.00,138.00,138.00,138.00,138.00,138.00,138.00,138.00,138.00,138.00,138.00,138.00,138.00,138.00,138.00,138.00
2026-08-28 08:14:17,138.00,138.00,138.00,138.00,138.00,138.00,138.00,138.00,138.00,138.00,138.00,138.00,138.00,138.00,138.00,138.00,138.00,138.00,138.00,138.00,138.00,138.00,138.00
2026-08-28 08:24:15,138.00,138.00,138.00,138.00,138.00,138.00,138.00,138.00,138.00,138.00,138.00,138.00,138.00,138.00,138.00,138.00,138.00,138.00,138.00,138.00,138.00,138.00,138.00
2026-08-28 08:34:17,138.00,138.00,138.00,138.00,138.00,138.00,138.00,138.00,138.00,138.00,138.00,138.00,138.00,138.00,138.00,138.00,138.00,138.00,138.00,138.00,138.00,138.00,138.00
2026-08-28 08:44:18,138.00,138.00,138.00,138.00,138.00,138.00,138.00,138.00,138.00,138.00,138.00,138.00,138.00,138.00,138.00,138.00,138.00,138.00,138.00,138.00,138.00,138.00,138.00
2026-08-28 08:54:18,138.00,138.00,138.00,138.00,138.00,138.00,138.00,138.00,138.00,138.00,138.00,138.00,138.00,138.00,138.00,138.00,138.00,138.00,138.00,138.00,138.00,138.00,138.00
2026-08-28 09:04:18,138.00,138.00,138.00,138.00,138.00,138.00,138.00,138.00,138.00,138.00,138.00,138.00,138.00,138.00,138.00,138.00,138.00,138.00,138.00,138.00,138.00,138.00,138.00
2026-08-28 09:14:17,138.00,138.00,138.00,138.00,138.00,138.00,138.00,138.00,138.00,138.00,138.00,138.00,138.00,138.00,138.00,138.00,138.00,138.00,138.00,138.00,138.00,138.00,138.00
2026-08-28 09:24:19,138.00,138.00,138.00,138.00,138.00,138.00,138.00,138.00,138.00,138.00,138.00,138.00,138.00,138.00,138.00,138.00,138.00,138.00,138.00,138.00,138.00,138.00,138.00
2026-08-28 09:34:19,138.00,138.00,138.00,138.00,138.00,138.00,138.00,138.00,138.00,138.00,138.00,138.00,138.00,138.00,138.00,138.00,138.00,138.00,138.00,138.00,138.00,138.00,138.00
2026-08-28 09:44:21,138.00,138.00,138.00,138.00,138.00,138.00,138.00,138.00,138.00,138.00,138.00,138.00,138.00,138.00,138.00,138.00,138.00,138.00,138.00,138.00,138.00,138.00,138.00
2026-08-28 09:54:26,138.00,138.00,138.00,138.00,138.00,138.00,138.00,138.00,138.00,138.00,138.00,138.00,138.00,138.00,138.00,138.00,138.00,138.00,138.00,138.00,138.00,138.00,138.00
2026-08-28 10:04:16,138.00,138.00,138.00,138.00,138.00,138.00,138.00,138.00,138.00,138.00,138.00,138.00,138.00,138.00,138.00,138.00,138.00,138.00,138.00,138.00,138.00,138.00,138.00
2026-08-28 10:14:17,138.00,138.00,138.00,138.00,138.00,138.00,138.00,138.00,138.00,138.00,138.00,138.00,138.00,138.00,138.00,138.00,138.00,138.00,138.00,138.00,138.00,138.00,138.00
2026-08-28 10:24:18,138.00,138.00,138.00,138.00,138.00,138.00,138.00,138.00,138.00,138.00,138.00,138.00,138.00,138.00,138.00,138.00,138.00,138.00,138.00,138.00,138.00,138.00,138.00
2026-08-28 10:34:19,138.00,138.00,138.00,138.00,138.00,138.00,138.00,138.00,138.00,138.00,138.00,138.00,138.00,138.00,138.00,138.00,138.00,138.00,138.00,138.00,138.00,138.00,138.00
2026-08-28 10:44:19,138.00,138.00,138.00,138.00,138.00,138.00,138.00,138.00,138.00,138.00,138.00,138.00,138.00,138.00,138.00,138.00,138.00,138.00,138.00,138.00,138.00,138.00,138.00
2026-08-28 10:54:19,138.00,138.00,138.00,138.00,138.00,138.00,138.00,138.00,138.00,138.00,138.00,138.00,138.00,138.00,138.00,138.00,138.00,138.00,138.00,138.00,138.00,138.00,138.00
2026-08-28 11:04:17,138.00,138.00,138.00,138.00,138.00,138.00,138.00,138.00,138.00,138.00,138.00,138.00,138.00,138.00,138.00,138.00,138.00,138.00,138.00,138.00,138.00,138.00,138.00
2026-08-28 11:14:18,138.00,138.00,138.00,138.00,138.00,138.00,138.00,138.00,138.00,138.00,138.00,138.00,138.00,138.00,138.00,138.00,138.00,138.00,138.00,138.00,138.00,138.00,138.00
2026-08-28 11:24:19,138.00,138.00,138.00,138.00,138.00,138.00,138.00,138.00,138.00,138.00,138.00,138.00,138.00,138.00,138.00,138.00,138.00,138.00,138.00,138.00,138.00,138.00,138.00
2026-08-28 11:34:19,138.00,138.00,138.00,138.00,138.00,138.00,138.00,138.00,138.00,138.00,138.00,138.00,138.00,138.00,138.00,138.00,138.00,138.00,138.00,138.00,138.00,138.00,138.00
2026-08-28 11:44:18,138.00,138.00,138.00,138.00,138.00,138.00,138.00,138.00,138.00,138.00,138.00,138.00,138.00,138.00,138.00,138.00,138.00,138.00,138.00,138.00,138.00,138.00,138.00
2026-08-28 11:54:21,138.00,138.00,138.00,138.00,138.00,138.00,138.00,138.00,138.00,138.00,138.00,138.00,138.00,138.00,138.00,138.00,138.00,138.00,138.00,138.00,138.00,138.00,138.00
2026-08-28 12:04:18,138.00,138.00,138.00,138.00,138.00,138.00,138.00,138.00,138.00,138.00,138.00,138.00,138.00,138.00,138.00,138.00,138.00,138.00,138.00,138.00,138.00,138.00,138.00
2026-08-28 12:14:18,138.00,138.00,138.00,138.00,138.00,138.00,138.00,138.00,138.00,138.00,138.00,138.00,138.00,138.00,138.00,138.00,138.00,138.00,138.00,138.00,138.00,138.00,138.00
2026-08-28 12:24:17,138.00,138.00,138.00,138.00,138.00,138.00,138.00,138.00,138.00,138.00,138.00,138.00,138.00,138.00,138.00,138.00,138.00,138.00,138.00,138.00,138.00,138.00,138.00
2026-08-28 12:34:16,138.00,138.00,138.00,138.00,138.00,138.00,138.00,138.00,138.00,138.00,138.00,138.00,138.00,138.00,138.00,138.00,138.00,138.00,138.00,138.00,138.00,138.00,138.00
2026-08-28 12:44:16,138.00,138.00,138.00,138.00,138.00,138.00,138.00,138.00,138.00,138.00,138.00,138.00,138.00,138.00,138.00,138.00,138.00,138.00,138.00,138.00,138.00,138.00,138.00
2026-08-28 12:54:19,138.00,138.00,138.00,138.00,138.00,138.00,138.00,138.00,138.00,138.00,138.00,138.00,138.00,138.00,138.00,138.00,138.00,138.00,138.00,138.00,138.00,138.00,138.00
2026-08-28 13:04:19,138.00,138.00,138.00,138.00,138.00,138.00,138.00,138.00,138.00,138.00,138.00,138.00,138.00,138.00,138.00,138.00,138.00,138.00,138.00,138.00,138.00,138.00,138.00
2026-08-28 13:14:18,138.00,138.00,138.00,138.00,138.00,138.00,138.00,138.00,138.00,138.00,138.00,138.00,138.00,138.00,138.00,138.00,138.00,138.00,138.00,138.00,138.00,138.00,138.00
2026-08-28 13:24:19,138.00,138.00,138.00,138.00,138.00,138.00,138.00,138.00,138.00,138.00,138.00,138.00,138.00,138.00,138.00,138.00,138.00,138.00,138.00,138.00,138.00,138.00,138.00
2026-08-28 13:34:19,138.00,138.00,138.00,138.00,138.00,138.00,138.00,138.00,138.00,138.00,138.00,138.00,138.00,138.00,138.00,138.00,138.00,138.00,138.00,138.00,138.00,138.00,138.00
2026-08-28 13:44:18,138.00,138.00,138.00,138.00,138.00,138.00,138.00,138.00,138.00,138.00,138.00,138.00,138.00,138.00,138.00,138.00,138.00,138.00,138.00,138.00,138.00,138.00,138.00
2026-08-28 13:54:28,138.00,138.00,138.00,138.00,138.00,138.00,138.00,138.00,138.00,138.00,138.00,138.00,138.00,138.00,138.00,138.00,138.00,138.00,138.00,138.00,138.00,138.00,138.00
2026-08-28 14:04:18,138.00,138.00,138.00,138.00,138.00,138.00,138.00,138.00,138.00,138.00,138.00,138.00,138.00,138.00,138.00,138.00,138.00,138.00,138.00,138.00,138.00,138.00,138.00
2026-08-28 14:14:20,138.00,138.00,138.00,138.00,138.00,138.00,138.00,138.00,138.00,138.00,138.00,138.00,138.00,138.00,138.00,138.00,138.00,138.00,138.00,138.00,138.00,138.00,138.00
2026-08-28 14:24:20,138.00,138.00,138.00,138.00,138.00,138.00,138.00,138.00,138.00,138.00,138.00,138.00,138.00,138.00,138.00,138.00,138.00,138.00,138.00,138.00,138.00,138.00,138.00
2026-08-28 14:34:17,138.00,138.00,138.00,138.00,138.00,138.00,138.00,138.00,138.00,138.00,138.00,138.00,138.00,138.00,138.00,138.00,138.00,138.00,138.00,138.00,138.00,138.00,138.00
2026-08-28 14:44:18,138.00,138.00,138.00,138.00,138.00,138.00,138.00,138.00,138.00,138.00,138.00,138.00,138.00,138.00,138.00,138.00,138.00,138.00,138.00,138.00,138.00,138.00,138.00
2026-08-28 14:54:16,138.00,138.00,138.00,138.00,138.00,138.00,138.00,138.00,138.00,138.00,138.00,138.00,138.00,138.00,138.00,138.00,138.00,138.00,138.00,138.00,138.00,138.00,138.00
2026-08-28 15:04:17,138.00,138.00,138.00,138.00,138.00,138.00,138.00,138.00,138.00,138.00,138.00,138.00,138.00,138.00,138.00,138.00,138.00,138.00,138.00,138.00,138.00,138.00,138.00
2026-08-28 15:14:18,138.00,138.00,138.00,138.00,138.00,138.00,138.00,138.00,138.00,138.00,138.00,138.00,138.00,138.00,138.00,138.00,138.00,138.00,138.00,138.00,138.00,138.00,138.00
2026-08-28 15:24:16,138.00,138.00,138.00,138.00,138.00,138.00,138.00,138.00,138.00,138.00,138.00,138.00,138.00,138.00,138.00,138.00,138.00,138.00,138.00,138.00,138.00,138.00,138.00
2026-08-28 15:34:20,138.00,138.00,138.00,138.00,138.00,138.00,138.00,138.00,138.00,138.00,138.00,138.00,138.00,138.00,138.00,138.00,138.00,138.00,138.00,138.00,138.00,138.00,138.00
2026-08-28 15:44:18,138.00,138.00,138.00,138.00,138.00,138.00,138.00,138.00,138.00,138.00,138.00,138.00,138.00,138.00,138.00,138.00,138.00,138.00,138.00,138.00,138.00,138.00,138.00
2026-08-28 15:54:20,138.00,138.00,138.00,138.00,138.00,138.00,138.00,138.00,138.00,138.00,138.00,138.00,138.00,138.00,138.00,138.00,138.00,138.00,138.00,138.00,138.00,138.00,138.00
2026-08-28 16:04:17,138.00,138.00,138.00,138.00,138.00,138.00,138.00,138.00,138.00,138.00,138.00,138.00,138.00,138.00,138.00,138.00,138.00,138.00,138.00,138.00,138.00,138.00,138.00
2026-08-28 16:14:17,138.00,138.00,138.00,138.00,138.00,138.00,138.00,138.00,138.00,138.00,138.00,138.00,138.00,138.00,138.00,138.00,138.00,138.00,138.00,138.00,138.00,138.00,138.00
2026-08-28 16:24:22,138.00,138.00,138.00,138.00,138.00,138.00,138.00,138.00,138.00,138.00,138.00,138.00,138.00,138.00,138.00,138.00,138.00,138.00,138.00,138.00,138.00,138.00,138.00
2026-08-28 16:34:19,138.00,138.00,138.00,138.00,138.00,138.00,138.00,138.00,138.00,138.00,138.00,138.00,138.00,138.00,138.00,138.00,138.00,138.00,138.00,138.00,138.00,138.00,138.00
2026-08-28 16:44:23,138.00,138.00,138.00,138.00,138.00,138.00,138.00,138.00,138.00,138.00,138.00,138.00,138.00,138.00,138.00,138.00,138.00,138.00,138.00,138.00,138.00,138.00,138.00
2026-08-28 16:54:18,138.00,138.00,138.00,138.00,138.00,138.00,138.00,138.00,138.00,138.00,138.00,138.00,138.00,138.00,138.00,138.00,138.00,138.00,138.00,138.00,138.00,138.00,138.00
2026-08-28 17:04:17,138.00,138.00,138.00,138.00,138.00,138.00,138.00,138.00,138.00,138.00,138.00,138.00,138.00,138.00,138.00,138.00,138.00,138.00,138.00,138.00,138.00,138.00,138.00
2026-08-28 17:14:17,138.00,138.00,138.00,138.00,138.00,138.00,138.00,138.00,138.00,138.00,138.00,138.00,138.00,138.00,138.00,138.00,138.00,138.00,138.00,138.00,138.00,138.00,138.00
2026-08-28 17:24:20,138.00,138.00,138.00,138.00,138.00,138.00,138.00,138.00,138.00,138.00,138.00,138.00,138.00,138.00,138.00,138.00,138.00,138.00,138.00,138.00,138.00,138.00,138.00
2026-08-28 17:34:18,138.00,138.00,138.00,138.00,138.00,138.00,138.00,138.00,138.00,138.00,138.00,138.00,138.00,138.00,138.00,138.00,138.00,138.00,138.00,138.00,138.00,138.00,138.00
2026-08-28 17:44:17,138.00,138.00,138.00,138.00,138.00,138.00,138.00,138.00,138.00,138.00,138.00,138.00,138.00,138.00,138.00,138.00,138.00,138.00,138.00,138.00,138.00,138.00,138.00
2026-08-28 17:54:17,138.00,138.00,138.00,138.00,138.00,138.00,138.00,138.00,138.00,138.00,138.00,138.00,138.00,138.00,138.00,138.00,138.00,138.00,138.00,138.00,138.00,138.00,138.00
2026-08-28 18:04:19,138.00,138.00,138.00,138.00,138.00,138.00,138.00,138.00,138.00,138.00,138.00,138.00,138.00,138.00,138.00,138.00,138.00,138.00,138.00,138.00,138.00,138.00,138.00
2026-08-28 18:14:18,138.00,138.00,138.00,138.00,138.00,138.00,138.00,138.00,138.00,138.00,138.00,138.00,138.00,138.00,138.00,138.00,138.00,138.00,138.00,138.00,138.00,138.00,138.00
2026-08-28 18:24:18,138.00,138.00,138.00,138.00,138.00,138.00,138.00,138.00,138.00,138.00,138.00,138.00,138.00,138.00,138.00,138.00,138.00,138.00,138.00,138.00,138.00,138.00,138.00
2026-08-28 18:34:18,138.00,138.00,138.00,138.00,138.00,138.00,138.00,138.00,138.00,138.00,138.00,138.00,138.00,138.00,138.00,138.00,138.00,138.00,138.00,138.00,138.00,138.00,138.00
2026-08-28 18:44:16,138.00,138.00,138.00,138.00,138.00,138.00,138.00,138.00,138.00,138.00,138.00,138.00,138.00,138.00,138.00,138.00,138.00,138.00,138.00,138.00,138.00,138.00,138.00
2026-08-28 18:54:17,138.00,138.00,138.00,138.00,138.00,138.00,138.00,138.00,138.00,138.00,138.00,138.00,138.00,138.00,138.00,138.00,138.00,138.00,138.00,138.00,138.00,138.00,138.00
2026-08-28 19:04:16,138.00,138.00,138.00,138.00,138.00,138.00,138.00,138.00,138.00,138.00,138.00,138.00,138.00,138.00,138.00,138.00,138.00,138.00,138.00,138.00,138.00,138.00,138.00
2026-08-28 19:14:16,138.00,138.00,138.00,138.00,138.00,138.00,138.00,138.00,138.00,138.00,138.00,138.00,138.00,138.00,138.00,138.00,138.00,138.00,138.00,138.00,138.00,138.00,138.00
2026-08-28 19:24:27,138.00,138.00,138.00,138.00,138.00,138.00,138.00,138.00,138.00,138.00,138.00,138.00,138.00,138.00,138.00,138.00,138.00,138.00,138.00,138.00,138.00,138.00,138.00
2026-08-28 19:34:17,138.00,138.00,138.00,138.00,138.00,138.00,138.00,138.00,138.00,138.00,138.00,138.00,138.00,138.00,138.00,138.00,138.00,138.00,138.00,138.00,138.00,138.00,138.00
2026-08-28 19:44:18,138.00,138.00,138.00,138.00,138.00,138.00,138.00,138.00,138.00,138.00,138.00,138.00,138.00,138.00,138.00,138.00,138.00,138.00,138.00,138.00,138.00,138.00,138.00
2026-08-28 19:54:19,138.00,138.00,138.00,138.00,138.00,138.00,138.00,138.00,138.00,138.00,138.00,138.00,138.00,138.00,138.00,138.00,138.00,138.00,138.00,138.00,138.00,138.00,138.00
2026-08-28 20:04:23,138.00,138.00,138.00,138.00,138.00,138.00,138.00,138.00,138.00,138.00,138.00,138.00,138.00,138.00,138.00,138.00,138.00,138.00,138.00,138.00,138.00,138.00,138.00
2026-08-28 20:14:16,138.00,138.00,138.00,138.00,138.00,138.00,138.00,138.00,138.00,138.00,138.00,138.00,138.00,138.00,138.00,138.00,138.00,138.00,138.00,138.00,138.00,138.00,138.00
2026-08-28 20:24:23,138.00,138.00,138.00,138.00,138.00,138.00,138.00,138.00,138.00,138.00,138.00,138.00,138.00,138.00,138.00,138.00,138.00,138.00,138.00,138.00,138.00,138.00,138.00
2026-08-28 20:34:18,138.00,138.00,138.00,138.00,138.00,138.00,138.00,138.00,138.00,138.00,138.00,138.00,138.00,138.00,138.00,138.00,138.00,138.00,138.00,138.00,138.00,138.00,138.00
2026-08-28 20:44:21,138.00,138.00,138.00,138.00,138.00,138.00,138.00,138.00,138.00,138.00,138.00,138.00,138.00,138.00,138.00,138.00,138.00,138.00,138.00,138.00,138.00,138.00,138.00
2026-08-28 20:54:21,138.00,138.00,138.00,138.00,138.00,138.00,138.00,138.00,138.00,138.00,138.00,138.00,138.00,138.00,138.00,138.00,138.00,138.00,138.00,138.00,138.00,138.00,138.00
2026-08-28 21:04:21,138.00,138.00,138.00,138.00,138.00,138.00,138.00,138.00,138.00,138.00,138.00,138.00,138.00,138.00,138.00,138.00,138.00,138.00,138.00,138.00,138.00,138.00,138.00
2026-08-28 21:14:20,138.00,138.00,138.00,138.00,138.00,138.00,138.00,138.00,138.00,138.00,138.00,138.00,138.00,138.00,138.00,138.00,138.00,138.00,138.00,138.00,138.00,138.00,138.00
2026-08-28 21:24:27,138.00,138.00,138.00,138.00,138.00,138.00,138.00,138.00,138.00,138.00,138.00,138.00,138.00,138.00,138.00,138.00,138.00,138.00,138.00,138.00,138.00,138.00,138.00
2026-08-28 21:34:18,138.00,138.00,138.00,138.00,138.00,138.00,138.00,138.00,138.00,138.00,138.00,138.00,138.00,138.00,138.00,138.00,138.00,138.00,138.00,138.00,138.00,138.00,138.00
2026-08-28 21:44:19,138.00,138.00,138.00,138.00,138.00,138.00,138.00,138.00,138.00,138.00,138.00,138.00,138.00,138.00,138.00,138.00,138.00,138.00,138.00,138.00,138.00,138.00,138.00
2026-08-28 21:54:15,138.00,138.00,138.00,138.00,138.00,138.00,138.00,138.00,138.00,138.00,138.00,138.00,138.00,138.00,138.00,138.00,138.00,138.00,138.00,138.00,138.00,138.00,138.00
2026-08-28 22:04:20,138.00,138.00,138.00,138.00,138.00,138.00,138.00,138.00,138.00,138.00,138.00,138.00,138.00,138.00,138.00,138.00,138.00,138.00,138.00,138.00,138.00,138.00,138.00
2026-08-28 22:14:18,138.00,138.00,138.00,138.00,138.00,138.00,138.00,138.00,138.00,138.00,138.00,138.00,138.00,138.00,138.00,138.00,138.00,138.00,138.00,138.00,138.00,138.00,138.00
2026-08-28 22:24:14,138.00,138.00,138.00,138.00,138.00,138.00,138.00,138.00,138.00,138.00,138.00,138.00,138.00,138.00,138.00,138.00,138.00,138.00,138.00,138.00,138.00,138.00,138.00
2026-08-28 22:34:15,138.00,138.00,138.00,138.00,138.00,138.00,138.00,138.00,138.00,138.00,138.00,138.00,138.00,138.00,138.00,138.00,138.00,138.00,138.00,138.00,138.00,138.00,138.00
2026-08-28 22:44:17,138.00,138.00,138.00,138.00,138.00,138.00,138.00,138.00,138.00,138.00,138.00,138.00,138.00,138.00,138.00,138.00,138.00,138.00,138.00,138.00,138.00,138.00,138.00
2026-08-28 22:54:19,138.00,138.00,138.00,138.00,138.00,138.00,138.00,138.00,138.00,138.00,138.00,138.00,138.00,138.00,138.00,138.00,138.00,138.00,138.00,138.00,138.00,138.00,138.00
2026-08-28 23:04:18,138.00,138.00,138.00,138.00,138.00,138.00,138.00,138.00,138.00,138.00,138.00,138.00,138.00,138.00,138.00,138.00,138.00,138.00,138.00,138.00,138.00,138.00,138.00
2026-08-28 23:14:18,138.00,138.00,138.00,138.00,138.00,138.00,138.00,138.00,138.00,138.00,138.00,138.00,138.00,138.00,138.00,138.00,138.00,138.00,138.00,138.00,138.00,138.00,138.00
2026-08-28 23:25:39,138.00,138.00,138.00,138.00,138.00,138.00,138.00,138.00,138.00,138.00,138.00,138.00,138.00,138.00,138.00,138.00,138.00,138.00,138.00,138.00,138.00,138.00,138.00
2026-08-28 23:34:18,138.00,138.00,138.00,138.00,138.00,138.00,138.00,138.00,138.00,138.00,138.00,138.00,138.00,138.00,138.00,138.00,138.00,138.00,138.00,138.00,138.00,138.00,138.00
2026-08-28 23:44:15,138.00,138.00,138.00,138.00,138.00,138.00,138.00,138.00,138.00,138.00,138.00,138.00,138.00,138.00,138.00,138.00,138.00,138.00,138.00,138.00,138.00,138.00,138.00
2026-08-28 23:54:17,138.00,138.00,138.00,138.00,138.00,138.00,138.00,138.00,138.00,138.00,138.00,138.00,138.00,138.00,138.00,138.00,138.00,138.00,138.00,138.00,138.00,138.00,138.00
2026-08-29 00:04:23,138.00,138.00,138.00,138.00,138.00,138.00,138.00,138.00,138.00,138.00,138.00,138.00,138.00,138.00,138.00,138.00,138.00,138.00,138.00,138.00,138.00,138.00,138.00
2026-08-29 00:14:19,138.00,138.00,138.00,138.00,138.00,138.00,138.00,138.00,138.00,138.00,138.00,138.00,138.00,138.00,138.00,138.00,138.00,138.00,138.00,138.00,138.00,138.00,138.00
2026-08-29 00:24:16,138.00,138.00,138.00,138.00,138.00,138.00,138.00,138.00,138.00,138.00,138.00,138.00,138.00,138.00,138.00,138.00,138.00,138.00,138.00,138.00,138.00,138.00,138.00
2026-08-29 00:34:16,138.00,138.00,138.00,138.00,138.00,138.00,138.00,138.00,138.00,138.00,138.00,138.00,138.00,138.00,138.00,138.00,138.00,138.00,138.00,138.00,138.00,138.00,138.00
2026-08-29 00:44:17,138.00,138.00,138.00,138.00,138.00,138.00,138.00,138.00,138.00,138.00,138.00,138.00,138.00,138.00,138.00,138.00,138.00,138.00,138.00,138.00,138.00,138.00,138.00
2026-08-29 00:54:14,138.00,138.00,138.00,138.00,138.00,138.00,138.00,138.00,138.00,138.00,138.00,138.00,138.00,138.00,138.00,138.00,138.00,138.00,138.00,138.00,138.00,138.00,138.00
2026-08-29 01:04:16,138.00,138.00,138.00,138.00,138.00,138.00,138.00,138.00,138.00,138.00,138.00,138.00,138.00,138.00,138.00,138.00,138.00,138.00,138.00,138.00,138.00,138.00,138.00
2026-08-29 01:14:29,138.00,138.00,138.00,138.00,138.00,138.00,138.00,138.00,138.00,138.00,138.00,138.00,138.00,138.00,138.00,138.00,138.00,138.00,138.00,138.00,138.00,138.00,138.00
2026-08-29 01:24:18,138.00,138.00,138.00,138.00,138.00,138.00,138.00,138.00,138.00,138.00,138.00,138.00,138.00,138.00,138.00,138.00,138.00,138.00,138.00,138.00,138.00,138.00,138.00
2026-08-29 01:34:16,138.00,138.00,138.00,138.00,138.00,138.00,138.00,138.00,138.00,138.00,138.00,138.00,138.00,138.00,138.00,138.00,138.00,138.00,138.00,138.00,138.00,138.00,138.00
2026-08-29 01:44:17,138.00,138.00,138.00,138.00,138.00,138.00,138.00,138.00,138.00,138.00,138.00,138.00,138.00,138.00,138.00,138.00,138.00,138.00,138.00,138.00,138.00,138.00,138.00
2026-08-29 01:54:20,138.00,138.00,138.00,138.00,138.00,138.00,138.00,138.00,138.00,138.00,138.00,138.00,138.00,138.00,138.00,138.00,138.00,138.00,138.00,138.00,138.00,138.00,138.00
2026-08-29 02:04:20,138.00,138.00,138.00,138.00,138.00,138.00,138.00,138.00,138.00,138.00,138.00,138.00,138.00,138.00,138.00,138.00,138.00,138.00,138.00,138.00,138.00,138.00,138.00
2026-08-29 02:14:18,138.00,138.00,138.00,138.00,138.00,138.00,138.00,138.00,138.00,138.00,138.00,138.00,138.00,138.00,138.00,138.00,138.00,138.00,138.00,138.00,138.00,138.00,138.00
2026-08-29 02:24:18,138.00,138.00,138.00,138.00,138.00,138.00,138.00,138.00,138.00,138.00,138.00,138.00,138.00,138.00,138.00,138.00,138.00,138.00,138.00,138.00,138.00,138.00,138.00
2026-08-29 02:34:16,138.00,138.00,138.00,138.00,138.00,138.00,138.00,138.00,138.00,138.00,138.00,138.00,138.00,138.00,138.00,138.00,138.00,138.00,138.00,138.00,138.00,138.00,138.00
2026-08-29 02:44:15,138.00,138.00,138.00,138.00,138.00,138.00,138.00,138.00,138.00,138.00,138.00,138.00,138.00,138.00,138.00,138.00,138.00,138.00,138.00,138.00,138.00,138.00,138.00
2026-08-29 02:54:18,138.00,138.00,138.00,138.00,138.00,138.00,138.00,138.00,138.00,138.00,138.00,138.00,138.00,138.00,138.00,138.00,138.00,138.00,138.00,138.00,138.00,138.00,138.00
2026-08-29 03:04:17,138.00,138.00,138.00,138.00,138.00,138.00,138.00,138.00,138.00,138.00,138.00,138.00,138.00,138.00,138.00,138.00,138.00,138.00,138.00,138.00,138.00,138.00,138.00
2026-08-29 03:14:18,138.00,138.00,138.00,138.00,138.00,138.00,138.00,138.00,138.00,138.00,138.00,138.00,138.00,138.00,138.00,138.00,138.00,138.00,138.00,138.00,138.00,138.00,138.00
2026-08-29 03:24:16,138.00,138.00,138.00,138.00,138.00,138.00,138.00,138.00,138.00,138.00,138.00,138.00,138.00,138.00,138.00,138.00,138.00,138.00,138.00,138.00,138.00,138.00,138.00
2026-08-29 03:34:15,138.00,138.00,138.00,138.00,138.00,138.00,138.00,138.00,138.00,138.00,138.00,138.00,138.00,138.00,138.00,138.00,138.00,138.00,138.00,138.00,138.00,138.00,138.00
2026-08-29 03:44:17,138.00,138.00,138.00,138.00,138.00,138.00,138.00,138.00,138.00,138.00,138.00,138.00,138.00,138.00,138.00,138.00,138.00,138.00,138.00,138.00,138.00,138.00,138.00
2026-08-29 03:54:17,138.00,138.00,138.00,138.00,138.00,138.00,138.00,138.00,138.00,138.00,138.00,138.00,138.00,138.00,138.00,138.00,138.00,138.00,138.00,138.00,138.00,138.00,138.00
2026-08-29 04:04:17,138.00,138.00,138.00,138.00,138.00,138.00,138.00,138.00,138.00,138.00,138.00,138.00,138.00,138.00,138.00,138.00,138.00,138.00,138.00,138.00,138.00,138.00,138.00
2026-08-29 04:14:15,138.00,138.00,138.00,138.00,138.00,138.00,138.00,138.00,138.00,138.00,138.00,138.00,138.00,138.00,138.00,138.00,138.00,138.00,138.00,138.00,138.00,138.00,138.00
2026-08-29 04:24:15,138.00,138.00,138.00,138.00,138.00,138.00,138.00,138.00,138.00,138.00,138.00,138.00,138.00,138.00,138.00,138.00,138.00,138.00,138.00,138.00,138.00,138.00,138.00
2026-08-29 04:34:28,138.00,138.00,138.00,138.00,138.00,138.00,138.00,138.00,138.00,138.00,138.00,138.00,138.00,138.00,138.00,138.00,138.00,138.00,138.00,138.00,138.00,138.00,138.00
2026-08-29 04:44:17,138.00,138.00,138.00,138.00,138.00,138.00,138.00,138.00,138.00,138.00,138.00,138.00,138.00,138.00,138.00,138.00,138.00,138.00,138.00,138.00,138.00,138.00,138.00
2026-08-29 04:54:15,138.00,138.00,138.00,138.00,138.00,138.00,138.00,138.00,138.00,138.00,138.00,138.00,138.00,138.00,138.00,138.00,138.00,138.00,138.00,138.00,138.00,138.00,138.00
2026-08-29 05:04:15,138.00,138.00,138.00,138.00,138.00,138.00,138.00,138.00,138.00,138.00,138.00,138.00,138.00,138.00,138.00,138.00,138.00,138.00,138.00,138.00,138.00,138.00,138.00
2026-08-29 05:14:20,138.00,138.00,138.00,138.00,138.00,138.00,138.00,138.00,138.00,138.00,138.00,138.00,138.00,138.00,138.00,138.00,138.00,138.00,138.00,138.00,138.00,138.00,138.00
2026-08-29 05:24:16,138.00,138.00,138.00,138.00,138.00,138.00,138.00,138.00,138.00,138.00,138.00,138.00,138.00,138.00,138.00,138.00,138.00,138.00,138.00,138.00,138.00,138.00,138.00
2026-08-29 05:34:17,138.00,138.00,138.00,138.00,138.00,138.00,138.00,138.00,138.00,138.00,138.00,138.00,138.00,138.00,138.00,138.00,138.00,138.00,138.00,138.00,138.00,138.00,138.00
2026-08-29 05:44:21,138.00,138.00,138.00,138.00,138.00,138.00,138.00,138.00,138.00,138.00,138.00,138.00,138.00,138.00,138.00,138.00,138.00,138.00,138.00,138.00,138.00,138.00,138.00
2026-08-29 05:54:18,138.00,138.00,138.00,138.00,138.00,138.00,138.00,138.00,138.00,138.00,138.00,138.00,138.00,138.00,138.00,138.00,138.00,138.00,138.00,138.00,138.00,138.00,138.00
2026-08-29 06:04:15,138.00,138.00,138.00,138.00,138.00,138.00,138.00,138.00,138.00,138.00,138.00,138.00,138.00,138.00,138.00,138.00,138.00,138.00,138.00,138.00,138.00,138.00,138.00
2026-08-29 06:14:15,138.00,138.00,138.00,138.00,138.00,138.00,138.00,138.00,138.00,138.00,138.00,138.00,138.00,138.00,138.00,138.00,138.00,138.00,138.00,138.00,138.00,138.00,138.00
2026-08-29 06:24:22,138.00,138.00,138.00,138.00,138.00,138.00,138.00,138.00,138.00,138.00,138.00,138.00,138.00,138.00,138.00,138.00,138.00,138.00,138.00,138.00,138.00,138.00,138.00
2026-08-29 06:34:16,138.00,138.00,138.00,138.00,138.00,138.00,138.00,138.00,138.00,138.00,138.00,138.00,138.00,138.00,138.00,138.00,138.00,138.00,138.00,138.00,138.00,138.00,138.00
2026-08-29 06:44:15,138.00,138.00,138.00,138.00,138.00,138.00,138.00,138.00,138.00,138.00,138.00,138.00,138.00,138.00,138.00,138.00,138.00,138.00,138.00,138.00,138.00,138.00,138.00
2026-08-29 06:54:18,138.00,138.00,138.00,138.00,138.00,138.00,138.00,138.00,138.00,138.00,138.00,138.00,138.00,138.00,138.00,138.00,138.00,138.00,138.00,138.00,138.00,138.00,138.00
2026-08-29 07:04:16,138.00,138.00,138.00,138.00,138.00,138.00,138.00,138.00,138.00,138.00,138.00,138.00,138.00,138.00,138.00,138.00,138.00,138.00,138.00,138.00,138.00,138.00,138.00
2026-08-29 07:14:23,138.00,138.00,138.00,138.00,138.00,138.00,138.00,138.00,138.00,138.00,138.00,138.00,138.00,138.00,138.00,138.00,138.00,138.00,138.00,138.00,138.00,138.00,138.00
2026-08-29 07:24:17,138.00,138.00,138.00,138.00,138.00,138.00,138.00,138.00,138.00,138.00,138.00,138.00,138.00,138.00,138.00,138.00,138.00,138.00,138.00,138.00,138.00,138.00,138.00
2026-08-29 07:34:15,138.00,138.00,138.00,138.00,138.00,138.00,138.00,138.00,138.00,138.00,138.00,138.00,138.00,138.00,138.00,138.00,138.00,138.00,138.00,138.00,138.00,138.00,138.00
2026-08-29 07:44:16,138.00,138.00,138.00,138.00,138.00,138.00,138.00,138.00,138.00,138.00,138.00,138.00,138.00,138.00,138.00,138.00,138.00,138.00,138.00,138.00,138.00,138.00,138.00
2026-08-29 07:54:17,138.00,138.00,138.00,138.00,138.00,138.00,138.00,138.00,138.00,138.00,138.00,138.00,138.00,138.00,138.00,138.00,138.00,138.00,138.00,138.00,138.00,138.00,138.00
2026-08-29 08:04:16,138.00,138.00,138.00,138.00,138.00,138.00,138.00,138.00,138.00,138.00,138.00,138.00,138.00,138.00,138.00,138.00,138.00,138.00,138.00,138.00,138.00,138.00,138.00
2026-08-29 08:14:17,138.00,138.00,138.00,138.00,138.00,138.00,138.00,138.00,138.00,138.00,138.00,138.00,138.00,138.00,138.00,138.00,138.00,138.00,138.00,138.00,138.00,138.00,138.00
2026-08-29 08:24:19,138.00,138.00,138.00,138.00,138.00,138.00,138.00,138.00,138.00,138.00,138.00,138.00,138.00,138.00,138.00,138.00,138.00,138.00,138.00,138.00,138.00,138.00,138.00
2026-08-29 08:34:17,138.00,138.00,138.00,138.00,138.00,138.00,138.00,138.00,138.00,138.00,138.00,138.00,138.00,138.00,138.00,138.00,138.00,138.00,138.00,138.00,138.00,138.00,138.00
2026-08-29 08:44:18,138.00,138.00,138.00,138.00,138.00,138.00,138.00,138.00,138.00,138.00,138.00,138.00,138.00,138.00,138.00,138.00,138.00,138.00,138.00,138.00,138.00,138.00,138.00
2026-08-29 08:54:16,138.00,138.00,138.00,138.00,138.00,138.00,138.00,138.00,138.00,138.00,138.00,138.00,138.00,138.00,138.00,138.00,138.00,138.00,138.00,138.00,138.00,138.00,138.00
2026-08-29 09:04:17,138.00,138.00,138.00,138.00,138.00,138.00,138.00,138.00,138.00,138.00,138.00,138.00,138.00,138.00,138.00,138.00,138.00,138.00,138.00,138.00,138.00,138.00,138.00
2026-08-29 09:14:14,138.00,138.00,138.00,138.00,138.00,138.00,138.00,138.00,138.00,138.00,138.00,138.00,138.00,138.00,138.00,138.00,138.00,138.00,138.00,138.00,138.00,138.00,138.00
2026-08-29 09:24:19,138.00,138.00,138.00,138.00,138.00,138.00,138.00,138.00,138.00,138.00,138.00,138.00,138.00,138.00,138.00,138.00,138.00,138.00,138.00,138.00,138.00,138.00,138.00
2026-08-29 09:34:15,138.00,138.00,138.00,138.00,138.00,138.00,138.00,138.00,138.00,138.00,138.00,138.00,138.00,138.00,138.00,138.00,138.00,138.00,138.00,138.00,138.00,138.00,138.00
2026-08-29 09:44:15,138.00,138.00,138.00,138.00,138.00,138.00,138.00,138.00,138.00,138.00,138.00,138.00,138.00,138.00,138.00,138.00,138.00,138.00,138.00,138.00,138.00,138.00,138.00
2026-08-29 09:54:17,138.00,138.00,138.00,138.00,138.00,138.00,138.00,138.00,138.00,138.00,138.00,138.00,138.00,138.00,138.00,138.00,138.00,138.00,138.00,138.00,138.00,138.00,138.00
2026-08-29 10:04:17,138.00,138.00,138.00,138.00,138.00,138.00,138.00,138.00,138.00,138.00,138.00,138.00,138.00,138.00,138.00,138.00,138.00,138.00,138.00,138.00,138.00,138.00,138.00
2026-08-29 10:14:18,138.00,138.00,138.00,138.00,138.00,138.00,138.00,138.00,138.00,138.00,138.00,138.00,138.00,138.00,138.00,138.00,138.00,138.00,138.00,138.00,138.00,138.00,138.00
2026-08-29 10:24:14,138.00,138.00,138.00,138.00,138.00,138.00,138.00,138.00,138.00,138.00,138.00,138.00,138.00,138.00,138.00,138.00,138.00,138.00,138.00,138.00,138.00,138.00,138.00
2026-08-29 10:34:18,138.00,138.00,138.00,138.00,138.00,138.00,138.00,138.00,138.00,138.00,138.00,138.00,138.00,138.00,138.00,138.00,138.00,138.00,138.00,138.00,138.00,138.00,138.00
2026-08-29 10:44:16,138.00,138.00,138.00,138.00,138.00,138.00,138.00,138.00,138.00,138.00,138.00,138.00,138.00,138.00,138.00,138.00,138.00,138.00,138.00,138.00,138.00,138.00,138.00
2026-08-29 10:54:18,138.00,138.00,138.00,138.00,138.00,138.00,138.00,138.00,138.00,138.00,138.00,138.00,138.00,138.00,138.00,138.00,138.00,138.00,138.00,138.00,138.00,138.00,138.00
2026-08-29 11:04:15,138.00,138.00,138.00,138.00,138.00,138.00,138.00,138.00,138.00,138.00,138.00,138.00,138.00,138.00,138.00,138.00,138.00,138.00,138.00,138.00,138.00,138.00,138.00
2026-08-29 11:14:18,138.00,138.00,138.00,138.00,138.00,138.00,138.00,138.00,138.00,138.00,138.00,138.00,138.00,138.00,138.00,138.00,138.00,138.00,138.00,138.00,138.00,138.00,138.00
2026-08-29 11:24:16,138.00,138.00,138.00,138.00,138.00,138.00,138.00,138.00,138.00,138.00,138.00,138.00,138.00,138.00,138.00,138.00,138.00,138.00,138.00,138.00,138.00,138.00,138.00
2026-08-29 11:34:17,138.00,138.00,138.00,138.00,138.00,138.00,138.00,138.00,138.00,138.00,138.00,138.00,138.00,138.00,138.00,138.00,138.00,138.00,138.00,138.00,138.00,138.00,138.00
2026-08-29 11:44:17,138.00,138.00,138.00,138.00,138.00,138.00,138.00,138.00,138.00,138.00,138.00,138.00,138.00,138.00,138.00,138.00,138.00,138.00,138.00,138.00,138.00,138.00,138.00
2026-08-29 11:54:17,138.00,138.00,138.00,138.00,138.00,138.00,138.00,138.00,138.00,138.00,138.00,138.00,138.00,138.00,138.00,138.00,138.00,138.00,138.00,138.00,138.00,138.00,138.00
2026-08-29 12:04:16,138.00,138.00,138.00,138.00,138.00,138.00,138.00,138.00,138.00,138.00,138.00,138.00,138.00,138.00,138.00,138.00,138.00,138.00,138.00,138.00,138.00,138.00,138.00
2026-08-29 12:14:16,138.00,138.00,138.00,138.00,138.00,138.00,138.00,138.00,138.00,138.00,138.00,138.00,138.00,138.00,138.00,138.00,138.00,138.00,138.00,138.00,138.00,138.00,138.00
2026-08-29 12:24:20,138.00,138.00,138.00,138.00,138.00,138.00,138.00,138.00,138.00,138.00,138.00,138.00,138.00,138.00,138.00,138.00,138.00,138.00,138.00,138.00,138.00,138.00,138.00
2026-08-29 12:34:20,138.00,138.00,138.00,138.00,138.00,138.00,138.00,138.00,138.00,138.00,138.00,138.00,138.00,138.00,138.00,138.00,138.00,138.00,138.00,138.00,138.00,138.00,138.00
2026-08-29 12:44:17,138.00,138.00,138.00,138.00,138.00,138.00,138.00,138.00,138.00,138.00,138.00,138.00,138.00,138.00,138.00,138.00,138.00,138.00,138.00,138.00,138.00,138.00,138.00
2026-08-29 12:54:15,138.00,138.00,138.00,138.00,138.00,138.00,138.00,138.00,138.00,138.00,138.00,138.00,138.00,138.00,138.00,138.00,138.00,138.00,138.00,138.00,138.00,138.00,138.00
2026-08-29 13:04:19,138.00,138.00,138.00,138.00,138.00,138.00,138.00,138.00,138.00,138.00,138.00,138.00,138.00,138.00,138.00,138.00,138.00,138.00,138.00,138.00,138.00,138.00,138.00
2026-08-29 13:14:19,138.00,138.00,138.00,138.00,138.00,138.00,138.00,138.00,138.00,138.00,138.00,138.00,138.00,138.00,138.00,138.00,138.00,138.00,138.00,138.00,138.00,138.00,138.00
2026-08-29 13:24:18,138.00,138.00,138.00,138.00,138.00,138.00,138.00,138.00,138.00,138.00,138.00,138.00,138.00,138.00,138.00,138.00,138.00,138.00,138.00,138.00,138.00,138.00,138.00
2026-08-29 13:34:19,138.00,138.00,138.00,138.00,138.00,138.00,138.00,138.00,138.00,138.00,138.00,138.00,138.00,138.00,138.00,138.00,138.00,138.00,138.00,138.00,138.00,138.00,138.00
2026-08-29 13:44:15,138.00,199.00,138.00,138.00,138.00,138.00,138.00,138.00,138.00,138.00,138.00,138.00,138.00,138.00,138.00,138.00,138.00,138.00,138.00,138.00,138.00,138.00,138.00
2026-08-29 13:54:15,138.00,199.00,138.00,138.00,138.00,138.00,138.00,138.00,138.00,138.00,138.00,138.00,138.00,138.00,138.00,138.00,138.00,138.00,138.00,138.00,138.00,138.00,138.00
2026-08-29 14:04:16,138.00,199.00,138.00,138.00,138.00,138.00,138.00,138.00,138.00,138.00,138.00,138.00,138.00,138.00,138.00,138.00,138.00,138.00,138.00,138.00,138.00,138.00,138.00
2026-08-29 14:14:17,138.00,199.00,138.00,138.00,138.00,138.00,138.00,138.00,138.00,138.00,138.00,138.00,138.00,138.00,138.00,138.00,138.00,138.00,138.00,138.00,138.00,138.00,138.00
2026-08-29 14:24:16,138.00,199.00,138.00,138.00,138.00,138.00,138.00,138.00,138.00,138.00,138.00,138.00,138.00,138.00,138.00,138.00,138.00,138.00,138.00,138.00,138.00,138.00,138.00
2026-08-29 14:34:18,138.00,199.00,138.00,138.00,138.00,138.00,138.00,138.00,138.00,138.00,138.00,138.00,138.00,138.00,138.00,138.00,138.00,138.00,138.00,138.00,138.00,138.00,138.00
2026-08-29 14:44:17,138.00,199.00,138.00,138.00,138.00,138.00,138.00,138.00,138.00,138.00,138.00,138.00,138.00,138.00,138.00,138.00,138.00,138.00,138.00,138.00,138.00,138.00,138.00
2026-08-29 14:54:20,138.00,199.00,138.00,138.00,138.00,138.00,138.00,138.00,138.00,138.00,138.00,138.00,138.00,138.00,138.00,138.00,138.00,138.00,138.00,138.00,138.00,138.00,138.00
2026-08-29 15:04:19,138.00,199.00,138.00,138.00,138.00,138.00,138.00,138.00,138.00,138.00,138.00,138.00,138.00,138.00,138.00,138.00,138.00,138.00,138.00,138.00,138.00,138.00,138.00
2026-08-29 15:14:18,138.00,199.00,138.00,138.00,138.00,138.00,138.00,138.00,138.00,138.00,138.00,138.00,138.00,138.00,138.00,138.00,138.00,138.00,138.00,138.00,138.00,138.00,138.00
2026-08-29 15:24:19,138.00,199.00,138.00,138.00,138.00,138.00,138.00,138.00,138.00,138.00,138.00,138.00,138.00,138.00,138.00,138.00,138.00,138.00,138.00,138.00,138.00,138.00,138.00
2026-08-29 15:34:16,138.00,199.00,138.00,138.00,138.00,138.00,138.00,138.00,138.00,138.00,138.00,138.00,138.00,138.00,138.00,138.00,138.00,138.00,138.00,138.00,138.00,138.00,138.00
2026-08-29 15:44:18,138.00,199.00,138.00,138.00,138.00,138.00,138.00,138.00,138.00,138.00,138.00,138.00,138.00,138.00,138.00,138.00,138.00,138.00,138.00,138.00,138.00,138.00,138.00
2026-08-29 15:54:16,138.00,199.00,138.00,138.00,138.00,138.00,138.00,138.00,138.00,138.00,138.00,138.00,138.00,138.00,138.00,138.00,138.00,138.00,138.00,138.00,138.00,138.00,138.00
2026-08-29 16:04:17,138.00,199.00,138.00,138.00,138.00,138.00,138.00,138.00,138.00,138.00,138.00,138.00,138.00,138.00,138.00,138.00,138.00,138.00,138.00,138.00,138.00,138.00,138.00
2026-08-29 16:14:18,138.00,199.00,138.00,138.00,138.00,138.00,138.00,138.00,138.00,138.00,138.00,138.00,138.00,138.00,138.00,138.00,138.00,138.00,138.00,138.00,138.00,138.00,138.00
2026-08-29 16:24:19,138.00,199.00,138.00,138.00,138.00,138.00,138.00,138.00,138.00,138.00,138.00,138.00,138.00,138.00,138.00,138.00,138.00,138.00,138.00,138.00,138.00,138.00,138.00
2026-08-29 16:34:17,138.00,199.00,138.00,138.00,138.00,138.00,138.00,138.00,138.00,138.00,138.00,138.00,138.00,138.00,138.00,138.00,138.00,138.00,138.00,138.00,138.00,138.00,138.00
2026-08-29 16:44:22,138.00,199.00,138.00,138.00,138.00,138.00,138.00,138.00,138.00,138.00,138.00,138.00,138.00,138.00,138.00,138.00,138.00,138.00,138.00,138.00,138.00,138.00,138.00
2026-08-29 16:54:20,138.00,199.00,138.00,138.00,138.00,138.00,138.00,138.00,138.00,138.00,138.00,138.00,138.00,138.00,138.00,138.00,138.00,138.00,138.00,138.00,138.00,138.00,138.00
2026-08-29 17:04:21,138.00,199.00,138.00,138.00,138.00,138.00,138.00,138.00,138.00,138.00,138.00,138.00,138.00,138.00,138.00,138.00,138.00,138.00,138.00,138.00,138.00,138.00,138.00
2026-08-29 17:14:44,,199.00,,138.00,,138.00,,138.00,,138.00,,138.00,138.00,138.00,138.00,138.00,,,138.00,138.00,,,
2026-08-29 17:24:18,138.00,199.00,138.00,138.00,138.00,138.00,138.00,138.00,138.00,138.00,138.00,138.00,138.00,138.00,138.00,138.00,138.00,138.00,138.00,138.00,138.00,138.00,138.00
2026-08-29 17:34:16,138.00,199.00,138.00,138.00,138.00,138.00,138.00,138.00,138.00,138.00,138.00,138.00,138.00,138.00,138.00,138.00,138.00,138.00,138.00,138.00,138.00,138.00,138.00
2026-08-29 17:44:21,138.00,199.00,138.00,138.00,138.00,138.00,138.00,138.00,138.00,138.00,138.00,138.00,138.00,138.00,138.00,138.00,138.00,138.00,138.00,138.00,138.00,138.00,138.00
2026-08-29 17:54:18,138.00,199.00,138.00,138.00,138.00,138.00,138.00,138.00,138.00,138.00,138.00,138.00,138.00,138.00,138.00,138.00,138.00,138.00,138.00,138.00,138.00,138.00,138.00
2026-08-29 18:04:20,138.00,199.00,138.00,138.00,138.00,138.00,138.00,138.00,138.00,138.00,138.00,138.00,138.00,138.00,138.00,138.00,138.00,138.00,138.00,138.00,138.00,138.00,138.00
2026-08-29 18:14:22,138.00,199.00,138.00,138.00,138.00,138.00,138.00,138.00,138.00,138.00,138.00,138.00,138.00,138.00,138.00,138.00,138.00,138.00,138.00,138.00,138.00,138.00,138.00
2026-08-29 18:24:16,138.00,199.00,138.00,138.00,138.00,138.00,138.00,138.00,138.00,138.00,138.00,138.00,138.00,138.00,138.00,138.00,138.00,138.00,138.00,138.00,138.00,138.00,138.00
2026-08-29 18:34:18,138.00,199.00,138.00,138.00,138.00,138.00,138.00,138.00,138.00,138.00,138.00,138.00,138.00,138.00,138.00,138.00,138.00,138.00,138.00,138.00,138.00,138.00,138.00
2026-08-29 18:44:16,138.00,,138.00,,138.00,,138.00,,138.00,,138.00,,138.00,,,,138.00,138.00,,,138.00,138.00,138.00
2026-08-29 18:54:17,138.00,199.00,138.00,138.00,138.00,138.00,138.00,138.00,138.00,138.00,138.00,138.00,138.00,138.00,138.00,138.00,138.00,138.00,138.00,138.00,138.00,138.00,138.00
2026-08-29 19:04:19,138.00,199.00,138.00,138.00,138.00,138.00,138.00,138.00,138.00,138.00,138.00,138.00,138.00,138.00,138.00,138.00,138.00,138.00,138.00,138.00,138.00,138.00,138.00
2026-08-29 19:14:16,138.00,199.00,138.00,138.00,138.00,138.00,138.00,138.00,138.00,138.00,138.00,138.00,138.00,138.00,138.00,138.00,138.00,138.00,138.00,138.00,138.00,138.00,138.00
2026-08-29 19:24:16,138.00,199.00,138.00,138.00,138.00,138.00,138.00,138.00,138.00,138.00,138.00,138.00,138.00,138.00,138.00,138.00,138.00,138.00,138.00,138.00,138.00,138.00,138.00
2026-08-29 19:34:23,138.00,199.00,138.00,138.00,138.00,138.00,138.00,138.00,138.00,138.00,138.00,138.00,138.00,138.00,138.00,138.00,138.00,138.00,138.00,138.00,138.00,138.00,138.00
2026-08-29 19:44:16,138.00,199.00,138.00,138.00,138.00,138.00,138.00,138.00,138.00,138.00,138.00,138.00,138.00,138.00,138.00,138.00,138.00,138.00,138.00,138.00,138.00,138.00,138.00
2026-08-29 19:54:17,138.00,199.00,138.00,138.00,138.00,138.00,138.00,138.00,138.00,138.00,138.00,138.00,138.00,138.00,138.00,138.00,138.00,138.00,138.00,138.00,138.00,138.00,138.00
2026-08-29 20:04:20,138.00,199.00,138.00,138.00,138.00,138.00,138.00,138.00,138.00,138.00,138.00,138.00,138.00,138.00,138.00,138.00,138.00,138.00,138.00,138.00,138.00,138.00,138.00
2026-08-29 20:14:16,138.00,199.00,138.00,138.00,138.00,138.00,138.00,138.00,138.00,138.00,138.00,138.00,138.00,138.00,138.00,138.00,138.00,138.00,138.00,138.00,138.00,138.00,138.00
2026-08-29 20:24:19,138.00,199.00,138.00,138.00,138.00,138.00,138.00,138.00,138.00,138.00,138.00,138.00,138.00,138.00,138.00,138.00,138.00,138.00,138.00,138.00,138.00,138.00,138.00
2026-08-29 20:34:16,138.00,199.00,138.00,138.00,138.00,138.00,138.00,138.00,138.00,138.00,138.00,138.00,138.00,138.00,138.00,138.00,138.00,138.00,138.00,138.00,138.00,138.00,138.00
2026-08-29 20:44:24,138.00,199.00,138.00,138.00,138.00,138.00,138.00,138.00,138.00,138.00,138.00,138.00,138.00,138.00,138.00,138.00,138.00,138.00,138.00,138.00,138.00,138.00,138.00
2026-08-29 20:54:17,138.00,199.00,138.00,138.00,138.00,138.00,138.00,138.00,138.00,138.00,138.00,138.00,138.00,138.00,138.00,138.00,138.00,138.00,138.00,138.00,138.00,138.00,138.00
2026-08-29 21:04:21,138.00,199.00,138.00,138.00,138.00,138.00,138.00,138.00,138.00,138.00,138.00,138.00,138.00,138.00,138.00,138.00,138.00,138.00,138.00,138.00,138.00,138.00,138.00
2026-08-29 21:14:17,138.00,199.00,138.00,138.00,138.00,138.00,138.00,138.00,138.00,138.00,138.00,138.00,138.00,138.00,138.00,138.00,138.00,138.00,138.00,138.00,138.00,138.00,138.00
2026-08-29 21:24:19,138.00,199.00,138.00,138.00,138.00,138.00,138.00,138.00,138.00,138.00,138.00,138.00,138.00,138.00,138.00,138.00,138.00,138.00,138.00,138.00,138.00,138.00,138.00
2026-08-29 21:34:17,138.00,199.00,138.00,138.00,138.00,138.00,138.00,138.00,138.00,138.00,138.00,138.00,138.00,138.00,138.00,138.00,138.00,138.00,138.00,138.00,138.00,138.00,138.00
2026-08-29 21:44:18,138.00,199.00,138.00,138.00,138.00,138.00,138.00,138.00,138.00,138.00,138.00,138.00,138.00,138.00,138.00,138.00,138.00,138.00,138.00,138.00,138.00,138.00,138.00
2026-08-29 21:54:18,138.00,199.00,138.00,138.00,138.00,138.00,138.00,138.00,138.00,138.00,138.00,138.00,138.00,138.00,138.00,138.00,138.00,138.00,138.00,138.00,138.00,138.00,138.00
2026-08-29 22:04:17,138.00,199.00,138.00,138.00,138.00,138.00,138.00,138.00,138.00,138.00,138.00,138.00,138.00,138.00,138.00,138.00,138.00,138.00,138.00,138.00,138.00,138.00,138.00
2026-08-29 22:14:17,138.00,199.00,138.00,138.00,138.00,138.00,138.00,138.00,138.00,138.00,138.00,138.00,138.00,138.00,138.00,138.00,138.00,138.00,138.00,138.00,138.00,138.00,138.00
2026-08-29 22:24:16,138.00,199.00,138.00,138.00,138.00,138.00,138.00,138.00,138.00,138.00,138.00,138.00,138.00,138.00,138.00,138.00,138.00,138.00,138.00,138.00,138.00,138.00,138.00
2026-08-29 22:34:18,138.00,199.00,138.00,138.00,138.00,138.00,138.00,138.00,138.00,138.00,138.00,138.00,138.00,138.00,138.00,138.00,138.00,138.00,138.00,138.00,138.00,138.00,138.00
2026-08-29 22:44:19,138.00,199.00,138.00,138.00,138.00,138.00,138.00,138.00,138.00,138.00,138.00,138.00,138.00,138.00,138.00,138.00,138.00,138.00,138.00,138.00,138.00,138.00,138.00
2026-08-29 22:54:17,138.00,199.00,138.00,138.00,138.00,138.00,138.00,138.00,138.00,138.00,138.00,138.00,138.00,138.00,138.00,138.00,138.00,138.00,138.00,138.00,138.00,138.00,138.00
2026-08-29 23:04:20,138.00,199.00,138.00,138.00,138.00,138.00,138.00,138.00,138.00,138.00,138.00,138.00,138.00,138.00,138.00,138.00,138.00,138.00,138.00,138.00,138.00,138.00,138.00
2026-08-29 23:14:15,138.00,199.00,138.00,138.00,138.00,138.00,138.00,138.00,138.00,138.00,138.00,138.00,138.00,138.00,138.00,138.00,138.00,138.00,138.00,138.00,138.00,138.00,138.00
2026-08-29 23:24:16,138.00,199.00,138.00,138.00,138.00,138.00,138.00,138.00,138.00,138.00,138.00,138.00,138.00,138.00,138.00,138.00,138.00,138.00,138.00,138.00,138.00,138.00,138.00
2026-08-29 23:34:16,138.00,199.00,138.00,138.00,138.00,138.00,138.00,138.00,138.00,138.00,138.00,138.00,138.00,138.00,138.00,138.00,138.00,138.00,138.00,138.00,138.00,138.00,138.00
2026-08-29 23:44:23,138.00,199.00,138.00,138.00,138.00,138.00,138.00,138.00,138.00,138.00,138.00,138.00,138.00,138.00,138.00,138.00,138.00,138.00,138.00,138.00,138.00,138.00,138.00
2026-08-29 23:54:15,138.00,199.00,138.00,138.00,138.00,138.00,138.00,138.00,138.00,138.00,138.00,138.00,138.00,138.00,138.00,138.00,138.00,138.00,138.00,138.00,138.00,138.00,138.00
2026-08-30 00:04:20,138.00,199.00,138.00,138.00,138.00,138.00,138.00,138.00,138.00,138.00,138.00,138.00,138.00,138.00,138.00,138.00,138.00,138.00,138.00,138.00,138.00,138.00,138.00
2026-08-30 00:14:17,138.00,199.00,138.00,138.00,138.00,138.00,138.00,138.00,138.00,138.00,138.00,138.00,138.00,138.00,138.00,138.00,138.00,138.00,138.00,138.00,138.00,138.00,138.00
2026-08-30 00:24:19,138.00,199.00,138.00,138.00,138.00,138.00,138.00,138.00,138.00,138.00,138.00,138.00,138.00,138.00,138.00,138.00,138.00,138.00,138.00,138.00,138.00,138.00,138.00
2026-08-30 00:34:19,138.00,199.00,138.00,138.00,138.00,138.00,138.00,138.00,138.00,138.00,138.00,138.00,138.00,138.00,138.00,138.00,138.00,138.00,138.00,138.00,138.00,138.00,138.00
2026-08-30 00:44:16,138.00,199.00,138.00,138.00,138.00,138.00,138.00,138.00,138.00,138.00,138.00,138.00,138.00,138.00,138.00,138.00,138.00,138.00,138.00,138.00,138.00,138.00,138.00
2026-08-30 00:54:19,138.00,199.00,138.00,138.00,138.00,138.00,138.00,138.00,138.00,138.00,138.00,138.00,138.00,138.00,138.00,138.00,138.00,138.00,138.00,138.00,138.00,138.00,138.00
2026-08-30 01:04:16,138.00,199.00,138.00,138.00,138.00,138.00,138.00,138.00,138.00,138.00,138.00,138.00,138.00,138.00,138.00,138.00,138.00,138.00,138.00,138.00,138.00,138.00,138.00
2026-08-30 01:14:17,138.00,199.00,138.00,138.00,138.00,138.00,138.00,138.00,138.00,138.00,138.00,138.00,138.00,138.00,138.00,138.00,138.00,138.00,138.00,138.00,138.00,138.00,138.00
2026-08-30 01:24:17,138.00,199.00,138.00,138.00,138.00,138.00,138.00,138.00,138.00,138.00,138.00,138.00,138.00,138.00,138.00,138.00,138.00,138.00,138.00,138.00,138.00,138.00,138.00
2026-08-30 01:34:16,138.00,199.00,138.00,138.00,138.00,138.00,138.00,138.00,138.00,138.00,138.00,138.00,138.00,138.00,138.00,138.00,138.00,138.00,138.00,138.00,138.00,138.00,138.00
2026-08-30 01:44:17,138.00,199.00,138.00,138.00,138.00,138.00,138.00,138.00,138.00,138.00,138.00,138.00,138.00,138.00,138.00,138.00,138.00,138.00,138.00,138.00,138.00,138.00,138.00
2026-08-30 01:54:18,138.00,199.00,138.00,138.00,138.00,138.00,138.00,138.00,138.00,138.00,138.00,138.00,138.00,138.00,138.00,138.00,138.00,138.00,138.00,138.00,138.00,138.00,138.00
2026-08-30 02:04:18,138.00,199.00,138.00,138.00,138.00,138.00,138.00,138.00,138.00,138.00,138.00,138.00,138.00,138.00,138.00,138.00,138.00,138.00,138.00,138.00,138.00,138.00,138.00
2026-08-30 02:14:20,138.00,199.00,138.00,138.00,138.00,138.00,138.00,138.00,138.00,138.00,138.00,138.00,138.00,138.00,138.00,138.00,138.00,138.00,138.00,138.00,138.00,138.00,138.00
2026-08-30 02:24:16,138.00,199.00,138.00,138.00,138.00,138.00,138.00,138.00,138.00,138.00,138.00,138.00,138.00,138.00,138.00,138.00,138.00,138.00,138.00,138.00,138.00,138.00,138.00
2026-08-30 02:34:16,138.00,199.00,138.00,138.00,138.00,138.00,138.00,138.00,138.00,138.00,138.00,138.00,138.00,138.00,138.00,138.00,138.00,138.00,138.00,138.00,138.00,138.00,138.00
2026-08-30 02:44:18,138.00,199.00,138.00,138.00,138.00,138.00,138.00,138.00,138.00,138.00,138.00,138.00,138.00,138.00,138.00,138.00,138.00,138.00,138.00,138.00,138.00,138.00,138.00
2026-08-30 02:54:18,138.00,199.00,138.00,138.00,138.00,138.00,138.00,138.00,138.00,138.00,138.00,138.00,138.00,138.00,138.00,138.00,138.00,138.00,138.00,138.00,138.00,138.00,138.00
2026-08-30 03:04:17,138.00,199.00,138.00,138.00,138.00,138.00,138.00,138.00,138.00,138.00,138.00,138.00,138.00,138.00,138.00,138.00,138.00,138.00,138.00,138.00,138.00,138.00,138.00
2026-08-30 03:14:21,138.00,199.00,138.00,138.00,138.00,138.00,138.00,138.00,138.00,138.00,138.00,138.00,138.00,138.00,138.00,138.00,138.00,138.00,138.00,138.00,138.00,138.00,138.00
2026-08-30 03:24:18,138.00,199.00,138.00,138.00,138.00,138.00,138.00,138.00,138.00,138.00,138.00,138.00,138.00,138.00,138.00,138.00,138.00,138.00,138.00,138.00,138.00,138.00,138.00
2026-08-30 03:34:18,138.00,199.00,138.00,138.00,138.00,138.00,138.00,138.00,138.00,138.00,138.00,138.00,138.00,138.00,138.00,138.00,138.00,138.00,138.00,138.00,138.00,138.00,138.00
2026-08-30 03:44:18,138.00,199.00,138.00,138.00,138.00,138.00,138.00,138.00,138.00,138.00,138.00,138.00,138.00,138.00,138.00,138.00,138.00,138.00,138.00,138.00,138.00,138.00,138.00
2026-08-30 03:54:18,138.00,199.00,138.00,138.00,138.00,138.00,138.00,138.00,138.00,138.00,138.00,138.00,138.00,138.00,138.00,138.00,138.00,138.00,138.00,138.00,138.00,138.00,138.00
2026-08-30 04:04:16,138.00,199.00,138.00,138.00,138.00,138.00,138.00,138.00,138.00,138.00,138.00,138.00,138.00,138.00,138.00,138.00,138.00,138.00,138.00,138.00,138.00,138.00,138.00
2026-08-30 04:14:16,138.00,199.00,138.00,138.00,138.00,138.00,138.00,138.00,138.00,138.00,138.00,138.00,138.00,138.00,138.00,138.00,138.00,138.00,138.00,138.00,138.00,138.00,138.00
2026-08-30 04:24:19,138.00,199.00,138.00,138.00,138.00,138.00,138.00,138.00,138.00,138.00,138.00,138.00,138.00,138.00,138.00,138.00,138.00,138.00,138.00,138.00,138.00,138.00,138.00
2026-08-30 04:34:19,138.00,199.00,138.00,138.00,138.00,138.00,138.00,138.00,138.00,138.00,138.00,138.00,138.00,138.00,138.00,138.00,138.00,138.00,138.00,138.00,138.00,138.00,138.00
2026-08-30 04:44:22,138.00,199.00,138.00,138.00,138.00,138.00,138.00,138.00,138.00,138.00,138.00,138.00,138.00,138.00,138.00,138.00,138.00,138.00,138.00,138.00,138.00,138.00,138.00
2026-08-30 04:54:19,138.00,199.00,138.00,138.00,138.00,138.00,138.00,138.00,138.00,138.00,138.00,138.00,138.00,138.00,138.00,138.00,138.00,138.00,138.00,138.00,138.00,138.00,138.00
2026-08-30 05:04:17,138.00,199.00,138.00,138.00,138.00,138.00,138.00,138.00,138.00,138.00,138.00,138.00,138.00,138.00,138.00,138.00,138.00,138.00,138.00,138.00,138.00,138.00,138.00
2026-08-30 05:14:17,138.00,199.00,138.00,138.00,138.00,138.00,138.00,138.00,138.00,138.00,138.00,138.00,138.00,138.00,138.00,138.00,138.00,138.00,138.00,138.00,138.00,138.00,138.00
2026-08-30 05:24:16,138.00,199.00,138.00,138.00,138.00,138.00,138.00,138.00,138.00,138.00,138.00,138.00,138.00,138.00,138.00,138.00,138.00,138.00,138.00,138.00,138.00,138.00,138.00
2026-08-30 05:34:27,138.00,199.00,138.00,138.00,138.00,138.00,138.00,138.00,138.00,138.00,138.00,138.00,138.00,138.00,138.00,138.00,138.00,138.00,138.00,138.00,138.00,138.00,138.00
2026-08-30 05:44:15,138.00,199.00,138.00,138.00,138.00,138.00,138.00,138.00,138.00,138.00,138.00,138.00,138.00,138.00,138.00,138.00,138.00,138.00,138.00,138.00,138.00,138.00,138.00
2026-08-30 05:54:17,138.00,199.00,138.00,138.00,138.00,138.00,138.00,138.00,138.00,138.00,138.00,138.00,138.00,138.00,138.00,138.00,138.00,138.00,138.00,138.00,138.00,138.00,138.00
2026-08-30 06:04:18,138.00,199.00,138.00,138.00,138.00,138.00,138.00,138.00,138.00,138.00,138.00,138.00,138.00,138.00,138.00,138.00,138.00,138.00,138.00,138.00,138.00,138.00,138.00
2026-08-30 06:14:17,138.00,199.00,138.00,138.00,138.00,138.00,138.00,138.00,138.00,138.00,138.00,138.00,138.00,138.00,138.00,138.00,138.00,138.00,138.00,138.00,138.00,138.00,138.00
2026-08-30 06:24:18,138.00,199.00,138.00,138.00,138.00,138.00,138.00,138.00,138.00,138.00,138.00,138.00,138.00,138.00,138.00,138.00,138.00,138.00,138.00,138.00,138.00,138.00,138.00
2026-08-30 06:34:16,138.00,199.00,138.00,138.00,138.00,138.00,138.00,138.00,138.00,138.00,138.00,138.00,138.00,138.00,138.00,138.00,138.00,138.00,138.00,138.00,138.00,138.00,138.00
2026-08-30 06:44:18,138.00,199.00,138.00,138.00,138.00,138.00,138.00,138.00,138.00,138.00,138.00,138.00,138.00,138.00,138.00,138.00,138.00,138.00,138.00,138.00,138.00,138.00,138.00
2026-08-30 06:54:19,138.00,199.00,138.00,138.00,138.00,138.00,138.00,138.00,138.00,138.00,138.00,138.00,138.00,138.00,138.00,138.00,138.00,138.00,138.00,138.00,138.00,138.00,138.00
2026-08-30 07:04:16,138.00,199.00,138.00,138.00,138.00,138.00,138.00,138.00,138.00,138.00,138.00,138.00,138.00,138.00,138.00,138.00,138.00,138.00,138.00,138.00,138.00,138.00,138.00
2026-08-30 07:14:17,138.00,199.00,138.00,138.00,138.00,138.00,138.00,138.00,138.00,138.00,138.00,138.00,138.00,138.00,138.00,138.00,138.00,138.00,138.00,138.00,138.00,138.00,138.00
2026-08-30 07:24:19,138.00,199.00,138.00,138.00,138.00,138.00,138.00,138.00,138.00,138.00,138.00,138.00,138.00,138.00,138.00,138.00,138.00,138.00,138.00,138.00,138.00,138.00,138.00
2026-08-30 07:34:17,138.00,199.00,138.00,138.00,138.00,138.00,138.00,138.00,138.00,138.00,138.00,138.00,138.00,138.00,138.00,138.00,138.00,138.00,138.00,138.00,138.00,138.00,138.00
2026-08-30 07:44:20,138.00,199.00,138.00,138.00,138.00,138.00,138.00,138.00,138.00,138.00,138.00,138.00,138.00,138.00,138.00,138.00,138.00,138.00,138.00,138.00,138.00,138.00,138.00
2026-08-30 07:54:16,138.00,199.00,138.00,138.00,138.00,138.00,138.00,138.00,138.00,138.00,138.00,138.00,138.00,138.00,138.00,138.00,138.00,138.00,138.00,138.00,138.00,138.00,138.00
2026-08-30 08:04:16,138.00,199.00,138.00,138.00,138.00,138.00,138.00,138.00,138.00,138.00,138.00,138.00,138.00,138.00,138.00,138.00,138.00,138.00,138.00,138.00,138.00,138.00,138.00
2026-08-30 08:14:16,138.00,199.00,138.00,138.00,138.00,138.00,138.00,138.00,138.00,138.00,138.00,138.00,138.00,138.00,138.00,138.00,138.00,138.00,138.00,138.00,138.00,138.00,138.00
2026-08-30 08:24:18,138.00,199.00,138.00,138.00,138.00,138.00,138.00,138.00,138.00,138.00,138.00,138.00,138.00,138.00,138.00,138.00,138.00,138.00,138.00,138.00,138.00,138.00,138.00
2026-08-30 08:34:19,138.00,199.00,138.00,138.00,138.00,138.00,138.00,138.00,138.00,138.00,138.00,138.00,138.00,138.00,138.00,138.00,138.00,138.00,138.00,138.00,138.00,138.00,138.00
2026-08-30 08:44:15,138.00,199.00,138.00,138.00,138.00,138.00,138.00,138.00,138.00,138.00,138.00,138.00,138.00,138.00,138.00,138.00,138.00,138.00,138.00,138.00,138.00,138.00,138.00
2026-08-30 08:54:19,138.00,199.00,138.00,138.00,138.00,138.00,138.00,138.00,138.00,138.00,138.00,138.00,138.00,138.00,138.00,138.00,138.00,138.00,138.00,138.00,138.00,138.00,138.00
2026-08-30 09:04:15,138.00,199.00,138.00,138.00,138.00,138.00,138.00,138.00,138.00,138.00,138.00,138.00,138.00,138.00,138.00,138.00,138.00,138.00,138.00,138.00,138.00,138.00,138.00
2026-08-30 09:14:17,138.00,199.00,138.00,138.00,138.00,138.00,138.00,138.00,138.00,138.00,138.00,138.00,138.00,138.00,138.00,138.00,138.00,138.00,138.00,138.00,138.00,138.00,138.00
2026-08-30 09:24:16,138.00,199.00,138.00,138.00,138.00,138.00,138.00,138.00,138.00,138.00,138.00,138.00,138.00,138.00,138.00,138.00,138.00,138.00,138.00,138.00,138.00,138.00,138.00
2026-08-30 09:34:15,138.00,199.00,138.00,138.00,138.00,138.00,138.00,138.00,138.00,138.00,138.00,138.00,138.00,138.00,138.00,138.00,138.00,138.00,138.00,138.00,138.00,138.00,138.00
2026-08-30 09:44:17,138.00,199.00,138.00,138.00,138.00,138.00,138.00,138.00,138.00,138.00,138.00,138.00,138.00,138.00,138.00,138.00,138.00,138.00,138.00,138.00,138.00,138.00,138.00
2026-08-30 09:54:18,138.00,199.00,138.00,138.00,138.00,138.00,138.00,138.00,138.00,138.00,138.00,138.00,138.00,138.00,138.00,138.00,138.00,138.00,138.00,138.00,138.00,138.00,138.00
2026-08-30 10:04:19,138.00,199.00,138.00,138.00,138.00,138.00,138.00,138.00,138.00,138.00,138.00,138.00,138.00,138.00,138.00,138.00,138.00,138.00,138.00,138.00,138.00,138.00,138.00
2026-08-30 10:14:18,138.00,199.00,138.00,138.00,138.00,138.00,138.00,138.00,138.00,138.00,138.00,138.00,138.00,138.00,138.00,138.00,138.00,138.00,138.00,138.00,138.00,138.00,138.00
2026-08-30 10:24:22,138.00,199.00,138.00,138.00,138.00,138.00,138.00,138.00,138.00,138.00,138.00,138.00,138.00,138.00,138.00,138.00,138.00,138.00,138.00,138.00,138.00,138.00,138.00
2026-08-30 10:34:19,138.00,199.00,138.00,138.00,138.00,138.00,138.00,138.00,138.00,138.00,138.00,138.00,138.00,138.00,138.00,138.00,138.00,138.00,138.00,138.00,138.00,138.00,138.00
2026-08-30 10:44:17,138.00,199.00,138.00,138.00,138.00,138.00,138.00,138.00,138.00,138.00,138.00,138.00,138.00,138.00,138.00,138.00,138.00,138.00,138.00,138.00,138.00,138.00,138.00
2026-08-30 10:54:16,138.00,199.00,138.00,138.00,138.00,138.00,138.00,138.00,138.00,138.00,138.00,138.00,138.00,138.00,138.00,138.00,138.00,138.00,138.00,138.00,138.00,138.00,138.00
2026-08-30 11:04:16,138.00,199.00,138.00,138.00,138.00,138.00,138.00,138.00,138.00,138.00,138.00,138.00,138.00,138.00,138.00,138.00,138.00,138.00,138.00,138.00,138.00,138.00,138.00
2026-08-30 11:14:16,138.00,199.00,138.00,138.00,138.00,138.00,138.00,138.00,138.00,138.00,138.00,138.00,138.00,138.00,138.00,138.00,138.00,138.00,138.00,138.00,138.00,138.00,138.00
2026-08-30 11:24:21,138.00,199.00,138.00,138.00,138.00,138.00,138.00,138.00,138.00,138.00,138.00,138.00,138.00,138.00,138.00,138.00,138.00,138.00,138.00,138.00,138.00,138.00,138.00
2026-08-30 11:34:16,138.00,199.00,138.00,138.00,138.00,138.00,138.00,138.00,138.00,138.00,138.00,138.00,138.00,138.00,138.00,138.00,138.00,138.00,138.00,138.00,138.00,138.00,138.00
2026-08-30 11:44:20,138.00,199.00,138.00,138.00,138.00,138.00,138.00,138.00,138.00,138.00,138.00,138.00,138.00,138.00,138.00,138.00,138.00,138.00,138.00,138.00,138.00,138.00,138.00
2026-08-30 11:54:18,138.00,199.00,138.00,138.00,138.00,138.00,138.00,138.00,138.00,138.00,138.00,138.00,138.00,138.00,138.00,138.00,138.00,138.00,138.00,138.00,138.00,138.00,138.00
2026-08-30 12:04:21,138.00,199.00,138.00,138.00,138.00,138.00,138.00,138.00,138.00,138.00,138.00,138.00,138.00,138.00,138.00,138.00,138.00,138.00,138.00,138.00,138.00,138.00,138.00
2026-08-30 12:14:17,138.00,199.00,138.00,138.00,138.00,138.00,138.00,138.00,138.00,138.00,138.00,138.00,138.00,138.00,138.00,138.00,138.00,138.00,138.00,138.00,138.00,138.00,138.00
2026-08-30 12:24:19,138.00,199.00,138.00,138.00,138.00,138.00,138.00,138.00,138.00,138.00,138.00,138.00,138.00,138.00,138.00,138.00,138.00,138.00,138.00,138.00,138.00,138.00,138.00
2026-08-30 12:34:18,138.00,199.00,138.00,138.00,138.00,138.00,138.00,138.00,138.00,138.00,138.00,138.00,138.00,138.00,138.00,138.00,138.00,138.00,138.00,138.00,138.00,138.00,138.00
2026-08-30 12:44:17,138.00,199.00,138.00,138.00,138.00,138.00,138.00,138.00,138.00,138.00,138.00,138.00,138.00,138.00,138.00,138.00,138.00,138.00,138.00,138.00,138.00,138.00,138.00
2026-08-30 12:54:19,138.00,199.00,138.00,138.00,138.00,138.00,138.00,138.00,138.00,138.00,138.00,138.00,138.00,138.00,138.00,138.00,138.00,138.00,138.00,138.00,138.00,138.00,138.00
2026-08-30 13:04:23,138.00,199.00,138.00,138.00,138.00,138.00,138.00,138.00,138.00,138.00,138.00,138.00,138.00,138.00,138.00,138.00,138.00,138.00,138.00,138.00,138.00,138.00,138.00
2026-08-30 13:14:19,138.00,199.00,138.00,138.00,138.00,138.00,138.00,138.00,138.00,138.00,138.00,138.00,138.00,138.00,138.00,138.00,138.00,138.00,138.00,138.00,138.00,138.00,138.00
2026-08-30 13:24:19,138.00,199.00,138.00,138.00,138.00,138.00,138.00,138.00,138.00,138.00,138.00,138.00,138.00,138.00,138.00,138.00,138.00,138.00,138.00,138.00,138.00,138.00,138.00
2026-08-30 13:34:17,138.00,199.00,138.00,138.00,138.00,138.00,138.00,138.00,138.00,138.00,138.00,138.00,138.00,138.00,138.00,138.00,138.00,138.00,138.00,138.00,138.00,138.00,138.00
2026-08-30 13:44:18,138.00,199.00,138.00,138.00,138.00,138.00,138.00,138.00,138.00,138.00,138.00,138.00,138.00,138.00,138.00,138.00,138.00,138.00,138.00,138.00,138.00,138.00,138.00
2026-08-30 13:54:17,138.00,199.00,138.00,138.00,138.00,138.00,138.00,138.00,138.00,138.00,138.00,138.00,138.00,138.00,138.00,138.00,138.00,138.00,138.00,138.00,138.00,138.00,138.00
2026-08-30 14:04:19,138.00,199.00,138.00,138.00,138.00,138.00,138.00,138.00,138.00,138.00,138.00,138.00,138.00,138.00,138.00,138.00,138.00,138.00,138.00,138.00,138.00,138.00,138.00
2026-08-30 14:14:34,,199.00,,138.00,,138.00,,138.00,,138.00,,138.00,138.00,138.00,138.00,138.00,,,138.00,138.00,,,
2026-08-30 14:24:22,138.00,199.00,138.00,138.00,138.00,138.00,138.00,138.00,138.00,138.00,138.00,138.00,138.00,138.00,138.00,138.00,138.00,138.00,138.00,138.00,138.00,138.00,138.00
2026-08-30 14:34:19,138.00,199.00,138.00,138.00,138.00,138.00,138.00,138.00,138.00,138.00,138.00,138.00,138.00,138.00,138.00,138.00,138.00,138.00,138.00,138.00,138.00,138.00,138.00
2026-08-30 14:44:17,138.00,199.00,138.00,138.00,138.00,138.00,138.00,138.00,138.00,138.00,138.00,138.00,138.00,138.00,138.00,138.00,138.00,138.00,138.00,138.00,138.00,138.00,138.00
2026-08-30 14:54:16,138.00,199.00,138.00,138.00,138.00,138.00,138.00,138.00,138.00,138.00,138.00,138.00,138.00,138.00,138.00,138.00,138.00,138.00,138.00,138.00,138.00,138.00,138.00
2026-08-30 15:04:18,138.00,199.00,138.00,138.00,138.00,138.00,138.00,138.00,138.00,138.00,138.00,138.00,138.00,138.00,138.00,138.00,138.00,138.00,138.00,138.00,138.00,138.00,138.00
2026-08-30 15:14:16,138.00,199.00,138.00,138.00,138.00,138.00,138.00,138.00,138.00,138.00,138.00,138.00,138.00,138.00,138.00,138.00,138.00,138.00,138.00,138.00,138.00,138.00,138.00
2026-08-30 15:24:20,138.00,199.00,138.00,138.00,138.00,138.00,138.00,138.00,138.00,138.00,138.00,138.00,138.00,138.00,138.00,138.00,138.00,138.00,138.00,138.00,138.00,138.00,138.00
2026-08-30 15:34:21,138.00,199.00,138.00,138.00,138.00,138.00,138.00,138.00,138.00,138.00,138.00,138.00,138.00,138.00,138.00,138.00,138.00,138.00,138.00,138.00,138.00,138.00,138.00
2026-08-30 15:44:19,138.00,199.00,138.00,138.00,138.00,138.00,138.00,138.00,138.00,138.00,138.00,138.00,138.00,138.00,138.00,138.00,138.00,138.00,138.00,138.00,138.00,138.00,138.00
2026-08-30 15:54:21,138.00,199.00,138.00,138.00,138.00,138.00,138.00,138.00,138.00,138.00,138.00,138.00,138.00,138.00,138.00,138.00,138.00,138.00,138.00,138.00,138.00,138.00,138.00
2026-08-30 16:04:21,138.00,199.00,138.00,138.00,138.00,138.00,138.00,138.00,138.00,138.00,138.00,138.00,138.00,138.00,138.00,138.00,138.00,138.00,138.00,138.00,138.00,138.00,138.00
2026-08-30 16:14:20,138.00,199.00,138.00,138.00,138.00,138.00,138.00,138.00,138.00,138.00,138.00,138.00,138.00,138.00,138.00,138.00,138.00,138.00,138.00,138.00,138.00,138.00,138.00
2026-08-30 16:24:20,138.00,199.00,138.00,138.00,138.00,138.00,138.00,138.00,138.00,138.00,138.00,138.00,138.00,138.00,138.00,138.00,138.00,138.00,138.00,138.00,138.00,138.00,138.00
2026-08-30 16:34:18,138.00,199.00,138.00,138.00,138.00,138.00,138.00,138.00,138.00,138.00,138.00,138.00,138.00,138.00,138.00,138.00,138.00,138.00,138.00,138.00,138.00,138.00,138.00
2026-08-30 16:44:18,138.00,199.00,138.00,138.00,138.00,138.00,138.00,138.00,138.00,138.00,138.00,138.00,138.00,138.00,138.00,138.00,138.00,138.00,138.00,138.00,138.00,138.00,138.00
2026-08-30 16:54:19,138.00,199.00,138.00,138.00,138.00,138.00,138.00,138.00,138.00,138.00,138.00,138.00,138.00,138.00,138.00,138.00,138.00,138.00,138.00,138.00,138.00,138.00,138.00
2026-08-30 17:04:20,138.00,199.00,138.00,138.00,138.00,138.00,138.00,138.00,138.00,138.00,138.00,138.00,138.00,138.00,138.00,138.00,138.00,138.00,138.00,138.00,138.00,138.00,138.00
2026-08-30 17:14:24,138.00,199.00,138.00,138.00,138.00,138.00,138.00,138.00,138.00,138.00,138.00,138.00,138.00,138.00,138.00,138.00,138.00,138.00,138.00,138.00,138.00,138.00,138.00
2026-08-30 17:24:19,138.00,199.00,138.00,138.00,138.00,138.00,138.00,138.00,138.00,138.00,138.00,138.00,138.00,138.00,138.00,138.00,138.00,138.00,138.00,138.00,138.00,138.00,138.00
2026-08-30 17:34:18,138.00,199.00,138.00,138.00,138.00,138.00,138.00,138.00,138.00,138.00,138.00,138.00,138.00,138.00,138.00,138.00,138.00,138.00,138.00,138.00,138.00,138.00,138.00
2026-08-30 17:44:21,138.00,199.00,138.00,138.00,138.00,138.00,138.00,138.00,138.00,138.00,138.00,138.00,138.00,138.00,138.00,138.00,138.00,138.00,138.00,138.00,138.00,138.00,138.00
2026-08-30 17:54:21,138.00,199.00,138.00,138.00,138.00,138.00,138.00,138.00,138.00,138.00,138.00,138.00,138.00,138.00,138.00,138.00,138.00,138.00,138.00,138.00,138.00,138.00,138.00
2026-08-30 18:04:20,138.00,199.00,138.00,138.00,138.00,138.00,138.00,138.00,138.00,138.00,138.00,138.00,138.00,138.00,138.00,138.00,138.00,138.00,138.00,138.00,138.00,138.00,138.00
2026-08-30 18:14:18,138.00,199.00,138.00,138.00,138.00,138.00,138.00,138.00,138.00,138.00,138.00,138.00,138.00,138.00,138.00,138.00,138.00,138.00,138.00,138.00,138.00,138.00,138.00
2026-08-30 18:24:20,138.00,199.00,138.00,138.00,138.00,138.00,138.00,138.00,138.00,138.00,138.00,138.00,138.00,138.00,138.00,138.00,138.00,138.00,138.00,138.00,138.00,138.00,138.00
2026-08-30 18:34:20,138.00,199.00,138.00,138.00,138.00,138.00,138.00,138.00,138.00,138.00,138.00,138.00,138.00,138.00,138.00,138.00,138.00,138.00,138.00,138.00,138.00,138.00,138.00
2026-08-30 18:44:15,138.00,199.00,138.00,138.00,138.00,138.00,138.00,138.00,138.00,138.00,138.00,138.00,138.00,138.00,138.00,138.00,138.00,138.00,138.00,138.00,138.00,138.00,138.00
2026-08-30 18:54:19,138.00,199.00,138.00,138.00,138.00,138.00,138.00,138.00,138.00,138.00,138.00,138.00,138.00,138.00,138.00,138.00,138.00,138.00,138.00,138.00,138.00,138.00,138.00
2026-08-30 19:04:18,138.00,199.00,138.00,138.00,138.00,138.00,138.00,138.00,138.00,138.00,138.00,138.00,138.00,138.00,138.00,138.00,138.00,138.00,138.00,138.00,138.00,138.00,138.00
2026-08-30 19:14:21,138.00,138.00,138.00,138.00,138.00,138.00,138.00,138.00,138.00,138.00,138.00,138.00,138.00,138.00,138.00,138.00,138.00,138.00,138.00,138.00,138.00,138.00,138.00
2026-08-30 19:24:18,138.00,138.00,138.00,138.00,138.00,138.00,138.00,138.00,138.00,138.00,138.00,138.00,138.00,138.00,138.00,138.00,138.00,138.00,138.00,138.00,138.00,138.00,138.00
2026-08-30 19:34:21,138.00,138.00,138.00,138.00,138.00,138.00,138.00,138.00,138.00,138.00,138.00,138.00,138.00,138.00,138.00,138.00,138.00,138.00,138.00,138.00,138.00,138.00,138.00
2026-08-30 19:44:19,138.00,138.00,138.00,138.00,138.00,138.00,138.00,138.00,138.00,138.00,138.00,138.00,138.00,138.00,138.00,138.00,138.00,138.00,138.00,138.00,138.00,138.00,138.00
2026-08-30 19:54:19,138.00,138.00,138.00,138.00,138.00,138.00,138.00,138.00,138.00,138.00,138.00,138.00,138.00,138.00,138.00,138.00,138.00,138.00,138.00,138.00,138.00,138.00,138.00
2026-08-30 20:04:21,138.00,138.00,138.00,138.00,138.00,138.00,138.00,138.00,138.00,138.00,138.00,138.00,138.00,138.00,138.00,138.00,138.00,138.00,138.00,138.00,138.00,138.00,138.00
2026-08-30 20:14:18,138.00,138.00,138.00,138.00,138.00,138.00,138.00,138.00,138.00,138.00,138.00,138.00,138.00,138.00,138.00,138.00,138.00,138.00,138.00,138.00,138.00,138.00,138.00
2026-08-30 20:24:34,,138.00,,138.00,,138.00,,138.00,,138.00,,138.00,138.00,138.00,138.00,138.00,,,138.00,138.00,,,
2026-08-30 20:34:17,138.00,138.00,138.00,138.00,138.00,138.00,138.00,138.00,138.00,138.00,138.00,138.00,138.00,138.00,138.00,138.00,138.00,138.00,138.00,138.00,138.00,138.00,138.00
2026-08-30 20:44:16,138.00,138.00,138.00,138.00,138.00,138.00,138.00,138.00,138.00,138.00,138.00,138.00,138.00,138.00,138.00,138.00,138.00,138.00,138.00,138.00,138.00,138.00,138.00
2026-08-30 20:54:27,138.00,138.00,138.00,138.00,138.00,138.00,138.00,138.00,138.00,138.00,138.00,138.00,138.00,138.00,138.00,138.00,138.00,138.00,138.00,138.00,138.00,138.00,138.00
2026-08-30 21:04:20,138.00,138.00,138.00,138.00,138.00,138.00,138.00,138.00,138.00,138.00,138.00,138.00,138.00,138.00,138.00,138.00,138.00,138.00,138.00,138.00,138.00,138.00,138.00
2026-08-30 21:14:18,138.00,138.00,138.00,138.00,138.00,138.00,138.00,138.00,138.00,138.00,138.00,138.00,138.00,138.00,138.00,138.00,138.00,138.00,138.00,138.00,138.00,138.00,138.00
2026-08-30 21:24:21,138.00,138.00,138.00,138.00,138.00,138.00,138.00,138.00,138.00,138.00,138.00,138.00,138.00,138.00,138.00,138.00,138.00,138.00,138.00,138.00,138.00,138.00,138.00
2026-08-30 21:34:21,138.00,138.00,138.00,138.00,138.00,138.00,138.00,138.00,138.00,138.00,138.00,138.00,138.00,138.00,138.00,138.00,138.00,138.00,138.00,138.00,138.00,138.00,138.00
2026-08-30 21:44:20,138.00,138.00,138.00,138.00,138.00,138.00,138.00,138.00,138.00,138.00,138.00,138.00,138.00,138.00,138.00,138.00,138.00,138.00,138.00,138.00,138.00,138.00,138.00
2026-08-30 21:54:19,138.00,138.00,138.00,138.00,138.00,138.00,138.00,138.00,138.00,138.00,138.00,138.00,138.00,138.00,138.00,138.00,138.00,138.00,138.00,138.00,138.00,138.00,138.00
2026-08-30 22:04:19,138.00,138.00,138.00,138.00,138.00,138.00,138.00,138.00,138.00,138.00,138.00,138.00,138.00,138.00,138.00,138.00,138.00,138.00,138.00,138.00,138.00,138.00,138.00
2026-08-30 22:14:21,138.00,138.00,138.00,138.00,138.00,138.00,138.00,138.00,138.00,138.00,138.00,138.00,138.00,138.00,138.00,138.00,138.00,138.00,138.00,138.00,138.00,138.00,138.00
2026-08-30 22:24:18,138.00,138.00,138.00,138.00,138.00,138.00,138.00,138.00,138.00,138.00,138.00,138.00,138.00,138.00,138.00,138.00,138.00,138.00,138.00,138.00,138.00,138.00,138.00
2026-08-30 22:34:18,138.00,138.00,138.00,138.00,138.00,138.00,138.00,138.00,138.00,138.00,138.00,138.00,138.00,138.00,138.00,138.00,138.00,138.00,138.00,138.00,138.00,138.00,138.00
2026-08-30 22:44:17,138.00,138.00,138.00,138.00,138.00,138.00,138.00,138.00,138.00,138.00,138.00,138.00,138.00,138.00,138.00,138.00,138.00,138.00,138.00,138.00,138.00,138.00,138.00
2026-08-30 22:54:22,138.00,138.00,138.00,138.00,138.00,138.00,138.00,138.00,138.00,138.00,138.00,138.00,138.00,138.00,138.00,138.00,138.00,138.00,138.00,138.00,138.00,138.00,138.00
2026-08-30 23:04:18,138.00,138.00,138.00,138.00,138.00,138.00,138.00,138.00,138.00,138.00,138.00,138.00,138.00,138.00,138.00,138.00,138.00,138.00,138.00,138.00,138.00,138.00,138.00
2026-08-30 23:14:17,138.00,138.00,138.00,138.00,138.00,138.00,138.00,138.00,138.00,138.00,138.00,138.00,138.00,138.00,138.00,138.00,138.00,138.00,138.00,138.00,138.00,138.00,138.00
2026-08-30 23:24:17,138.00,138.00,138.00,138.00,138.00,138.00,138.00,138.00,138.00,138.00,138.00,138.00,138.00,138.00,138.00,138.00,138.00,138.00,138.00,138.00,138.00,138.00,138.00
2026-08-30 23:34:18,138.00,138.00,138.00,138.00,138.00,138.00,138.00,138.00,138.00,138.00,138.00,138.00,138.00,138.00,138.00,138.00,138.00,138.00,138.00,138.00,138.00,138.00,138.00
2026-08-30 23:44:16,138.00,138.00,138.00,138.00,138.00,138.00,138.00,138.00,138.00,138.00,138.00,138.00,138.00,138.00,138.00,138.00,138.00,138.00,138.00,138.00,138.00,138.00,138.00
2026-08-30 23:54:16,138.00,138.00,138.00,138.00,138.00,138.00,138.00,138.00,138.00,138.00,138.00,138.00,138.00,138.00,138.00,138.00,138.00,138.00,138.00,138.00,138.00,138.00,138.00
2026-08-31 00:04:20,138.00,138.00,138.00,138.00,138.00,138.00,138.00,138.00,138.00,138.00,138.00,138.00,138.00,138.00,138.00,138.00,138.00,138.00,138.00,138.00,138.00,138.00,138.00
2026-08-31 00:14:20,138.00,138.00,138.00,138.00,138.00,138.00,138.00,138.00,138.00,138.00,138.00,138.00,138.00,138.00,138.00,138.00,138.00,138.00,138.00,138.00,138.00,138.00,138.00
2026-08-31 00:24:19,138.00,138.00,138.00,138.00,138.00,138.00,138.00,138.00,138.00,138.00,138.00,138.00,138.00,138.00,138.00,138.00,138.00,138.00,138.00,138.00,138.00,138.00,138.00
2026-08-31 00:34:20,138.00,138.00,138.00,138.00,138.00,138.00,138.00,138.00,138.00,138.00,138.00,138.00,138.00,138.00,138.00,138.00,138.00,138.00,138.00,138.00,138.00,138.00,138.00
2026-08-31 00:44:17,138.00,138.00,138.00,138.00,138.00,138.00,138.00,138.00,138.00,138.00,138.00,138.00,138.00,138.00,138.00,138.00,138.00,138.00,138.00,138.00,138.00,138.00,138.00
2026-08-31 00:54:20,138.00,138.00,138.00,138.00,138.00,138.00,138.00,138.00,138.00,138.00,138.00,138.00,138.00,138.00,138.00,138.00,138.00,138.00,138.00,138.00,138.00,138.00,138.00
2026-08-31 01:04:16,138.00,138.00,138.00,138.00,138.00,138.00,138.00,138.00,138.00,138.00,138.00,138.00,138.00,138.00,138.00,138.00,138.00,138.00,138.00,138.00,138.00,138.00,138.00
2026-08-31 01:14:18,138.00,138.00,138.00,138.00,138.00,138.00,138.00,138.00,138.00,138.00,138.00,138.00,138.00,138.00,138.00,138.00,138.00,138.00,138.00,138.00,138.00,138.00,138.00
2026-08-31 01:24:17,138.00,138.00,138.00,138.00,138.00,138.00,138.00,138.00,138.00,138.00,138.00,138.00,138.00,138.00,138.00,138.00,138.00,138.00,138.00,138.00,138.00,138.00,138.00
2026-08-31 01:34:21,138.00,138.00,138.00,138.00,138.00,138.00,138.00,138.00,138.00,138.00,138.00,138.00,138.00,138.00,138.00,138.00,138.00,138.00,138.00,138.00,138.00,138.00,138.00
2026-08-31 01:44:19,138.00,138.00,138.00,138.00,138.00,138.00,138.00,138.00,138.00,138.00,138.00,138.00,138.00,138.00,138.00,138.00,138.00,138.00,138.00,138.00,138.00,138.00,138.00
2026-08-31 01:54:20,138.00,138.00,138.00,138.00,138.00,138.00,138.00,138.00,138.00,138.00,138.00,138.00,138.00,138.00,138.00,138.00,138.00,138.00,138.00,138.00,138.00,138.00,138.00
2026-08-31 02:04:17,138.00,138.00,138.00,138.00,138.00,138.00,138.00,138.00,138.00,138.00,138.00,138.00,138.00,138.00,138.00,138.00,138.00,138.00,138.00,138.00,138.00,138.00,138.00
2026-08-31 02:14:17,138.00,138.00,138.00,138.00,138.00,138.00,138.00,138.00,138.00,138.00,138.00,138.00,138.00,138.00,138.00,138.00,138.00,138.00,138.00,138.00,138.00,138.00,138.00
2026-08-31 02:24:18,138.00,138.00,138.00,138.00,138.00,138.00,138.00,138.00,138.00,138.00,138.00,138.00,138.00,138.00,138.00,138.00,138.00,138.00,138.00,138.00,138.00,138.00,138.00
2026-08-31 02:34:17,138.00,138.00,138.00,138.00,138.00,138.00,138.00,138.00,138.00,138.00,138.00,138.00,138.00,138.00,138.00,138.00,138.00,138.00,138.00,138.00,138.00,138.00,138.00
2026-08-31 02:44:19,138.00,138.00,138.00,138.00,138.00,138.00,138.00,138.00,138.00,138.00,138.00,138.00,138.00,138.00,138.00,138.00,138.00,138.00,138.00,138.00,138.00,138.00,138.00
2026-08-31 02:54:18,138.00,138.00,138.00,138.00,138.00,138.00,138.00,138.00,138.00,138.00,138.00,138.00,138.00,138.00,138.00,138.00,138.00,138.00,138.00,138.00,138.00,138.00,138.00
2026-08-31 03:04:17,138.00,138.00,138.00,138.00,138.00,138.00,138.00,138.00,138.00,138.00,138.00,138.00,138.00,138.00,138.00,138.00,138.00,138.00,138.00,138.00,138.00,138.00,138.00
2026-08-31 03:14:24,138.00,138.00,138.00,138.00,138.00,138.00,138.00,138.00,138.00,138.00,138.00,138.00,138.00,138.00,138.00,138.00,138.00,138.00,138.00,138.00,138.00,138.00,138.00
2026-08-31 03:24:16,138.00,138.00,138.00,138.00,138.00,138.00,138.00,138.00,138.00,138.00,138.00,138.00,138.00,138.00,138.00,138.00,138.00,138.00,138.00,138.00,138.00,138.00,138.00
2026-08-31 03:34:16,138.00,138.00,138.00,138.00,138.00,138.00,138.00,138.00,138.00,138.00,138.00,138.00,138.00,138.00,138.00,138.00,138.00,138.00,138.00,138.00,138.00,138.00,138.00
2026-08-31 03:44:17,138.00,138.00,138.00,138.00,138.00,138.00,138.00,138.00,138.00,138.00,138.00,138.00,138.00,138.00,138.00,138.00,138.00,138.00,138.00,138.00,138.00,138.00,138.00
2026-08-31 03:54:21,138.00,138.00,138.00,138.00,138.00,138.00,138.00,138.00,138.00,138.00,138.00,138.00,138.00,138.00,138.00,138.00,138.00,138.00,138.00,138.00,138.00,138.00,138.00
2026-08-31 04:04:20,138.00,138.00,138.00,138.00,138.00,138.00,138.00,138.00,138.00,138.00,138.00,138.00,138.00,138.00,138.00,138.00,138.00,138.00,138.00,138.00,138.00,138.00,138.00
2026-08-31 04:14:18,138.00,138.00,138.00,138.00,138.00,138.00,138.00,138.00,138.00,138.00,138.00,138.00,138.00,138.00,138.00,138.00,138.00,138.00,138.00,138.00,138.00,138.00,138.00
2026-08-31 04:24:16,138.00,138.00,138.00,138.00,138.00,138.00,138.00,138.00,138.00,138.00,138.00,138.00,138.00,138.00,138.00,138.00,138.00,138.00,138.00,138.00,138.00,138.00,138.00
2026-08-31 04:34:16,138.00,138.00,138.00,138.00,138.00,138.00,138.00,138.00,138.00,138.00,138.00,138.00,138.00,138.00,138.00,138.00,138.00,138.00,138.00,138.00,138.00,138.00,138.00
2026-08-31 04:44:19,138.00,138.00,138.00,138.00,138.00,138.00,138.00,138.00,138.00,138.00,138.00,138.00,138.00,138.00,138.00,138.00,138.00,138.00,138.00,138.00,138.00,138.00,138.00
2026-08-31 04:54:22,138.00,138.00,138.00,138.00,138.00,138.00,138.00,138.00,138.00,138.00,138.00,138.00,138.00,138.00,138.00,138.00,138.00,138.00,138.00,138.00,138.00,138.00,138.00
2026-08-31 05:04:20,138.00,138.00,138.00,138.00,138.00,138.00,138.00,138.00,138.00,138.00,138.00,138.00,138.00,138.00,138.00,138.00,138.00,138.00,138.00,138.00,138.00,138.00,138.00
2026-08-31 05:14:35,,138.00,,138.00,,138.00,,138.00,,138.00,,138.00,138.00,138.00,138.00,138.00,,,138.00,138.00,,,
2026-08-31 05:24:21,138.00,138.00,138.00,138.00,138.00,138.00,138.00,138.00,138.00,138.00,138.00,138.00,138.00,138.00,138.00,138.00,138.00,138.00,138.00,138.00,138.00,138.00,138.00
2026-08-31 05:34:20,138.00,138.00,138.00,138.00,138.00,138.00,138.00,138.00,138.00,138.00,138.00,138.00,138.00,138.00,138.00,138.00,138.00,138.00,138.00,138.00,138.00,138.00,138.00
2026-08-31 05:44:19,138.00,138.00,138.00,138.00,138.00,138.00,138.00,138.00,138.00,138.00,138.00,138.00,138.00,138.00,138.00,138.00,138.00,138.00,138.00,138.00,138.00,138.00,138.00
2026-08-31 05:54:17,138.00,138.00,138.00,138.00,138.00,138.00,138.00,138.00,138.00,138.00,138.00,138.00,138.00,138.00,138.00,138.00,138.00,138.00,138.00,138.00,138.00,138.00,138.00
2026-08-31 06:04:17,138.00,138.00,138.00,138.00,138.00,138.00,138.00,138.00,138.00,138.00,138.00,138.00,138.00,138.00,138.00,138.00,138.00,138.00,138.00,138.00,138.00,138.00,138.00
2026-08-31 06:14:19,138.00,138.00,138.00,138.00,138.00,138.00,138.00,138.00,138.00,138.00,138.00,138.00,138.00,138.00,138.00,138.00,138.00,138.00,138.00,138.00,138.00,138.00,138.00
2026-08-31 06:24:17,138.00,138.00,138.00,138.00,138.00,138.00,138.00,138.00,138.00,138.00,138.00,138.00,138.00,138.00,138.00,138.00,138.00,138.00,138.00,138.00,138.00,138.00,138.00
2026-08-31 06:34:16,138.00,138.00,138.00,138.00,138.00,138.00,138.00,138.00,138.00,138.00,138.00,138.00,138.00,138.00,138.00,138.00,138.00,138.00,138.00,138.00,138.00,138.00,138.00
2026-08-31 06:44:18,138.00,138.00,138.00,138.00,138.00,138.00,138.00,138.00,138.00,138.00,138.00,138.00,138.00,138.00,138.00,138.00,138.00,138.00,138.00,138.00,138.00,138.00,138.00
2026-08-31 06:54:19,138.00,138.00,138.00,138.00,138.00,138.00,138.00,138.00,138.00,138.00,138.00,138.00,138.00,138.00,138.00,138.00,138.00,138.00,138.00,138.00,138.00,138.00,138.00
2026-08-31 07:04:20,138.00,138.00,138.00,138.00,138.00,138.00,138.00,138.00,138.00,138.00,138.00,138.00,138.00,138.00,138.00,138.00,138.00,138.00,138.00,138.00,138.00,138.00,138.00
2026-08-31 07:14:17,138.00,138.00,138.00,138.00,138.00,138.00,138.00,138.00,138.00,138.00,138.00,138.00,138.00,138.00,138.00,138.00,138.00,138.00,138.00,138.00,138.00,138.00,138.00
2026-08-31 07:24:21,138.00,138.00,138.00,138.00,138.00,138.00,138.00,138.00,138.00,138.00,138.00,138.00,138.00,138.00,138.00,138.00,138.00,138.00,138.00,138.00,138.00,138.00,138.00
2026-08-31 07:34:17,138.00,138.00,138.00,138.00,138.00,138.00,138.00,138.00,138.00,138.00,138.00,138.00,138.00,138.00,138.00,138.00,138.00,138.00,138.00,138.00,138.00,138.00,138.00
2026-08-31 07:44:21,138.00,138.00,138.00,138.00,138.00,138.00,138.00,138.00,138.00,138.00,138.00,138.00,138.00,138.00,138.00,138.00,138.00,138.00,138.00,138.00,138.00,138.00,138.00
2026-08-31 07:54:18,138.00,138.00,138.00,138.00,138.00,138.00,138.00,138.00,138.00,138.00,138.00,138.00,138.00,138.00,138.00,138.00,138.00,138.00,138.00,138.00,138.00,138.00,138.00
2026-08-31 08:04:17,138.00,138.00,138.00,138.00,138.00,138.00,138.00,138.00,138.00,138.00,138.00,138.00,138.00,138.00,138.00,138.00,138.00,138.00,138.00,138.00,138.00,138.00,138.00
2026-08-31 08:14:20,138.00,138.00,138.00,138.00,138.00,138.00,138.00,138.00,138.00,138.00,138.00,138.00,138.00,138.00,138.00,138.00,138.00,138.00,138.00,138.00,138.00,138.00,138.00
2026-08-31 08:24:16,138.00,138.00,138.00,138.00,138.00,138.00,138.00,138.00,138.00,138.00,138.00,138.00,138.00,138.00,138.00,138.00,138.00,138.00,138.00,138.00,138.00,138.00,138.00
2026-08-31 08:34:17,138.00,138.00,138.00,138.00,138.00,138.00,138.00,138.00,138.00,138.00,138.00,138.00,138.00,138.00,138.00,138.00,138.00,138.00,138.00,138.00,138.00,138.00,138.00
2026-08-31 08:44:16,138.00,138.00,138.00,138.00,138.00,138.00,138.00,138.00,138.00,138.00,138.00,138.00,138.00,138.00,138.00,138.00,138.00,138.00,138.00,138.00,138.00,138.00,138.00
2026-08-31 08:54:20,138.00,138.00,138.00,138.00,138.00,138.00,138.00,138.00,138.00,138.00,138.00,138.00,138.00,138.00,138.00,138.00,138.00,138.00,138.00,138.00,138.00,138.00,138.00
2026-08-31 09:04:18,138.00,138.00,138.00,138.00,138.00,138.00,138.00,138.00,138.00,138.00,138.00,138.00,138.00,138.00,138.00,138.00,138.00,138.00,138.00,138.00,138.00,138.00,138.00
2026-08-31 09:14:20,138.00,138.00,138.00,138.00,138.00,138.00,138.00,138.00,138.00,138.00,138.00,138.00,138.00,138.00,138.00,138.00,138.00,138.00,138.00,138.00,138.00,138.00,138.00
2026-08-31 09:24:18,138.00,138.00,138.00,138.00,138.00,138.00,138.00,138.00,138.00,138.00,138.00,138.00,138.00,138.00,138.00,138.00,138.00,138.00,138.00,138.00,138.00,138.00,138.00
2026-08-31 09:34:19,138.00,138.00,138.00,138.00,138.00,138.00,138.00,138.00,138.00,138.00,138.00,138.00,138.00,138.00,138.00,138.00,138.00,138.00,138.00,138.00,138.00,138.00,138.00
2026-08-31 09:44:17,138.00,138.00,138.00,138.00,138.00,138.00,138.00,138.00,138.00,138.00,138.00,138.00,138.00,138.00,138.00,138.00,138.00,138.00,138.00,138.00,138.00,138.00,138.00
2026-08-31 09:54:25,138.00,138.00,138.00,138.00,138.00,138.00,138.00,138.00,138.00,138.00,138.00,138.00,138.00,138.00,138.00,138.00,138.00,138.00,138.00,138.00,138.00,138.00,138.00
2026-08-31 10:04:20,138.00,138.00,138.00,138.00,138.00,138.00,138.00,138.00,138.00,138.00,138.00,138.00,138.00,138.00,138.00,138.00,138.00,138.00,138.00,138.00,138.00,138.00,138.00
2026-08-31 10:14:19,138.00,138.00,138.00,138.00,138.00,138.00,138.00,138.00,138.00,138.00,138.00,138.00,138.00,138.00,138.00,138.00,138.00,138.00,138.00,138.00,138.00,138.00,138.00
2026-08-31 10:24:39,138.00,138.00,138.00,138.00,138.00,138.00,138.00,138.00,138.00,138.00,138.00,138.00,138.00,138.00,138.00,138.00,138.00,138.00,138.00,138.00,138.00,138.00,138.00
2026-08-31 10:34:19,138.00,138.00,138.00,138.00,138.00,138.00,138.00,138.00,138.00,138.00,138.00,138.00,138.00,138.00,138.00,138.00,138.00,138.00,138.00,138.00,138.00,138.00,138.00
2026-08-31 10:44:17,138.00,138.00,138.00,138.00,138.00,138.00,138.00,138.00,138.00,138.00,138.00,138.00,138.00,138.00,138.00,138.00,138.00,138.00,138.00,138.00,138.00,138.00,138.00
2026-08-31 10:54:18,138.00,138.00,138.00,138.00,138.00,138.00,138.00,138.00,138.00,138.00,138.00,138.00,138.00,138.00,138.00,138.00,138.00,138.00,138.00,138.00,138.00,138.00,138.00
2026-08-31 11:04:21,138.00,138.00,138.00,138.00,138.00,138.00,138.00,138.00,138.00,138.00,138.00,138.00,138.00,138.00,138.00,138.00,138.00,138.00,138.00,138.00,138.00,138.00,138.00
2026-08-31 11:14:19,138.00,138.00,138.00,138.00,138.00,138.00,138.00,138.00,138.00,138.00,138.00,138.00,138.00,138.00,138.00,138.00,138.00,138.00,138.00,138.00,138.00,138.00,138.00
2026-08-31 11:24:20,138.00,138.00,138.00,138.00,138.00,138.00,138.00,138.00,138.00,138.00,138.00,138.00,138.00,138.00,138.00,138.00,138.00,138.00,138.00,138.00,138.00,138.00,138.00
2026-08-31 11:34:22,138.00,138.00,138.00,138.00,138.00,138.00,138.00,138.00,138.00,138.00,138.00,138.00,138.00,138.00,138.00,138.00,138.00,138.00,138.00,138.00,138.00,138.00,138.00
2026-08-31 11:45:04,138.00,138.00,138.00,138.00,138.00,138.00,138.00,138.00,138.00,138.00,138.00,138.00,138.00,138.00,138.00,138.00,138.00,138.00,138.00,138.00,138.00,138.00,138.00
2026-08-31 11:54:18,138.00,138.00,138.00,138.00,138.00,138.00,138.00,138.00,138.00,138.00,138.00,138.00,138.00,138.00,138.00,138.00,138.00,138.00,138.00,138.00,138.00,138.00,138.00
2026-08-31 12:04:17,138.00,138.00,138.00,138.00,138.00,138.00,138.00,138.00,138.00,138.00,138.00,138.00,138.00,138.00,138.00,138.00,138.00,138.00,138.00,138.00,138.00,138.00,138.00
2026-08-31 12:14:20,138.00,138.00,138.00,138.00,138.00,138.00,138.00,138.00,138.00,138.00,138.00,138.00,138.00,138.00,138.00,138.00,138.00,138.00,138.00,138.00,138.00,138.00,138.00
2026-08-31 12:24:18,138.00,138.00,138.00,138.00,138.00,138.00,138.00,138.00,138.00,138.00,138.00,138.00,138.00,138.00,138.00,138.00,138.00,138.00,138.00,138.00,138.00,138.00,138.00
2026-08-31 12:34:19,138.00,138.00,138.00,138.00,138.00,138.00,138.00,138.00,138.00,138.00,138.00,138.00,138.00,138.00,138.00,138.00,138.00,138.00,138.00,138.00,138.00,138.00,138.00
2026-08-31 12:44:18,138.00,138.00,138.00,138.00,138.00,138.00,138.00,138.00,138.00,138.00,138.00,138.00,138.00,138.00,138.00,138.00,138.00,138.00,138.00,138.00,138.00,138.00,138.00
2026-08-31 12:54:18,138.00,138.00,138.00,138.00,138.00,138.00,138.00,138.00,138.00,138.00,138.00,138.00,138.00,138.00,138.00,138.00,138.00,138.00,138.00,138.00,138.00,138.00,138.00
2026-08-31 13:04:18,138.00,138.00,138.00,138.00,138.00,138.00,138.00,138.00,138.00,138.00,138.00,138.00,138.00,138.00,138.00,138.00,138.00,138.00,138.00,138.00,138.00,138.00,138.00
2026-08-31 13:14:19,138.00,138.00,138.00,138.00,138.00,138.00,138.00,138.00,138.00,138.00,138.00,138.00,138.00,138.00,138.00,138.00,138.00,138.00,138.00,138.00,138.00,138.00,138.00
2026-08-31 13:24:20,138.00,138.00,138.00,138.00,138.00,138.00,138.00,138.00,138.00,138.00,138.00,138.00,138.00,138.00,138.00,138.00,138.00,138.00,138.00,138.00,138.00,138.00,138.00
2026-08-31 13:34:20,138.00,138.00,138.00,138.00,138.00,138.00,138.00,138.00,138.00,138.00,138.00,138.00,138.00,138.00,138.00,138.00,138.00,138.00,138.00,138.00,138.00,138.00,138.00
2026-08-31 13:44:26,138.00,138.00,138.00,138.00,138.00,138.00,138.00,138.00,138.00,138.00,138.00,138.00,138.00,138.00,138.00,138.00,138.00,138.00,138.00,138.00,138.00,138.00,138.00
2026-08-31 13:54:19,138.00,138.00,138.00,138.00,138.00,138.00,138.00,138.00,138.00,138.00,138.00,138.00,138.00,138.00,138.00,138.00,138.00,138.00,138.00,138.00,138.00,138.00,138.00
2026-08-31 14:04:25,138.00,138.00,138.00,138.00,138.00,138.00,138.00,138.00,138.00,138.00,138.00,138.00,138.00,138.00,138.00,138.00,138.00,138.00,138.00,138.00,138.00,138.00,138.00
2026-08-31 14:14:20,138.00,138.00,138.00,138.00,138.00,138.00,138.00,138.00,138.00,138.00,138.00,138.00,138.00,138.00,138.00,138.00,138.00,138.00,138.00,138.00,138.00,138.00,138.00
2026-08-31 14:24:21,138.00,138.00,138.00,138.00,138.00,138.00,138.00,138.00,138.00,138.00,138.00,138.00,138.00,138.00,138.00,138.00,138.00,138.00,138.00,138.00,138.00,138.00,138.00
2026-08-31 14:34:18,138.00,138.00,138.00,138.00,138.00,138.00,138.00,138.00,138.00,138.00,138.00,138.00,138.00,138.00,138.00,138.00,138.00,138.00,138.00,138.00,138.00,138.00,138.00
2026-08-31 14:44:20,138.00,138.00,138.00,138.00,138.00,138.00,138.00,138.00,138.00,138.00,138.00,138.00,138.00,138.00,138.00,138.00,138.00,138.00,138.00,138.00,138.00,138.00,138.00
2026-08-31 14:54:22,138.00,138.00,138.00,138.00,138.00,138.00,138.00,138.00,138.00,138.00,138.00,138.00,138.00,138.00,138.00,138.00,138.00,138.00,138.00,138.00,138.00,138.00,138.00
2026-08-31 15:04:24,138.00,138.00,138.00,138.00,138.00,138.00,138.00,138.00,138.00,138.00,138.00,138.00,138.00,138.00,138.00,138.00,138.00,138.00,138.00,138.00,138.00,138.00,138.00
2026-08-31 15:24:20,138.00,138.00,138.00,138.00,138.00,138.00,138.00,138.00,138.00,138.00,138.00,138.00,138.00,138.00,138.00,138.00,138.00,138.00,138.00,138.00,138.00,138.00,138.00
2026-08-31 15:34:25,138.00,138.00,138.00,138.00,138.00,138.00,138.00,138.00,138.00,138.00,138.00,138.00,138.00,138.00,138.00,138.00,138.00,138.00,138.00,138.00,138.00,138.00,138.00
2026-08-31 15:44:24,138.00,138.00,138.00,138.00,138.00,138.00,138.00,138.00,138.00,138.00,138.00,138.00,138.00,138.00,138.00,138.00,138.00,138.00,138.00,138.00,138.00,138.00,138.00
2026-08-31 15:54:19,138.00,138.00,138.00,138.00,138.00,138.00,138.00,138.00,138.00,138.00,138.00,138.00,138.00,138.00,138.00,138.00,138.00,138.00,138.00,138.00,138.00,138.00,138.00
2026-08-31 16:04:20,138.00,138.00,138.00,138.00,138.00,138.00,138.00,138.00,138.00,138.00,138.00,138.00,138.00,138.00,138.00,138.00,138.00,138.00,138.00,138.00,138.00,138.00,138.00
2026-08-31 16:14:18,138.00,138.00,138.00,138.00,138.00,138.00,138.00,138.00,138.00,138.00,138.00,138.00,138.00,138.00,138.00,138.00,138.00,138.00,138.00,138.00,138.00,138.00,138.00
2026-08-31 16:24:17,138.00,138.00,138.00,138.00,138.00,138.00,138.00,138.00,138.00,138.00,138.00,138.00,138.00,138.00,138.00,138.00,138.00,138.00,138.00,138.00,138.00,138.00,138.00
2026-08-31 16:34:17,138.00,138.00,138.00,138.00,138.00,138.00,138.00,138.00,138.00,138.00,138.00,138.00,138.00,138.00,138.00,138.00,138.00,138.00,138.00,138.00,138.00,138.00,138.00
2026-08-31 16:44:20,138.00,138.00,138.00,138.00,138.00,138.00,138.00,138.00,138.00,138.00,138.00,138.00,138.00,138.00,138.00,138.00,138.00,138.00,138.00,138.00,138.00,138.00,138.00
2026-08-31 16:54:21,138.00,138.00,138.00,138.00,138.00,138.00,138.00,138.00,138.00,138.00,138.00,138.00,138.00,138.00,138.00,138.00,138.00,138.00,138.00,138.00,138.00,138.00,138.00
2026-08-31 17:04:18,138.00,138.00,138.00,138.00,138.00,138.00,138.00,138.00,138.00,138.00,138.00,138.00,138.00,138.00,138.00,138.00,138.00,138.00,138.00,138.00,138.00,138.00,138.00
2026-08-31 17:14:21,138.00,138.00,138.00,138.00,138.00,138.00,138.00,138.00,138.00,138.00,138.00,138.00,138.00,138.00,138.00,138.00,138.00,138.00,138.00,138.00,138.00,138.00,138.00
2026-08-31 17:24:18,138.00,138.00,138.00,138.00,138.00,138.00,138.00,138.00,138.00,138.00,138.00,138.00,138.00,138.00,138.00,138.00,138.00,138.00,138.00,138.00,138.00,138.00,138.00
2026-08-31 17:34:17,138.00,138.00,138.00,138.00,138.00,138.00,138.00,138.00,138.00,138.00,138.00,138.00,138.00,138.00,138.00,138.00,138.00,138.00,138.00,138.00,138.00,138.00,138.00
2026-08-31 17:44:20,138.00,138.00,138.00,138.00,138.00,138.00,138.00,138.00,138.00,138.00,138.00,138.00,138.00,138.00,138.00,138.00,138.00,138.00,138.00,138.00,138.00,138.00,138.00
2026-08-31 17:54:21,138.00,138.00,138.00,138.00,138.00,138.00,138.00,138.00,138.00,138.00,138.00,138.00,138.00,138.00,138.00,138.00,138.00,138.00,138.00,138.00,138.00,138.00,138.00
2026-08-31 18:04:17,138.00,138.00,138.00,138.00,138.00,138.00,138.00,138.00,138.00,138.00,138.00,138.00,138.00,138.00,138.00,138.00,138.00,138.00,138.00,138.00,138.00,138.00,138.00
2026-08-31 18:14:24,138.00,138.00,138.00,138.00,138.00,138.00,138.00,138.00,138.00,138.00,138.00,138.00,138.00,138.00,138.00,138.00,138.00,138.00,138.00,138.00,138.00,138.00,138.00
2026-08-31 18:24:26,138.00,138.00,138.00,138.00,138.00,138.00,138.00,138.00,138.00,138.00,138.00,138.00,138.00,138.00,138.00,138.00,138.00,138.00,138.00,138.00,138.00,138.00,138.00
2026-08-31 18:34:21,138.00,138.00,138.00,138.00,138.00,138.00,138.00,138.00,138.00,138.00,138.00,138.00,138.00,138.00,138.00,138.00,138.00,138.00,138.00,138.00,138.00,138.00,138.00
2026-08-31 18:44:17,138.00,138.00,138.00,138.00,138.00,138.00,138.00,138.00,138.00,138.00,138.00,138.00,138.00,138.00,138.00,138.00,138.00,138.00,138.00,138.00,138.00,138.00,138.00
2026-08-31 18:54:19,138.00,138.00,138.00,138.00,138.00,138.00,138.00,138.00,138.00,138.00,138.00,138.00,138.00,138.00,138.00,138.00,138.00,138.00,138.00,138.00,138.00,138.00,138.00
2026-08-31 19:04:20,138.00,138.00,138.00,138.00,138.00,138.00,138.00,138.00,138.00,138.00,138.00,138.00,138.00,138.00,138.00,138.00,138.00,138.00,138.00,138.00,138.00,138.00,138.00
2026-08-31 19:14:24,138.00,138.00,138.00,138.00,138.00,138.00,138.00,138.00,138.00,138.00,138.00,138.00,138.00,138.00,138.00,138.00,138.00,138.00,138.00,138.00,138.00,138.00,138.00
2026-08-31 19:24:19,138.00,138.00,138.00,138.00,138.00,138.00,138.00,138.00,138.00,138.00,138.00,138.00,138.00,138.00,138.00,138.00,138.00,138.00,138.00,138.00,138.00,138.00,138.00
2026-08-31 19:34:26,138.00,138.00,138.00,138.00,138.00,138.00,138.00,138.00,138.00,138.00,138.00,138.00,138.00,138.00,138.00,138.00,138.00,138.00,138.00,138.00,138.00,138.00,138.00
2026-08-31 19:44:18,138.00,138.00,138.00,138.00,138.00,138.00,138.00,138.00,138.00,138.00,138.00,138.00,138.00,138.00,138.00,138.00,138.00,138.00,138.00,138.00,138.00,138.00,138.00
2026-08-31 19:54:17,138.00,138.00,138.00,138.00,138.00,138.00,138.00,138.00,138.00,138.00,138.00,138.00,138.00,138.00,138.00,138.00,138.00,138.00,138.00,138.00,138.00,138.00,138.00
2026-08-31 20:04:18,138.00,138.00,138.00,138.00,138.00,138.00,138.00,138.00,138.00,138.00,138.00,138.00,138.00,138.00,138.00,138.00,138.00,138.00,138.00,138.00,138.00,138.00,138.00
2026-08-31 20:14:19,138.00,138.00,138.00,138.00,138.00,138.00,138.00,138.00,138.00,138.00,138.00,138.00,138.00,138.00,138.00,138.00,138.00,138.00,138.00,138.00,138.00,138.00,138.00
2026-08-31 20:24:16,138.00,138.00,138.00,138.00,138.00,138.00,138.00,138.00,138.00,138.00,138.00,138.00,138.00,138.00,138.00,138.00,138.00,138.00,138.00,138.00,138.00,138.00,138.00
2026-08-31 20:34:17,138.00,138.00,138.00,138.00,138.00,138.00,138.00,138.00,138.00,138.00,138.00,138.00,138.00,138.00,138.00,138.00,270.00,270.00,138.00,138.00,270.00,270.00,270.00
2026-08-31 20:44:17,138.00,138.00,138.00,138.00,138.00,138.00,138.00,138.00,138.00,138.00,138.00,138.00,148.00,148.00,270.00,270.00,270.00,270.00,270.00,270.00,270.00,270.00,270.00
2026-08-31 20:54:24,138.00,138.00,138.00,138.00,138.00,138.00,138.00,138.00,138.00,138.00,138.00,138.00,148.00,148.00,270.00,270.00,270.00,270.00,270.00,270.00,270.00,270.00,270.00
2026-08-31 21:04:16,138.00,138.00,138.00,138.00,138.00,138.00,138.00,138.00,138.00,138.00,138.00,138.00,148.00,148.00,270.00,270.00,270.00,270.00,270.00,270.00,270.00,270.00,270.00
2026-08-31 21:14:20,138.00,138.00,138.00,138.00,138.00,138.00,138.00,138.00,138.00,138.00,138.00,138.00,148.00,148.00,270.00,270.00,270.00,270.00,270.00,270.00,270.00,270.00,270.00
2026-08-31 21:24:17,138.00,138.00,138.00,138.00,138.00,138.00,138.00,138.00,138.00,138.00,138.00,138.00,148.00,148.00,270.00,270.00,270.00,270.00,270.00,270.00,270.00,270.00,270.00
2026-08-31 21:34:20,138.00,138.00,138.00,138.00,138.00,138.00,138.00,138.00,138.00,138.00,138.00,138.00,148.00,148.00,270.00,270.00,270.00,270.00,270.00,270.00,270.00,270.00,270.00
2026-08-31 21:44:19,138.00,138.00,138.00,138.00,138.00,138.00,138.00,138.00,138.00,138.00,138.00,138.00,148.00,148.00,270.00,270.00,270.00,270.00,270.00,270.00,270.00,270.00,270.00
2026-08-31 21:54:18,138.00,138.00,138.00,138.00,138.00,138.00,138.00,138.00,138.00,138.00,138.00,138.00,148.00,148.00,270.00,270.00,270.00,270.00,270.00,270.00,270.00,270.00,270.00
2026-08-31 22:04:24,138.00,138.00,138.00,138.00,138.00,138.00,138.00,138.00,138.00,138.00,138.00,138.00,148.00,148.00,270.00,270.00,270.00,270.00,270.00,270.00,270.00,270.00,270.00
2026-08-31 22:14:19,138.00,,138.00,,138.00,,138.00,,138.00,,138.00,,148.00,,,,270.00,270.00,,,270.00,270.00,270.00
2026-08-31 22:24:18,138.00,138.00,138.00,138.00,138.00,138.00,138.00,138.00,138.00,138.00,138.00,138.00,148.00,148.00,270.00,270.00,270.00,270.00,270.00,270.00,270.00,270.00,270.00
2026-08-31 22:34:20,138.00,138.00,138.00,138.00,138.00,138.00,138.00,138.00,138.00,138.00,138.00,138.00,148.00,148.00,270.00,270.00,270.00,270.00,270.00,270.00,270.00,270.00,270.00
2026-08-31 22:44:21,138.00,138.00,138.00,138.00,138.00,138.00,138.00,138.00,138.00,138.00,138.00,138.00,148.00,148.00,270.00,270.00,270.00,270.00,270.00,270.00,270.00,270.00,270.00
2026-08-31 22:54:19,138.00,138.00,138.00,138.00,138.00,138.00,138.00,138.00,138.00,138.00,138.00,138.00,148.00,148.00,270.00,270.00,270.00,270.00,270.00,270.00,270.00,270.00,270.00
2026-08-31 23:04:19,138.00,138.00,138.00,138.00,138.00,138.00,138.00,138.00,138.00,138.00,138.00,138.00,148.00,148.00,270.00,270.00,270.00,270.00,270.00,270.00,270.00,270.00,270.00
2026-08-31 23:14:20,138.00,138.00,138.00,138.00,138.00,138.00,138.00,138.00,138.00,138.00,138.00,138.00,148.00,148.00,270.00,270.00,270.00,270.00,270.00,270.00,270.00,270.00,270.00
2026-08-31 23:24:34,138.00,,138.00,,138.00,,138.00,,138.00,,138.00,,148.00,,,,270.00,270.00,,,270.00,270.00,270.00
2026-08-31 23:34:21,138.00,138.00,138.00,138.00,138.00,138.00,138.00,138.00,138.00,138.00,138.00,138.00,148.00,148.00,270.00,270.00,270.00,270.00,270.00,270.00,270.00,270.00,270.00
2026-08-31 23:44:18,138.00,138.00,138.00,138.00,138.00,138.00,138.00,138.00,138.00,138.00,138.00,138.00,148.00,148.00,270.00,270.00,270.00,270.00,270.00,270.00,270.00,270.00,270.00
2026-08-31 23:54:21,138.00,138.00,138.00,138.00,138.00,138.00,138.00,138.00,138.00,138.00,138.00,138.00,148.00,148.00,270.00,270.00,270.00,270.00,270.00,270.00,270.00,270.00,270.00
2026-09-01 00:04:20,138.00,138.00,138.00,138.00,138.00,138.00,138.00,138.00,138.00,138.00,138.00,138.00,148.00,148.00,270.00,270.00,270.00,270.00,270.00,270.00,270.00,270.00,270.00
2026-09-01 00:14:20,138.00,138.00,138.00,138.00,138.00,138.00,138.00,138.00,138.00,138.00,138.00,138.00,148.00,148.00,270.00,270.00,270.00,270.00,270.00,270.00,270.00,270.00,270.00
2026-09-01 00:24:28,138.00,138.00,138.00,138.00,138.00,138.00,138.00,138.00,138.00,138.00,138.00,138.00,148.00,148.00,270.00,270.00,270.00,270.00,270.00,270.00,270.00,270.00,270.00
2026-09-01 00:34:17,138.00,138.00,138.00,138.00,138.00,138.00,138.00,138.00,138.00,138.00,138.00,138.00,148.00,148.00,270.00,270.00,270.00,270.00,270.00,270.00,270.00,270.00,270.00
2026-09-01 00:44:17,138.00,138.00,138.00,138.00,138.00,138.00,138.00,138.00,138.00,138.00,138.00,138.00,148.00,148.00,270.00,270.00,270.00,270.00,270.00,270.00,270.00,270.00,270.00
2026-09-01 00:54:33,,138.00,,138.00,,138.00,,138.00,,138.00,,138.00,148.00,148.00,270.00,270.00,,,270.00,270.00,,,
2026-09-01 01:04:29,138.00,138.00,138.00,138.00,138.00,138.00,138.00,138.00,138.00,138.00,138.00,138.00,148.00,148.00,270.00,270.00,270.00,270.00,270.00,270.00,270.00,270.00,270.00
2026-09-01 01:14:32,,138.00,,138.00,,138.00,,138.00,,138.00,,138.00,148.00,148.00,270.00,270.00,,,270.00,270.00,,,
2026-09-01 01:24:22,138.00,138.00,138.00,138.00,138.00,138.00,138.00,138.00,138.00,138.00,138.00,138.00,148.00,148.00,270.00,270.00,270.00,270.00,270.00,270.00,270.00,270.00,270.00
2026-09-01 01:34:18,138.00,138.00,138.00,138.00,138.00,138.00,138.00,138.00,138.00,138.00,138.00,138.00,148.00,148.00,270.00,270.00,270.00,270.00,270.00,270.00,270.00,270.00,270.00
2026-09-01 01:44:19,138.00,138.00,138.00,138.00,138.00,138.00,138.00,138.00,138.00,138.00,138.00,138.00,148.00,148.00,270.00,270.00,270.00,270.00,270.00,270.00,270.00,270.00,270.00
2026-09-01 01:54:20,138.00,138.00,138.00,138.00,138.00,138.00,138.00,138.00,138.00,138.00,138.00,138.00,148.00,148.00,270.00,270.00,270.00,270.00,270.00,270.00,270.00,270.00,270.00
2026-09-01 02:04:20,138.00,138.00,138.00,138.00,138.00,138.00,138.00,138.00,138.00,138.00,138.00,138.00,148.00,148.00,270.00,270.00,270.00,270.00,270.00,270.00,270.00,270.00,270.00
2026-09-01 02:14:30,138.00,138.00,138.00,138.00,138.00,138.00,138.00,138.00,138.00,138.00,138.00,138.00,148.00,148.00,270.00,270.00,270.00,270.00,270.00,270.00,270.00,270.00,270.00
2026-09-01 02:24:18,138.00,138.00,138.00,138.00,138.00,138.00,138.00,138.00,138.00,138.00,138.00,138.00,148.00,148.00,270.00,270.00,270.00,270.00,270.00,270.00,270.00,270.00,270.00
2026-09-01 02:34:20,138.00,138.00,138.00,138.00,138.00,138.00,138.00,138.00,138.00,138.00,138.00,138.00,148.00,148.00,270.00,270.00,270.00,270.00,270.00,270.00,270.00,270.00,270.00
2026-09-01 02:44:24,138.00,138.00,138.00,138.00,138.00,138.00,138.00,138.00,138.00,138.00,138.00,138.00,148.00,148.00,270.00,270.00,270.00,270.00,270.00,270.00,270.00,270.00,270.00
2026-09-01 02:54:17,138.00,138.00,138.00,138.00,138.00,138.00,138.00,138.00,138.00,138.00,138.00,138.00,148.00,148.00,270.00,270.00,270.00,270.00,270.00,270.00,270.00,270.00,270.00
2026-09-01 03:04:23,138.00,138.00,138.00,138.00,138.00,138.00,138.00,138.00,138.00,138.00,138.00,138.00,148.00,148.00,270.00,270.00,270.00,270.00,270.00,270.00,270.00,270.00,270.00
2026-09-01 03:14:18,138.00,138.00,138.00,138.00,138.00,138.00,138.00,138.00,138.00,138.00,138.00,138.00,148.00,148.00,270.00,270.00,270.00,270.00,270.00,270.00,270.00,270.00,270.00
2026-09-01 03:25:05,138.00,138.00,138.00,138.00,138.00,138.00,138.00,138.00,138.00,138.00,138.00,138.00,148.00,148.00,270.00,270.00,270.00,270.00,270.00,270.00,270.00,270.00,270.00
2026-09-01 03:34:20,138.00,138.00,138.00,138.00,138.00,138.00,138.00,138.00,138.00,138.00,138.00,138.00,148.00,148.00,270.00,270.00,270.00,270.00,270.00,270.00,270.00,270.00,270.00
2026-09-01 03:44:17,138.00,138.00,138.00,138.00,138.00,138.00,138.00,138.00,138.00,138.00,138.00,138.00,148.00,148.00,270.00,270.00,270.00,270.00,270.00,270.00,270.00,270.00,270.00
2026-09-01 03:54:16,138.00,138.00,138.00,138.00,138.00,138.00,138.00,138.00,138.00,138.00,138.00,138.00,148.00,148.00,270.00,270.00,270.00,270.00,270.00,270.00,270.00,270.00,270.00
2026-09-01 04:04:16,138.00,138.00,138.00,138.00,138.00,138.00,138.00,138.00,138.00,138.00,138.00,138.00,148.00,148.00,270.00,270.00,270.00,270.00,270.00,270.00,270.00,270.00,270.00
2026-09-01 04:14:21,138.00,138.00,138.00,138.00,138.00,138.00,138.00,138.00,138.00,138.00,138.00,138.00,148.00,148.00,270.00,270.00,270.00,270.00,270.00,270.00,270.00,270.00,270.00
2026-09-01 04:24:18,138.00,138.00,138.00,138.00,138.00,138.00,138.00,138.00,138.00,138.00,138.00,138.00,148.00,148.00,270.00,270.00,270.00,270.00,270.00,270.00,270.00,270.00,270.00
2026-09-01 04:34:21,138.00,138.00,138.00,138.00,138.00,138.00,138.00,138.00,138.00,138.00,138.00,138.00,148.00,148.00,270.00,270.00,270.00,270.00,270.00,270.00,270.00,270.00,270.00
2026-09-01 04:44:31,138.00,138.00,138.00,138.00,138.00,138.00,138.00,138.00,138.00,138.00,138.00,138.00,148.00,148.00,270.00,270.00,270.00,270.00,270.00,270.00,270.00,270.00,270.00
2026-09-01 04:54:20,138.00,138.00,138.00,138.00,138.00,138.00,138.00,138.00,138.00,138.00,138.00,138.00,148.00,148.00,270.00,270.00,270.00,270.00,270.00,270.00,270.00,270.00,270.00
2026-09-01 05:06:25,138.00,138.00,138.00,138.00,138.00,138.00,138.00,138.00,138.00,138.00,138.00,138.00,148.00,148.00,270.00,270.00,270.00,270.00,270.00,270.00,270.00,270.00,270.00
2026-09-01 05:36:04,138.00,138.00,138.00,138.00,138.00,138.00,138.00,138.00,138.00,138.00,138.00,138.00,148.00,148.00,270.00,270.00,270.00,270.00,270.00,270.00,270.00,270.00,270.00
2026-09-01 05:44:18,138.00,138.00,138.00,138.00,138.00,138.00,138.00,138.00,138.00,138.00,138.00,138.00,148.00,148.00,270.00,270.00,270.00,270.00,270.00,270.00,270.00,270.00,270.00
2026-09-01 05:54:19,138.00,138.00,138.00,138.00,138.00,138.00,138.00,138.00,138.00,138.00,138.00,138.00,148.00,148.00,270.00,270.00,270.00,270.00,270.00,270.00,270.00,270.00,270.00
2026-09-01 06:04:22,138.00,138.00,138.00,138.00,138.00,138.00,138.00,138.00,138.00,138.00,138.00,138.00,148.00,148.00,270.00,270.00,270.00,270.00,270.00,270.00,270.00,270.00,270.00
2026-09-01 06:14:20,138.00,138.00,138.00,138.00,138.00,138.00,138.00,138.00,138.00,138.00,138.00,138.00,148.00,148.00,270.00,270.00,270.00,270.00,270.00,270.00,270.00,270.00,270.00
2026-09-01 06:24:19,138.00,138.00,138.00,138.00,138.00,138.00,138.00,138.00,138.00,138.00,138.00,138.00,148.00,148.00,270.00,270.00,270.00,270.00,270.00,270.00,270.00,270.00,270.00
2026-09-01 06:34:17,138.00,138.00,138.00,138.00,138.00,138.00,138.00,138.00,138.00,138.00,138.00,138.00,148.00,148.00,270.00,270.00,270.00,270.00,270.00,270.00,270.00,270.00,270.00
2026-09-01 06:44:20,138.00,138.00,138.00,138.00,138.00,138.00,138.00,138.00,138.00,138.00,138.00,138.00,148.00,148.00,270.00,270.00,270.00,270.00,270.00,270.00,270.00,270.00,270.00
2026-09-01 06:54:21,138.00,138.00,138.00,138.00,138.00,138.00,138.00,138.00,138.00,138.00,138.00,138.00,148.00,148.00,270.00,270.00,270.00,270.00,270.00,270.00,270.00,270.00,270.00
2026-09-01 07:04:19,138.00,138.00,138.00,138.00,138.00,138.00,138.00,138.00,138.00,138.00,138.00,138.00,148.00,148.00,270.00,270.00,270.00,270.00,270.00,270.00,270.00,270.00,270.00
2026-09-01 07:14:20,138.00,138.00,138.00,138.00,138.00,138.00,138.00,138.00,138.00,138.00,138.00,138.00,148.00,148.00,270.00,270.00,270.00,270.00,270.00,270.00,270.00,270.00,270.00
2026-09-01 07:24:16,138.00,138.00,138.00,138.00,138.00,138.00,138.00,138.00,138.00,138.00,138.00,138.00,148.00,148.00,270.00,270.00,270.00,270.00,270.00,270.00,270.00,270.00,270.00
2026-09-01 07:34:17,138.00,138.00,138.00,138.00,138.00,138.00,138.00,138.00,138.00,138.00,138.00,138.00,148.00,148.00,270.00,270.00,270.00,270.00,270.00,270.00,270.00,270.00,270.00
2026-09-01 07:44:18,138.00,,138.00,,138.00,,138.00,,138.00,,138.00,,148.00,,,,270.00,270.00,,,270.00,270.00,270.00
2026-09-01 07:54:17,138.00,138.00,138.00,138.00,138.00,138.00,138.00,138.00,138.00,138.00,138.00,138.00,148.00,148.00,270.00,270.00,270.00,270.00,270.00,270.00,270.00,270.00,270.00
2026-09-01 08:04:18,138.00,138.00,138.00,138.00,138.00,138.00,138.00,138.00,138.00,138.00,138.00,138.00,148.00,148.00,270.00,270.00,270.00,270.00,270.00,270.00,270.00,270.00,270.00
2026-09-01 08:14:18,138.00,138.00,138.00,138.00,138.00,138.00,138.00,138.00,138.00,138.00,138.00,138.00,148.00,148.00,270.00,270.00,270.00,270.00,270.00,270.00,270.00,270.00,270.00
2026-09-01 08:24:25,138.00,138.00,138.00,138.00,138.00,138.00,138.00,138.00,138.00,138.00,138.00,138.00,148.00,148.00,270.00,270.00,270.00,270.00,270.00,270.00,270.00,270.00,270.00
2026-09-01 08:34:21,138.00,138.00,138.00,138.00,138.00,138.00,138.00,138.00,138.00,138.00,138.00,138.00,148.00,148.00,270.00,270.00,270.00,270.00,270.00,270.00,270.00,270.00,270.00
2026-09-01 08:44:20,138.00,138.00,138.00,138.00,138.00,138.00,138.00,138.00,138.00,138.00,138.00,138.00,148.00,148.00,270.00,270.00,270.00,270.00,270.00,270.00,270.00,270.00,270.00
2026-09-01 08:54:20,138.00,138.00,138.00,138.00,138.00,138.00,138.00,138.00,138.00,138.00,138.00,138.00,148.00,148.00,270.00,270.00,270.00,270.00,270.00,270.00,270.00,270.00,270.00
2026-09-01 09:04:19,138.00,138.00,138.00,138.00,138.00,138.00,138.00,138.00,138.00,138.00,138.00,138.00,148.00,148.00,270.00,270.00,270.00,270.00,270.00,270.00,270.00,270.00,270.00
2026-09-01 09:14:21,138.00,138.00,138.00,138.00,138.00,138.00,138.00,138.00,138.00,138.00,138.00,138.00,148.00,148.00,270.00,270.00,270.00,270.00,270.00,270.00,270.00,270.00,270.00
2026-09-01 09:24:18,138.00,138.00,138.00,138.00,138.00,138.00,138.00,138.00,138.00,138.00,138.00,138.00,148.00,148.00,270.00,270.00,270.00,270.00,270.00,270.00,270.00,270.00,270.00
2026-09-01 09:34:18,138.00,138.00,138.00,138.00,138.00,138.00,138.00,138.00,138.00,138.00,138.00,138.00,148.00,148.00,270.00,270.00,270.00,270.00,270.00,270.00,270.00,270.00,270.00
2026-09-01 09:44:22,138.00,138.00,138.00,138.00,138.00,138.00,138.00,138.00,138.00,138.00,138.00,138.00,148.00,148.00,270.00,270.00,270.00,270.00,270.00,270.00,270.00,270.00,270.00
2026-09-01 09:54:21,138.00,138.00,138.00,138.00,138.00,138.00,138.00,138.00,138.00,138.00,138.00,138.00,148.00,148.00,270.00,270.00,270.00,270.00,270.00,270.00,270.00,270.00,270.00
2026-09-01 10:04:17,138.00,138.00,138.00,138.00,138.00,138.00,138.00,138.00,138.00,138.00,138.00,138.00,148.00,148.00,270.00,270.00,270.00,270.00,270.00,270.00,270.00,270.00,270.00
2026-09-01 10:14:19,138.00,138.00,138.00,138.00,138.00,138.00,138.00,138.00,138.00,138.00,138.00,138.00,148.00,148.00,270.00,270.00,270.00,270.00,270.00,270.00,270.00,270.00,270.00
2026-09-01 10:24:27,138.00,,138.00,,138.00,,138.00,,138.00,,138.00,,148.00,,,,270.00,270.00,,,270.00,270.00,270.00
2026-09-01 10:34:20,138.00,138.00,138.00,138.00,138.00,138.00,138.00,138.00,138.00,138.00,138.00,138.00,148.00,148.00,270.00,270.00,270.00,270.00,270.00,270.00,270.00,270.00,270.00
2026-09-01 10:44:19,138.00,138.00,138.00,138.00,138.00,138.00,138.00,138.00,138.00,138.00,138.00,138.00,148.00,148.00,270.00,270.00,270.00,270.00,270.00,270.00,270.00,270.00,270.00
2026-09-01 10:54:23,138.00,138.00,138.00,138.00,138.00,138.00,138.00,138.00,138.00,138.00,138.00,138.00,148.00,148.00,270.00,270.00,270.00,270.00,270.00,270.00,270.00,270.00,270.00
2026-09-01 11:04:19,138.00,138.00,138.00,138.00,138.00,138.00,138.00,138.00,138.00,138.00,138.00,138.00,148.00,148.00,270.00,270.00,270.00,270.00,270.00,270.00,270.00,270.00,270.00
2026-09-01 11:14:20,138.00,138.00,138.00,138.00,138.00,138.00,138.00,138.00,138.00,138.00,138.00,138.00,148.00,148.00,270.00,270.00,270.00,270.00,270.00,270.00,270.00,270.00,270.00
2026-09-01 11:24:16,138.00,138.00,138.00,138.00,138.00,138.00,138.00,138.00,138.00,138.00,138.00,138.00,148.00,148.00,270.00,270.00,270.00,270.00,270.00,270.00,270.00,270.00,270.00
2026-09-01 11:34:20,138.00,138.00,138.00,138.00,138.00,138.00,138.00,138.00,138.00,138.00,138.00,138.00,148.00,148.00,270.00,270.00,270.00,270.00,270.00,270.00,270.00,270.00,270.00
2026-09-01 11:44:21,138.00,138.00,138.00,138.00,138.00,138.00,138.00,138.00,138.00,138.00,138.00,138.00,148.00,148.00,270.00,270.00,270.00,270.00,270.00,270.00,270.00,270.00,270.00
2026-09-01 11:54:18,138.00,138.00,138.00,138.00,138.00,138.00,138.00,138.00,138.00,138.00,138.00,138.00,148.00,148.00,270.00,270.00,270.00,270.00,270.00,270.00,270.00,270.00,270.00
2026-09-01 12:04:19,138.00,138.00,138.00,138.00,138.00,138.00,138.00,138.00,138.00,138.00,138.00,138.00,148.00,148.00,270.00,270.00,270.00,270.00,270.00,270.00,270.00,270.00,270.00
2026-09-01 12:14:19,138.00,138.00,138.00,138.00,138.00,138.00,138.00,138.00,138.00,138.00,138.00,138.00,148.00,148.00,270.00,270.00,270.00,270.00,270.00,270.00,270.00,270.00,270.00
2026-09-01 12:24:19,138.00,138.00,138.00,138.00,138.00,138.00,138.00,138.00,138.00,138.00,138.00,138.00,148.00,148.00,270.00,270.00,270.00,270.00,270.00,270.00,270.00,270.00,270.00
2026-09-01 12:34:22,138.00,138.00,138.00,138.00,138.00,138.00,138.00,138.00,138.00,138.00,138.00,138.00,148.00,148.00,270.00,270.00,270.00,270.00,270.00,270.00,270.00,270.00,270.00
2026-09-01 12:44:19,138.00,138.00,138.00,138.00,138.00,138.00,138.00,138.00,138.00,138.00,138.00,138.00,148.00,148.00,270.00,270.00,270.00,270.00,270.00,270.00,270.00,270.00,270.00
2026-09-01 12:54:21,138.00,138.00,138.00,138.00,138.00,138.00,138.00,138.00,138.00,138.00,138.00,138.00,148.00,148.00,270.00,270.00,270.00,270.00,270.00,270.00,270.00,270.00,270.00
2026-09-01 13:04:19,138.00,138.00,138.00,138.00,138.00,138.00,138.00,138.00,138.00,138.00,138.00,138.00,148.00,148.00,270.00,270.00,270.00,270.00,270.00,270.00,270.00,270.00,270.00
2026-09-01 13:14:21,138.00,138.00,138.00,138.00,138.00,138.00,138.00,138.00,138.00,138.00,138.00,138.00,148.00,148.00,270.00,270.00,270.00,270.00,270.00,270.00,270.00,270.00,270.00
2026-09-01 13:24:19,138.00,138.00,138.00,138.00,138.00,138.00,138.00,138.00,138.00,138.00,138.00,138.00,148.00,148.00,270.00,270.00,270.00,270.00,270.00,270.00,270.00,270.00,270.00
2026-09-01 13:34:22,138.00,138.00,138.00,138.00,138.00,138.00,138.00,138.00,138.00,138.00,138.00,138.00,148.00,148.00,270.00,270.00,270.00,270.00,270.00,270.00,270.00,270.00,270.00
2026-09-01 13:44:20,138.00,138.00,138.00,138.00,138.00,138.00,138.00,138.00,138.00,138.00,138.00,138.00,148.00,148.00,270.00,270.00,270.00,270.00,270.00,270.00,270.00,270.00,270.00
2026-09-01 13:54:20,138.00,138.00,138.00,138.00,138.00,138.00,138.00,138.00,138.00,138.00,138.00,138.00,148.00,148.00,270.00,270.00,270.00,270.00,270.00,270.00,270.00,270.00,270.00
2026-09-01 14:05:14,,138.00,,138.00,,138.00,,138.00,,138.00,,138.00,148.00,148.00,270.00,270.00,,,270.00,270.00,,,
2026-09-01 14:14:21,138.00,138.00,138.00,138.00,138.00,138.00,138.00,138.00,138.00,138.00,138.00,138.00,148.00,148.00,270.00,270.00,270.00,270.00,270.00,270.00,270.00,270.00,270.00
2026-09-01 14:24:18,138.00,138.00,138.00,138.00,138.00,138.00,138.00,138.00,138.00,138.00,138.00,138.00,148.00,148.00,270.00,270.00,270.00,270.00,270.00,270.00,270.00,270.00,270.00
2026-09-01 14:34:21,138.00,138.00,138.00,138.00,138.00,138.00,138.00,138.00,138.00,138.00,138.00,138.00,148.00,148.00,270.00,270.00,270.00,270.00,270.00,270.00,270.00,270.00,270.00
2026-09-01 14:44:21,138.00,138.00,138.00,138.00,138.00,138.00,138.00,138.00,138.00,138.00,138.00,138.00,148.00,148.00,270.00,270.00,270.00,270.00,270.00,270.00,270.00,270.00,270.00
2026-09-01 14:54:26,138.00,138.00,138.00,138.00,138.00,138.00,138.00,138.00,138.00,138.00,138.00,138.00,148.00,148.00,270.00,270.00,270.00,270.00,270.00,270.00,270.00,270.00,270.00
2026-09-01 15:04:30,138.00,138.00,138.00,138.00,138.00,138.00,138.00,138.00,138.00,138.00,138.00,138.00,148.00,148.00,270.00,270.00,270.00,270.00,270.00,270.00,270.00,270.00,270.00
2026-09-01 15:14:18,138.00,138.00,138.00,138.00,138.00,138.00,138.00,138.00,138.00,138.00,138.00,138.00,148.00,148.00,270.00,270.00,270.00,270.00,270.00,270.00,270.00,270.00,270.00
2026-09-01 15:34:20,138.00,138.00,138.00,138.00,138.00,138.00,138.00,138.00,138.00,138.00,138.00,138.00,148.00,148.00,270.00,270.00,270.00,270.00,270.00,270.00,270.00,270.00,270.00
2026-09-01 15:44:21,138.00,138.00,138.00,138.00,138.00,138.00,138.00,138.00,138.00,138.00,138.00,138.00,148.00,148.00,270.00,270.00,270.00,270.00,270.00,270.00,270.00,270.00,270.00
2026-09-01 15:54:19,138.00,138.00,138.00,138.00,138.00,138.00,138.00,138.00,138.00,138.00,138.00,138.00,148.00,148.00,270.00,270.00,270.00,270.00,270.00,270.00,270.00,270.00,270.00
2026-09-01 16:04:21,138.00,138.00,138.00,138.00,138.00,138.00,138.00,138.00,138.00,138.00,138.00,138.00,148.00,148.00,270.00,270.00,270.00,270.00,270.00,270.00,270.00,270.00,270.00
2026-09-01 16:14:19,138.00,138.00,138.00,138.00,138.00,138.00,138.00,138.00,138.00,138.00,138.00,138.00,148.00,148.00,270.00,270.00,270.00,270.00,270.00,270.00,270.00,270.00,270.00
2026-09-01 16:24:30,138.00,138.00,138.00,138.00,138.00,138.00,138.00,138.00,138.00,138.00,138.00,138.00,148.00,148.00,270.00,270.00,270.00,270.00,270.00,270.00,270.00,270.00,270.00
2026-09-01 16:34:18,138.00,138.00,138.00,138.00,138.00,138.00,138.00,138.00,138.00,138.00,138.00,138.00,148.00,148.00,270.00,270.00,270.00,270.00,270.00,270.00,270.00,270.00,270.00
2026-09-01 16:44:22,138.00,138.00,138.00,138.00,138.00,138.00,138.00,138.00,138.00,138.00,138.00,138.00,148.00,148.00,270.00,270.00,270.00,270.00,270.00,270.00,270.00,270.00,270.00
2026-09-01 16:54:38,,138.00,,138.00,,138.00,,138.00,,138.00,,138.00,148.00,148.00,270.00,270.00,,,270.00,270.00,,,
2026-09-01 17:04:18,138.00,138.00,138.00,138.00,138.00,138.00,138.00,138.00,138.00,138.00,138.00,138.00,148.00,148.00,270.00,270.00,270.00,270.00,270.00,270.00,270.00,270.00,270.00
2026-09-01 17:14:28,138.00,138.00,138.00,138.00,138.00,138.00,138.00,138.00,138.00,138.00,138.00,138.00,148.00,148.00,270.00,270.00,270.00,270.00,270.00,270.00,270.00,270.00,270.00
2026-09-01 17:24:37,138.00,138.00,138.00,138.00,138.00,138.00,138.00,138.00,138.00,138.00,138.00,138.00,148.00,148.00,270.00,270.00,270.00,270.00,270.00,270.00,270.00,270.00,270.00
2026-09-01 17:34:23,138.00,138.00,138.00,138.00,138.00,138.00,138.00,138.00,138.00,138.00,138.00,138.00,148.00,148.00,270.00,270.00,270.00,270.00,270.00,270.00,270.00,270.00,270.00
2026-09-01 17:44:19,138.00,138.00,138.00,138.00,138.00,138.00,138.00,138.00,138.00,138.00,138.00,138.00,148.00,148.00,270.00,270.00,270.00,270.00,270.00,270.00,270.00,270.00,270.00
2026-09-01 17:54:19,138.00,138.00,138.00,138.00,138.00,138.00,138.00,138.00,138.00,138.00,138.00,138.00,148.00,148.00,270.00,270.00,270.00,270.00,270.00,270.00,270.00,270.00,270.00
2026-09-01 18:04:21,138.00,138.00,138.00,138.00,138.00,138.00,138.00,138.00,138.00,138.00,138.00,138.00,148.00,148.00,270.00,270.00,270.00,270.00,270.00,270.00,270.00,270.00,270.00
2026-09-01 18:14:20,138.00,138.00,138.00,138.00,138.00,138.00,138.00,138.00,138.00,138.00,138.00,138.00,148.00,148.00,270.00,270.00,270.00,270.00,270.00,270.00,270.00,270.00,270.00
2026-09-01 18:24:19,138.00,138.00,138.00,138.00,138.00,138.00,138.00,138.00,138.00,138.00,138.00,138.00,148.00,148.00,270.00,270.00,270.00,270.00,270.00,270.00,270.00,270.00,270.00
2026-09-01 18:34:19,138.00,138.00,138.00,138.00,138.00,138.00,138.00,138.00,138.00,138.00,138.00,138.00,148.00,148.00,270.00,270.00,270.00,270.00,270.00,270.00,270.00,270.00,270.00
2026-09-01 18:44:21,138.00,138.00,138.00,138.00,138.00,138.00,138.00,138.00,138.00,138.00,138.00,138.00,148.00,148.00,270.00,270.00,270.00,270.00,270.00,270.00,270.00,270.00,270.00
2026-09-01 18:54:21,138.00,138.00,138.00,138.00,138.00,138.00,138.00,138.00,138.00,138.00,138.00,138.00,148.00,148.00,270.00,270.00,270.00,270.00,270.00,270.00,270.00,270.00,270.00
2026-09-01 19:04:17,138.00,138.00,138.00,138.00,138.00,138.00,138.00,138.00,138.00,138.00,138.00,138.00,148.00,148.00,270.00,270.00,270.00,270.00,270.00,270.00,270.00,270.00,270.00
2026-09-01 19:14:22,138.00,138.00,138.00,138.00,138.00,138.00,138.00,138.00,138.00,138.00,138.00,138.00,148.00,148.00,270.00,270.00,270.00,270.00,270.00,270.00,270.00,270.00,270.00
