checked_at,AA1011,AA2448,AA3551,AA4162,DL1544,DL1567,DL2028,DL724,UA1593,UA215,UA2232,UA2773,UA2805,UA307,UA576
2026-08-18 16:05:04,59.00,154.00,154.00,59.00,259.00,259.00,114.00,114.00,59.00,105.00,59.00,59.00,59.00,59.00,59.00
2026-08-18 16:14:41,59.00,154.00,154.00,59.00,259.00,259.00,114.00,114.00,59.00,105.00,59.00,59.00,59.00,59.00,59.00
2026-08-18 16:24:44,59.00,154.00,154.00,59.00,259.00,259.00,114.00,114.00,59.00,105.00,59.00,59.00,59.00,59.00,59.00
2026-08-18 16:32:55,59.00,154.00,154.00,59.00,259.00,259.00,114.00,114.00,59.00,105.00,59.00,59.00,59.00,59.00,59.00
2026-08-18 16:39:08,59.00,154.00,154.00,59.00,259.00,259.00,114.00,114.00,59.00,105.00,59.00,59.00,59.00,59.00,59.00
2026-08-18 16:45:25,59.00,154.00,154.00,59.00,259.00,259.00,114.00,114.00,59.00,105.00,59.00,59.00,59.00,59.00,59.00
2026-08-18 16:54:59,59.00,154.00,154.00,59.00,259.00,259.00,114.00,114.00,59.00,105.00,59.00,59.00,59.00,59.00,59.00
2026-08-18 17:03:12,59.00,154.00,154.00,59.00,259.00,259.00,114.00,114.00,59.00,105.00,59.00,59.00,59.00,59.00,59.00
2026-08-18 17:09:10,59.00,154.00,154.00,59.00,259.00,259.00,114.00,114.00,59.00,105.00,59.00,59.00,59.00,59.00,59.00
2026-08-18 17:15:17,59.00,154.00,154.00,59.00,259.00,259.00,114.00,114.00,59.00,105.00,59.00,59.00,59.00,59.00,59.00
2026-08-18 17:24:55,59.00,154.00,154.00,59.00,259.00,259.00,114.00,114.00,59.00,105.00,59.00,59.00,59.00,59.00,59.00
2026-08-18 17:34:40,59.00,154.00,154.00,59.00,259.00,259.00,114.00,114.00,59.00,105.00,59.00,59.00,59.00,59.00,59.00
2026-08-18 17:44:45,59.00,154.00,154.00,59.00,259.00,259.00,114.00,114.00,59.00,105.00,59.00,59.00,59.00,59.00,59.00
2026-08-18 17:54:29,59.00,154.00,154.00,59.00,259.00,259.00,124.00,114.00,59.00,105.00,59.00,59.00,59.00,59.00,59.00
2026-08-18 18:04:53,59.00,154.00,154.00,59.00,269.00,269.00,124.00,124.00,59.00,105.00,59.00,59.00,59.00,59.00,59.00
2026-08-18 18:14:42,59.00,154.00,154.00,59.00,269.00,269.00,124.00,124.00,59.00,105.00,59.00,59.00,59.00,59.00,59.00
2026-08-18 18:24:39,59.00,154.00,154.00,59.00,269.00,269.00,124.00,124.00,59.00,105.00,59.00,59.00,59.00,59.00,59.00
2026-08-18 18:34:51,59.00,154.00,154.00,59.00,269.00,269.00,124.00,124.00,59.00,105.00,59.00,59.00,59.00,59.00,59.00
2026-08-18 18:44:54,59.00,154.00,154.00,59.00,349.00,269.00,124.00,124.00,59.00,105.00,59.00,59.00,59.00,59.00,59.00
2026-08-18 18:54:48,59.00,154.00,154.00,59.00,349.00,269.00,124.00,124.00,59.00,105.00,59.00,59.00,59.00,59.00,59.00
2026-08-18 19:04:55,59.00,154.00,154.00,59.00,349.00,269.00,124.00,124.00,59.00,105.00,59.00,59.00,59.00,59.00,59.00
2026-08-18 19:14:49,59.00,154.00,154.00,59.00,349.00,269.00,124.00,124.00,59.00,105.00,59.00,59.00,59.00,59.00,59.00
2026-08-18 19:24:59,59.00,154.00,154.00,59.00,349.00,269.00,124.00,124.00,59.00,105.00,59.00,59.00,59.00,59.00,59.00
2026-08-18 19:35:02,59.00,154.00,154.00,59.00,349.00,269.00,124.00,124.00,59.00,105.00,59.00,59.00,59.00,59.00,59.00
2026-08-18 19:44:47,59.00,154.00,154.00,59.00,349.00,269.00,124.00,124.00,59.00,105.00,59.00,59.00,59.00,59.00,59.00
2026-08-18 19:54:52,59.00,154.00,154.00,59.00,349.00,269.00,124.00,124.00,59.00,105.00,59.00,59.00,59.00,59.00,59.00
2026-08-18 20:04:59,59.00,154.00,154.00,59.00,349.00,269.00,124.00,124.00,59.00,105.00,59.00,59.00,59.00,59.00,59.00
2026-08-18 20:15:05,59.00,154.00,154.00,59.00,349.00,269.00,124.00,124.00,59.00,105.00,59.00,59.00,59.00,59.00,59.00
2026-08-18 20:25:10,59.00,,154.00,154.00,349.00,269.00,,,59.00,,,59.00,,59.00,59.00
2026-08-18 20:35:08,59.00,154.00,154.00,59.00,349.00,269.00,124.00,124.00,59.00,105.00,59.00,59.00,59.00,59.00,59.00
2026-08-18 20:44:50,59.00,154.00,154.00,59.00,349.00,269.00,124.00,124.00,59.00,105.00,59.00,59.00,59.00,59.00,59.00
2026-08-18 20:54:39,59.00,154.00,154.00,59.00,349.00,269.00,124.00,124.00,59.00,105.00,59.00,59.00,59.00,59.00,59.00
2026-08-18 21:05:13,59.00,154.00,154.00,59.00,349.00,269.00,124.00,124.00,59.00,105.00,59.00,59.00,59.00,59.00,59.00
2026-08-18 21:14:38,59.00,154.00,154.00,59.00,349.00,269.00,124.00,124.00,59.00,105.00,59.00,59.00,59.00,59.00,59.00
2026-08-18 21:24:50,59.00,154.00,154.00,59.00,349.00,269.00,124.00,124.00,59.00,105.00,59.00,59.00,59.00,59.00,59.00
2026-08-18 21:35:01,59.00,154.00,154.00,59.00,349.00,269.00,124.00,124.00,59.00,105.00,59.00,59.00,59.00,59.00,59.00
2026-08-18 21:44:56,59.00,154.00,154.00,59.00,349.00,269.00,124.00,124.00,59.00,105.00,59.00,59.00,59.00,59.00,59.00
2026-08-18 21:54:49,59.00,154.00,154.00,59.00,349.00,269.00,124.00,124.00,59.00,105.00,59.00,59.00,59.00,59.00,59.00
2026-08-18 22:04:56,59.00,154.00,154.00,59.00,349.00,269.00,124.00,124.00,59.00,105.00,59.00,59.00,59.00,59.00,59.00
2026-08-18 22:14:48,59.00,154.00,154.00,59.00,349.00,269.00,124.00,124.00,59.00,105.00,59.00,59.00,59.00,59.00,59.00
2026-08-18 22:24:42,59.00,154.00,154.00,59.00,349.00,269.00,124.00,124.00,59.00,105.00,59.00,59.00,59.00,59.00,59.00
2026-08-18 22:34:54,59.00,154.00,154.00,59.00,349.00,269.00,124.00,124.00,59.00,105.00,59.00,59.00,59.00,59.00,59.00
2026-08-18 22:45:16,59.00,154.00,154.00,59.00,349.00,269.00,124.00,124.00,59.00,94.00,59.00,59.00,59.00,59.00,59.00
2026-08-18 22:55:06,,154.00,154.00,59.00,,,124.00,124.00,,94.00,59.00,,59.00,,
2026-08-18 23:05:01,59.00,154.00,154.00,59.00,349.00,269.00,124.00,124.00,59.00,105.00,59.00,59.00,59.00,59.00,59.00
2026-08-18 23:14:41,59.00,154.00,154.00,59.00,349.00,269.00,124.00,124.00,59.00,94.00,59.00,59.00,59.00,59.00,59.00
2026-08-18 23:25:31,59.00,154.00,154.00,59.00,349.00,269.00,124.00,124.00,59.00,94.00,59.00,59.00,59.00,59.00,59.00
2026-08-18 23:35:04,59.00,154.00,154.00,59.00,349.00,269.00,124.00,124.00,59.00,94.00,59.00,59.00,59.00,59.00,59.00
2026-08-18 23:44:59,59.00,154.00,154.00,59.00,349.00,269.00,124.00,124.00,59.00,94.00,59.00,59.00,59.00,59.00,59.00
2026-08-18 23:54:54,59.00,154.00,154.00,59.00,349.00,269.00,124.00,124.00,59.00,94.00,59.00,59.00,59.00,59.00,59.00
2026-08-19 00:04:56,59.00,154.00,154.00,59.00,349.00,269.00,124.00,124.00,59.00,94.00,59.00,59.00,59.00,59.00,59.00
2026-08-19 00:14:52,59.00,154.00,154.00,59.00,349.00,269.00,124.00,124.00,59.00,94.00,59.00,59.00,59.00,59.00,59.00
2026-08-19 00:24:50,59.00,154.00,154.00,59.00,349.00,269.00,124.00,124.00,59.00,94.00,59.00,59.00,59.00,59.00,59.00
2026-08-19 00:34:55,69.00,164.00,164.00,69.00,349.00,269.00,124.00,124.00,59.00,94.00,59.00,59.00,59.00,59.00,59.00
2026-08-19 00:44:52,69.00,164.00,164.00,69.00,349.00,269.00,124.00,124.00,59.00,94.00,59.00,59.00,59.00,59.00,59.00
2026-08-19 00:54:57,69.00,164.00,164.00,69.00,349.00,269.00,124.00,124.00,59.00,94.00,59.00,59.00,59.00,59.00,59.00
2026-08-19 01:05:23,,164.00,164.00,69.00,,,124.00,124.00,,94.00,59.00,,59.00,,
2026-08-19 01:14:49,69.00,164.00,164.00,69.00,349.00,269.00,124.00,124.00,59.00,94.00,59.00,59.00,59.00,59.00,59.00
2026-08-19 01:25:03,69.00,164.00,164.00,69.00,349.00,269.00,124.00,124.00,59.00,94.00,59.00,59.00,59.00,59.00,59.00
2026-08-19 01:35:06,69.00,164.00,164.00,69.00,349.00,269.00,124.00,124.00,59.00,94.00,59.00,59.00,59.00,59.00,59.00
2026-08-19 01:44:48,69.00,164.00,164.00,69.00,349.00,269.00,124.00,124.00,59.00,94.00,59.00,59.00,59.00,59.00,59.00
2026-08-19 01:54:58,69.00,164.00,164.00,69.00,349.00,269.00,124.00,124.00,59.00,94.00,59.00,59.00,59.00,59.00,59.00
2026-08-19 02:05:07,69.00,69.00,164.00,69.00,349.00,269.00,124.00,124.00,59.00,94.00,59.00,59.00,59.00,59.00,59.00
2026-08-19 02:15:16,69.00,69.00,164.00,69.00,349.00,269.00,124.00,124.00,59.00,94.00,59.00,59.00,59.00,59.00,59.00
2026-08-19 02:25:21,69.00,69.00,164.00,69.00,349.00,269.00,124.00,124.00,59.00,94.00,59.00,59.00,59.00,59.00,59.00
2026-08-19 02:35:02,69.00,69.00,164.00,69.00,349.00,269.00,124.00,124.00,59.00,94.00,59.00,59.00,59.00,59.00,59.00
2026-08-19 02:45:22,69.00,69.00,164.00,69.00,349.00,269.00,124.00,124.00,59.00,94.00,59.00,59.00,59.00,59.00,59.00
2026-08-19 02:55:15,69.00,69.00,164.00,69.00,349.00,269.00,124.00,124.00,59.00,94.00,59.00,59.00,59.00,59.00,59.00
2026-08-19 03:05:09,69.00,69.00,164.00,69.00,349.00,269.00,124.00,124.00,59.00,94.00,59.00,59.00,59.00,59.00,59.00
2026-08-19 03:15:05,69.00,69.00,164.00,69.00,349.00,269.00,124.00,124.00,59.00,94.00,59.00,59.00,59.00,59.00,59.00
2026-08-19 03:25:04,69.00,69.00,164.00,69.00,349.00,269.00,124.00,124.00,59.00,94.00,59.00,59.00,59.00,59.00,59.00
2026-08-19 03:35:17,69.00,69.00,164.00,69.00,349.00,269.00,124.00,124.00,59.00,94.00,59.00,59.00,59.00,59.00,59.00
2026-08-19 03:45:09,69.00,69.00,164.00,69.00,349.00,269.00,124.00,124.00,59.00,94.00,59.00,59.00,59.00,59.00,59.00
2026-08-19 03:55:04,69.00,69.00,164.00,69.00,349.00,269.00,124.00,124.00,59.00,94.00,59.00,59.00,59.00,59.00,59.00
2026-08-19 04:05:13,69.00,69.00,164.00,69.00,349.00,269.00,124.00,124.00,59.00,94.00,59.00,59.00,59.00,59.00,59.00
2026-08-19 04:15:00,69.00,69.00,164.00,69.00,349.00,269.00,124.00,124.00,59.00,94.00,59.00,59.00,59.00,59.00,59.00
2026-08-19 04:25:09,69.00,69.00,164.00,69.00,349.00,269.00,124.00,124.00,59.00,94.00,59.00,59.00,59.00,59.00,59.00
2026-08-19 04:35:18,69.00,69.00,164.00,69.00,349.00,269.00,124.00,124.00,59.00,94.00,59.00,59.00,59.00,59.00,59.00
2026-08-19 04:44:55,69.00,69.00,164.00,69.00,349.00,269.00,124.00,124.00,59.00,94.00,59.00,59.00,59.00,59.00,59.00
2026-08-19 04:55:11,69.00,69.00,164.00,69.00,349.00,269.00,124.00,124.00,59.00,94.00,59.00,59.00,59.00,59.00,59.00
2026-08-19 05:04:59,69.00,69.00,164.00,69.00,349.00,269.00,124.00,124.00,59.00,94.00,59.00,59.00,59.00,59.00,59.00
2026-08-19 05:15:00,69.00,69.00,164.00,69.00,349.00,269.00,124.00,124.00,59.00,94.00,59.00,59.00,59.00,59.00,59.00
2026-08-19 05:24:51,69.00,69.00,164.00,69.00,349.00,269.00,124.00,124.00,59.00,94.00,59.00,59.00,59.00,59.00,59.00
2026-08-19 05:35:03,69.00,69.00,164.00,69.00,349.00,269.00,124.00,124.00,59.00,94.00,59.00,59.00,59.00,59.00,59.00
2026-08-19 05:44:51,69.00,69.00,164.00,69.00,349.00,269.00,124.00,124.00,59.00,94.00,59.00,59.00,59.00,59.00,59.00
2026-08-19 05:55:02,69.00,69.00,164.00,69.00,349.00,269.00,124.00,124.00,59.00,94.00,59.00,59.00,59.00,59.00,59.00
2026-08-19 06:04:57,69.00,69.00,164.00,69.00,349.00,269.00,124.00,124.00,59.00,94.00,59.00,59.00,59.00,59.00,59.00
2026-08-19 06:14:58,69.00,69.00,164.00,69.00,349.00,269.00,124.00,124.00,59.00,94.00,59.00,59.00,59.00,59.00,59.00
2026-08-19 06:24:56,69.00,69.00,164.00,69.00,349.00,269.00,124.00,124.00,59.00,94.00,59.00,59.00,59.00,59.00,59.00
2026-08-19 06:35:02,69.00,69.00,164.00,69.00,349.00,269.00,124.00,124.00,59.00,94.00,59.00,59.00,59.00,59.00,59.00
2026-08-19 06:44:55,69.00,69.00,164.00,69.00,349.00,269.00,124.00,124.00,59.00,94.00,59.00,59.00,59.00,59.00,59.00
2026-08-19 06:55:03,69.00,69.00,164.00,69.00,349.00,269.00,124.00,124.00,59.00,94.00,59.00,59.00,59.00,59.00,59.00
2026-08-19 07:05:03,69.00,69.00,164.00,69.00,349.00,269.00,124.00,124.00,59.00,94.00,59.00,59.00,59.00,59.00,59.00
2026-08-19 07:15:10,69.00,69.00,164.00,69.00,349.00,269.00,124.00,124.00,59.00,94.00,59.00,59.00,59.00,59.00,59.00
2026-08-19 07:25:10,69.00,69.00,164.00,69.00,349.00,269.00,124.00,124.00,59.00,94.00,59.00,59.00,59.00,59.00,59.00
2026-08-19 07:35:08,69.00,69.00,164.00,69.00,349.00,269.00,124.00,124.00,59.00,94.00,59.00,59.00,59.00,59.00,59.00
2026-08-19 07:44:56,69.00,69.00,164.00,69.00,349.00,269.00,124.00,124.00,59.00,94.00,59.00,59.00,59.00,59.00,59.00
2026-08-19 07:55:09,69.00,69.00,164.00,69.00,349.00,269.00,124.00,124.00,59.00,94.00,59.00,59.00,59.00,59.00,59.00
2026-08-19 08:05:09,69.00,69.00,164.00,69.00,349.00,269.00,124.00,124.00,59.00,94.00,59.00,59.00,59.00,59.00,59.00
2026-08-19 08:15:04,69.00,69.00,164.00,69.00,349.00,269.00,124.00,124.00,59.00,94.00,59.00,59.00,59.00,59.00,59.00
2026-08-19 08:24:55,69.00,69.00,164.00,69.00,349.00,269.00,124.00,124.00,59.00,94.00,59.00,59.00,59.00,59.00,59.00
2026-08-19 08:35:13,69.00,69.00,164.00,69.00,349.00,269.00,124.00,124.00,59.00,94.00,59.00,59.00,59.00,59.00,59.00
2026-08-19 08:45:01,69.00,69.00,164.00,69.00,349.00,269.00,124.00,124.00,59.00,94.00,59.00,59.00,59.00,59.00,59.00
2026-08-19 08:55:05,69.00,69.00,164.00,69.00,349.00,269.00,124.00,124.00,59.00,94.00,59.00,59.00,59.00,59.00,59.00
2026-08-19 09:05:11,69.00,69.00,164.00,69.00,349.00,269.00,124.00,124.00,59.00,76.00,59.00,59.00,59.00,59.00,59.00
2026-08-19 09:14:56,69.00,69.00,164.00,69.00,349.00,269.00,124.00,124.00,59.00,76.00,59.00,59.00,59.00,59.00,59.00
2026-08-19 09:25:00,69.00,69.00,164.00,69.00,349.00,269.00,124.00,124.00,59.00,76.00,59.00,59.00,59.00,59.00,59.00
2026-08-19 09:35:03,69.00,69.00,164.00,69.00,349.00,269.00,124.00,124.00,59.00,76.00,59.00,59.00,59.00,59.00,59.00
2026-08-19 09:45:00,69.00,69.00,164.00,69.00,349.00,269.00,124.00,124.00,59.00,76.00,59.00,59.00,59.00,59.00,59.00
2026-08-19 09:55:01,69.00,69.00,164.00,69.00,349.00,269.00,124.00,124.00,59.00,76.00,59.00,59.00,59.00,59.00,59.00
2026-08-19 10:05:09,69.00,69.00,164.00,69.00,349.00,269.00,124.00,124.00,59.00,76.00,59.00,59.00,59.00,59.00,59.00
2026-08-19 10:15:00,69.00,69.00,164.00,69.00,349.00,269.00,124.00,124.00,59.00,76.00,59.00,59.00,59.00,59.00,59.00
2026-08-19 10:24:51,69.00,69.00,164.00,69.00,349.00,269.00,124.00,124.00,59.00,76.00,59.00,59.00,59.00,59.00,59.00
2026-08-19 10:34:59,69.00,69.00,164.00,69.00,349.00,269.00,124.00,124.00,59.00,76.00,59.00,59.00,59.00,59.00,59.00
2026-08-19 10:44:59,69.00,69.00,164.00,69.00,349.00,269.00,124.00,124.00,59.00,76.00,59.00,59.00,59.00,59.00,59.00
2026-08-19 10:54:53,69.00,69.00,164.00,69.00,349.00,269.00,124.00,124.00,59.00,76.00,59.00,59.00,59.00,59.00,59.00
2026-08-19 11:05:04,69.00,69.00,164.00,69.00,349.00,269.00,124.00,124.00,59.00,76.00,59.00,59.00,59.00,59.00,59.00
2026-08-19 11:14:58,69.00,69.00,164.00,69.00,349.00,269.00,124.00,124.00,59.00,76.00,59.00,59.00,59.00,59.00,59.00
2026-08-19 11:25:13,69.00,69.00,164.00,69.00,349.00,269.00,124.00,124.00,59.00,76.00,59.00,59.00,59.00,59.00,59.00
2026-08-19 11:34:56,69.00,69.00,164.00,69.00,349.00,269.00,124.00,124.00,59.00,76.00,59.00,59.00,59.00,59.00,59.00
2026-08-19 11:44:52,69.00,69.00,164.00,69.00,349.00,269.00,124.00,124.00,59.00,76.00,59.00,59.00,59.00,59.00,59.00
2026-08-19 11:55:10,69.00,69.00,164.00,69.00,349.00,269.00,124.00,124.00,59.00,76.00,59.00,59.00,59.00,59.00,59.00
2026-08-19 12:05:02,69.00,69.00,164.00,69.00,349.00,269.00,124.00,124.00,59.00,76.00,59.00,59.00,59.00,59.00,59.00
2026-08-19 12:14:59,69.00,69.00,164.00,69.00,349.00,269.00,124.00,124.00,59.00,76.00,59.00,59.00,59.00,59.00,59.00
2026-08-19 12:25:16,69.00,69.00,164.00,69.00,349.00,269.00,124.00,124.00,59.00,76.00,59.00,59.00,59.00,59.00,59.00
2026-08-19 12:35:27,69.00,69.00,164.00,69.00,349.00,269.00,124.00,124.00,59.00,76.00,59.00,59.00,59.00,59.00,59.00
2026-08-19 12:45:12,69.00,69.00,164.00,69.00,349.00,269.00,124.00,124.00,59.00,76.00,59.00,59.00,59.00,59.00,59.00
2026-08-19 12:54:52,69.00,69.00,164.00,69.00,349.00,269.00,124.00,124.00,59.00,76.00,59.00,59.00,59.00,59.00,59.00
2026-08-19 13:05:07,69.00,69.00,164.00,69.00,349.00,269.00,124.00,124.00,59.00,76.00,59.00,59.00,59.00,59.00,59.00
2026-08-19 13:15:14,69.00,69.00,164.00,69.00,349.00,269.00,124.00,124.00,59.00,76.00,59.00,59.00,59.00,59.00,59.00
2026-08-19 13:25:05,69.00,69.00,164.00,69.00,349.00,269.00,124.00,124.00,59.00,76.00,59.00,59.00,59.00,59.00,59.00
2026-08-19 13:35:12,69.00,69.00,164.00,69.00,349.00,269.00,124.00,124.00,59.00,76.00,59.00,59.00,59.00,59.00,59.00
2026-08-19 13:45:10,69.00,69.00,164.00,69.00,349.00,269.00,124.00,124.00,59.00,76.00,59.00,59.00,59.00,59.00,59.00
2026-08-19 13:55:08,69.00,69.00,164.00,69.00,349.00,269.00,124.00,124.00,59.00,76.00,59.00,59.00,59.00,59.00,59.00
2026-08-19 14:05:20,69.00,69.00,164.00,69.00,349.00,269.00,124.00,124.00,59.00,76.00,59.00,59.00,59.00,59.00,59.00
2026-08-19 14:15:08,69.00,69.00,164.00,69.00,349.00,269.00,124.00,124.00,59.00,76.00,59.00,59.00,59.00,59.00,59.00
2026-08-19 14:25:14,69.00,69.00,164.00,69.00,349.00,269.00,124.00,124.00,59.00,76.00,59.00,59.00,59.00,59.00,59.00
2026-08-19 14:35:06,69.00,69.00,164.00,69.00,349.00,269.00,124.00,124.00,59.00,76.00,59.00,59.00,59.00,59.00,59.00
2026-08-19 14:45:10,69.00,69.00,164.00,69.00,419.00,314.00,124.00,124.00,59.00,76.00,59.00,59.00,59.00,59.00,59.00
2026-08-19 14:55:00,69.00,69.00,164.00,69.00,419.00,314.00,124.00,124.00,59.00,76.00,59.00,59.00,59.00,59.00,59.00
2026-08-19 15:05:21,69.00,69.00,164.00,69.00,419.00,314.00,124.00,124.00,59.00,76.00,59.00,59.00,59.00,59.00,59.00
2026-08-19 15:15:14,69.00,69.00,164.00,69.00,419.00,314.00,124.00,124.00,59.00,76.00,59.00,59.00,59.00,59.00,59.00
2026-08-19 15:25:07,69.00,69.00,164.00,69.00,419.00,314.00,124.00,124.00,59.00,76.00,59.00,59.00,59.00,59.00,59.00
2026-08-19 15:35:41,69.00,69.00,164.00,69.00,419.00,314.00,124.00,124.00,59.00,76.00,59.00,59.00,59.00,59.00,59.00
2026-08-19 15:45:23,69.00,69.00,164.00,69.00,419.00,314.00,124.00,124.00,59.00,76.00,59.00,59.00,59.00,59.00,59.00
2026-08-19 15:55:17,69.00,69.00,164.00,69.00,419.00,314.00,124.00,124.00,59.00,76.00,59.00,59.00,59.00,59.00,59.00
2026-08-19 16:05:21,69.00,69.00,164.00,69.00,419.00,314.00,124.00,124.00,59.00,76.00,59.00,59.00,59.00,59.00,59.00
2026-08-19 16:15:11,69.00,69.00,164.00,69.00,419.00,314.00,124.00,124.00,59.00,76.00,59.00,59.00,59.00,59.00,59.00
2026-08-19 16:25:16,69.00,69.00,164.00,69.00,419.00,314.00,124.00,124.00,59.00,76.00,59.00,59.00,59.00,59.00,59.00
2026-08-19 16:35:18,69.00,69.00,164.00,69.00,419.00,314.00,124.00,124.00,59.00,76.00,59.00,59.00,59.00,59.00,59.00
2026-08-19 16:45:11,69.00,69.00,164.00,69.00,419.00,314.00,124.00,124.00,59.00,76.00,59.00,59.00,59.00,59.00,59.00
2026-08-19 16:55:35,69.00,69.00,164.00,69.00,419.00,314.00,124.00,124.00,59.00,76.00,59.00,59.00,59.00,59.00,59.00
2026-08-19 17:05:24,69.00,69.00,164.00,69.00,419.00,314.00,124.00,124.00,59.00,76.00,59.00,59.00,59.00,59.00,59.00
2026-08-19 17:15:14,69.00,69.00,164.00,69.00,419.00,314.00,124.00,124.00,59.00,76.00,59.00,59.00,59.00,59.00,59.00
2026-08-19 17:25:14,69.00,69.00,164.00,69.00,419.00,314.00,124.00,124.00,59.00,76.00,59.00,59.00,59.00,59.00,59.00
2026-08-19 17:35:24,69.00,69.00,164.00,69.00,409.00,304.00,124.00,124.00,59.00,76.00,59.00,59.00,59.00,59.00,59.00
2026-08-19 17:45:17,69.00,69.00,164.00,69.00,419.00,314.00,114.00,114.00,59.00,69.00,59.00,59.00,59.00,59.00,59.00
2026-08-19 17:55:09,69.00,69.00,164.00,69.00,409.00,304.00,114.00,114.00,59.00,69.00,59.00,59.00,59.00,59.00,59.00
2026-08-19 18:05:21,69.00,69.00,164.00,69.00,409.00,304.00,114.00,114.00,59.00,69.00,59.00,59.00,59.00,59.00,59.00
2026-08-19 18:15:13,69.00,69.00,164.00,69.00,409.00,304.00,114.00,114.00,59.00,69.00,59.00,59.00,59.00,59.00,59.00
2026-08-19 18:25:18,69.00,69.00,164.00,69.00,409.00,304.00,114.00,114.00,59.00,69.00,59.00,59.00,59.00,59.00,59.00
2026-08-19 18:35:14,69.00,69.00,164.00,69.00,409.00,304.00,114.00,114.00,59.00,69.00,59.00,59.00,59.00,59.00,59.00
2026-08-19 18:45:17,69.00,69.00,164.00,69.00,259.00,259.00,114.00,114.00,59.00,69.00,59.00,59.00,59.00,59.00,59.00
2026-08-19 18:55:13,69.00,69.00,164.00,69.00,259.00,259.00,114.00,114.00,59.00,69.00,59.00,59.00,59.00,59.00,59.00
2026-08-19 19:05:17,69.00,69.00,164.00,69.00,259.00,259.00,114.00,114.00,59.00,69.00,59.00,59.00,59.00,59.00,59.00
2026-08-19 19:15:13,69.00,69.00,164.00,69.00,259.00,259.00,114.00,114.00,59.00,69.00,59.00,59.00,59.00,59.00,59.00
2026-08-19 19:25:17,69.00,69.00,164.00,69.00,259.00,259.00,114.00,114.00,59.00,69.00,59.00,59.00,59.00,59.00,59.00
2026-08-19 19:35:27,69.00,69.00,164.00,69.00,259.00,259.00,114.00,114.00,59.00,69.00,59.00,59.00,59.00,59.00,59.00
2026-08-19 19:45:08,69.00,69.00,164.00,69.00,259.00,259.00,114.00,114.00,59.00,69.00,59.00,59.00,59.00,59.00,59.00
2026-08-19 19:55:11,69.00,69.00,164.00,69.00,259.00,259.00,114.00,114.00,59.00,69.00,59.00,59.00,59.00,59.00,59.00
2026-08-19 20:05:20,69.00,69.00,164.00,69.00,259.00,259.00,114.00,114.00,59.00,69.00,59.00,59.00,59.00,59.00,59.00
2026-08-19 20:15:29,69.00,69.00,164.00,69.00,259.00,259.00,114.00,114.00,59.00,69.00,59.00,59.00,59.00,59.00,59.00
2026-08-19 20:25:10,69.00,69.00,164.00,69.00,259.00,259.00,114.00,114.00,59.00,69.00,59.00,59.00,59.00,59.00,59.00
2026-08-19 20:35:29,69.00,69.00,164.00,69.00,259.00,259.00,114.00,114.00,59.00,86.00,59.00,59.00,59.00,59.00,59.00
2026-08-19 20:45:22,69.00,69.00,164.00,69.00,259.00,259.00,114.00,114.00,59.00,86.00,59.00,59.00,59.00,59.00,59.00
2026-08-19 20:55:31,69.00,69.00,164.00,69.00,259.00,259.00,114.00,114.00,59.00,86.00,59.00,59.00,59.00,59.00,59.00
2026-08-19 21:05:30,69.00,69.00,164.00,69.00,259.00,259.00,114.00,114.00,59.00,86.00,59.00,59.00,59.00,59.00,59.00
2026-08-19 21:15:09,69.00,69.00,164.00,69.00,259.00,259.00,114.00,114.00,59.00,86.00,59.00,59.00,59.00,59.00,59.00
2026-08-19 21:25:09,69.00,69.00,164.00,69.00,259.00,259.00,114.00,114.00,59.00,98.00,59.00,59.00,59.00,59.00,59.00
2026-08-19 21:35:23,69.00,69.00,164.00,69.00,259.00,259.00,114.00,114.00,59.00,98.00,59.00,59.00,59.00,59.00,59.00
2026-08-19 21:45:25,69.00,69.00,164.00,69.00,259.00,259.00,114.00,114.00,59.00,98.00,59.00,59.00,59.00,59.00,59.00
2026-08-19 21:55:13,69.00,69.00,164.00,69.00,259.00,259.00,114.00,114.00,59.00,98.00,59.00,59.00,59.00,59.00,59.00
2026-08-19 22:05:29,69.00,69.00,164.00,69.00,259.00,259.00,114.00,114.00,59.00,98.00,59.00,59.00,59.00,59.00,59.00
2026-08-19 22:15:09,69.00,69.00,164.00,69.00,259.00,259.00,114.00,114.00,59.00,98.00,59.00,59.00,59.00,59.00,59.00
2026-08-19 22:25:15,69.00,69.00,164.00,69.00,259.00,259.00,114.00,114.00,59.00,98.00,59.00,59.00,59.00,59.00,59.00
2026-08-19 22:35:27,69.00,69.00,164.00,69.00,259.00,259.00,114.00,114.00,59.00,98.00,59.00,59.00,59.00,59.00,59.00
2026-08-19 22:45:11,69.00,69.00,164.00,69.00,259.00,259.00,114.00,114.00,59.00,98.00,59.00,59.00,59.00,59.00,59.00
2026-08-19 22:55:12,69.00,69.00,164.00,69.00,259.00,259.00,114.00,114.00,59.00,98.00,59.00,59.00,59.00,59.00,59.00
2026-08-19 23:05:16,69.00,69.00,164.00,69.00,259.00,259.00,114.00,114.00,59.00,98.00,59.00,59.00,59.00,59.00,59.00
2026-08-19 23:15:30,69.00,69.00,164.00,69.00,259.00,259.00,114.00,114.00,59.00,98.00,59.00,59.00,59.00,59.00,59.00
2026-08-19 23:25:06,69.00,69.00,164.00,69.00,259.00,259.00,114.00,114.00,59.00,98.00,59.00,59.00,59.00,59.00,59.00
2026-08-19 23:35:23,69.00,69.00,164.00,69.00,259.00,259.00,114.00,114.00,59.00,98.00,59.00,59.00,59.00,59.00,59.00
2026-08-19 23:45:08,69.00,69.00,164.00,69.00,259.00,259.00,114.00,114.00,59.00,98.00,59.00,59.00,59.00,59.00,59.00
2026-08-19 23:55:16,69.00,69.00,164.00,69.00,259.00,259.00,114.00,114.00,59.00,98.00,59.00,59.00,59.00,59.00,59.00
2026-08-20 00:05:45,69.00,69.00,164.00,69.00,259.00,259.00,114.00,114.00,59.00,98.00,59.00,59.00,59.00,59.00,59.00
2026-08-20 00:15:13,69.00,69.00,164.00,69.00,259.00,259.00,114.00,114.00,59.00,98.00,59.00,59.00,59.00,59.00,59.00
2026-08-20 00:25:27,69.00,69.00,164.00,69.00,259.00,259.00,114.00,114.00,59.00,98.00,59.00,59.00,59.00,59.00,59.00
2026-08-20 00:35:15,69.00,69.00,164.00,69.00,259.00,259.00,114.00,114.00,59.00,98.00,59.00,59.00,59.00,59.00,59.00
2026-08-20 00:45:14,69.00,69.00,164.00,69.00,259.00,259.00,114.00,114.00,59.00,98.00,59.00,59.00,59.00,59.00,59.00
2026-08-20 00:55:16,69.00,69.00,164.00,69.00,259.00,304.00,114.00,114.00,59.00,98.00,59.00,59.00,59.00,59.00,59.00
2026-08-20 01:05:34,69.00,69.00,164.00,69.00,259.00,304.00,114.00,114.00,59.00,98.00,59.00,59.00,59.00,59.00,59.00
2026-08-20 01:15:37,69.00,69.00,164.00,69.00,259.00,304.00,114.00,114.00,59.00,98.00,59.00,59.00,59.00,59.00,59.00
2026-08-20 01:25:22,69.00,69.00,164.00,69.00,259.00,304.00,114.00,114.00,59.00,98.00,59.00,59.00,59.00,59.00,59.00
2026-08-20 01:35:12,69.00,69.00,164.00,69.00,259.00,304.00,114.00,114.00,59.00,98.00,59.00,59.00,59.00,59.00,59.00
2026-08-20 01:45:12,69.00,69.00,164.00,69.00,259.00,304.00,114.00,114.00,59.00,98.00,59.00,59.00,59.00,59.00,59.00
2026-08-20 01:55:21,69.00,69.00,164.00,69.00,259.00,304.00,114.00,114.00,59.00,98.00,59.00,59.00,59.00,59.00,59.00
2026-08-20 02:05:41,69.00,69.00,164.00,69.00,259.00,304.00,114.00,114.00,59.00,98.00,59.00,59.00,59.00,59.00,59.00
2026-08-20 02:15:39,69.00,69.00,164.00,69.00,259.00,304.00,114.00,114.00,59.00,98.00,59.00,59.00,59.00,59.00,59.00
2026-08-20 02:25:24,69.00,69.00,164.00,69.00,259.00,304.00,114.00,114.00,59.00,98.00,59.00,59.00,59.00,59.00,59.00
2026-08-20 02:35:30,69.00,,164.00,164.00,259.00,304.00,,,59.00,,,59.00,,59.00,59.00
2026-08-20 02:45:25,69.00,69.00,164.00,69.00,259.00,304.00,114.00,114.00,59.00,98.00,59.00,59.00,59.00,59.00,59.00
2026-08-20 02:55:15,69.00,69.00,164.00,69.00,259.00,304.00,114.00,114.00,59.00,98.00,59.00,59.00,59.00,59.00,59.00
2026-08-20 03:05:26,69.00,69.00,164.00,69.00,259.00,304.00,114.00,114.00,59.00,98.00,59.00,59.00,59.00,59.00,59.00
2026-08-20 03:15:21,69.00,69.00,164.00,69.00,259.00,304.00,114.00,114.00,59.00,98.00,59.00,59.00,59.00,59.00,59.00
2026-08-20 03:25:10,69.00,69.00,164.00,69.00,259.00,304.00,114.00,114.00,59.00,98.00,59.00,59.00,59.00,59.00,59.00
2026-08-20 03:35:33,69.00,69.00,164.00,69.00,259.00,304.00,114.00,114.00,59.00,98.00,59.00,59.00,59.00,59.00,59.00
2026-08-20 03:45:21,69.00,69.00,164.00,69.00,259.00,304.00,114.00,114.00,59.00,98.00,59.00,59.00,59.00,59.00,59.00
2026-08-20 03:55:14,69.00,69.00,164.00,69.00,259.00,304.00,114.00,114.00,59.00,98.00,59.00,59.00,59.00,59.00,59.00
2026-08-20 04:05:34,69.00,69.00,164.00,69.00,259.00,304.00,114.00,114.00,59.00,98.00,59.00,59.00,59.00,59.00,59.00
2026-08-20 04:15:18,69.00,69.00,164.00,69.00,259.00,304.00,114.00,114.00,59.00,98.00,59.00,59.00,59.00,59.00,59.00
2026-08-20 04:25:28,69.00,69.00,164.00,69.00,259.00,304.00,114.00,114.00,59.00,98.00,59.00,59.00,59.00,59.00,59.00
2026-08-20 04:35:14,69.00,69.00,164.00,69.00,259.00,304.00,114.00,114.00,59.00,98.00,59.00,59.00,59.00,59.00,59.00
2026-08-20 04:45:19,69.00,69.00,164.00,69.00,259.00,304.00,114.00,114.00,59.00,98.00,59.00,59.00,59.00,59.00,59.00
2026-08-20 04:55:17,69.00,69.00,164.00,69.00,259.00,304.00,114.00,114.00,59.00,98.00,59.00,59.00,59.00,59.00,59.00
2026-08-20 05:05:19,69.00,69.00,164.00,69.00,259.00,304.00,114.00,114.00,59.00,98.00,59.00,59.00,59.00,59.00,59.00
2026-08-20 05:15:15,69.00,69.00,164.00,69.00,259.00,304.00,114.00,114.00,59.00,98.00,59.00,59.00,59.00,59.00,59.00
2026-08-20 05:25:19,69.00,69.00,164.00,69.00,304.00,304.00,114.00,114.00,59.00,98.00,59.00,59.00,59.00,59.00,59.00
2026-08-20 05:35:23,69.00,69.00,164.00,69.00,304.00,304.00,114.00,114.00,59.00,98.00,59.00,59.00,59.00,59.00,59.00
2026-08-20 05:45:18,69.00,69.00,164.00,69.00,304.00,304.00,114.00,114.00,59.00,98.00,59.00,59.00,59.00,59.00,59.00
2026-08-20 05:55:05,69.00,69.00,164.00,69.00,304.00,304.00,114.00,114.00,59.00,98.00,59.00,59.00,59.00,59.00,59.00
2026-08-20 06:05:39,69.00,69.00,164.00,69.00,304.00,304.00,114.00,114.00,59.00,98.00,59.00,59.00,59.00,59.00,59.00
2026-08-20 06:15:10,69.00,69.00,164.00,69.00,304.00,304.00,114.00,114.00,59.00,98.00,59.00,59.00,59.00,59.00,59.00
2026-08-20 06:25:04,69.00,69.00,164.00,69.00,304.00,304.00,114.00,114.00,59.00,98.00,59.00,59.00,59.00,59.00,59.00
2026-08-20 06:35:19,69.00,69.00,164.00,69.00,304.00,304.00,114.00,114.00,59.00,98.00,59.00,59.00,59.00,59.00,59.00
2026-08-20 06:45:16,69.00,69.00,164.00,69.00,304.00,304.00,114.00,114.00,59.00,98.00,59.00,59.00,59.00,59.00,59.00
2026-08-20 06:55:12,69.00,69.00,164.00,69.00,304.00,304.00,114.00,114.00,59.00,98.00,59.00,59.00,59.00,59.00,59.00
2026-08-20 07:05:23,69.00,69.00,164.00,69.00,304.00,304.00,114.00,114.00,59.00,98.00,59.00,59.00,59.00,59.00,59.00
2026-08-20 07:15:19,69.00,69.00,164.00,69.00,304.00,304.00,114.00,114.00,59.00,98.00,59.00,59.00,59.00,59.00,59.00
2026-08-20 07:25:11,69.00,69.00,164.00,69.00,304.00,304.00,114.00,114.00,59.00,98.00,59.00,59.00,59.00,59.00,59.00
2026-08-20 07:35:25,69.00,69.00,164.00,69.00,304.00,304.00,114.00,114.00,59.00,98.00,59.00,59.00,59.00,59.00,59.00
2026-08-20 07:45:19,69.00,69.00,164.00,69.00,304.00,304.00,114.00,114.00,59.00,98.00,59.00,59.00,59.00,59.00,59.00
2026-08-20 07:55:17,69.00,69.00,164.00,69.00,304.00,304.00,114.00,114.00,59.00,98.00,59.00,59.00,59.00,59.00,59.00
2026-08-20 08:05:20,69.00,69.00,164.00,69.00,304.00,304.00,114.00,114.00,59.00,98.00,59.00,59.00,59.00,59.00,59.00
2026-08-20 08:15:12,69.00,69.00,164.00,69.00,304.00,304.00,114.00,114.00,59.00,98.00,59.00,59.00,59.00,59.00,59.00
2026-08-20 08:25:18,69.00,69.00,164.00,69.00,304.00,304.00,114.00,114.00,59.00,98.00,59.00,59.00,59.00,59.00,59.00
2026-08-20 08:35:21,69.00,69.00,164.00,69.00,304.00,304.00,114.00,114.00,59.00,98.00,59.00,59.00,59.00,59.00,59.00
2026-08-20 08:45:15,69.00,69.00,164.00,69.00,304.00,304.00,114.00,114.00,59.00,98.00,59.00,59.00,59.00,59.00,59.00
2026-08-20 08:55:19,69.00,69.00,164.00,69.00,304.00,304.00,114.00,114.00,59.00,86.00,59.00,59.00,59.00,59.00,59.00
2026-08-20 09:05:24,69.00,69.00,164.00,69.00,304.00,304.00,114.00,114.00,59.00,86.00,59.00,59.00,59.00,59.00,59.00
2026-08-20 09:15:18,69.00,69.00,164.00,69.00,304.00,304.00,114.00,114.00,59.00,86.00,59.00,59.00,59.00,59.00,59.00
2026-08-20 09:25:10,69.00,69.00,164.00,69.00,304.00,304.00,114.00,114.00,59.00,69.00,59.00,59.00,59.00,59.00,59.00
2026-08-20 09:35:19,69.00,69.00,164.00,69.00,304.00,304.00,114.00,114.00,59.00,69.00,59.00,59.00,59.00,59.00,59.00
2026-08-20 09:45:04,69.00,69.00,164.00,69.00,304.00,304.00,114.00,114.00,59.00,69.00,59.00,59.00,59.00,59.00,59.00
2026-08-20 09:55:26,69.00,69.00,164.00,69.00,304.00,304.00,114.00,114.00,59.00,69.00,59.00,59.00,59.00,59.00,59.00
2026-08-20 10:05:18,69.00,69.00,164.00,69.00,304.00,304.00,114.00,114.00,59.00,69.00,59.00,59.00,59.00,59.00,59.00
2026-08-20 10:14:59,69.00,69.00,164.00,69.00,304.00,304.00,114.00,114.00,59.00,69.00,59.00,59.00,59.00,59.00,59.00
2026-08-20 10:25:17,69.00,69.00,164.00,69.00,304.00,304.00,114.00,114.00,59.00,69.00,59.00,59.00,59.00,59.00,59.00
2026-08-20 10:35:31,69.00,69.00,164.00,69.00,304.00,304.00,114.00,114.00,59.00,69.00,59.00,59.00,59.00,59.00,59.00
2026-08-20 10:45:29,69.00,69.00,164.00,69.00,304.00,304.00,114.00,114.00,59.00,69.00,59.00,59.00,59.00,59.00,59.00
2026-08-20 10:55:24,69.00,69.00,164.00,69.00,304.00,304.00,114.00,114.00,59.00,69.00,59.00,59.00,59.00,59.00,59.00
2026-08-20 11:05:39,69.00,69.00,164.00,69.00,304.00,304.00,114.00,114.00,59.00,69.00,59.00,59.00,59.00,59.00,59.00
2026-08-20 11:15:19,69.00,69.00,164.00,69.00,304.00,304.00,114.00,114.00,59.00,69.00,59.00,59.00,59.00,59.00,59.00
2026-08-20 11:25:28,69.00,69.00,164.00,69.00,304.00,304.00,114.00,114.00,59.00,69.00,59.00,59.00,59.00,59.00,59.00
2026-08-20 11:35:34,69.00,69.00,164.00,69.00,304.00,304.00,114.00,114.00,59.00,69.00,59.00,59.00,59.00,59.00,59.00
2026-08-20 11:45:39,69.00,69.00,164.00,69.00,304.00,304.00,114.00,114.00,59.00,69.00,59.00,59.00,59.00,59.00,59.00
2026-08-20 11:55:41,69.00,69.00,164.00,69.00,304.00,304.00,114.00,114.00,59.00,69.00,59.00,59.00,59.00,59.00,59.00
2026-08-20 12:05:47,69.00,69.00,164.00,69.00,304.00,304.00,114.00,114.00,59.00,69.00,59.00,59.00,59.00,59.00,59.00
2026-08-20 12:15:35,69.00,69.00,164.00,69.00,304.00,304.00,114.00,114.00,59.00,69.00,59.00,59.00,59.00,59.00,59.00
2026-08-20 12:25:28,69.00,69.00,164.00,69.00,304.00,304.00,114.00,114.00,59.00,69.00,59.00,59.00,59.00,59.00,59.00
2026-08-20 12:35:27,69.00,69.00,164.00,69.00,304.00,304.00,114.00,114.00,59.00,69.00,59.00,59.00,59.00,59.00,59.00
2026-08-20 12:45:34,69.00,69.00,164.00,69.00,304.00,304.00,114.00,114.00,59.00,69.00,59.00,59.00,59.00,59.00,59.00
2026-08-20 12:55:31,69.00,69.00,164.00,69.00,304.00,304.00,114.00,114.00,59.00,69.00,59.00,59.00,59.00,59.00,59.00
2026-08-20 13:06:07,69.00,164.00,164.00,69.00,304.00,304.00,114.00,114.00,59.00,69.00,59.00,59.00,59.00,59.00,59.00
2026-08-20 13:15:36,69.00,164.00,164.00,69.00,304.00,304.00,114.00,114.00,59.00,69.00,59.00,59.00,59.00,59.00,59.00
2026-08-20 13:25:44,,164.00,164.00,69.00,,,114.00,114.00,,69.00,59.00,,59.00,,
2026-08-20 13:35:34,69.00,164.00,164.00,69.00,304.00,304.00,114.00,114.00,59.00,69.00,59.00,59.00,59.00,59.00,59.00
2026-08-20 13:45:23,69.00,164.00,164.00,69.00,304.00,304.00,114.00,114.00,59.00,69.00,59.00,59.00,59.00,59.00,59.00
2026-08-20 13:55:44,69.00,164.00,164.00,69.00,304.00,304.00,114.00,114.00,59.00,69.00,59.00,59.00,59.00,59.00,59.00
2026-08-20 14:05:47,69.00,164.00,164.00,69.00,304.00,304.00,114.00,114.00,59.00,69.00,59.00,59.00,59.00,59.00,59.00
2026-08-20 14:15:26,69.00,164.00,164.00,69.00,304.00,304.00,114.00,114.00,59.00,69.00,59.00,59.00,59.00,59.00,59.00
2026-08-20 14:25:29,69.00,164.00,164.00,69.00,304.00,304.00,114.00,114.00,59.00,69.00,59.00,59.00,59.00,59.00,59.00
2026-08-20 14:35:30,69.00,164.00,164.00,69.00,304.00,304.00,114.00,114.00,59.00,69.00,59.00,59.00,59.00,59.00,59.00
2026-08-20 14:45:37,69.00,164.00,164.00,69.00,304.00,304.00,114.00,114.00,59.00,69.00,59.00,59.00,59.00,59.00,59.00
2026-08-20 14:55:51,69.00,164.00,164.00,69.00,304.00,304.00,114.00,114.00,59.00,69.00,59.00,59.00,59.00,59.00,59.00
2026-08-20 15:05:28,69.00,164.00,164.00,69.00,304.00,304.00,114.00,114.00,59.00,69.00,59.00,59.00,59.00,59.00,59.00
2026-08-20 15:15:30,69.00,164.00,164.00,69.00,304.00,304.00,114.00,114.00,59.00,69.00,59.00,59.00,59.00,59.00,59.00
2026-08-20 15:25:38,69.00,164.00,164.00,69.00,304.00,304.00,114.00,114.00,59.00,69.00,59.00,59.00,59.00,59.00,59.00
2026-08-20 15:36:02,69.00,164.00,164.00,69.00,304.00,304.00,114.00,114.00,59.00,69.00,59.00,59.00,59.00,59.00,59.00
2026-08-20 15:45:29,69.00,164.00,164.00,69.00,304.00,304.00,114.00,114.00,59.00,69.00,59.00,59.00,59.00,59.00,59.00
2026-08-20 15:55:34,69.00,164.00,164.00,69.00,304.00,304.00,114.00,114.00,59.00,69.00,59.00,59.00,59.00,59.00,59.00
2026-08-20 16:05:25,69.00,164.00,164.00,69.00,304.00,304.00,114.00,114.00,59.00,69.00,59.00,59.00,59.00,59.00,59.00
2026-08-20 16:15:50,69.00,164.00,164.00,69.00,304.00,304.00,114.00,114.00,59.00,69.00,59.00,59.00,59.00,59.00,59.00
2026-08-20 16:25:37,69.00,164.00,164.00,69.00,304.00,304.00,114.00,114.00,59.00,69.00,59.00,59.00,59.00,59.00,59.00
2026-08-20 16:35:40,69.00,164.00,164.00,69.00,304.00,304.00,114.00,114.00,59.00,69.00,59.00,59.00,59.00,59.00,59.00
2026-08-20 16:45:50,69.00,164.00,164.00,69.00,304.00,304.00,114.00,114.00,59.00,110.00,59.00,59.00,59.00,59.00,59.00
2026-08-20 16:55:34,69.00,164.00,164.00,69.00,304.00,304.00,114.00,114.00,59.00,110.00,59.00,59.00,59.00,59.00,59.00
2026-08-20 17:05:39,69.00,164.00,164.00,69.00,304.00,304.00,114.00,114.00,59.00,110.00,59.00,59.00,59.00,59.00,59.00
2026-08-20 17:20:44,69.00,164.00,164.00,69.00,304.00,304.00,114.00,114.00,59.00,110.00,59.00,59.00,59.00,59.00,59.00
2026-08-20 17:27:43,69.00,164.00,164.00,69.00,304.00,304.00,114.00,114.00,59.00,110.00,59.00,59.00,59.00,59.00,59.00
2026-08-20 17:35:27,69.00,164.00,164.00,69.00,304.00,304.00,114.00,114.00,59.00,110.00,59.00,59.00,59.00,59.00,59.00
2026-08-20 17:45:45,59.00,154.00,154.00,59.00,304.00,304.00,114.00,114.00,59.00,110.00,59.00,59.00,59.00,59.00,59.00
2026-08-20 17:55:37,59.00,154.00,154.00,59.00,304.00,304.00,114.00,114.00,59.00,110.00,59.00,59.00,59.00,59.00,59.00
2026-08-20 18:05:49,59.00,154.00,154.00,59.00,304.00,304.00,114.00,114.00,59.00,110.00,59.00,59.00,59.00,59.00,59.00
2026-08-20 18:15:24,59.00,154.00,154.00,59.00,304.00,304.00,114.00,114.00,59.00,110.00,59.00,59.00,59.00,59.00,59.00
2026-08-20 18:25:34,59.00,154.00,154.00,59.00,304.00,304.00,114.00,114.00,59.00,110.00,59.00,59.00,59.00,59.00,59.00
2026-08-20 18:35:46,59.00,154.00,154.00,59.00,304.00,304.00,114.00,114.00,59.00,110.00,59.00,59.00,59.00,59.00,59.00
2026-08-20 18:45:39,59.00,154.00,154.00,59.00,304.00,304.00,114.00,114.00,59.00,110.00,59.00,59.00,59.00,59.00,59.00
2026-08-20 18:55:48,59.00,154.00,154.00,59.00,304.00,304.00,114.00,114.00,59.00,110.00,59.00,59.00,59.00,59.00,59.00
2026-08-20 19:06:03,59.00,154.00,154.00,59.00,304.00,304.00,114.00,114.00,59.00,110.00,59.00,59.00,59.00,59.00,59.00
2026-08-20 19:15:44,59.00,154.00,154.00,59.00,304.00,304.00,114.00,114.00,59.00,110.00,59.00,59.00,59.00,59.00,59.00
2026-08-20 19:25:51,59.00,154.00,154.00,59.00,304.00,304.00,114.00,114.00,59.00,110.00,59.00,69.00,59.00,59.00,59.00
2026-08-20 19:35:55,59.00,154.00,154.00,59.00,304.00,304.00,114.00,114.00,59.00,110.00,59.00,69.00,59.00,59.00,59.00
2026-08-20 19:45:51,59.00,154.00,154.00,59.00,304.00,304.00,114.00,114.00,59.00,110.00,59.00,69.00,59.00,59.00,59.00
2026-08-20 19:55:44,59.00,154.00,154.00,59.00,304.00,304.00,114.00,114.00,59.00,110.00,59.00,69.00,59.00,59.00,59.00
2026-08-20 20:05:53,59.00,154.00,154.00,59.00,304.00,304.00,114.00,114.00,59.00,110.00,59.00,69.00,59.00,59.00,59.00
2026-08-20 20:15:40,59.00,154.00,154.00,59.00,304.00,304.00,114.00,114.00,59.00,110.00,59.00,69.00,59.00,59.00,59.00
2026-08-20 20:25:23,59.00,154.00,154.00,59.00,304.00,304.00,114.00,114.00,59.00,110.00,59.00,69.00,59.00,59.00,59.00
2026-08-20 20:35:43,59.00,154.00,154.00,59.00,304.00,304.00,114.00,114.00,59.00,110.00,59.00,69.00,59.00,59.00,59.00
2026-08-20 20:45:44,59.00,154.00,154.00,59.00,304.00,304.00,114.00,114.00,59.00,110.00,59.00,69.00,59.00,59.00,59.00
2026-08-20 20:55:43,59.00,154.00,154.00,59.00,304.00,304.00,114.00,114.00,59.00,110.00,59.00,69.00,59.00,59.00,59.00
2026-08-20 21:05:45,59.00,154.00,154.00,59.00,304.00,304.00,114.00,114.00,59.00,110.00,59.00,69.00,59.00,59.00,59.00
2026-08-20 21:15:37,59.00,154.00,154.00,59.00,304.00,304.00,114.00,114.00,59.00,110.00,59.00,69.00,59.00,59.00,59.00
2026-08-20 21:25:53,59.00,154.00,154.00,59.00,314.00,304.00,124.00,114.00,59.00,110.00,59.00,69.00,59.00,59.00,59.00
2026-08-20 21:35:44,59.00,154.00,154.00,59.00,314.00,304.00,124.00,114.00,59.00,110.00,59.00,69.00,59.00,59.00,59.00
2026-08-20 21:45:45,59.00,154.00,154.00,59.00,304.00,304.00,114.00,114.00,59.00,110.00,59.00,69.00,59.00,59.00,59.00
2026-08-20 21:55:39,59.00,154.00,154.00,59.00,304.00,304.00,114.00,114.00,59.00,110.00,59.00,69.00,59.00,59.00,59.00
2026-08-20 22:05:43,59.00,154.00,154.00,59.00,304.00,304.00,114.00,114.00,59.00,110.00,59.00,69.00,59.00,59.00,59.00
2026-08-20 22:15:47,59.00,154.00,154.00,59.00,314.00,314.00,124.00,124.00,59.00,110.00,59.00,69.00,59.00,59.00,59.00
2026-08-20 22:25:51,59.00,154.00,154.00,59.00,314.00,314.00,124.00,124.00,59.00,110.00,59.00,69.00,59.00,59.00,59.00
2026-08-20 22:35:56,59.00,154.00,154.00,59.00,314.00,314.00,124.00,124.00,59.00,110.00,59.00,69.00,59.00,59.00,59.00
2026-08-20 22:45:34,59.00,154.00,154.00,59.00,314.00,314.00,124.00,124.00,59.00,110.00,59.00,69.00,59.00,59.00,59.00
2026-08-20 22:55:28,59.00,154.00,154.00,59.00,314.00,314.00,124.00,124.00,59.00,110.00,59.00,69.00,59.00,59.00,59.00
2026-08-20 23:05:55,59.00,154.00,154.00,59.00,314.00,314.00,124.00,124.00,59.00,110.00,59.00,69.00,59.00,59.00,59.00
2026-08-20 23:15:46,59.00,154.00,154.00,59.00,314.00,314.00,124.00,124.00,59.00,110.00,59.00,69.00,59.00,59.00,59.00
2026-08-20 23:25:32,59.00,154.00,154.00,59.00,314.00,314.00,124.00,124.00,59.00,110.00,59.00,69.00,59.00,59.00,59.00
2026-08-20 23:35:53,59.00,154.00,154.00,59.00,314.00,314.00,124.00,124.00,59.00,110.00,59.00,69.00,59.00,59.00,59.00
2026-08-20 23:46:00,59.00,154.00,154.00,59.00,314.00,314.00,124.00,124.00,59.00,110.00,59.00,69.00,59.00,59.00,59.00
2026-08-20 23:55:43,59.00,154.00,154.00,59.00,314.00,314.00,124.00,124.00,59.00,110.00,59.00,69.00,59.00,59.00,59.00
2026-08-21 00:06:18,59.00,154.00,154.00,59.00,314.00,314.00,124.00,124.00,59.00,110.00,59.00,69.00,59.00,59.00,59.00
2026-08-21 00:15:54,59.00,154.00,154.00,59.00,314.00,314.00,124.00,124.00,59.00,110.00,59.00,69.00,59.00,59.00,59.00
2026-08-21 00:26:11,59.00,154.00,154.00,59.00,314.00,314.00,124.00,124.00,59.00,110.00,59.00,69.00,59.00,59.00,59.00
2026-08-21 00:36:07,59.00,154.00,154.00,59.00,314.00,314.00,124.00,124.00,59.00,110.00,59.00,69.00,59.00,59.00,59.00
2026-08-21 00:55:55,59.00,154.00,154.00,59.00,314.00,314.00,124.00,124.00,59.00,110.00,59.00,86.00,59.00,59.00,59.00
2026-08-21 01:05:58,59.00,154.00,154.00,59.00,314.00,314.00,124.00,124.00,59.00,110.00,59.00,86.00,59.00,59.00,59.00
2026-08-21 01:15:58,59.00,154.00,154.00,59.00,314.00,314.00,124.00,124.00,59.00,110.00,59.00,86.00,59.00,59.00,59.00
2026-08-21 01:25:36,59.00,154.00,154.00,59.00,314.00,314.00,124.00,124.00,59.00,110.00,59.00,86.00,59.00,59.00,59.00
2026-08-21 01:35:55,59.00,154.00,154.00,59.00,314.00,314.00,124.00,124.00,59.00,110.00,59.00,86.00,59.00,59.00,59.00
2026-08-21 01:45:36,59.00,154.00,154.00,59.00,314.00,314.00,124.00,124.00,59.00,110.00,59.00,86.00,59.00,59.00,59.00
2026-08-21 01:55:46,59.00,154.00,154.00,59.00,314.00,314.00,124.00,124.00,59.00,110.00,59.00,86.00,59.00,59.00,59.00
2026-08-21 02:05:52,59.00,154.00,154.00,59.00,314.00,314.00,124.00,124.00,59.00,110.00,59.00,86.00,59.00,59.00,59.00
2026-08-21 02:15:35,59.00,154.00,154.00,59.00,314.00,314.00,124.00,124.00,59.00,110.00,59.00,86.00,59.00,59.00,59.00
2026-08-21 02:25:59,59.00,154.00,154.00,59.00,314.00,314.00,124.00,124.00,59.00,110.00,59.00,86.00,59.00,59.00,59.00
2026-08-21 02:36:07,59.00,154.00,154.00,59.00,314.00,314.00,124.00,124.00,59.00,110.00,59.00,86.00,59.00,59.00,59.00
2026-08-21 02:46:07,59.00,154.00,154.00,59.00,314.00,314.00,124.00,124.00,59.00,130.00,59.00,86.00,59.00,59.00,59.00
2026-08-21 02:55:59,59.00,154.00,154.00,59.00,314.00,314.00,124.00,124.00,59.00,130.00,59.00,89.00,59.00,59.00,59.00
2026-08-21 03:06:01,59.00,154.00,154.00,59.00,314.00,314.00,124.00,124.00,59.00,130.00,59.00,89.00,59.00,59.00,59.00
2026-08-21 03:15:57,59.00,154.00,154.00,59.00,314.00,314.00,124.00,124.00,59.00,130.00,59.00,89.00,59.00,59.00,59.00
2026-08-21 03:25:52,59.00,154.00,154.00,59.00,314.00,314.00,124.00,124.00,59.00,130.00,59.00,89.00,59.00,59.00,59.00
2026-08-21 03:35:44,59.00,154.00,154.00,59.00,314.00,314.00,124.00,124.00,59.00,130.00,59.00,89.00,59.00,59.00,59.00
2026-08-21 03:45:51,59.00,154.00,154.00,59.00,314.00,314.00,124.00,124.00,59.00,130.00,59.00,89.00,59.00,59.00,59.00
2026-08-21 03:55:46,59.00,154.00,154.00,59.00,314.00,314.00,124.00,124.00,59.00,130.00,59.00,89.00,59.00,59.00,59.00
2026-08-21 04:06:06,59.00,154.00,154.00,59.00,314.00,314.00,124.00,124.00,59.00,130.00,59.00,89.00,59.00,59.00,59.00
2026-08-21 04:15:38,59.00,154.00,154.00,59.00,314.00,314.00,124.00,124.00,59.00,130.00,59.00,89.00,59.00,59.00,59.00
2026-08-21 04:25:40,59.00,154.00,154.00,59.00,314.00,314.00,124.00,124.00,59.00,130.00,59.00,89.00,59.00,59.00,59.00
2026-08-21 04:35:30,59.00,154.00,154.00,59.00,314.00,314.00,124.00,124.00,59.00,130.00,59.00,89.00,59.00,59.00,59.00
2026-08-21 04:45:50,59.00,154.00,154.00,59.00,314.00,314.00,124.00,124.00,59.00,130.00,59.00,89.00,59.00,59.00,59.00
2026-08-21 04:56:15,,154.00,154.00,59.00,,,124.00,124.00,,130.00,59.00,,59.00,,
2026-08-21 05:06:00,59.00,154.00,154.00,59.00,314.00,314.00,124.00,124.00,59.00,130.00,59.00,89.00,59.00,59.00,59.00
2026-08-21 05:15:47,59.00,154.00,154.00,59.00,314.00,314.00,124.00,124.00,59.00,130.00,59.00,89.00,59.00,59.00,59.00
2026-08-21 05:25:52,59.00,154.00,154.00,59.00,314.00,314.00,124.00,124.00,59.00,130.00,59.00,89.00,59.00,59.00,59.00
2026-08-21 05:35:41,59.00,154.00,154.00,59.00,314.00,314.00,124.00,124.00,59.00,130.00,59.00,89.00,59.00,59.00,59.00
2026-08-21 05:45:36,59.00,154.00,154.00,59.00,314.00,314.00,124.00,124.00,59.00,130.00,59.00,89.00,59.00,59.00,59.00
2026-08-21 05:55:52,59.00,154.00,154.00,59.00,314.00,314.00,124.00,124.00,59.00,130.00,59.00,89.00,59.00,59.00,59.00
2026-08-21 06:05:28,59.00,154.00,154.00,59.00,314.00,314.00,124.00,124.00,59.00,130.00,59.00,89.00,59.00,59.00,59.00
2026-08-21 06:15:51,59.00,154.00,154.00,59.00,314.00,314.00,124.00,124.00,59.00,130.00,59.00,89.00,59.00,59.00,59.00
2026-08-21 06:25:36,59.00,154.00,154.00,59.00,314.00,314.00,124.00,124.00,59.00,130.00,59.00,89.00,59.00,59.00,59.00
2026-08-21 06:35:56,59.00,154.00,154.00,59.00,314.00,314.00,124.00,124.00,59.00,130.00,59.00,89.00,59.00,59.00,59.00
2026-08-21 06:45:44,59.00,154.00,154.00,59.00,314.00,314.00,124.00,124.00,59.00,130.00,59.00,89.00,59.00,59.00,59.00
2026-08-21 06:55:45,59.00,154.00,154.00,59.00,314.00,314.00,124.00,124.00,59.00,130.00,59.00,89.00,59.00,59.00,59.00
2026-08-21 07:06:11,59.00,154.00,154.00,59.00,314.00,314.00,124.00,124.00,59.00,130.00,59.00,89.00,59.00,59.00,59.00
2026-08-21 07:15:53,59.00,154.00,154.00,59.00,314.00,314.00,124.00,124.00,59.00,130.00,59.00,89.00,59.00,59.00,59.00
2026-08-21 07:25:54,59.00,154.00,154.00,59.00,314.00,314.00,124.00,124.00,59.00,130.00,59.00,89.00,59.00,59.00,59.00
2026-08-21 07:35:48,59.00,154.00,154.00,59.00,314.00,314.00,124.00,124.00,59.00,130.00,59.00,89.00,59.00,59.00,59.00
2026-08-21 07:45:26,59.00,154.00,154.00,59.00,314.00,314.00,124.00,124.00,59.00,130.00,59.00,89.00,59.00,59.00,59.00
2026-08-21 07:55:44,59.00,154.00,154.00,59.00,314.00,314.00,124.00,124.00,59.00,130.00,59.00,89.00,59.00,59.00,59.00
2026-08-21 08:05:48,59.00,154.00,154.00,59.00,314.00,314.00,124.00,124.00,59.00,130.00,59.00,89.00,59.00,59.00,59.00
2026-08-21 08:15:49,59.00,154.00,154.00,59.00,314.00,314.00,124.00,124.00,59.00,130.00,59.00,89.00,59.00,59.00,59.00
2026-08-21 08:25:47,59.00,154.00,154.00,59.00,314.00,314.00,124.00,124.00,59.00,130.00,59.00,69.00,59.00,59.00,59.00
2026-08-21 08:35:54,59.00,154.00,154.00,59.00,314.00,314.00,124.00,124.00,59.00,130.00,59.00,69.00,59.00,59.00,59.00
2026-08-21 08:45:44,59.00,154.00,154.00,59.00,314.00,314.00,124.00,124.00,59.00,130.00,59.00,69.00,59.00,59.00,59.00
2026-08-21 08:55:46,59.00,154.00,154.00,59.00,314.00,314.00,124.00,124.00,59.00,130.00,59.00,69.00,59.00,59.00,59.00
2026-08-21 09:05:42,59.00,154.00,154.00,59.00,314.00,314.00,124.00,124.00,59.00,130.00,59.00,69.00,59.00,59.00,59.00
2026-08-21 09:15:49,59.00,154.00,154.00,59.00,314.00,314.00,124.00,124.00,59.00,130.00,59.00,69.00,59.00,59.00,59.00
2026-08-21 09:25:55,59.00,154.00,154.00,59.00,314.00,314.00,124.00,124.00,59.00,130.00,59.00,69.00,59.00,59.00,59.00
2026-08-21 09:35:52,59.00,154.00,154.00,59.00,314.00,314.00,124.00,124.00,59.00,130.00,59.00,69.00,59.00,59.00,59.00
2026-08-21 09:45:49,59.00,154.00,154.00,59.00,314.00,314.00,124.00,124.00,59.00,130.00,59.00,69.00,59.00,59.00,59.00
2026-08-21 09:55:29,59.00,154.00,154.00,59.00,314.00,314.00,124.00,124.00,59.00,130.00,59.00,69.00,59.00,59.00,59.00
2026-08-21 10:05:54,59.00,154.00,154.00,59.00,314.00,314.00,124.00,124.00,59.00,130.00,59.00,69.00,59.00,59.00,59.00
2026-08-21 10:15:48,59.00,154.00,154.00,59.00,314.00,314.00,124.00,124.00,59.00,130.00,59.00,69.00,59.00,59.00,59.00
2026-08-21 10:25:53,59.00,154.00,154.00,59.00,314.00,314.00,124.00,124.00,59.00,130.00,59.00,69.00,59.00,59.00,59.00
2026-08-21 10:36:01,59.00,154.00,154.00,59.00,314.00,314.00,124.00,124.00,59.00,130.00,59.00,69.00,59.00,59.00,59.00
2026-08-21 10:45:50,59.00,154.00,154.00,59.00,314.00,314.00,124.00,124.00,59.00,130.00,59.00,69.00,59.00,59.00,59.00
2026-08-21 10:56:38,59.00,154.00,154.00,59.00,314.00,314.00,124.00,124.00,59.00,130.00,59.00,69.00,59.00,59.00,59.00
2026-08-21 11:06:20,59.00,154.00,154.00,59.00,314.00,314.00,124.00,124.00,59.00,130.00,59.00,69.00,59.00,59.00,59.00
2026-08-21 11:15:42,59.00,154.00,154.00,59.00,314.00,314.00,124.00,124.00,59.00,130.00,59.00,69.00,59.00,59.00,59.00
2026-08-21 11:25:51,59.00,154.00,154.00,59.00,314.00,314.00,124.00,124.00,59.00,130.00,59.00,69.00,59.00,59.00,59.00
2026-08-21 11:35:40,59.00,154.00,154.00,59.00,314.00,314.00,124.00,124.00,59.00,130.00,59.00,69.00,59.00,59.00,59.00
2026-08-21 11:45:57,59.00,154.00,154.00,59.00,314.00,314.00,124.00,124.00,59.00,130.00,59.00,69.00,59.00,59.00,59.00
2026-08-21 11:55:42,59.00,154.00,154.00,59.00,314.00,314.00,124.00,124.00,59.00,130.00,59.00,69.00,59.00,59.00,59.00
2026-08-21 12:06:02,59.00,154.00,154.00,59.00,314.00,314.00,124.00,124.00,59.00,130.00,59.00,69.00,59.00,59.00,59.00
2026-08-21 12:16:00,59.00,154.00,154.00,59.00,314.00,314.00,124.00,124.00,59.00,130.00,59.00,69.00,59.00,59.00,59.00
2026-08-21 12:25:46,59.00,154.00,154.00,59.00,314.00,314.00,124.00,124.00,59.00,130.00,59.00,69.00,59.00,59.00,59.00
2026-08-21 12:35:33,59.00,154.00,154.00,59.00,314.00,314.00,124.00,124.00,59.00,130.00,59.00,69.00,59.00,59.00,59.00
2026-08-21 12:46:02,59.00,,154.00,205.00,314.00,314.00,,,59.00,,,69.00,,59.00,59.00
2026-08-21 12:55:28,59.00,154.00,154.00,59.00,314.00,314.00,124.00,124.00,59.00,130.00,59.00,69.00,59.00,59.00,59.00
2026-08-21 13:05:52,59.00,154.00,154.00,59.00,314.00,314.00,124.00,124.00,59.00,130.00,59.00,69.00,59.00,59.00,59.00
2026-08-21 13:15:45,59.00,154.00,154.00,59.00,314.00,314.00,124.00,124.00,59.00,130.00,59.00,69.00,59.00,59.00,59.00
2026-08-21 13:25:45,59.00,154.00,154.00,59.00,314.00,314.00,124.00,124.00,59.00,130.00,59.00,69.00,59.00,59.00,59.00
2026-08-21 13:35:57,59.00,154.00,154.00,59.00,314.00,314.00,124.00,124.00,59.00,130.00,59.00,69.00,59.00,59.00,59.00
2026-08-21 13:45:54,59.00,154.00,154.00,59.00,314.00,314.00,124.00,124.00,59.00,130.00,59.00,69.00,59.00,59.00,59.00
2026-08-21 13:55:58,59.00,154.00,154.00,59.00,314.00,314.00,124.00,124.00,59.00,130.00,59.00,69.00,59.00,59.00,59.00
2026-08-21 14:06:05,59.00,154.00,154.00,59.00,314.00,314.00,124.00,124.00,59.00,130.00,59.00,69.00,59.00,59.00,59.00
2026-08-21 14:15:50,59.00,154.00,154.00,59.00,314.00,314.00,124.00,124.00,59.00,130.00,59.00,69.00,59.00,59.00,59.00
2026-08-21 14:25:58,59.00,154.00,59.00,59.00,314.00,314.00,124.00,124.00,59.00,130.00,59.00,69.00,59.00,59.00,59.00
2026-08-21 14:35:50,59.00,154.00,59.00,59.00,314.00,314.00,59.00,59.00,59.00,130.00,59.00,69.00,59.00,59.00,59.00
2026-08-21 14:46:03,59.00,154.00,59.00,59.00,314.00,314.00,59.00,59.00,59.00,130.00,59.00,69.00,59.00,59.00,59.00
2026-08-21 14:55:31,59.00,154.00,59.00,59.00,314.00,314.00,59.00,59.00,59.00,130.00,59.00,89.00,59.00,59.00,59.00
2026-08-21 15:05:33,59.00,154.00,59.00,59.00,314.00,314.00,59.00,59.00,59.00,130.00,59.00,89.00,59.00,59.00,59.00
2026-08-21 15:15:38,59.00,154.00,59.00,59.00,314.00,314.00,59.00,59.00,59.00,130.00,59.00,89.00,59.00,59.00,59.00
2026-08-21 15:25:58,59.00,154.00,59.00,59.00,314.00,314.00,59.00,59.00,59.00,130.00,59.00,89.00,59.00,59.00,59.00
2026-08-21 15:35:53,59.00,154.00,59.00,59.00,314.00,314.00,59.00,59.00,59.00,130.00,59.00,89.00,59.00,59.00,59.00
2026-08-21 15:46:11,59.00,154.00,59.00,59.00,314.00,314.00,59.00,59.00,59.00,130.00,59.00,89.00,59.00,59.00,59.00
2026-08-21 15:55:59,59.00,154.00,59.00,59.00,314.00,314.00,59.00,59.00,59.00,130.00,59.00,89.00,59.00,59.00,59.00
2026-08-21 16:06:16,59.00,154.00,59.00,59.00,314.00,314.00,59.00,59.00,59.00,130.00,59.00,89.00,59.00,59.00,59.00
2026-08-21 16:16:08,59.00,154.00,59.00,59.00,314.00,314.00,59.00,59.00,59.00,130.00,59.00,89.00,59.00,59.00,59.00
2026-08-21 16:25:31,59.00,154.00,59.00,59.00,314.00,314.00,59.00,59.00,59.00,130.00,59.00,89.00,59.00,59.00,59.00
2026-08-21 16:35:56,59.00,154.00,59.00,59.00,314.00,314.00,59.00,59.00,59.00,130.00,59.00,89.00,59.00,59.00,59.00
2026-08-21 16:45:55,59.00,154.00,59.00,59.00,314.00,314.00,59.00,59.00,59.00,130.00,59.00,89.00,59.00,59.00,59.00
2026-08-21 16:55:49,59.00,154.00,59.00,59.00,314.00,314.00,59.00,59.00,59.00,130.00,59.00,89.00,59.00,59.00,59.00
2026-08-21 17:05:26,59.00,154.00,59.00,59.00,314.00,314.00,59.00,59.00,59.00,130.00,59.00,89.00,59.00,59.00,59.00
2026-08-21 17:15:53,59.00,154.00,59.00,59.00,314.00,314.00,59.00,59.00,59.00,130.00,59.00,89.00,59.00,59.00,59.00
2026-08-21 17:25:49,59.00,154.00,59.00,59.00,314.00,314.00,59.00,59.00,59.00,130.00,59.00,89.00,59.00,59.00,59.00
2026-08-21 17:36:06,59.00,154.00,59.00,59.00,314.00,314.00,59.00,59.00,59.00,130.00,59.00,89.00,59.00,59.00,59.00
2026-08-21 17:45:38,59.00,154.00,59.00,59.00,314.00,314.00,59.00,59.00,59.00,130.00,59.00,89.00,59.00,59.00,59.00
2026-08-21 17:56:17,59.00,154.00,59.00,59.00,314.00,314.00,59.00,59.00,59.00,130.00,59.00,89.00,59.00,59.00,59.00
2026-08-21 18:06:18,59.00,149.00,59.00,59.00,314.00,314.00,59.00,59.00,59.00,130.00,59.00,89.00,59.00,59.00,59.00
2026-08-21 18:16:00,59.00,149.00,59.00,59.00,314.00,314.00,59.00,59.00,59.00,130.00,59.00,89.00,59.00,59.00,59.00
2026-08-21 18:25:58,59.00,149.00,59.00,59.00,314.00,314.00,59.00,59.00,59.00,130.00,59.00,89.00,59.00,59.00,59.00
2026-08-21 18:36:08,59.00,149.00,59.00,59.00,314.00,314.00,59.00,59.00,59.00,130.00,59.00,89.00,59.00,59.00,59.00
2026-08-21 18:45:57,59.00,149.00,59.00,59.00,314.00,314.00,59.00,59.00,59.00,130.00,59.00,89.00,59.00,59.00,59.00
2026-08-21 18:56:01,59.00,149.00,59.00,59.00,314.00,314.00,59.00,59.00,59.00,130.00,59.00,89.00,59.00,59.00,59.00
2026-08-21 19:05:45,59.00,149.00,59.00,59.00,314.00,314.00,59.00,59.00,59.00,130.00,59.00,89.00,59.00,59.00,59.00
2026-08-21 19:15:55,59.00,149.00,59.00,59.00,314.00,314.00,59.00,59.00,59.00,130.00,59.00,89.00,59.00,59.00,59.00
2026-08-21 19:25:44,59.00,149.00,59.00,59.00,314.00,314.00,59.00,59.00,59.00,130.00,59.00,89.00,59.00,59.00,59.00
2026-08-21 19:35:56,59.00,149.00,59.00,59.00,314.00,314.00,59.00,59.00,59.00,130.00,59.00,89.00,59.00,59.00,59.00
2026-08-21 19:45:55,59.00,149.00,59.00,59.00,314.00,314.00,59.00,59.00,59.00,130.00,59.00,89.00,59.00,59.00,59.00
2026-08-21 19:55:56,59.00,149.00,59.00,59.00,314.00,314.00,59.00,59.00,59.00,130.00,59.00,89.00,59.00,59.00,59.00
2026-08-21 20:06:06,59.00,149.00,59.00,59.00,314.00,314.00,59.00,59.00,59.00,130.00,59.00,89.00,59.00,59.00,59.00
2026-08-21 20:15:21,59.00,149.00,59.00,59.00,314.00,314.00,59.00,59.00,59.00,130.00,59.00,89.00,59.00,59.00,59.00
2026-08-21 20:26:02,59.00,149.00,59.00,59.00,314.00,314.00,59.00,59.00,59.00,130.00,59.00,89.00,59.00,59.00,59.00
2026-08-21 20:36:09,59.00,149.00,59.00,59.00,314.00,314.00,59.00,59.00,59.00,130.00,59.00,89.00,59.00,59.00,59.00
2026-08-21 20:46:07,59.00,149.00,59.00,59.00,314.00,314.00,59.00,59.00,59.00,130.00,59.00,89.00,59.00,59.00,59.00
2026-08-21 20:56:00,59.00,149.00,59.00,59.00,314.00,314.00,59.00,59.00,59.00,130.00,59.00,89.00,59.00,59.00,59.00
2026-08-21 21:06:09,59.00,149.00,59.00,59.00,314.00,314.00,59.00,59.00,59.00,130.00,59.00,89.00,59.00,59.00,59.00
2026-08-21 21:16:07,59.00,149.00,59.00,59.00,314.00,314.00,59.00,59.00,59.00,130.00,59.00,95.00,59.00,59.00,59.00
2026-08-21 21:25:50,59.00,149.00,59.00,59.00,314.00,314.00,59.00,59.00,59.00,130.00,59.00,95.00,59.00,59.00,59.00
2026-08-21 21:36:02,59.00,149.00,59.00,59.00,314.00,314.00,59.00,59.00,59.00,130.00,59.00,95.00,59.00,59.00,59.00
2026-08-21 21:45:58,59.00,149.00,59.00,59.00,314.00,314.00,59.00,59.00,59.00,130.00,59.00,95.00,59.00,59.00,59.00
2026-08-21 21:56:01,59.00,149.00,59.00,59.00,314.00,314.00,59.00,59.00,59.00,130.00,59.00,95.00,59.00,59.00,59.00
2026-08-21 22:06:24,59.00,149.00,59.00,59.00,314.00,314.00,59.00,59.00,59.00,130.00,59.00,95.00,59.00,59.00,59.00
2026-08-21 22:15:46,59.00,149.00,59.00,59.00,314.00,314.00,59.00,59.00,59.00,130.00,59.00,95.00,59.00,59.00,59.00
2026-08-21 22:26:04,59.00,149.00,59.00,59.00,314.00,314.00,59.00,59.00,59.00,130.00,59.00,95.00,59.00,59.00,59.00
2026-08-21 22:35:47,59.00,149.00,59.00,59.00,314.00,314.00,59.00,59.00,59.00,130.00,59.00,95.00,59.00,59.00,59.00
2026-08-21 22:46:11,59.00,149.00,59.00,59.00,314.00,314.00,59.00,59.00,59.00,130.00,59.00,95.00,59.00,59.00,59.00
2026-08-21 22:55:59,59.00,149.00,59.00,59.00,314.00,314.00,59.00,59.00,59.00,130.00,59.00,95.00,59.00,59.00,59.00
2026-08-21 23:06:23,59.00,149.00,59.00,59.00,314.00,314.00,59.00,59.00,59.00,130.00,59.00,95.00,59.00,59.00,59.00
2026-08-21 23:15:55,59.00,149.00,59.00,59.00,314.00,314.00,59.00,59.00,59.00,130.00,59.00,95.00,59.00,59.00,59.00
2026-08-21 23:25:58,59.00,149.00,59.00,59.00,314.00,314.00,59.00,59.00,59.00,130.00,59.00,95.00,59.00,59.00,59.00
2026-08-21 23:35:59,59.00,149.00,59.00,59.00,314.00,314.00,59.00,59.00,59.00,130.00,59.00,95.00,59.00,59.00,59.00
2026-08-21 23:45:59,59.00,149.00,59.00,59.00,314.00,314.00,59.00,59.00,59.00,130.00,59.00,95.00,59.00,59.00,59.00
2026-08-21 23:55:56,59.00,149.00,59.00,59.00,314.00,314.00,59.00,59.00,59.00,130.00,59.00,95.00,59.00,59.00,59.00
2026-08-22 00:06:15,59.00,149.00,59.00,59.00,314.00,314.00,59.00,59.00,59.00,130.00,59.00,95.00,59.00,59.00,59.00
2026-08-22 00:15:20,59.00,149.00,59.00,59.00,314.00,314.00,59.00,59.00,59.00,130.00,59.00,95.00,59.00,59.00,59.00
2026-08-22 00:26:00,59.00,,149.00,149.00,314.00,314.00,,,59.00,,,95.00,,59.00,59.00
2026-08-22 00:36:12,59.00,,149.00,149.00,314.00,314.00,,,59.00,,,95.00,,59.00,59.00
2026-08-22 00:45:59,59.00,149.00,59.00,59.00,314.00,314.00,59.00,59.00,59.00,130.00,59.00,95.00,59.00,59.00,59.00
2026-08-22 00:55:41,59.00,149.00,59.00,59.00,314.00,314.00,59.00,59.00,59.00,130.00,59.00,95.00,59.00,59.00,59.00
2026-08-22 01:06:03,59.00,149.00,59.00,59.00,314.00,314.00,59.00,59.00,59.00,130.00,59.00,95.00,59.00,59.00,59.00
2026-08-22 01:15:56,59.00,149.00,59.00,59.00,314.00,314.00,59.00,59.00,59.00,130.00,59.00,95.00,59.00,59.00,59.00
2026-08-22 01:26:11,59.00,149.00,59.00,59.00,314.00,314.00,59.00,59.00,59.00,130.00,59.00,95.00,59.00,59.00,59.00
2026-08-22 01:36:02,59.00,149.00,59.00,59.00,314.00,314.00,59.00,59.00,59.00,130.00,59.00,95.00,59.00,59.00,59.00
2026-08-22 01:46:15,59.00,149.00,59.00,59.00,314.00,314.00,59.00,59.00,59.00,130.00,59.00,95.00,59.00,59.00,59.00
2026-08-22 01:56:07,59.00,149.00,59.00,59.00,314.00,314.00,59.00,59.00,59.00,130.00,59.00,95.00,59.00,59.00,59.00
2026-08-22 02:06:07,59.00,149.00,59.00,59.00,314.00,314.00,59.00,59.00,59.00,130.00,59.00,95.00,59.00,59.00,59.00
2026-08-22 02:15:59,59.00,149.00,59.00,59.00,314.00,314.00,59.00,59.00,59.00,130.00,59.00,95.00,59.00,59.00,59.00
2026-08-22 02:26:19,59.00,149.00,59.00,59.00,314.00,314.00,59.00,59.00,59.00,130.00,59.00,95.00,59.00,59.00,59.00
2026-08-22 02:36:12,59.00,149.00,149.00,59.00,314.00,314.00,59.00,59.00,59.00,130.00,59.00,95.00,59.00,59.00,59.00
2026-08-22 02:46:09,59.00,149.00,149.00,59.00,314.00,314.00,59.00,59.00,59.00,130.00,59.00,95.00,59.00,59.00,59.00
2026-08-22 02:55:50,59.00,149.00,149.00,59.00,314.00,314.00,59.00,59.00,59.00,130.00,59.00,95.00,59.00,59.00,59.00
2026-08-22 03:05:46,59.00,149.00,149.00,59.00,314.00,314.00,59.00,59.00,59.00,130.00,59.00,95.00,59.00,59.00,59.00
2026-08-22 03:16:13,59.00,149.00,149.00,59.00,314.00,314.00,59.00,59.00,59.00,130.00,59.00,95.00,59.00,59.00,59.00
2026-08-22 03:26:11,59.00,149.00,149.00,59.00,314.00,314.00,59.00,59.00,59.00,131.00,59.00,95.00,59.00,59.00,59.00
2026-08-22 03:36:08,59.00,149.00,149.00,59.00,314.00,314.00,59.00,59.00,59.00,131.00,59.00,104.00,59.00,59.00,59.00
2026-08-22 03:45:54,59.00,149.00,149.00,59.00,314.00,314.00,59.00,59.00,59.00,131.00,59.00,104.00,59.00,59.00,59.00
2026-08-22 03:56:14,59.00,149.00,149.00,59.00,314.00,314.00,59.00,59.00,59.00,131.00,59.00,104.00,59.00,59.00,59.00
2026-08-22 04:06:11,59.00,149.00,149.00,59.00,314.00,314.00,59.00,59.00,59.00,131.00,59.00,104.00,59.00,59.00,59.00
2026-08-22 04:16:10,59.00,149.00,149.00,59.00,314.00,314.00,59.00,59.00,59.00,131.00,59.00,104.00,59.00,59.00,59.00
2026-08-22 04:26:00,59.00,149.00,149.00,59.00,314.00,314.00,59.00,59.00,59.00,131.00,59.00,104.00,59.00,59.00,59.00
2026-08-22 04:36:04,59.00,149.00,149.00,59.00,314.00,314.00,59.00,59.00,59.00,131.00,59.00,104.00,59.00,59.00,59.00
2026-08-22 04:46:02,59.00,149.00,149.00,59.00,314.00,314.00,59.00,59.00,59.00,131.00,59.00,104.00,59.00,59.00,59.00
2026-08-22 04:56:07,59.00,149.00,149.00,59.00,314.00,314.00,59.00,59.00,59.00,131.00,59.00,104.00,59.00,59.00,59.00
2026-08-22 05:06:10,59.00,149.00,149.00,59.00,314.00,314.00,59.00,59.00,59.00,131.00,59.00,109.00,59.00,59.00,59.00
2026-08-22 05:16:10,59.00,149.00,149.00,59.00,314.00,314.00,59.00,59.00,59.00,131.00,59.00,109.00,59.00,59.00,59.00
2026-08-22 05:26:16,59.00,149.00,149.00,59.00,314.00,314.00,59.00,59.00,59.00,131.00,59.00,109.00,59.00,59.00,59.00
2026-08-22 05:35:25,59.00,149.00,59.00,59.00,314.00,314.00,59.00,59.00,59.00,131.00,59.00,109.00,59.00,59.00,59.00
2026-08-22 05:46:16,59.00,149.00,59.00,59.00,314.00,314.00,59.00,59.00,59.00,131.00,59.00,109.00,59.00,59.00,59.00
2026-08-22 05:55:41,59.00,149.00,59.00,59.00,314.00,314.00,59.00,59.00,59.00,131.00,59.00,109.00,59.00,59.00,59.00
2026-08-22 06:06:21,,149.00,59.00,59.00,,,59.00,59.00,,131.00,59.00,,59.00,,
2026-08-22 06:16:24,59.00,149.00,59.00,59.00,314.00,314.00,59.00,59.00,59.00,131.00,59.00,109.00,59.00,59.00,59.00
2026-08-22 06:26:15,59.00,149.00,59.00,59.00,314.00,314.00,59.00,59.00,59.00,131.00,59.00,109.00,59.00,59.00,59.00
2026-08-22 06:36:22,59.00,149.00,59.00,59.00,314.00,314.00,59.00,59.00,59.00,131.00,59.00,109.00,59.00,59.00,59.00
2026-08-22 06:45:56,59.00,149.00,59.00,59.00,314.00,314.00,59.00,59.00,59.00,131.00,59.00,109.00,59.00,59.00,59.00
2026-08-22 06:55:31,59.00,149.00,59.00,59.00,314.00,314.00,59.00,59.00,59.00,131.00,59.00,109.00,59.00,59.00,59.00
2026-08-22 07:06:13,59.00,149.00,59.00,59.00,314.00,314.00,59.00,59.00,59.00,131.00,59.00,109.00,59.00,59.00,59.00
2026-08-22 07:16:08,59.00,149.00,59.00,59.00,314.00,314.00,59.00,59.00,59.00,131.00,59.00,109.00,59.00,59.00,59.00
2026-08-22 07:26:16,59.00,149.00,59.00,59.00,314.00,314.00,59.00,59.00,59.00,131.00,59.00,109.00,59.00,59.00,59.00
2026-08-22 07:36:20,59.00,149.00,59.00,59.00,314.00,314.00,59.00,59.00,59.00,131.00,59.00,109.00,59.00,59.00,59.00
2026-08-22 07:46:24,59.00,149.00,59.00,59.00,314.00,314.00,59.00,59.00,59.00,131.00,59.00,96.00,59.00,59.00,59.00
2026-08-22 07:56:13,59.00,149.00,59.00,59.00,314.00,314.00,59.00,59.00,59.00,131.00,59.00,96.00,59.00,59.00,59.00
2026-08-22 08:06:23,59.00,149.00,59.00,59.00,314.00,314.00,59.00,59.00,59.00,131.00,59.00,96.00,59.00,59.00,59.00
2026-08-22 08:16:12,59.00,149.00,59.00,59.00,314.00,314.00,59.00,59.00,59.00,131.00,59.00,96.00,59.00,59.00,59.00
2026-08-22 08:26:24,59.00,149.00,59.00,59.00,314.00,314.00,59.00,59.00,59.00,131.00,59.00,96.00,59.00,59.00,59.00
2026-08-22 08:36:22,59.00,149.00,59.00,59.00,314.00,314.00,59.00,59.00,59.00,131.00,59.00,96.00,59.00,59.00,59.00
2026-08-22 08:46:11,59.00,149.00,59.00,59.00,314.00,314.00,59.00,59.00,59.00,131.00,59.00,96.00,59.00,59.00,59.00
2026-08-22 08:55:48,59.00,149.00,59.00,59.00,314.00,314.00,59.00,59.00,59.00,131.00,59.00,96.00,59.00,59.00,59.00
2026-08-22 09:06:26,59.00,149.00,59.00,59.00,314.00,314.00,59.00,59.00,59.00,131.00,59.00,96.00,59.00,59.00,59.00
2026-08-22 09:15:48,59.00,149.00,59.00,59.00,314.00,314.00,59.00,59.00,59.00,131.00,59.00,96.00,59.00,59.00,59.00
2026-08-22 09:26:17,59.00,149.00,59.00,59.00,314.00,314.00,59.00,59.00,59.00,131.00,59.00,96.00,59.00,59.00,59.00
2026-08-22 09:36:09,59.00,149.00,59.00,59.00,314.00,314.00,59.00,59.00,59.00,131.00,59.00,96.00,59.00,59.00,59.00
2026-08-22 09:46:16,59.00,149.00,59.00,59.00,314.00,314.00,59.00,59.00,59.00,131.00,59.00,96.00,59.00,59.00,59.00
2026-08-22 09:55:39,59.00,149.00,59.00,59.00,314.00,314.00,59.00,59.00,59.00,131.00,59.00,96.00,59.00,59.00,59.00
2026-08-22 10:06:07,59.00,149.00,59.00,59.00,314.00,314.00,59.00,59.00,59.00,131.00,59.00,96.00,59.00,59.00,59.00
2026-08-22 10:26:08,59.00,149.00,59.00,59.00,314.00,314.00,59.00,59.00,59.00,131.00,59.00,96.00,59.00,59.00,59.00
2026-08-22 10:36:25,59.00,149.00,59.00,59.00,314.00,314.00,59.00,59.00,59.00,131.00,59.00,96.00,59.00,59.00,59.00
2026-08-22 10:46:20,59.00,149.00,59.00,59.00,314.00,314.00,59.00,59.00,59.00,131.00,59.00,96.00,59.00,59.00,59.00
2026-08-22 10:56:11,59.00,149.00,59.00,59.00,314.00,314.00,59.00,59.00,59.00,131.00,59.00,96.00,59.00,59.00,59.00
2026-08-22 11:06:14,59.00,149.00,59.00,59.00,314.00,314.00,59.00,59.00,59.00,131.00,59.00,96.00,59.00,59.00,59.00
2026-08-22 11:16:15,59.00,149.00,59.00,59.00,314.00,314.00,59.00,59.00,59.00,131.00,59.00,96.00,59.00,59.00,59.00
2026-08-22 11:26:05,59.00,149.00,59.00,59.00,314.00,314.00,59.00,59.00,59.00,131.00,59.00,96.00,59.00,59.00,59.00
2026-08-22 11:36:23,59.00,149.00,59.00,59.00,314.00,314.00,59.00,59.00,59.00,131.00,59.00,96.00,59.00,59.00,59.00
2026-08-22 11:46:16,59.00,149.00,59.00,59.00,314.00,314.00,59.00,59.00,59.00,131.00,59.00,96.00,59.00,59.00,59.00
2026-08-22 11:56:14,59.00,149.00,59.00,59.00,314.00,314.00,59.00,59.00,59.00,131.00,59.00,96.00,59.00,59.00,59.00
2026-08-22 12:06:23,59.00,149.00,59.00,59.00,314.00,314.00,59.00,59.00,59.00,131.00,59.00,96.00,59.00,59.00,59.00
2026-08-22 12:15:44,59.00,149.00,59.00,59.00,314.00,314.00,59.00,59.00,59.00,131.00,59.00,96.00,59.00,59.00,59.00
2026-08-22 12:25:44,59.00,149.00,59.00,59.00,314.00,314.00,59.00,59.00,59.00,131.00,59.00,96.00,59.00,59.00,59.00
2026-08-22 12:36:25,59.00,149.00,59.00,59.00,314.00,314.00,59.00,59.00,59.00,131.00,59.00,96.00,59.00,59.00,59.00
2026-08-22 12:46:07,59.00,149.00,59.00,59.00,314.00,314.00,59.00,59.00,59.00,131.00,59.00,96.00,59.00,59.00,59.00
2026-08-22 12:56:22,59.00,149.00,59.00,59.00,314.00,314.00,59.00,59.00,59.00,131.00,59.00,96.00,59.00,59.00,59.00
2026-08-22 13:06:05,59.00,149.00,149.00,59.00,314.00,314.00,59.00,59.00,59.00,131.00,59.00,96.00,59.00,59.00,59.00
2026-08-22 13:15:55,59.00,149.00,149.00,59.00,314.00,314.00,59.00,59.00,59.00,131.00,59.00,96.00,59.00,59.00,59.00
2026-08-22 13:26:21,59.00,149.00,149.00,59.00,314.00,314.00,59.00,59.00,59.00,131.00,59.00,96.00,59.00,59.00,59.00
2026-08-22 13:36:17,59.00,149.00,149.00,59.00,314.00,314.00,59.00,59.00,59.00,131.00,59.00,96.00,59.00,59.00,59.00
2026-08-22 13:45:45,59.00,149.00,149.00,59.00,314.00,314.00,59.00,59.00,59.00,131.00,59.00,96.00,59.00,59.00,59.00
2026-08-22 13:56:05,59.00,149.00,149.00,59.00,314.00,314.00,59.00,59.00,59.00,131.00,59.00,96.00,59.00,59.00,59.00
2026-08-22 14:06:21,59.00,149.00,149.00,59.00,314.00,314.00,59.00,59.00,59.00,131.00,59.00,96.00,59.00,59.00,59.00
2026-08-22 14:16:12,59.00,149.00,149.00,59.00,314.00,314.00,59.00,59.00,59.00,131.00,59.00,96.00,59.00,59.00,59.00
2026-08-22 14:26:14,59.00,149.00,149.00,59.00,314.00,314.00,59.00,59.00,59.00,131.00,59.00,96.00,59.00,59.00,59.00
2026-08-22 14:36:19,59.00,149.00,149.00,59.00,314.00,314.00,59.00,59.00,59.00,131.00,59.00,96.00,59.00,59.00,59.00
2026-08-22 14:46:12,59.00,149.00,149.00,59.00,314.00,314.00,59.00,59.00,59.00,131.00,59.00,96.00,59.00,59.00,59.00
2026-08-22 14:56:19,59.00,149.00,149.00,59.00,314.00,314.00,59.00,59.00,59.00,131.00,59.00,96.00,59.00,59.00,59.00
2026-08-22 15:06:06,59.00,149.00,149.00,59.00,314.00,314.00,59.00,59.00,59.00,131.00,59.00,96.00,59.00,59.00,59.00
2026-08-22 15:16:01,59.00,149.00,149.00,59.00,314.00,314.00,59.00,59.00,59.00,131.00,59.00,96.00,59.00,59.00,59.00
2026-08-22 15:26:33,59.00,149.00,149.00,59.00,314.00,314.00,59.00,59.00,59.00,131.00,59.00,96.00,59.00,59.00,59.00
2026-08-22 15:36:13,59.00,149.00,149.00,59.00,314.00,314.00,59.00,59.00,59.00,131.00,59.00,96.00,59.00,59.00,59.00
2026-08-22 15:46:30,59.00,149.00,149.00,59.00,314.00,314.00,59.00,59.00,59.00,131.00,59.00,96.00,59.00,59.00,59.00
2026-08-22 15:56:04,59.00,149.00,149.00,59.00,314.00,314.00,59.00,59.00,59.00,131.00,59.00,96.00,59.00,59.00,59.00
2026-08-22 16:06:28,,149.00,149.00,59.00,,,59.00,59.00,,131.00,59.00,,59.00,,
2026-08-22 16:16:07,59.00,149.00,149.00,59.00,314.00,314.00,59.00,59.00,59.00,131.00,59.00,96.00,59.00,59.00,59.00
2026-08-22 16:26:07,59.00,149.00,149.00,59.00,314.00,314.00,59.00,59.00,59.00,131.00,59.00,96.00,59.00,59.00,59.00
2026-08-22 16:36:30,59.00,149.00,149.00,59.00,314.00,314.00,59.00,59.00,59.00,131.00,59.00,96.00,59.00,59.00,59.00
2026-08-22 16:45:27,59.00,149.00,149.00,59.00,314.00,314.00,59.00,59.00,59.00,131.00,59.00,96.00,59.00,59.00,59.00
2026-08-22 16:55:47,59.00,149.00,149.00,59.00,314.00,314.00,59.00,59.00,59.00,131.00,59.00,96.00,59.00,59.00,59.00
2026-08-22 17:15:53,59.00,149.00,149.00,59.00,314.00,314.00,59.00,59.00,59.00,131.00,59.00,96.00,59.00,59.00,59.00
2026-08-22 17:26:23,59.00,149.00,149.00,59.00,314.00,314.00,59.00,59.00,59.00,131.00,59.00,96.00,59.00,59.00,59.00
2026-08-22 17:36:14,59.00,149.00,149.00,59.00,314.00,314.00,59.00,59.00,59.00,131.00,59.00,96.00,59.00,59.00,59.00
2026-08-22 17:46:06,59.00,149.00,149.00,59.00,314.00,314.00,59.00,59.00,59.00,131.00,59.00,101.00,59.00,59.00,59.00
2026-08-22 17:56:26,59.00,149.00,149.00,59.00,314.00,314.00,59.00,59.00,59.00,131.00,59.00,101.00,59.00,59.00,59.00
2026-08-22 18:06:28,59.00,149.00,149.00,59.00,314.00,314.00,59.00,59.00,59.00,131.00,59.00,101.00,59.00,59.00,59.00
2026-08-22 18:16:29,59.00,149.00,149.00,59.00,314.00,314.00,59.00,59.00,59.00,131.00,59.00,101.00,59.00,59.00,59.00
2026-08-22 18:26:15,59.00,149.00,149.00,59.00,314.00,314.00,59.00,59.00,59.00,131.00,59.00,101.00,59.00,59.00,59.00
2026-08-22 18:36:18,59.00,149.00,149.00,59.00,314.00,314.00,59.00,59.00,59.00,131.00,59.00,101.00,59.00,59.00,59.00
2026-08-22 18:46:28,59.00,149.00,149.00,59.00,314.00,314.00,59.00,59.00,59.00,131.00,59.00,101.00,59.00,59.00,59.00
2026-08-22 18:56:18,59.00,149.00,149.00,59.00,314.00,314.00,59.00,59.00,59.00,131.00,59.00,101.00,59.00,59.00,59.00
2026-08-22 19:06:23,59.00,149.00,149.00,59.00,314.00,314.00,59.00,59.00,59.00,131.00,59.00,101.00,59.00,59.00,59.00
2026-08-22 19:16:28,59.00,149.00,149.00,59.00,314.00,314.00,59.00,59.00,59.00,131.00,59.00,101.00,59.00,59.00,59.00
2026-08-22 19:26:08,59.00,149.00,149.00,59.00,314.00,314.00,59.00,59.00,59.00,131.00,59.00,101.00,59.00,59.00,59.00
2026-08-22 19:36:28,59.00,149.00,149.00,59.00,314.00,314.00,59.00,59.00,59.00,131.00,59.00,101.00,59.00,59.00,59.00
2026-08-22 19:46:18,59.00,149.00,149.00,59.00,314.00,314.00,59.00,59.00,59.00,131.00,59.00,101.00,59.00,59.00,59.00
2026-08-22 19:56:13,59.00,149.00,149.00,59.00,314.00,314.00,59.00,59.00,59.00,131.00,59.00,101.00,59.00,59.00,59.00
2026-08-22 20:06:27,59.00,149.00,149.00,59.00,314.00,314.00,59.00,59.00,59.00,131.00,59.00,101.00,59.00,59.00,59.00
2026-08-22 20:16:28,59.00,149.00,149.00,59.00,314.00,314.00,59.00,59.00,59.00,131.00,59.00,101.00,59.00,59.00,59.00
2026-08-22 20:26:37,59.00,149.00,149.00,59.00,314.00,314.00,59.00,59.00,59.00,131.00,59.00,101.00,59.00,59.00,59.00
2026-08-22 20:36:30,,149.00,149.00,59.00,,,59.00,59.00,,131.00,59.00,,59.00,,
2026-08-22 20:46:06,59.00,149.00,149.00,59.00,314.00,314.00,59.00,59.00,59.00,131.00,59.00,101.00,59.00,59.00,59.00
2026-08-22 20:56:26,59.00,149.00,149.00,59.00,314.00,314.00,59.00,59.00,59.00,131.00,59.00,101.00,59.00,59.00,59.00
2026-08-22 21:06:19,59.00,149.00,149.00,59.00,314.00,314.00,59.00,59.00,59.00,131.00,59.00,101.00,59.00,59.00,59.00
2026-08-22 21:16:03,59.00,149.00,149.00,59.00,314.00,314.00,59.00,59.00,59.00,131.00,59.00,101.00,59.00,59.00,59.00
2026-08-22 21:25:52,59.00,149.00,149.00,59.00,314.00,314.00,59.00,59.00,59.00,131.00,59.00,101.00,59.00,59.00,59.00
2026-08-22 21:36:14,59.00,149.00,149.00,59.00,314.00,314.00,59.00,59.00,59.00,131.00,59.00,101.00,59.00,59.00,59.00
2026-08-22 21:46:09,59.00,149.00,149.00,59.00,314.00,314.00,59.00,59.00,59.00,131.00,59.00,101.00,59.00,59.00,59.00
2026-08-22 21:56:09,59.00,149.00,149.00,59.00,314.00,314.00,59.00,59.00,59.00,131.00,59.00,101.00,59.00,59.00,59.00
2026-08-22 22:06:12,59.00,149.00,149.00,59.00,314.00,314.00,59.00,59.00,59.00,131.00,59.00,101.00,59.00,59.00,59.00
2026-08-22 22:16:06,59.00,149.00,149.00,59.00,314.00,314.00,59.00,59.00,59.00,131.00,59.00,101.00,59.00,59.00,59.00
2026-08-22 22:26:29,59.00,149.00,149.00,59.00,314.00,314.00,59.00,59.00,59.00,131.00,59.00,101.00,59.00,59.00,59.00
2026-08-22 22:36:15,59.00,149.00,149.00,59.00,329.00,329.00,59.00,59.00,59.00,131.00,59.00,101.00,59.00,59.00,59.00
2026-08-22 22:46:06,59.00,149.00,149.00,59.00,329.00,329.00,59.00,59.00,59.00,131.00,59.00,101.00,59.00,59.00,59.00
2026-08-22 22:55:52,59.00,,149.00,149.00,329.00,329.00,,,59.00,,,101.00,,59.00,59.00
2026-08-22 23:05:51,59.00,149.00,149.00,59.00,329.00,329.00,59.00,59.00,59.00,131.00,59.00,101.00,59.00,59.00,59.00
2026-08-22 23:16:07,59.00,149.00,149.00,59.00,329.00,329.00,59.00,59.00,59.00,131.00,59.00,101.00,59.00,59.00,59.00
2026-08-22 23:26:35,59.00,149.00,149.00,59.00,329.00,329.00,59.00,59.00,59.00,131.00,59.00,101.00,59.00,59.00,59.00
2026-08-22 23:36:21,59.00,149.00,149.00,59.00,329.00,329.00,59.00,59.00,59.00,131.00,59.00,101.00,59.00,59.00,59.00
2026-08-22 23:46:28,59.00,149.00,149.00,59.00,329.00,329.00,59.00,59.00,59.00,131.00,59.00,101.00,59.00,59.00,59.00
2026-08-22 23:55:46,59.00,149.00,149.00,59.00,329.00,329.00,59.00,59.00,59.00,131.00,59.00,101.00,59.00,59.00,59.00
2026-08-23 00:06:32,59.00,149.00,149.00,59.00,329.00,329.00,59.00,59.00,59.00,131.00,59.00,101.00,59.00,59.00,59.00
2026-08-23 00:16:25,59.00,149.00,149.00,59.00,329.00,329.00,59.00,59.00,59.00,131.00,59.00,101.00,59.00,59.00,59.00
2026-08-23 00:26:15,59.00,149.00,149.00,59.00,329.00,329.00,59.00,59.00,59.00,131.00,59.00,101.00,59.00,59.00,59.00
2026-08-23 00:36:00,59.00,149.00,149.00,59.00,329.00,329.00,59.00,59.00,59.00,131.00,59.00,101.00,59.00,59.00,59.00
2026-08-23 00:46:28,59.00,149.00,149.00,59.00,329.00,329.00,59.00,59.00,59.00,131.00,59.00,101.00,59.00,59.00,59.00
2026-08-23 01:06:55,,149.00,149.00,59.00,,,59.00,59.00,,131.00,59.00,,59.00,,
2026-08-23 01:16:31,59.00,149.00,149.00,59.00,329.00,329.00,59.00,59.00,59.00,131.00,59.00,101.00,59.00,59.00,59.00
2026-08-23 01:26:47,59.00,149.00,149.00,59.00,329.00,329.00,59.00,59.00,59.00,131.00,59.00,101.00,59.00,59.00,59.00
2026-08-23 01:36:40,59.00,149.00,149.00,59.00,329.00,329.00,59.00,59.00,59.00,131.00,59.00,101.00,59.00,59.00,59.00
2026-08-23 01:46:20,59.00,149.00,149.00,59.00,329.00,329.00,59.00,59.00,59.00,131.00,59.00,101.00,59.00,59.00,59.00
2026-08-23 01:56:34,59.00,149.00,149.00,59.00,329.00,329.00,59.00,59.00,59.00,131.00,59.00,101.00,59.00,59.00,59.00
2026-08-23 02:06:42,59.00,149.00,149.00,59.00,329.00,329.00,59.00,59.00,59.00,131.00,59.00,101.00,59.00,59.00,59.00
2026-08-23 02:15:38,59.00,149.00,149.00,59.00,329.00,329.00,59.00,59.00,59.00,131.00,59.00,101.00,59.00,59.00,59.00
2026-08-23 02:26:11,59.00,149.00,149.00,59.00,329.00,329.00,59.00,59.00,59.00,131.00,59.00,101.00,59.00,59.00,59.00
2026-08-23 02:36:41,59.00,149.00,149.00,59.00,329.00,329.00,59.00,59.00,59.00,125.00,59.00,101.00,59.00,59.00,59.00
2026-08-23 02:46:22,59.00,149.00,149.00,59.00,329.00,329.00,59.00,59.00,59.00,125.00,59.00,101.00,59.00,59.00,59.00
2026-08-23 02:56:03,59.00,149.00,149.00,59.00,329.00,329.00,59.00,59.00,59.00,125.00,59.00,101.00,59.00,59.00,59.00
2026-08-23 03:06:44,59.00,149.00,149.00,59.00,329.00,329.00,59.00,59.00,59.00,125.00,59.00,94.00,59.00,59.00,59.00
2026-08-23 03:16:35,59.00,149.00,149.00,59.00,329.00,329.00,59.00,59.00,59.00,125.00,59.00,94.00,59.00,59.00,59.00
2026-08-23 03:26:39,59.00,149.00,149.00,59.00,329.00,329.00,59.00,59.00,59.00,125.00,59.00,94.00,59.00,59.00,59.00
2026-08-23 03:36:15,59.00,149.00,149.00,59.00,329.00,329.00,59.00,59.00,59.00,125.00,59.00,94.00,59.00,59.00,59.00
2026-08-23 03:45:57,59.00,149.00,149.00,59.00,329.00,329.00,59.00,59.00,59.00,125.00,59.00,94.00,59.00,59.00,59.00
2026-08-23 03:56:33,59.00,149.00,149.00,59.00,329.00,329.00,59.00,59.00,59.00,125.00,59.00,94.00,59.00,59.00,59.00
2026-08-23 04:06:40,59.00,149.00,149.00,59.00,329.00,329.00,59.00,59.00,59.00,125.00,59.00,94.00,59.00,59.00,59.00
2026-08-23 04:16:32,59.00,149.00,149.00,59.00,329.00,329.00,59.00,59.00,59.00,125.00,59.00,94.00,59.00,59.00,59.00
2026-08-23 04:26:08,59.00,149.00,149.00,59.00,329.00,329.00,59.00,59.00,59.00,125.00,59.00,94.00,59.00,59.00,59.00
2026-08-23 04:36:42,59.00,149.00,149.00,59.00,329.00,329.00,59.00,59.00,59.00,125.00,59.00,94.00,59.00,59.00,59.00
2026-08-23 04:45:39,59.00,149.00,149.00,59.00,329.00,329.00,59.00,59.00,59.00,125.00,59.00,94.00,59.00,59.00,59.00
2026-08-23 04:56:20,59.00,149.00,149.00,59.00,329.00,329.00,59.00,59.00,59.00,125.00,59.00,94.00,59.00,59.00,59.00
2026-08-23 05:06:37,59.00,149.00,149.00,59.00,329.00,329.00,59.00,59.00,59.00,125.00,59.00,94.00,59.00,59.00,59.00
2026-08-23 05:16:42,59.00,149.00,149.00,59.00,329.00,329.00,59.00,59.00,59.00,125.00,59.00,94.00,59.00,59.00,59.00
2026-08-23 05:26:23,59.00,149.00,149.00,59.00,329.00,329.00,59.00,59.00,59.00,125.00,59.00,94.00,59.00,59.00,59.00
2026-08-23 05:36:40,59.00,149.00,149.00,59.00,329.00,329.00,59.00,59.00,59.00,125.00,59.00,94.00,59.00,59.00,59.00
2026-08-23 05:46:45,59.00,149.00,149.00,59.00,329.00,329.00,59.00,59.00,59.00,125.00,59.00,94.00,59.00,59.00,59.00
2026-08-23 05:56:35,59.00,149.00,149.00,59.00,329.00,329.00,59.00,59.00,59.00,125.00,59.00,94.00,59.00,59.00,59.00
2026-08-23 06:06:45,59.00,149.00,149.00,59.00,329.00,329.00,59.00,59.00,59.00,125.00,59.00,94.00,59.00,59.00,59.00
2026-08-23 06:16:32,59.00,149.00,149.00,59.00,329.00,329.00,59.00,59.00,59.00,125.00,59.00,94.00,59.00,59.00,59.00
2026-08-23 06:27:06,59.00,149.00,149.00,59.00,329.00,329.00,59.00,59.00,59.00,125.00,59.00,94.00,59.00,59.00,59.00
2026-08-23 06:36:32,59.00,149.00,149.00,59.00,329.00,329.00,59.00,59.00,59.00,125.00,59.00,94.00,59.00,59.00,59.00
2026-08-23 06:46:30,59.00,149.00,149.00,59.00,329.00,329.00,59.00,59.00,59.00,125.00,59.00,94.00,59.00,59.00,59.00
2026-08-23 06:56:28,59.00,149.00,149.00,59.00,329.00,329.00,59.00,59.00,59.00,125.00,59.00,94.00,59.00,59.00,59.00
2026-08-23 07:06:52,59.00,149.00,149.00,59.00,329.00,329.00,59.00,59.00,59.00,125.00,59.00,94.00,59.00,59.00,59.00
2026-08-23 07:16:36,59.00,149.00,149.00,59.00,329.00,329.00,59.00,59.00,59.00,125.00,59.00,94.00,59.00,59.00,59.00
2026-08-23 07:26:37,59.00,149.00,149.00,59.00,329.00,329.00,59.00,59.00,59.00,125.00,59.00,94.00,59.00,59.00,59.00
2026-08-23 07:36:13,59.00,149.00,149.00,59.00,329.00,329.00,59.00,59.00,59.00,125.00,59.00,94.00,59.00,59.00,59.00
2026-08-23 07:47:04,59.00,149.00,149.00,59.00,329.00,329.00,59.00,59.00,59.00,125.00,59.00,94.00,59.00,59.00,59.00
2026-08-23 07:55:52,59.00,149.00,149.00,59.00,329.00,329.00,59.00,59.00,59.00,125.00,59.00,94.00,59.00,59.00,59.00
2026-08-23 08:07:00,59.00,149.00,149.00,59.00,329.00,329.00,59.00,59.00,59.00,125.00,59.00,94.00,59.00,59.00,59.00
2026-08-23 08:16:54,59.00,149.00,149.00,59.00,329.00,329.00,59.00,59.00,59.00,125.00,59.00,94.00,59.00,59.00,59.00
2026-08-23 08:26:15,59.00,149.00,149.00,59.00,329.00,329.00,59.00,59.00,59.00,125.00,59.00,94.00,59.00,59.00,59.00
2026-08-23 08:36:36,59.00,,149.00,149.00,329.00,329.00,,,59.00,,,94.00,,59.00,59.00
2026-08-23 08:45:56,59.00,149.00,149.00,59.00,329.00,329.00,59.00,59.00,59.00,125.00,59.00,94.00,59.00,59.00,59.00
2026-08-23 08:56:37,59.00,149.00,149.00,59.00,329.00,329.00,59.00,59.00,59.00,125.00,59.00,94.00,59.00,59.00,59.00
2026-08-23 09:06:43,59.00,149.00,149.00,59.00,329.00,329.00,59.00,59.00,59.00,125.00,59.00,94.00,59.00,59.00,59.00
2026-08-23 09:16:42,59.00,149.00,149.00,59.00,329.00,329.00,59.00,59.00,59.00,125.00,59.00,94.00,59.00,59.00,59.00
2026-08-23 09:26:33,59.00,149.00,149.00,59.00,329.00,329.00,59.00,59.00,59.00,125.00,59.00,94.00,59.00,59.00,59.00
2026-08-23 09:35:51,59.00,149.00,149.00,59.00,329.00,329.00,59.00,59.00,59.00,125.00,59.00,94.00,59.00,59.00,59.00
2026-08-23 09:46:41,59.00,149.00,149.00,59.00,329.00,329.00,59.00,59.00,59.00,125.00,59.00,94.00,59.00,59.00,59.00
2026-08-23 09:55:49,59.00,149.00,149.00,59.00,329.00,329.00,59.00,59.00,59.00,125.00,59.00,94.00,59.00,59.00,59.00
2026-08-23 10:06:55,59.00,149.00,149.00,59.00,329.00,329.00,59.00,59.00,59.00,125.00,59.00,94.00,59.00,59.00,59.00
2026-08-23 10:16:54,59.00,149.00,149.00,59.00,329.00,329.00,59.00,59.00,59.00,125.00,59.00,94.00,59.00,59.00,59.00
2026-08-23 10:26:46,59.00,149.00,149.00,59.00,329.00,329.00,59.00,59.00,59.00,125.00,59.00,94.00,59.00,59.00,59.00
2026-08-23 10:36:53,59.00,149.00,149.00,59.00,329.00,329.00,59.00,59.00,59.00,125.00,59.00,94.00,59.00,59.00,59.00
2026-08-23 10:46:43,59.00,149.00,149.00,59.00,329.00,329.00,59.00,59.00,59.00,109.00,59.00,94.00,59.00,59.00,59.00
2026-08-23 10:56:46,59.00,149.00,149.00,59.00,329.00,329.00,59.00,59.00,59.00,109.00,59.00,93.00,59.00,59.00,59.00
2026-08-23 11:05:59,59.00,149.00,149.00,59.00,329.00,329.00,59.00,59.00,59.00,109.00,59.00,93.00,59.00,59.00,59.00
2026-08-23 11:16:42,59.00,149.00,149.00,59.00,329.00,329.00,59.00,59.00,59.00,109.00,59.00,93.00,59.00,59.00,59.00
2026-08-23 11:26:30,59.00,149.00,149.00,59.00,329.00,329.00,59.00,59.00,59.00,109.00,59.00,93.00,59.00,59.00,59.00
2026-08-23 11:37:07,59.00,149.00,149.00,59.00,329.00,329.00,59.00,59.00,59.00,109.00,59.00,93.00,59.00,59.00,59.00
2026-08-23 11:46:33,59.00,149.00,149.00,59.00,329.00,329.00,59.00,59.00,59.00,123.00,59.00,93.00,59.00,59.00,59.00
2026-08-23 11:56:19,59.00,149.00,149.00,59.00,329.00,329.00,59.00,59.00,59.00,123.00,59.00,93.00,59.00,59.00,59.00
2026-08-23 12:06:50,59.00,149.00,149.00,59.00,329.00,329.00,59.00,59.00,59.00,123.00,59.00,93.00,59.00,59.00,59.00
2026-08-23 12:16:52,59.00,149.00,149.00,59.00,329.00,329.00,59.00,59.00,59.00,123.00,59.00,93.00,59.00,59.00,59.00
2026-08-23 12:26:19,59.00,149.00,149.00,59.00,329.00,329.00,59.00,59.00,59.00,123.00,59.00,93.00,59.00,59.00,59.00
2026-08-23 12:35:57,59.00,149.00,149.00,59.00,329.00,329.00,59.00,59.00,59.00,123.00,59.00,93.00,59.00,59.00,59.00
2026-08-23 12:46:41,59.00,149.00,149.00,59.00,329.00,329.00,59.00,59.00,59.00,123.00,59.00,93.00,59.00,59.00,59.00
2026-08-23 12:56:46,59.00,149.00,149.00,59.00,329.00,329.00,59.00,59.00,59.00,123.00,59.00,93.00,59.00,59.00,59.00
2026-08-23 13:06:11,59.00,149.00,149.00,59.00,329.00,329.00,59.00,59.00,59.00,123.00,59.00,93.00,59.00,59.00,59.00
2026-08-23 13:16:44,59.00,149.00,149.00,59.00,329.00,329.00,59.00,59.00,59.00,123.00,59.00,93.00,59.00,59.00,59.00
2026-08-23 13:26:02,59.00,149.00,149.00,59.00,329.00,329.00,59.00,59.00,59.00,123.00,59.00,93.00,59.00,59.00,59.00
2026-08-23 13:36:41,59.00,149.00,149.00,59.00,329.00,329.00,59.00,59.00,59.00,123.00,59.00,93.00,59.00,59.00,59.00
2026-08-23 13:46:50,59.00,149.00,149.00,59.00,329.00,329.00,59.00,59.00,59.00,123.00,59.00,93.00,59.00,59.00,59.00
2026-08-23 13:56:49,59.00,149.00,149.00,59.00,329.00,329.00,59.00,59.00,59.00,123.00,59.00,93.00,59.00,59.00,59.00
2026-08-23 14:06:37,59.00,149.00,149.00,59.00,329.00,329.00,59.00,59.00,59.00,123.00,59.00,93.00,59.00,59.00,59.00
2026-08-23 14:15:58,59.00,149.00,149.00,59.00,329.00,329.00,59.00,59.00,59.00,123.00,59.00,93.00,59.00,59.00,59.00
2026-08-23 14:26:04,59.00,149.00,149.00,59.00,329.00,329.00,59.00,59.00,59.00,123.00,59.00,93.00,59.00,59.00,59.00
2026-08-23 14:36:30,59.00,149.00,149.00,59.00,329.00,329.00,59.00,59.00,59.00,123.00,59.00,93.00,59.00,59.00,59.00
2026-08-23 14:46:39,59.00,149.00,149.00,59.00,329.00,329.00,59.00,59.00,59.00,123.00,59.00,93.00,59.00,59.00,59.00
2026-08-23 14:56:29,59.00,149.00,149.00,59.00,329.00,329.00,59.00,59.00,59.00,123.00,59.00,93.00,59.00,59.00,59.00
2026-08-23 15:06:24,59.00,149.00,149.00,59.00,329.00,329.00,59.00,59.00,59.00,123.00,59.00,93.00,59.00,59.00,59.00
2026-08-23 15:16:16,59.00,149.00,149.00,59.00,329.00,329.00,59.00,59.00,59.00,123.00,59.00,93.00,59.00,59.00,59.00
2026-08-23 15:26:32,59.00,149.00,149.00,59.00,329.00,329.00,59.00,59.00,59.00,123.00,59.00,93.00,59.00,59.00,59.00
2026-08-23 15:35:52,59.00,149.00,149.00,59.00,329.00,329.00,59.00,59.00,59.00,123.00,59.00,93.00,59.00,59.00,59.00
2026-08-23 15:46:24,59.00,149.00,149.00,59.00,329.00,329.00,59.00,59.00,59.00,123.00,59.00,93.00,59.00,59.00,59.00
2026-08-23 15:56:20,,149.00,149.00,59.00,,,59.00,59.00,,123.00,59.00,,59.00,,
2026-08-23 16:06:36,59.00,149.00,149.00,59.00,329.00,329.00,59.00,59.00,59.00,123.00,59.00,93.00,59.00,59.00,59.00
2026-08-23 16:16:31,59.00,149.00,149.00,59.00,329.00,329.00,59.00,59.00,59.00,123.00,59.00,93.00,59.00,59.00,59.00
2026-08-23 16:27:22,59.00,149.00,149.00,59.00,329.00,329.00,59.00,59.00,59.00,123.00,59.00,93.00,59.00,59.00,59.00
2026-08-23 16:35:43,59.00,149.00,149.00,59.00,329.00,329.00,59.00,59.00,59.00,123.00,59.00,93.00,59.00,59.00,59.00
2026-08-23 16:47:18,59.00,149.00,149.00,59.00,329.00,329.00,59.00,59.00,59.00,123.00,59.00,93.00,59.00,59.00,59.00
2026-08-23 16:57:19,59.00,149.00,149.00,59.00,329.00,329.00,59.00,59.00,59.00,123.00,59.00,93.00,59.00,59.00,59.00
2026-08-23 17:06:59,59.00,149.00,149.00,59.00,329.00,329.00,59.00,59.00,59.00,123.00,59.00,93.00,59.00,59.00,59.00
2026-08-23 17:17:44,59.00,149.00,149.00,59.00,329.00,329.00,59.00,59.00,59.00,123.00,59.00,93.00,59.00,59.00,59.00
2026-08-23 17:26:58,59.00,149.00,149.00,59.00,329.00,329.00,59.00,59.00,59.00,123.00,59.00,93.00,59.00,59.00,59.00
2026-08-23 17:37:19,59.00,149.00,149.00,59.00,329.00,329.00,59.00,59.00,59.00,123.00,59.00,93.00,59.00,59.00,59.00
2026-08-23 17:46:39,59.00,149.00,149.00,59.00,329.00,329.00,59.00,59.00,59.00,123.00,59.00,93.00,59.00,59.00,59.00
2026-08-23 17:57:22,59.00,149.00,149.00,59.00,329.00,329.00,59.00,59.00,59.00,123.00,59.00,93.00,59.00,59.00,59.00
2026-08-23 18:07:22,59.00,149.00,149.00,59.00,329.00,329.00,59.00,59.00,59.00,123.00,59.00,93.00,59.00,59.00,59.00
2026-08-23 18:16:50,59.00,149.00,149.00,59.00,329.00,329.00,59.00,59.00,59.00,123.00,59.00,93.00,59.00,59.00,59.00
2026-08-23 18:26:49,59.00,149.00,149.00,59.00,329.00,329.00,59.00,59.00,59.00,123.00,59.00,93.00,59.00,59.00,59.00
2026-08-23 18:37:17,59.00,149.00,149.00,59.00,329.00,329.00,59.00,59.00,59.00,123.00,59.00,93.00,59.00,59.00,59.00
2026-08-23 18:47:07,59.00,149.00,149.00,59.00,329.00,329.00,59.00,59.00,59.00,123.00,59.00,93.00,59.00,59.00,59.00
2026-08-23 18:57:20,59.00,149.00,149.00,59.00,329.00,329.00,59.00,59.00,59.00,123.00,59.00,93.00,59.00,59.00,59.00
2026-08-23 19:07:34,59.00,149.00,149.00,59.00,329.00,329.00,59.00,59.00,59.00,123.00,59.00,93.00,59.00,59.00,59.00
2026-08-23 19:16:43,59.00,149.00,149.00,59.00,329.00,329.00,59.00,59.00,59.00,123.00,59.00,93.00,59.00,59.00,59.00
2026-08-23 19:26:52,59.00,149.00,149.00,59.00,329.00,329.00,59.00,59.00,59.00,123.00,59.00,93.00,59.00,59.00,59.00
2026-08-23 19:37:07,59.00,149.00,149.00,59.00,329.00,329.00,59.00,59.00,59.00,123.00,59.00,93.00,59.00,59.00,59.00
2026-08-23 19:46:01,59.00,149.00,149.00,59.00,329.00,329.00,59.00,59.00,59.00,123.00,59.00,93.00,59.00,59.00,59.00
2026-08-23 19:56:43,59.00,149.00,149.00,59.00,329.00,329.00,59.00,59.00,59.00,123.00,59.00,93.00,59.00,59.00,59.00
2026-08-23 20:07:23,59.00,149.00,149.00,59.00,329.00,329.00,59.00,59.00,59.00,123.00,59.00,93.00,59.00,59.00,59.00
2026-08-23 20:17:07,59.00,149.00,149.00,59.00,329.00,329.00,59.00,59.00,59.00,123.00,59.00,93.00,59.00,59.00,59.00
2026-08-23 20:26:59,59.00,149.00,149.00,59.00,329.00,329.00,59.00,59.00,59.00,123.00,59.00,93.00,59.00,59.00,59.00
2026-08-23 20:37:12,59.00,,149.00,149.00,329.00,329.00,,,59.00,,,93.00,,59.00,59.00
2026-08-23 20:46:51,59.00,149.00,149.00,59.00,329.00,329.00,59.00,59.00,59.00,123.00,59.00,93.00,59.00,59.00,59.00
2026-08-23 20:57:10,59.00,149.00,149.00,59.00,329.00,329.00,59.00,59.00,59.00,123.00,59.00,93.00,59.00,59.00,59.00
2026-08-23 21:07:04,59.00,149.00,149.00,59.00,329.00,329.00,59.00,59.00,59.00,123.00,59.00,93.00,59.00,59.00,59.00
2026-08-23 21:17:21,59.00,149.00,149.00,59.00,329.00,329.00,59.00,59.00,59.00,123.00,59.00,93.00,59.00,59.00,59.00
2026-08-23 21:27:10,59.00,149.00,149.00,59.00,329.00,329.00,59.00,59.00,59.00,123.00,59.00,93.00,59.00,59.00,59.00
2026-08-23 21:37:08,59.00,149.00,149.00,59.00,329.00,329.00,59.00,59.00,59.00,123.00,59.00,93.00,59.00,59.00,59.00
2026-08-23 21:47:16,59.00,149.00,149.00,59.00,329.00,329.00,59.00,59.00,59.00,123.00,59.00,93.00,59.00,59.00,59.00
2026-08-23 21:56:51,59.00,149.00,149.00,59.00,329.00,329.00,59.00,59.00,59.00,123.00,59.00,93.00,59.00,59.00,59.00
2026-08-23 22:07:05,59.00,149.00,149.00,59.00,329.00,329.00,59.00,59.00,59.00,123.00,59.00,93.00,59.00,59.00,59.00
2026-08-23 22:17:05,59.00,149.00,149.00,59.00,329.00,329.00,59.00,59.00,59.00,123.00,59.00,93.00,59.00,59.00,59.00
2026-08-23 22:27:01,59.00,149.00,149.00,59.00,329.00,329.00,59.00,59.00,59.00,123.00,59.00,93.00,59.00,59.00,59.00
2026-08-23 22:37:01,59.00,149.00,149.00,59.00,329.00,329.00,59.00,59.00,59.00,123.00,59.00,93.00,59.00,59.00,59.00
2026-08-23 22:46:56,59.00,149.00,149.00,59.00,329.00,329.00,59.00,59.00,59.00,123.00,59.00,93.00,59.00,59.00,59.00
2026-08-23 22:57:09,59.00,149.00,149.00,59.00,329.00,329.00,59.00,59.00,59.00,123.00,59.00,93.00,59.00,59.00,59.00
2026-08-23 23:07:27,59.00,149.00,149.00,59.00,329.00,329.00,59.00,59.00,59.00,125.00,59.00,93.00,59.00,59.00,59.00
2026-08-23 23:17:17,59.00,149.00,149.00,59.00,329.00,329.00,59.00,59.00,59.00,125.00,59.00,93.00,59.00,59.00,59.00
2026-08-23 23:26:46,59.00,149.00,149.00,59.00,329.00,329.00,59.00,59.00,59.00,125.00,59.00,93.00,59.00,59.00,59.00
2026-08-23 23:37:27,,149.00,149.00,59.00,,,59.00,59.00,,125.00,59.00,,59.00,,
2026-08-23 23:47:09,59.00,149.00,149.00,59.00,329.00,329.00,59.00,59.00,59.00,125.00,59.00,93.00,59.00,59.00,59.00
2026-08-23 23:57:12,59.00,149.00,149.00,59.00,329.00,329.00,59.00,59.00,59.00,125.00,59.00,93.00,59.00,59.00,59.00
2026-08-24 00:07:14,59.00,149.00,149.00,59.00,329.00,329.00,59.00,59.00,59.00,125.00,59.00,93.00,59.00,59.00,59.00
2026-08-24 00:17:13,59.00,149.00,149.00,59.00,329.00,329.00,59.00,59.00,59.00,125.00,59.00,93.00,59.00,59.00,59.00
2026-08-24 00:27:22,59.00,149.00,149.00,59.00,329.00,329.00,59.00,59.00,59.00,125.00,59.00,93.00,59.00,59.00,59.00
2026-08-24 00:36:12,59.00,149.00,149.00,59.00,329.00,329.00,59.00,59.00,59.00,125.00,59.00,93.00,59.00,59.00,59.00
2026-08-24 00:47:11,59.00,149.00,149.00,59.00,329.00,329.00,59.00,59.00,59.00,125.00,59.00,93.00,59.00,59.00,59.00
2026-08-24 00:56:53,59.00,149.00,149.00,59.00,329.00,329.00,59.00,59.00,59.00,125.00,59.00,93.00,59.00,59.00,59.00
2026-08-24 01:07:28,59.00,149.00,149.00,59.00,329.00,329.00,59.00,59.00,59.00,125.00,59.00,93.00,59.00,59.00,59.00
2026-08-24 01:17:08,59.00,149.00,149.00,59.00,329.00,329.00,59.00,59.00,59.00,125.00,59.00,93.00,59.00,59.00,59.00
2026-08-24 01:26:58,59.00,149.00,149.00,59.00,329.00,329.00,59.00,59.00,59.00,125.00,59.00,93.00,59.00,59.00,59.00
2026-08-24 01:37:04,59.00,149.00,149.00,59.00,329.00,329.00,59.00,59.00,59.00,125.00,59.00,93.00,59.00,59.00,59.00
2026-08-24 01:46:39,59.00,149.00,149.00,59.00,329.00,329.00,59.00,59.00,59.00,125.00,59.00,93.00,59.00,59.00,59.00
2026-08-24 01:57:02,59.00,149.00,149.00,59.00,329.00,329.00,59.00,59.00,59.00,125.00,59.00,93.00,59.00,59.00,59.00
2026-08-24 02:06:42,59.00,149.00,149.00,59.00,329.00,329.00,59.00,59.00,59.00,125.00,59.00,93.00,59.00,59.00,59.00
2026-08-24 02:17:14,59.00,149.00,149.00,59.00,329.00,329.00,59.00,59.00,59.00,125.00,59.00,93.00,59.00,59.00,59.00
2026-08-24 02:27:09,59.00,149.00,149.00,59.00,329.00,329.00,59.00,59.00,59.00,125.00,59.00,93.00,59.00,59.00,59.00
2026-08-24 02:37:13,59.00,149.00,149.00,59.00,329.00,329.00,59.00,59.00,59.00,125.00,59.00,93.00,59.00,59.00,59.00
2026-08-24 02:46:17,59.00,149.00,149.00,59.00,329.00,329.00,59.00,59.00,59.00,125.00,59.00,93.00,59.00,59.00,59.00
2026-08-24 02:56:55,59.00,149.00,149.00,59.00,329.00,329.00,59.00,59.00,59.00,125.00,59.00,93.00,59.00,59.00,59.00
2026-08-24 03:07:25,59.00,149.00,149.00,59.00,329.00,329.00,59.00,59.00,59.00,125.00,59.00,93.00,59.00,59.00,59.00
2026-08-24 03:17:22,59.00,149.00,149.00,59.00,329.00,329.00,59.00,59.00,59.00,125.00,59.00,93.00,59.00,59.00,59.00
2026-08-24 03:26:59,59.00,149.00,149.00,59.00,329.00,329.00,59.00,59.00,59.00,125.00,59.00,93.00,59.00,59.00,59.00
2026-08-24 03:36:56,59.00,149.00,149.00,59.00,329.00,329.00,59.00,59.00,59.00,125.00,59.00,93.00,59.00,59.00,59.00
2026-08-24 03:46:58,59.00,149.00,149.00,59.00,329.00,329.00,59.00,59.00,59.00,125.00,59.00,93.00,59.00,59.00,59.00
2026-08-24 03:56:18,59.00,149.00,149.00,59.00,329.00,329.00,59.00,59.00,59.00,125.00,59.00,93.00,59.00,59.00,59.00
2026-08-24 04:07:09,59.00,149.00,149.00,59.00,329.00,329.00,59.00,59.00,59.00,125.00,59.00,93.00,59.00,59.00,59.00
2026-08-24 04:17:11,59.00,149.00,149.00,59.00,329.00,329.00,59.00,59.00,59.00,125.00,59.00,93.00,59.00,59.00,59.00
2026-08-24 04:27:26,59.00,149.00,149.00,59.00,329.00,329.00,59.00,59.00,59.00,125.00,59.00,93.00,59.00,59.00,59.00
2026-08-24 04:37:20,59.00,149.00,149.00,59.00,329.00,329.00,59.00,59.00,59.00,125.00,59.00,93.00,59.00,59.00,59.00
2026-08-24 04:47:11,59.00,149.00,149.00,59.00,329.00,329.00,59.00,59.00,59.00,125.00,59.00,93.00,59.00,59.00,59.00
2026-08-24 04:56:47,59.00,149.00,149.00,59.00,329.00,329.00,59.00,59.00,59.00,125.00,59.00,93.00,59.00,59.00,59.00
2026-08-24 05:07:16,59.00,149.00,149.00,59.00,329.00,329.00,59.00,59.00,59.00,125.00,59.00,93.00,59.00,59.00,59.00
2026-08-24 05:16:36,59.00,149.00,149.00,59.00,329.00,329.00,59.00,59.00,59.00,125.00,59.00,93.00,59.00,59.00,59.00
2026-08-24 05:27:16,59.00,149.00,149.00,59.00,329.00,329.00,59.00,59.00,59.00,125.00,59.00,93.00,59.00,59.00,59.00
2026-08-24 05:37:16,59.00,149.00,149.00,59.00,329.00,329.00,59.00,59.00,59.00,125.00,59.00,93.00,59.00,59.00,59.00
2026-08-24 05:46:54,59.00,149.00,149.00,59.00,329.00,329.00,59.00,59.00,59.00,125.00,59.00,93.00,59.00,59.00,59.00
2026-08-24 05:57:24,59.00,149.00,149.00,59.00,329.00,329.00,59.00,59.00,59.00,125.00,59.00,93.00,59.00,59.00,59.00
2026-08-24 06:07:24,59.00,149.00,149.00,59.00,329.00,329.00,59.00,59.00,59.00,125.00,59.00,93.00,59.00,59.00,59.00
2026-08-24 06:17:11,59.00,149.00,149.00,59.00,329.00,329.00,59.00,59.00,59.00,125.00,59.00,93.00,59.00,59.00,59.00
2026-08-24 06:27:16,59.00,149.00,149.00,59.00,329.00,329.00,59.00,59.00,59.00,125.00,59.00,93.00,59.00,59.00,59.00
2026-08-24 06:36:25,59.00,149.00,149.00,59.00,329.00,329.00,59.00,59.00,59.00,125.00,59.00,93.00,59.00,59.00,59.00
2026-08-24 06:47:19,59.00,149.00,149.00,59.00,329.00,329.00,59.00,59.00,59.00,125.00,59.00,93.00,59.00,59.00,59.00
2026-08-24 06:57:05,59.00,149.00,149.00,59.00,329.00,329.00,59.00,59.00,59.00,125.00,59.00,93.00,59.00,59.00,59.00
2026-08-24 07:06:44,59.00,149.00,149.00,59.00,329.00,329.00,59.00,59.00,59.00,125.00,59.00,93.00,59.00,59.00,59.00
2026-08-24 07:17:05,59.00,149.00,149.00,59.00,329.00,329.00,59.00,59.00,59.00,215.00,59.00,93.00,59.00,59.00,59.00
2026-08-24 07:26:55,59.00,149.00,149.00,59.00,329.00,329.00,59.00,59.00,59.00,215.00,59.00,93.00,59.00,59.00,59.00
2026-08-24 07:37:18,59.00,149.00,149.00,59.00,329.00,329.00,59.00,59.00,59.00,199.00,59.00,93.00,59.00,59.00,59.00
2026-08-24 07:46:38,59.00,149.00,149.00,59.00,329.00,329.00,59.00,59.00,59.00,199.00,59.00,93.00,59.00,59.00,59.00
2026-08-24 07:56:59,59.00,149.00,149.00,59.00,329.00,329.00,59.00,59.00,59.00,199.00,59.00,93.00,59.00,59.00,59.00
2026-08-24 08:07:16,59.00,149.00,149.00,59.00,329.00,329.00,59.00,59.00,59.00,199.00,59.00,93.00,59.00,59.00,59.00
2026-08-24 08:17:14,59.00,149.00,149.00,59.00,329.00,329.00,59.00,59.00,59.00,199.00,59.00,93.00,59.00,59.00,59.00
2026-08-24 08:27:11,59.00,149.00,149.00,59.00,329.00,329.00,59.00,59.00,59.00,185.00,59.00,93.00,59.00,59.00,59.00
2026-08-24 08:37:11,59.00,149.00,149.00,59.00,329.00,329.00,59.00,59.00,59.00,160.00,59.00,93.00,59.00,59.00,59.00
2026-08-24 08:46:05,59.00,149.00,149.00,59.00,329.00,329.00,59.00,59.00,59.00,199.00,59.00,93.00,59.00,59.00,59.00
2026-08-24 08:57:46,59.00,149.00,149.00,59.00,329.00,329.00,59.00,59.00,59.00,160.00,59.00,93.00,59.00,59.00,59.00
2026-08-24 09:07:25,59.00,149.00,149.00,59.00,329.00,329.00,59.00,59.00,59.00,160.00,59.00,93.00,59.00,59.00,59.00
2026-08-24 09:16:39,59.00,149.00,149.00,59.00,329.00,329.00,59.00,59.00,59.00,160.00,59.00,93.00,59.00,59.00,59.00
2026-08-24 09:27:10,59.00,149.00,149.00,59.00,329.00,329.00,59.00,59.00,59.00,160.00,59.00,93.00,59.00,59.00,59.00
2026-08-24 09:37:12,59.00,149.00,149.00,59.00,329.00,329.00,59.00,59.00,59.00,160.00,59.00,93.00,59.00,59.00,59.00
2026-08-24 09:47:09,59.00,149.00,149.00,59.00,329.00,329.00,59.00,59.00,59.00,160.00,59.00,93.00,59.00,59.00,59.00
2026-08-24 09:56:33,59.00,149.00,149.00,59.00,329.00,329.00,59.00,59.00,59.00,160.00,59.00,93.00,59.00,59.00,59.00
2026-08-24 10:06:56,59.00,149.00,149.00,59.00,329.00,329.00,59.00,59.00,59.00,160.00,59.00,93.00,59.00,59.00,59.00
2026-08-24 10:17:16,59.00,149.00,149.00,59.00,329.00,329.00,59.00,59.00,59.00,160.00,59.00,93.00,59.00,59.00,59.00
2026-08-24 10:26:46,59.00,149.00,149.00,59.00,329.00,329.00,59.00,59.00,59.00,160.00,59.00,93.00,59.00,59.00,59.00
2026-08-24 10:36:19,59.00,149.00,149.00,59.00,329.00,329.00,59.00,59.00,59.00,160.00,59.00,93.00,59.00,59.00,59.00
2026-08-24 10:47:27,59.00,149.00,149.00,59.00,329.00,329.00,59.00,59.00,59.00,160.00,59.00,93.00,59.00,59.00,59.00
2026-08-24 10:56:49,59.00,149.00,149.00,59.00,329.00,329.00,59.00,59.00,59.00,160.00,59.00,93.00,59.00,59.00,59.00
2026-08-24 11:07:25,59.00,149.00,149.00,59.00,329.00,329.00,59.00,59.00,59.00,160.00,59.00,93.00,59.00,59.00,59.00
2026-08-24 11:16:48,59.00,149.00,149.00,59.00,329.00,329.00,59.00,59.00,59.00,160.00,59.00,93.00,59.00,59.00,59.00
2026-08-24 11:27:28,59.00,149.00,149.00,59.00,329.00,329.00,59.00,59.00,59.00,160.00,59.00,93.00,59.00,59.00,59.00
2026-08-24 11:37:38,59.00,149.00,149.00,59.00,329.00,329.00,59.00,59.00,59.00,160.00,59.00,93.00,59.00,59.00,59.00
2026-08-24 11:47:30,59.00,149.00,149.00,59.00,329.00,329.00,59.00,59.00,59.00,160.00,59.00,93.00,59.00,59.00,59.00
2026-08-24 11:57:31,59.00,149.00,149.00,59.00,329.00,329.00,59.00,59.00,59.00,160.00,59.00,93.00,59.00,59.00,59.00
2026-08-24 12:07:40,59.00,149.00,149.00,59.00,329.00,329.00,59.00,59.00,59.00,160.00,59.00,93.00,59.00,59.00,59.00
2026-08-24 12:17:02,59.00,149.00,149.00,59.00,329.00,329.00,59.00,59.00,59.00,160.00,59.00,93.00,59.00,59.00,59.00
2026-08-24 12:27:27,59.00,149.00,149.00,59.00,329.00,329.00,59.00,59.00,59.00,160.00,59.00,93.00,59.00,59.00,59.00
2026-08-24 12:37:48,59.00,149.00,149.00,59.00,329.00,329.00,59.00,59.00,59.00,160.00,59.00,93.00,59.00,59.00,59.00
2026-08-24 12:46:30,59.00,149.00,149.00,59.00,329.00,329.00,59.00,59.00,59.00,160.00,59.00,93.00,59.00,59.00,59.00
2026-08-24 12:57:16,59.00,149.00,149.00,59.00,329.00,329.00,59.00,59.00,59.00,160.00,59.00,93.00,59.00,59.00,59.00
2026-08-24 13:07:38,59.00,149.00,149.00,59.00,329.00,329.00,59.00,59.00,59.00,160.00,59.00,93.00,59.00,59.00,59.00
2026-08-24 13:17:32,59.00,149.00,149.00,59.00,329.00,329.00,59.00,59.00,59.00,160.00,59.00,93.00,59.00,59.00,59.00
2026-08-24 13:27:34,59.00,149.00,149.00,59.00,329.00,329.00,59.00,59.00,59.00,160.00,59.00,93.00,59.00,59.00,59.00
2026-08-24 13:37:29,59.00,149.00,149.00,59.00,329.00,329.00,59.00,59.00,59.00,160.00,59.00,93.00,59.00,59.00,59.00
2026-08-24 13:47:32,59.00,149.00,149.00,59.00,329.00,329.00,59.00,59.00,59.00,160.00,59.00,93.00,59.00,59.00,59.00
2026-08-24 13:57:41,59.00,149.00,149.00,59.00,329.00,329.00,59.00,59.00,59.00,160.00,59.00,93.00,59.00,59.00,59.00
2026-08-24 14:07:48,59.00,149.00,149.00,59.00,329.00,329.00,59.00,59.00,59.00,160.00,59.00,93.00,59.00,59.00,59.00
2026-08-24 14:17:47,59.00,149.00,149.00,59.00,329.00,329.00,59.00,59.00,59.00,160.00,59.00,93.00,59.00,59.00,59.00
2026-08-24 14:27:03,59.00,149.00,149.00,59.00,329.00,329.00,59.00,59.00,59.00,160.00,59.00,93.00,59.00,59.00,59.00
2026-08-24 14:37:38,59.00,149.00,149.00,59.00,329.00,329.00,59.00,59.00,59.00,160.00,59.00,93.00,59.00,59.00,59.00
2026-08-24 14:47:38,59.00,149.00,149.00,59.00,329.00,329.00,59.00,59.00,59.00,160.00,59.00,93.00,59.00,59.00,59.00
2026-08-24 14:57:43,59.00,149.00,149.00,59.00,329.00,329.00,59.00,59.00,59.00,164.00,59.00,93.00,59.00,59.00,59.00
2026-08-24 15:08:06,59.00,149.00,149.00,59.00,329.00,329.00,59.00,59.00,59.00,160.00,59.00,93.00,59.00,59.00,59.00
2026-08-24 15:17:57,59.00,149.00,149.00,59.00,329.00,329.00,59.00,59.00,59.00,185.00,59.00,93.00,59.00,59.00,59.00
2026-08-24 15:27:55,59.00,149.00,149.00,59.00,329.00,329.00,59.00,59.00,59.00,185.00,59.00,93.00,59.00,59.00,59.00
2026-08-24 15:37:46,59.00,149.00,149.00,59.00,329.00,329.00,59.00,59.00,59.00,185.00,59.00,93.00,59.00,59.00,59.00
2026-08-24 15:47:37,59.00,149.00,149.00,59.00,329.00,329.00,59.00,59.00,59.00,185.00,59.00,93.00,59.00,59.00,59.00
2026-08-24 15:57:40,59.00,149.00,149.00,59.00,329.00,329.00,59.00,59.00,59.00,185.00,59.00,93.00,59.00,59.00,59.00
2026-08-24 16:07:58,59.00,149.00,149.00,59.00,329.00,329.00,59.00,59.00,59.00,185.00,59.00,93.00,59.00,59.00,59.00
2026-08-24 16:17:46,59.00,149.00,149.00,59.00,329.00,329.00,59.00,59.00,59.00,185.00,59.00,93.00,59.00,59.00,59.00
2026-08-24 16:27:44,59.00,149.00,149.00,59.00,329.00,329.00,59.00,59.00,59.00,185.00,59.00,93.00,59.00,59.00,59.00
2026-08-24 16:37:33,59.00,149.00,149.00,59.00,329.00,329.00,59.00,59.00,59.00,185.00,59.00,93.00,59.00,59.00,59.00
2026-08-24 16:47:47,59.00,149.00,149.00,59.00,329.00,329.00,59.00,59.00,59.00,185.00,59.00,93.00,59.00,59.00,59.00
2026-08-24 16:57:44,59.00,149.00,149.00,59.00,329.00,329.00,59.00,59.00,59.00,164.00,59.00,93.00,59.00,59.00,59.00
2026-08-24 17:07:05,59.00,149.00,149.00,59.00,329.00,329.00,59.00,59.00,59.00,164.00,59.00,93.00,59.00,59.00,59.00
2026-08-24 17:17:55,59.00,149.00,149.00,59.00,329.00,329.00,59.00,59.00,59.00,164.00,59.00,93.00,59.00,59.00,59.00
2026-08-24 17:27:42,59.00,149.00,149.00,59.00,329.00,329.00,59.00,59.00,59.00,164.00,59.00,93.00,59.00,59.00,59.00
2026-08-24 17:37:29,59.00,149.00,149.00,59.00,329.00,329.00,59.00,59.00,59.00,157.00,59.00,93.00,59.00,59.00,59.00
2026-08-24 17:46:42,59.00,149.00,149.00,59.00,329.00,329.00,59.00,59.00,59.00,157.00,59.00,93.00,59.00,59.00,59.00
2026-08-24 17:58:00,59.00,149.00,149.00,59.00,329.00,329.00,59.00,59.00,59.00,157.00,59.00,93.00,59.00,59.00,59.00
2026-08-24 18:07:56,59.00,149.00,149.00,59.00,329.00,329.00,59.00,59.00,59.00,157.00,59.00,93.00,59.00,59.00,59.00
2026-08-24 18:17:43,59.00,149.00,149.00,59.00,329.00,329.00,59.00,59.00,59.00,157.00,59.00,93.00,59.00,59.00,59.00
2026-08-24 18:26:45,59.00,149.00,149.00,59.00,329.00,329.00,59.00,59.00,59.00,157.00,59.00,93.00,59.00,59.00,59.00
2026-08-24 18:37:41,59.00,149.00,149.00,59.00,329.00,329.00,59.00,59.00,59.00,157.00,59.00,93.00,59.00,59.00,59.00
2026-08-24 18:47:54,59.00,149.00,149.00,59.00,329.00,329.00,59.00,59.00,59.00,157.00,59.00,93.00,59.00,59.00,59.00
2026-08-24 18:57:54,,149.00,149.00,59.00,,,59.00,59.00,,157.00,59.00,,59.00,,
2026-08-24 19:07:51,59.00,149.00,149.00,59.00,329.00,329.00,59.00,59.00,59.00,157.00,59.00,93.00,59.00,59.00,59.00
2026-08-24 19:17:11,59.00,149.00,149.00,59.00,329.00,329.00,59.00,59.00,59.00,157.00,59.00,93.00,59.00,59.00,59.00
2026-08-24 19:27:08,59.00,149.00,149.00,59.00,329.00,329.00,59.00,59.00,59.00,157.00,59.00,93.00,59.00,59.00,59.00
2026-08-24 19:37:44,59.00,149.00,149.00,59.00,329.00,329.00,59.00,59.00,59.00,157.00,59.00,93.00,59.00,59.00,59.00
2026-08-24 19:47:51,59.00,149.00,149.00,59.00,329.00,329.00,59.00,59.00,59.00,157.00,59.00,93.00,59.00,59.00,59.00
2026-08-24 19:57:43,59.00,149.00,149.00,59.00,329.00,329.00,59.00,59.00,59.00,157.00,59.00,93.00,59.00,59.00,59.00
2026-08-24 20:07:48,59.00,149.00,149.00,59.00,329.00,329.00,59.00,59.00,59.00,157.00,59.00,93.00,59.00,59.00,59.00
2026-08-24 20:17:55,59.00,149.00,149.00,59.00,329.00,329.00,59.00,59.00,59.00,157.00,59.00,93.00,59.00,59.00,59.00
2026-08-24 20:27:41,59.00,149.00,149.00,59.00,329.00,329.00,59.00,59.00,59.00,157.00,59.00,93.00,59.00,59.00,59.00
2026-08-24 20:37:45,59.00,149.00,149.00,59.00,339.00,339.00,59.00,59.00,59.00,157.00,59.00,93.00,59.00,59.00,59.00
2026-08-24 20:47:12,59.00,149.00,149.00,59.00,339.00,339.00,59.00,59.00,59.00,157.00,59.00,93.00,59.00,59.00,59.00
2026-08-24 20:57:50,59.00,149.00,149.00,59.00,339.00,339.00,59.00,59.00,59.00,157.00,59.00,93.00,59.00,59.00,59.00
2026-08-24 21:07:39,59.00,149.00,149.00,59.00,339.00,339.00,59.00,59.00,59.00,157.00,59.00,93.00,59.00,59.00,59.00
2026-08-24 21:17:20,59.00,,149.00,149.00,329.00,329.00,,,59.00,,,93.00,,59.00,59.00
2026-08-24 21:27:52,59.00,149.00,149.00,59.00,339.00,339.00,59.00,59.00,59.00,185.00,59.00,93.00,59.00,59.00,59.00
2026-08-24 21:37:46,59.00,149.00,149.00,59.00,339.00,339.00,59.00,59.00,59.00,185.00,59.00,93.00,59.00,59.00,59.00
2026-08-24 21:47:00,59.00,149.00,149.00,59.00,339.00,339.00,59.00,59.00,59.00,185.00,59.00,93.00,59.00,59.00,59.00
2026-08-24 21:57:48,59.00,149.00,149.00,59.00,339.00,339.00,59.00,59.00,59.00,185.00,59.00,93.00,59.00,59.00,59.00
2026-08-24 22:07:56,59.00,149.00,149.00,59.00,339.00,339.00,59.00,59.00,59.00,185.00,59.00,93.00,59.00,59.00,59.00
2026-08-24 22:17:42,59.00,149.00,149.00,59.00,339.00,339.00,59.00,59.00,59.00,185.00,59.00,93.00,59.00,59.00,59.00
2026-08-24 22:27:41,59.00,149.00,149.00,59.00,339.00,339.00,59.00,59.00,59.00,185.00,59.00,93.00,59.00,59.00,59.00
2026-08-24 22:36:39,59.00,149.00,149.00,59.00,339.00,339.00,59.00,59.00,59.00,185.00,59.00,93.00,59.00,59.00,59.00
2026-08-24 22:47:51,59.00,149.00,149.00,59.00,339.00,339.00,59.00,59.00,59.00,185.00,59.00,93.00,59.00,59.00,59.00
2026-08-24 22:57:56,59.00,149.00,149.00,59.00,339.00,339.00,59.00,59.00,59.00,185.00,59.00,93.00,59.00,59.00,59.00
2026-08-24 23:08:03,59.00,149.00,149.00,59.00,339.00,339.00,59.00,59.00,59.00,185.00,59.00,93.00,59.00,59.00,59.00
2026-08-24 23:17:52,59.00,149.00,149.00,59.00,339.00,339.00,59.00,59.00,59.00,185.00,59.00,93.00,59.00,59.00,59.00
2026-08-24 23:27:50,59.00,149.00,149.00,59.00,339.00,339.00,59.00,59.00,59.00,185.00,59.00,93.00,59.00,59.00,59.00
2026-08-24 23:47:52,59.00,149.00,149.00,59.00,339.00,339.00,59.00,59.00,59.00,185.00,59.00,93.00,59.00,59.00,59.00
2026-08-24 23:57:58,59.00,149.00,149.00,59.00,339.00,339.00,59.00,59.00,59.00,185.00,59.00,93.00,59.00,59.00,59.00
2026-08-25 00:07:53,59.00,149.00,149.00,59.00,339.00,339.00,59.00,59.00,59.00,185.00,59.00,93.00,59.00,59.00,59.00
2026-08-25 00:16:55,59.00,149.00,149.00,59.00,339.00,339.00,59.00,59.00,59.00,185.00,59.00,93.00,59.00,59.00,59.00
2026-08-25 00:27:47,59.00,149.00,149.00,59.00,339.00,339.00,59.00,59.00,59.00,185.00,59.00,93.00,59.00,59.00,59.00
2026-08-25 00:37:56,59.00,149.00,149.00,59.00,339.00,339.00,59.00,59.00,59.00,185.00,59.00,93.00,59.00,59.00,59.00
2026-08-25 00:48:08,59.00,149.00,149.00,59.00,339.00,339.00,59.00,59.00,59.00,185.00,59.00,93.00,59.00,59.00,59.00
2026-08-25 00:57:57,59.00,149.00,149.00,59.00,339.00,339.00,59.00,59.00,59.00,185.00,59.00,93.00,59.00,59.00,59.00
2026-08-25 01:07:23,59.00,149.00,149.00,59.00,339.00,339.00,59.00,59.00,59.00,185.00,59.00,93.00,59.00,59.00,59.00
2026-08-25 01:17:58,59.00,149.00,149.00,59.00,339.00,339.00,59.00,59.00,59.00,185.00,59.00,93.00,59.00,59.00,59.00
2026-08-25 01:27:43,59.00,149.00,149.00,59.00,339.00,339.00,59.00,59.00,59.00,185.00,59.00,93.00,59.00,59.00,59.00
2026-08-25 01:38:13,59.00,149.00,149.00,59.00,339.00,339.00,59.00,59.00,59.00,185.00,59.00,93.00,59.00,59.00,59.00
2026-08-25 01:48:04,59.00,149.00,149.00,59.00,339.00,339.00,59.00,59.00,59.00,185.00,59.00,93.00,59.00,59.00,59.00
2026-08-25 01:57:55,59.00,149.00,149.00,59.00,339.00,339.00,59.00,59.00,59.00,185.00,59.00,93.00,59.00,59.00,59.00
2026-08-25 02:08:05,59.00,149.00,149.00,59.00,339.00,339.00,59.00,59.00,59.00,185.00,59.00,93.00,59.00,59.00,59.00
2026-08-25 02:18:03,59.00,149.00,149.00,59.00,339.00,339.00,59.00,59.00,59.00,185.00,59.00,93.00,59.00,59.00,59.00
2026-08-25 02:26:37,59.00,149.00,149.00,59.00,339.00,339.00,59.00,59.00,59.00,185.00,59.00,93.00,59.00,59.00,59.00
2026-08-25 02:37:48,59.00,149.00,149.00,59.00,339.00,339.00,59.00,59.00,59.00,185.00,59.00,93.00,59.00,59.00,59.00
2026-08-25 02:47:47,59.00,149.00,149.00,59.00,339.00,339.00,59.00,59.00,59.00,185.00,59.00,93.00,59.00,59.00,59.00
2026-08-25 02:56:33,59.00,149.00,149.00,59.00,339.00,339.00,59.00,59.00,59.00,185.00,59.00,93.00,59.00,59.00,59.00
2026-08-25 03:07:58,59.00,149.00,149.00,59.00,339.00,339.00,59.00,59.00,59.00,185.00,59.00,93.00,59.00,59.00,59.00
2026-08-25 03:18:07,59.00,149.00,149.00,59.00,339.00,339.00,59.00,59.00,59.00,185.00,59.00,93.00,59.00,59.00,59.00
2026-08-25 03:27:56,59.00,149.00,149.00,59.00,339.00,339.00,59.00,59.00,59.00,185.00,59.00,93.00,59.00,59.00,59.00
2026-08-25 03:37:51,59.00,149.00,149.00,59.00,339.00,339.00,59.00,59.00,59.00,185.00,59.00,93.00,59.00,59.00,59.00
2026-08-25 03:47:37,59.00,149.00,149.00,59.00,339.00,339.00,59.00,59.00,59.00,185.00,59.00,93.00,59.00,59.00,59.00
2026-08-25 03:57:55,59.00,149.00,149.00,59.00,339.00,339.00,59.00,59.00,59.00,185.00,59.00,93.00,59.00,59.00,59.00
2026-08-25 04:08:43,59.00,149.00,149.00,59.00,339.00,339.00,59.00,59.00,59.00,185.00,59.00,93.00,59.00,59.00,59.00
2026-08-25 04:18:41,59.00,149.00,149.00,59.00,339.00,339.00,59.00,59.00,59.00,143.00,59.00,93.00,59.00,59.00,59.00
2026-08-25 04:28:24,59.00,149.00,149.00,59.00,339.00,339.00,59.00,59.00,59.00,143.00,59.00,93.00,59.00,59.00,59.00
2026-08-25 04:38:02,59.00,149.00,149.00,59.00,339.00,339.00,59.00,59.00,59.00,143.00,59.00,93.00,59.00,59.00,59.00
2026-08-25 04:47:03,59.00,149.00,149.00,59.00,339.00,339.00,59.00,59.00,59.00,143.00,59.00,93.00,59.00,59.00,59.00
2026-08-25 04:57:52,59.00,149.00,149.00,59.00,339.00,339.00,59.00,59.00,59.00,143.00,59.00,93.00,59.00,59.00,59.00
2026-08-25 05:06:42,59.00,149.00,149.00,59.00,339.00,339.00,59.00,59.00,59.00,143.00,59.00,93.00,59.00,59.00,59.00
2026-08-25 05:17:34,59.00,149.00,149.00,59.00,339.00,339.00,59.00,59.00,59.00,143.00,59.00,93.00,59.00,59.00,59.00
2026-08-25 05:27:39,59.00,149.00,149.00,59.00,339.00,339.00,59.00,59.00,59.00,143.00,59.00,93.00,59.00,59.00,59.00
2026-08-25 05:37:50,59.00,149.00,149.00,59.00,339.00,339.00,59.00,59.00,59.00,143.00,59.00,93.00,59.00,59.00,59.00
2026-08-25 05:47:44,59.00,149.00,149.00,59.00,339.00,339.00,59.00,59.00,59.00,143.00,59.00,93.00,59.00,59.00,59.00
2026-08-25 05:57:45,59.00,149.00,149.00,59.00,339.00,339.00,59.00,59.00,59.00,143.00,59.00,93.00,59.00,59.00,59.00
2026-08-25 06:07:11,59.00,149.00,149.00,59.00,339.00,339.00,59.00,59.00,59.00,143.00,59.00,93.00,59.00,59.00,59.00
2026-08-25 06:17:41,59.00,149.00,149.00,59.00,339.00,339.00,59.00,59.00,59.00,143.00,59.00,93.00,59.00,59.00,59.00
2026-08-25 06:27:47,59.00,149.00,149.00,59.00,339.00,339.00,59.00,59.00,59.00,143.00,59.00,93.00,59.00,59.00,59.00
2026-08-25 06:37:40,59.00,149.00,149.00,59.00,339.00,339.00,59.00,59.00,59.00,143.00,59.00,93.00,59.00,59.00,59.00
2026-08-25 06:47:04,59.00,149.00,149.00,59.00,339.00,339.00,59.00,59.00,59.00,143.00,59.00,93.00,59.00,59.00,59.00
2026-08-25 06:56:39,59.00,149.00,149.00,59.00,339.00,339.00,59.00,59.00,59.00,143.00,59.00,93.00,59.00,59.00,59.00
2026-08-25 07:07:48,59.00,149.00,149.00,59.00,339.00,339.00,59.00,59.00,59.00,143.00,59.00,93.00,59.00,59.00,59.00
2026-08-25 07:17:35,59.00,149.00,149.00,59.00,339.00,339.00,59.00,59.00,59.00,143.00,59.00,93.00,59.00,59.00,59.00
2026-08-25 07:27:48,59.00,149.00,149.00,59.00,339.00,339.00,59.00,59.00,59.00,143.00,59.00,93.00,59.00,59.00,59.00
2026-08-25 07:37:52,59.00,149.00,149.00,59.00,339.00,339.00,59.00,59.00,59.00,143.00,59.00,93.00,59.00,59.00,59.00
2026-08-25 07:47:32,59.00,149.00,149.00,59.00,339.00,339.00,59.00,59.00,59.00,143.00,59.00,93.00,59.00,59.00,59.00
2026-08-25 07:57:47,59.00,149.00,149.00,59.00,339.00,339.00,59.00,59.00,59.00,143.00,59.00,93.00,59.00,59.00,59.00
2026-08-25 08:07:52,59.00,149.00,149.00,59.00,339.00,339.00,59.00,59.00,59.00,143.00,59.00,93.00,59.00,59.00,59.00
2026-08-25 08:17:40,59.00,149.00,149.00,59.00,339.00,339.00,59.00,59.00,59.00,143.00,59.00,93.00,59.00,59.00,59.00
2026-08-25 08:27:44,59.00,149.00,149.00,59.00,339.00,339.00,59.00,59.00,59.00,143.00,59.00,93.00,59.00,59.00,59.00
2026-08-25 08:37:50,59.00,149.00,149.00,59.00,339.00,339.00,59.00,59.00,59.00,143.00,59.00,93.00,59.00,59.00,59.00
2026-08-25 08:47:41,59.00,149.00,149.00,59.00,339.00,339.00,59.00,59.00,59.00,143.00,59.00,93.00,59.00,59.00,59.00
2026-08-25 08:57:36,59.00,149.00,149.00,59.00,339.00,339.00,59.00,59.00,59.00,143.00,59.00,93.00,59.00,59.00,59.00
2026-08-25 09:07:12,59.00,149.00,149.00,59.00,339.00,339.00,59.00,59.00,59.00,143.00,59.00,93.00,59.00,59.00,59.00
2026-08-25 09:17:46,59.00,149.00,149.00,59.00,339.00,339.00,59.00,59.00,59.00,143.00,59.00,93.00,59.00,59.00,59.00
2026-08-25 09:27:45,59.00,149.00,149.00,59.00,339.00,339.00,59.00,59.00,59.00,143.00,59.00,93.00,59.00,59.00,59.00
2026-08-25 09:37:47,59.00,149.00,149.00,59.00,339.00,339.00,59.00,59.00,59.00,130.00,59.00,76.00,59.00,59.00,59.00
2026-08-25 09:47:10,59.00,149.00,149.00,59.00,339.00,339.00,59.00,59.00,59.00,130.00,59.00,76.00,59.00,59.00,59.00
2026-08-25 09:57:50,59.00,149.00,149.00,59.00,339.00,339.00,59.00,59.00,59.00,130.00,59.00,76.00,59.00,59.00,59.00
2026-08-25 10:07:11,59.00,149.00,149.00,59.00,339.00,339.00,59.00,59.00,59.00,130.00,59.00,76.00,59.00,59.00,59.00
2026-08-25 10:17:41,59.00,149.00,149.00,59.00,339.00,339.00,59.00,59.00,59.00,109.00,59.00,76.00,59.00,59.00,59.00
2026-08-25 10:27:38,59.00,149.00,149.00,59.00,339.00,339.00,59.00,59.00,59.00,109.00,59.00,76.00,59.00,59.00,59.00
2026-08-25 10:37:09,59.00,149.00,149.00,59.00,339.00,339.00,59.00,59.00,59.00,109.00,59.00,76.00,59.00,59.00,59.00
2026-08-25 10:46:24,59.00,149.00,149.00,59.00,339.00,339.00,59.00,59.00,59.00,109.00,59.00,76.00,59.00,59.00,59.00
2026-08-25 10:57:10,59.00,149.00,149.00,59.00,339.00,339.00,59.00,59.00,59.00,109.00,59.00,76.00,59.00,59.00,59.00
2026-08-25 11:07:57,59.00,149.00,149.00,59.00,339.00,339.00,59.00,59.00,59.00,109.00,59.00,76.00,59.00,59.00,59.00
2026-08-25 11:17:50,59.00,149.00,149.00,59.00,339.00,339.00,59.00,59.00,59.00,109.00,59.00,76.00,59.00,59.00,59.00
2026-08-25 11:28:06,59.00,149.00,149.00,59.00,339.00,339.00,59.00,59.00,59.00,109.00,59.00,76.00,59.00,59.00,59.00
2026-08-25 11:37:58,59.00,149.00,149.00,59.00,339.00,339.00,59.00,59.00,59.00,109.00,59.00,76.00,59.00,59.00,59.00
2026-08-25 11:48:01,59.00,149.00,149.00,59.00,339.00,339.00,59.00,59.00,59.00,109.00,59.00,76.00,59.00,59.00,59.00
2026-08-25 11:57:45,59.00,149.00,149.00,59.00,339.00,339.00,59.00,59.00,59.00,109.00,59.00,76.00,59.00,59.00,59.00
2026-08-25 12:07:57,59.00,149.00,149.00,59.00,339.00,339.00,59.00,59.00,59.00,109.00,59.00,76.00,59.00,59.00,59.00
2026-08-25 12:17:58,59.00,149.00,149.00,59.00,339.00,339.00,59.00,59.00,59.00,109.00,59.00,76.00,59.00,59.00,59.00
2026-08-25 12:27:38,59.00,149.00,149.00,59.00,339.00,339.00,59.00,59.00,59.00,109.00,59.00,76.00,59.00,59.00,59.00
2026-08-25 12:37:56,59.00,149.00,149.00,59.00,339.00,339.00,59.00,59.00,59.00,109.00,59.00,76.00,59.00,59.00,59.00
2026-08-25 12:47:39,59.00,149.00,149.00,59.00,339.00,339.00,59.00,59.00,59.00,109.00,59.00,76.00,59.00,59.00,59.00
2026-08-25 12:58:02,59.00,149.00,149.00,59.00,339.00,339.00,59.00,59.00,59.00,109.00,59.00,76.00,59.00,59.00,59.00
2026-08-25 13:08:07,59.00,149.00,149.00,59.00,339.00,339.00,59.00,59.00,59.00,109.00,59.00,76.00,59.00,59.00,59.00
2026-08-25 13:18:09,59.00,149.00,149.00,59.00,339.00,339.00,59.00,59.00,59.00,109.00,59.00,76.00,59.00,59.00,59.00
2026-08-25 13:27:49,59.00,149.00,149.00,59.00,339.00,339.00,59.00,59.00,59.00,109.00,59.00,76.00,59.00,59.00,59.00
2026-08-25 13:38:06,59.00,149.00,149.00,59.00,339.00,339.00,59.00,59.00,59.00,105.00,59.00,76.00,59.00,59.00,59.00
2026-08-25 13:46:41,59.00,149.00,149.00,59.00,339.00,339.00,59.00,59.00,59.00,105.00,59.00,76.00,59.00,59.00,59.00
2026-08-25 13:58:12,59.00,149.00,149.00,59.00,339.00,339.00,59.00,59.00,59.00,105.00,59.00,76.00,59.00,59.00,59.00
2026-08-25 14:08:24,59.00,149.00,59.00,59.00,339.00,339.00,59.00,59.00,59.00,105.00,59.00,76.00,59.00,59.00,59.00
2026-08-25 14:18:21,59.00,149.00,59.00,59.00,339.00,339.00,59.00,59.00,59.00,105.00,59.00,76.00,59.00,59.00,59.00
2026-08-25 14:28:13,59.00,149.00,59.00,59.00,339.00,339.00,59.00,59.00,59.00,109.00,59.00,76.00,59.00,59.00,59.00
2026-08-25 14:38:07,59.00,149.00,59.00,59.00,339.00,339.00,59.00,59.00,59.00,109.00,59.00,76.00,59.00,59.00,59.00
2026-08-25 14:46:54,59.00,149.00,59.00,59.00,339.00,339.00,59.00,59.00,59.00,105.00,59.00,76.00,59.00,59.00,59.00
2026-08-25 14:57:22,59.00,149.00,59.00,59.00,339.00,339.00,59.00,59.00,59.00,105.00,59.00,76.00,59.00,59.00,59.00
2026-08-25 15:08:08,59.00,149.00,59.00,59.00,339.00,339.00,59.00,59.00,59.00,105.00,59.00,76.00,59.00,59.00,59.00
2026-08-25 15:18:13,59.00,149.00,149.00,59.00,339.00,339.00,59.00,59.00,59.00,105.00,59.00,76.00,59.00,59.00,59.00
2026-08-25 15:28:19,59.00,149.00,149.00,59.00,339.00,339.00,59.00,59.00,59.00,105.00,59.00,76.00,59.00,59.00,59.00
2026-08-25 15:38:05,59.00,149.00,149.00,59.00,339.00,339.00,59.00,59.00,59.00,105.00,59.00,76.00,59.00,59.00,59.00
2026-08-25 15:48:02,59.00,149.00,149.00,59.00,339.00,339.00,59.00,59.00,59.00,93.00,59.00,76.00,59.00,59.00,59.00
2026-08-25 15:57:56,59.00,149.00,149.00,59.00,339.00,339.00,59.00,59.00,59.00,93.00,59.00,76.00,59.00,59.00,59.00
2026-08-25 16:07:59,59.00,149.00,149.00,59.00,339.00,339.00,59.00,59.00,59.00,93.00,59.00,76.00,59.00,59.00,59.00
2026-08-25 16:18:23,59.00,149.00,149.00,59.00,339.00,339.00,59.00,59.00,59.00,93.00,59.00,76.00,59.00,59.00,59.00
2026-08-25 16:28:23,59.00,149.00,149.00,59.00,339.00,339.00,59.00,59.00,59.00,93.00,59.00,76.00,59.00,59.00,59.00
2026-08-25 16:38:53,59.00,149.00,149.00,59.00,339.00,339.00,59.00,59.00,59.00,93.00,59.00,76.00,59.00,59.00,59.00
2026-08-25 16:49:39,59.00,149.00,149.00,59.00,339.00,339.00,59.00,59.00,59.00,93.00,59.00,76.00,59.00,59.00,59.00
2026-08-25 17:00:07,59.00,149.00,149.00,59.00,339.00,339.00,59.00,59.00,59.00,93.00,59.00,76.00,59.00,59.00,59.00
2026-08-25 17:09:37,59.00,149.00,149.00,59.00,339.00,339.00,59.00,59.00,59.00,93.00,59.00,76.00,59.00,59.00,59.00
2026-08-25 17:19:35,59.00,149.00,149.00,59.00,339.00,339.00,59.00,59.00,59.00,105.00,59.00,76.00,59.00,59.00,59.00
2026-08-25 17:29:54,59.00,149.00,149.00,59.00,339.00,339.00,59.00,59.00,59.00,105.00,59.00,76.00,59.00,59.00,59.00
2026-08-25 17:39:54,59.00,149.00,149.00,59.00,339.00,339.00,59.00,59.00,59.00,105.00,59.00,76.00,59.00,59.00,59.00
2026-08-25 17:49:43,59.00,149.00,149.00,59.00,339.00,339.00,59.00,59.00,59.00,105.00,59.00,76.00,59.00,59.00,59.00
2026-08-25 17:59:58,59.00,149.00,149.00,59.00,339.00,339.00,59.00,59.00,59.00,105.00,59.00,76.00,59.00,59.00,59.00
2026-08-25 18:09:48,59.00,149.00,149.00,59.00,339.00,339.00,59.00,59.00,59.00,105.00,59.00,76.00,59.00,59.00,59.00
2026-08-25 18:19:46,59.00,149.00,149.00,59.00,339.00,339.00,59.00,59.00,59.00,105.00,59.00,76.00,59.00,59.00,59.00
2026-08-25 18:29:59,59.00,149.00,149.00,59.00,339.00,339.00,59.00,59.00,59.00,105.00,59.00,76.00,59.00,59.00,59.00
2026-08-25 18:40:10,59.00,149.00,149.00,59.00,339.00,339.00,59.00,59.00,59.00,105.00,59.00,76.00,59.00,59.00,59.00
2026-08-25 18:50:29,59.00,149.00,149.00,59.00,339.00,339.00,59.00,59.00,59.00,105.00,59.00,76.00,59.00,59.00,59.00
2026-08-25 19:00:46,59.00,149.00,149.00,59.00,339.00,339.00,59.00,59.00,59.00,105.00,59.00,76.00,59.00,59.00,59.00
2026-08-25 19:10:58,59.00,149.00,149.00,59.00,339.00,339.00,59.00,59.00,59.00,105.00,59.00,76.00,59.00,59.00,59.00
2026-08-25 19:21:15,59.00,149.00,149.00,59.00,339.00,339.00,59.00,59.00,59.00,105.00,59.00,76.00,59.00,59.00,59.00
2026-08-25 19:31:27,59.00,149.00,149.00,59.00,339.00,339.00,59.00,59.00,59.00,105.00,59.00,76.00,59.00,59.00,59.00
2026-08-25 19:41:20,59.00,149.00,149.00,59.00,339.00,339.00,59.00,59.00,59.00,105.00,59.00,76.00,59.00,59.00,59.00
2026-08-25 19:51:06,59.00,149.00,149.00,59.00,339.00,339.00,59.00,59.00,59.00,105.00,59.00,76.00,59.00,59.00,59.00
2026-08-25 20:01:08,59.00,149.00,149.00,59.00,339.00,339.00,59.00,59.00,59.00,105.00,59.00,76.00,59.00,59.00,59.00
2026-08-25 20:11:27,59.00,149.00,149.00,59.00,339.00,339.00,59.00,59.00,59.00,105.00,59.00,76.00,59.00,59.00,59.00
2026-08-25 20:21:33,59.00,149.00,149.00,59.00,339.00,339.00,59.00,59.00,59.00,105.00,59.00,76.00,59.00,59.00,59.00
2026-08-25 20:31:49,59.00,149.00,149.00,59.00,339.00,339.00,59.00,59.00,59.00,105.00,59.00,76.00,59.00,59.00,59.00
2026-08-25 20:42:04,59.00,149.00,149.00,59.00,339.00,339.00,59.00,59.00,59.00,105.00,59.00,76.00,59.00,59.00,59.00
2026-08-25 20:51:50,59.00,149.00,149.00,59.00,339.00,339.00,59.00,59.00,59.00,105.00,59.00,76.00,59.00,59.00,59.00
2026-08-25 21:01:47,59.00,149.00,149.00,59.00,339.00,339.00,59.00,59.00,59.00,105.00,59.00,76.00,59.00,59.00,59.00
2026-08-25 21:11:56,59.00,149.00,149.00,59.00,339.00,339.00,59.00,59.00,59.00,105.00,59.00,76.00,59.00,59.00,59.00
2026-08-25 21:22:04,59.00,149.00,149.00,59.00,339.00,339.00,59.00,59.00,59.00,105.00,59.00,76.00,59.00,59.00,59.00
2026-08-25 21:32:26,59.00,149.00,149.00,59.00,339.00,339.00,59.00,59.00,59.00,105.00,59.00,76.00,59.00,59.00,59.00
2026-08-25 21:42:32,59.00,149.00,149.00,59.00,339.00,339.00,59.00,59.00,59.00,105.00,59.00,76.00,59.00,59.00,59.00
2026-08-25 21:51:27,59.00,149.00,149.00,59.00,339.00,339.00,59.00,59.00,59.00,105.00,59.00,76.00,59.00,59.00,59.00
2026-08-25 22:01:28,59.00,149.00,149.00,59.00,339.00,339.00,59.00,59.00,59.00,105.00,59.00,76.00,59.00,59.00,59.00
2026-08-25 22:11:54,59.00,149.00,149.00,59.00,339.00,339.00,59.00,59.00,59.00,105.00,59.00,76.00,59.00,59.00,59.00
2026-08-25 22:22:13,59.00,149.00,149.00,59.00,339.00,339.00,59.00,59.00,59.00,105.00,59.00,76.00,59.00,59.00,59.00
2026-08-25 22:32:21,59.00,149.00,149.00,59.00,339.00,339.00,59.00,59.00,59.00,105.00,59.00,76.00,59.00,59.00,59.00
2026-08-25 22:42:48,59.00,149.00,149.00,59.00,339.00,339.00,59.00,59.00,59.00,105.00,59.00,76.00,59.00,59.00,59.00
2026-08-25 22:53:06,59.00,149.00,149.00,59.00,339.00,339.00,59.00,59.00,59.00,105.00,59.00,76.00,59.00,59.00,59.00
2026-08-25 23:02:36,59.00,149.00,149.00,59.00,339.00,339.00,59.00,59.00,59.00,105.00,59.00,76.00,59.00,59.00,59.00
2026-08-25 23:11:52,59.00,149.00,149.00,59.00,339.00,339.00,59.00,59.00,59.00,105.00,59.00,76.00,59.00,59.00,59.00
2026-08-25 23:21:40,59.00,149.00,149.00,59.00,339.00,339.00,59.00,59.00,59.00,105.00,59.00,76.00,59.00,59.00,59.00
2026-08-25 23:31:51,59.00,149.00,149.00,59.00,339.00,339.00,59.00,59.00,59.00,109.00,59.00,76.00,59.00,59.00,59.00
2026-08-25 23:41:47,59.00,149.00,149.00,59.00,339.00,339.00,59.00,59.00,59.00,109.00,59.00,76.00,59.00,59.00,59.00
2026-08-25 23:52:03,59.00,149.00,149.00,59.00,339.00,339.00,59.00,59.00,59.00,109.00,59.00,76.00,59.00,59.00,59.00
2026-08-26 00:02:17,59.00,149.00,149.00,59.00,339.00,339.00,59.00,59.00,59.00,109.00,59.00,76.00,59.00,59.00,59.00
2026-08-26 00:12:35,59.00,149.00,149.00,59.00,339.00,339.00,59.00,59.00,59.00,109.00,59.00,76.00,59.00,59.00,59.00
2026-08-26 00:22:54,59.00,149.00,149.00,59.00,339.00,339.00,59.00,59.00,59.00,109.00,59.00,76.00,59.00,59.00,59.00
2026-08-26 00:32:55,59.00,149.00,149.00,59.00,339.00,339.00,59.00,59.00,59.00,109.00,59.00,76.00,59.00,59.00,59.00
2026-08-26 00:43:06,59.00,149.00,149.00,59.00,339.00,339.00,59.00,59.00,59.00,109.00,59.00,76.00,59.00,59.00,59.00
2026-08-26 00:53:34,59.00,149.00,149.00,59.00,339.00,339.00,59.00,59.00,59.00,109.00,59.00,76.00,59.00,59.00,59.00
2026-08-26 01:03:34,59.00,149.00,149.00,59.00,339.00,339.00,59.00,59.00,59.00,109.00,59.00,76.00,59.00,59.00,59.00
2026-08-26 01:13:52,59.00,149.00,149.00,59.00,339.00,339.00,59.00,59.00,59.00,109.00,59.00,76.00,59.00,59.00,59.00
2026-08-26 01:23:50,59.00,149.00,149.00,59.00,339.00,339.00,59.00,59.00,59.00,109.00,59.00,76.00,59.00,59.00,59.00
2026-08-26 01:33:56,59.00,149.00,149.00,59.00,339.00,339.00,59.00,59.00,59.00,109.00,59.00,76.00,59.00,59.00,59.00
2026-08-26 01:43:32,59.00,149.00,149.00,59.00,339.00,339.00,59.00,59.00,59.00,109.00,59.00,76.00,59.00,59.00,59.00
2026-08-26 01:52:58,59.00,149.00,149.00,59.00,339.00,339.00,59.00,59.00,59.00,109.00,59.00,76.00,59.00,59.00,59.00
2026-08-26 02:03:04,59.00,149.00,149.00,59.00,339.00,339.00,59.00,59.00,59.00,109.00,59.00,76.00,59.00,59.00,59.00
2026-08-26 02:13:10,59.00,149.00,149.00,59.00,339.00,339.00,59.00,59.00,59.00,109.00,59.00,76.00,59.00,59.00,59.00
2026-08-26 02:23:32,59.00,149.00,149.00,59.00,339.00,339.00,59.00,59.00,59.00,109.00,59.00,76.00,59.00,59.00,59.00
2026-08-26 02:33:32,59.00,149.00,149.00,59.00,339.00,339.00,59.00,59.00,59.00,109.00,59.00,76.00,59.00,59.00,59.00
2026-08-26 02:42:43,59.00,149.00,149.00,59.00,339.00,339.00,59.00,59.00,59.00,109.00,59.00,76.00,59.00,59.00,59.00
2026-08-26 02:52:35,59.00,149.00,149.00,59.00,339.00,339.00,59.00,59.00,59.00,109.00,59.00,76.00,59.00,59.00,59.00
2026-08-26 03:03:02,59.00,149.00,149.00,59.00,339.00,339.00,59.00,59.00,59.00,109.00,59.00,76.00,59.00,59.00,59.00
2026-08-26 03:13:24,59.00,149.00,149.00,59.00,339.00,339.00,59.00,59.00,59.00,109.00,59.00,76.00,59.00,59.00,59.00
2026-08-26 03:23:58,59.00,149.00,149.00,59.00,339.00,339.00,59.00,59.00,59.00,109.00,59.00,76.00,59.00,59.00,59.00
2026-08-26 03:34:11,59.00,149.00,149.00,59.00,339.00,339.00,59.00,59.00,59.00,109.00,59.00,76.00,59.00,59.00,59.00
2026-08-26 03:44:39,59.00,149.00,149.00,59.00,339.00,339.00,59.00,59.00,59.00,109.00,59.00,76.00,59.00,59.00,59.00
2026-08-26 03:54:50,59.00,149.00,149.00,59.00,339.00,339.00,59.00,59.00,59.00,109.00,59.00,76.00,59.00,59.00,59.00
2026-08-26 04:04:25,59.00,149.00,149.00,59.00,339.00,339.00,59.00,59.00,59.00,109.00,59.00,76.00,59.00,59.00,59.00
2026-08-26 04:13:48,59.00,149.00,149.00,59.00,339.00,339.00,59.00,59.00,59.00,109.00,59.00,76.00,59.00,59.00,59.00
2026-08-26 04:24:02,59.00,149.00,149.00,59.00,339.00,339.00,59.00,59.00,59.00,109.00,59.00,76.00,59.00,59.00,59.00
2026-08-26 04:34:19,59.00,149.00,149.00,59.00,339.00,339.00,59.00,59.00,59.00,109.00,59.00,76.00,59.00,59.00,59.00
2026-08-26 04:44:54,59.00,149.00,149.00,59.00,339.00,339.00,59.00,59.00,59.00,109.00,59.00,76.00,59.00,59.00,59.00
2026-08-26 04:55:17,59.00,149.00,149.00,59.00,339.00,339.00,59.00,59.00,59.00,109.00,59.00,76.00,59.00,59.00,59.00
2026-08-26 05:05:36,59.00,149.00,149.00,59.00,339.00,339.00,59.00,59.00,59.00,109.00,59.00,76.00,59.00,59.00,59.00
2026-08-26 05:16:08,59.00,149.00,149.00,59.00,339.00,339.00,59.00,59.00,59.00,109.00,59.00,76.00,59.00,59.00,59.00
2026-08-26 05:26:40,59.00,149.00,149.00,59.00,339.00,339.00,59.00,59.00,59.00,109.00,59.00,76.00,59.00,59.00,59.00
2026-08-26 05:35:47,59.00,149.00,149.00,59.00,339.00,339.00,59.00,59.00,59.00,109.00,59.00,76.00,59.00,59.00,59.00
2026-08-26 05:45:40,59.00,149.00,149.00,59.00,339.00,339.00,59.00,59.00,59.00,109.00,59.00,76.00,59.00,59.00,59.00
2026-08-26 05:55:51,59.00,149.00,149.00,59.00,339.00,339.00,59.00,59.00,59.00,109.00,59.00,76.00,59.00,59.00,59.00
2026-08-26 06:06:14,59.00,149.00,149.00,59.00,339.00,339.00,59.00,59.00,59.00,109.00,59.00,76.00,59.00,59.00,59.00
2026-08-26 06:16:41,59.00,149.00,149.00,59.00,339.00,339.00,59.00,59.00,59.00,109.00,59.00,76.00,59.00,59.00,59.00
2026-08-26 06:26:08,59.00,149.00,149.00,59.00,339.00,339.00,59.00,59.00,59.00,109.00,59.00,76.00,59.00,59.00,59.00
2026-08-26 06:36:14,59.00,149.00,149.00,59.00,339.00,339.00,59.00,59.00,59.00,109.00,59.00,76.00,59.00,59.00,59.00
2026-08-26 06:46:30,59.00,149.00,149.00,59.00,339.00,339.00,59.00,59.00,59.00,109.00,59.00,76.00,59.00,59.00,59.00
2026-08-26 06:55:39,59.00,149.00,149.00,59.00,339.00,339.00,59.00,59.00,59.00,109.00,59.00,76.00,59.00,59.00,59.00
2026-08-26 07:05:30,59.00,149.00,149.00,59.00,339.00,339.00,59.00,59.00,59.00,109.00,59.00,76.00,59.00,59.00,59.00
2026-08-26 07:15:58,59.00,149.00,149.00,59.00,339.00,339.00,59.00,59.00,59.00,109.00,59.00,76.00,59.00,59.00,59.00
2026-08-26 07:26:28,59.00,149.00,149.00,59.00,339.00,339.00,59.00,59.00,59.00,109.00,59.00,76.00,59.00,59.00,59.00
2026-08-26 07:36:17,59.00,149.00,149.00,59.00,339.00,339.00,59.00,59.00,59.00,109.00,59.00,76.00,59.00,59.00,59.00
2026-08-26 07:46:50,59.00,149.00,149.00,59.00,339.00,339.00,59.00,59.00,59.00,109.00,59.00,76.00,59.00,59.00,59.00
2026-08-26 07:57:12,59.00,149.00,149.00,59.00,339.00,339.00,59.00,59.00,59.00,109.00,59.00,76.00,59.00,59.00,59.00
2026-08-26 08:07:28,59.00,149.00,149.00,59.00,339.00,339.00,59.00,59.00,59.00,109.00,59.00,76.00,59.00,59.00,59.00
2026-08-26 08:17:51,59.00,149.00,149.00,59.00,339.00,339.00,59.00,59.00,59.00,109.00,59.00,76.00,59.00,59.00,59.00
2026-08-26 08:28:06,59.00,149.00,149.00,59.00,339.00,339.00,59.00,59.00,59.00,109.00,59.00,76.00,59.00,59.00,59.00
2026-08-26 08:38:24,59.00,149.00,149.00,59.00,339.00,339.00,59.00,59.00,59.00,109.00,59.00,76.00,59.00,59.00,59.00
2026-08-26 08:47:57,59.00,149.00,149.00,59.00,339.00,339.00,59.00,59.00,59.00,109.00,59.00,76.00,59.00,59.00,59.00
2026-08-26 08:58:03,59.00,149.00,149.00,59.00,339.00,339.00,59.00,59.00,59.00,109.00,59.00,76.00,59.00,59.00,59.00
2026-08-26 09:08:24,59.00,149.00,149.00,59.00,339.00,339.00,59.00,59.00,59.00,109.00,59.00,76.00,59.00,59.00,59.00
2026-08-26 09:18:23,59.00,149.00,149.00,59.00,339.00,339.00,59.00,59.00,59.00,109.00,59.00,76.00,59.00,59.00,59.00
2026-08-26 09:27:42,59.00,149.00,149.00,59.00,339.00,339.00,59.00,59.00,59.00,105.00,59.00,76.00,59.00,59.00,59.00
2026-08-26 09:38:21,59.00,149.00,149.00,59.00,339.00,339.00,59.00,59.00,59.00,105.00,59.00,76.00,59.00,59.00,59.00
2026-08-26 09:48:41,59.00,149.00,149.00,59.00,339.00,339.00,59.00,59.00,59.00,105.00,59.00,59.00,59.00,59.00,59.00
2026-08-26 09:59:01,59.00,149.00,149.00,59.00,339.00,339.00,59.00,59.00,59.00,105.00,59.00,59.00,59.00,59.00,59.00
2026-08-26 10:09:26,59.00,149.00,149.00,59.00,339.00,339.00,59.00,59.00,59.00,105.00,59.00,59.00,59.00,59.00,59.00
2026-08-26 10:19:56,59.00,149.00,149.00,59.00,339.00,339.00,59.00,59.00,59.00,105.00,59.00,59.00,59.00,59.00,59.00
2026-08-26 10:29:26,59.00,149.00,149.00,59.00,339.00,339.00,59.00,59.00,59.00,105.00,59.00,59.00,59.00,59.00,59.00
2026-08-26 10:39:38,59.00,149.00,149.00,59.00,339.00,339.00,59.00,59.00,59.00,59.00,59.00,59.00,59.00,59.00,59.00
2026-08-26 10:50:11,59.00,149.00,149.00,59.00,339.00,339.00,59.00,59.00,59.00,59.00,59.00,59.00,59.00,59.00,59.00
2026-08-26 11:00:17,59.00,149.00,149.00,59.00,339.00,339.00,59.00,59.00,59.00,59.00,59.00,59.00,59.00,59.00,59.00
2026-08-26 11:10:25,59.00,149.00,149.00,59.00,339.00,339.00,59.00,59.00,59.00,59.00,59.00,59.00,59.00,59.00,59.00
2026-08-26 11:20:41,59.00,149.00,149.00,59.00,339.00,339.00,59.00,59.00,59.00,59.00,59.00,59.00,59.00,59.00,59.00
2026-08-26 11:30:45,59.00,149.00,149.00,59.00,339.00,339.00,59.00,59.00,59.00,59.00,59.00,59.00,59.00,59.00,59.00
2026-08-26 11:40:58,59.00,149.00,149.00,59.00,339.00,339.00,59.00,59.00,59.00,59.00,59.00,59.00,59.00,59.00,59.00
2026-08-26 11:51:28,59.00,,149.00,149.00,339.00,339.00,,,59.00,,,59.00,,59.00,59.00
2026-08-26 12:01:56,59.00,149.00,149.00,59.00,339.00,339.00,59.00,59.00,59.00,59.00,59.00,59.00,59.00,59.00,59.00
2026-08-26 12:12:32,59.00,149.00,149.00,59.00,339.00,339.00,59.00,59.00,59.00,59.00,59.00,59.00,59.00,59.00,59.00
2026-08-26 12:23:06,59.00,149.00,149.00,59.00,339.00,339.00,59.00,59.00,59.00,59.00,59.00,59.00,59.00,59.00,59.00
2026-08-26 12:33:32,59.00,149.00,149.00,59.00,339.00,339.00,59.00,59.00,59.00,59.00,59.00,59.00,59.00,59.00,59.00
2026-08-26 12:44:13,59.00,149.00,149.00,59.00,339.00,339.00,59.00,59.00,59.00,59.00,59.00,59.00,59.00,59.00,59.00
2026-08-26 12:54:46,59.00,149.00,149.00,59.00,339.00,339.00,59.00,59.00,59.00,59.00,59.00,59.00,59.00,59.00,59.00
2026-08-26 13:04:04,59.00,,149.00,149.00,339.00,339.00,,,59.00,,,59.00,,59.00,59.00
2026-08-26 13:14:02,59.00,149.00,149.00,59.00,339.00,339.00,59.00,59.00,59.00,59.00,59.00,59.00,59.00,59.00,59.00
2026-08-26 13:24:32,59.00,149.00,149.00,59.00,339.00,339.00,59.00,59.00,59.00,59.00,59.00,59.00,59.00,59.00,59.00
2026-08-26 13:34:18,59.00,149.00,149.00,59.00,339.00,339.00,59.00,59.00,59.00,59.00,59.00,59.00,59.00,59.00,59.00
2026-08-26 13:44:59,59.00,149.00,149.00,59.00,339.00,339.00,59.00,59.00,59.00,59.00,59.00,59.00,59.00,59.00,59.00
2026-08-26 13:55:51,59.00,149.00,149.00,59.00,339.00,339.00,59.00,59.00,59.00,59.00,59.00,59.00,59.00,59.00,59.00
2026-08-26 14:06:19,59.00,149.00,149.00,59.00,339.00,339.00,59.00,59.00,59.00,59.00,59.00,59.00,59.00,59.00,59.00
2026-08-26 14:16:47,59.00,149.00,149.00,59.00,339.00,339.00,59.00,59.00,59.00,59.00,59.00,59.00,59.00,59.00,59.00
2026-08-26 14:27:22,59.00,149.00,149.00,59.00,339.00,339.00,59.00,59.00,59.00,59.00,59.00,59.00,59.00,59.00,59.00
2026-08-26 14:36:47,59.00,149.00,149.00,59.00,339.00,339.00,59.00,59.00,59.00,59.00,59.00,59.00,59.00,59.00,59.00
2026-08-26 14:47:05,59.00,149.00,149.00,59.00,339.00,339.00,59.00,59.00,59.00,59.00,59.00,59.00,59.00,59.00,59.00
2026-08-26 14:57:58,59.00,149.00,149.00,59.00,339.00,339.00,59.00,59.00,59.00,59.00,59.00,59.00,59.00,59.00,59.00
2026-08-26 15:08:48,59.00,149.00,149.00,59.00,339.00,339.00,59.00,59.00,59.00,76.00,59.00,59.00,59.00,59.00,59.00
2026-08-26 15:59:50,59.00,149.00,149.00,59.00,339.00,339.00,59.00,59.00,59.00,71.00,59.00,59.00,59.00,59.00,59.00
2026-08-26 16:10:11,59.00,149.00,149.00,59.00,339.00,339.00,59.00,59.00,59.00,71.00,59.00,59.00,59.00,59.00,59.00
2026-08-26 16:20:43,59.00,149.00,149.00,59.00,339.00,339.00,59.00,59.00,59.00,71.00,59.00,59.00,59.00,59.00,59.00
2026-08-26 16:30:33,59.00,149.00,149.00,59.00,339.00,339.00,59.00,59.00,59.00,71.00,59.00,59.00,59.00,59.00,59.00
2026-08-26 16:40:55,59.00,149.00,149.00,59.00,339.00,339.00,59.00,59.00,59.00,71.00,59.00,59.00,59.00,59.00,59.00
2026-08-26 16:51:36,59.00,149.00,149.00,59.00,339.00,339.00,59.00,59.00,59.00,71.00,59.00,59.00,59.00,59.00,59.00
2026-08-26 17:01:53,59.00,149.00,149.00,59.00,339.00,339.00,59.00,59.00,59.00,71.00,59.00,59.00,59.00,59.00,59.00
2026-08-26 17:12:43,59.00,149.00,149.00,59.00,339.00,339.00,59.00,59.00,59.00,71.00,59.00,59.00,59.00,59.00,59.00
2026-08-26 17:23:42,59.00,149.00,149.00,59.00,339.00,339.00,59.00,59.00,59.00,71.00,59.00,59.00,59.00,59.00,59.00
2026-08-26 17:34:40,59.00,149.00,149.00,59.00,339.00,339.00,59.00,59.00,59.00,71.00,59.00,59.00,59.00,59.00,59.00
2026-08-26 17:44:42,59.00,149.00,149.00,59.00,339.00,339.00,59.00,59.00,59.00,71.00,59.00,59.00,59.00,59.00,59.00
2026-08-26 18:16:18,59.00,149.00,149.00,59.00,339.00,339.00,59.00,59.00,59.00,71.00,59.00,59.00,59.00,59.00,59.00
2026-08-26 18:27:05,59.00,149.00,149.00,59.00,339.00,339.00,59.00,59.00,59.00,71.00,59.00,59.00,59.00,59.00,59.00
2026-08-26 18:37:13,59.00,149.00,149.00,59.00,339.00,339.00,59.00,59.00,59.00,71.00,59.00,59.00,59.00,59.00,59.00
2026-08-26 18:47:58,59.00,149.00,149.00,59.00,339.00,339.00,59.00,59.00,59.00,71.00,59.00,59.00,59.00,59.00,59.00
2026-08-26 18:58:48,59.00,149.00,149.00,59.00,339.00,339.00,59.00,59.00,59.00,71.00,59.00,59.00,59.00,59.00,59.00
2026-08-26 19:09:46,59.00,149.00,149.00,59.00,339.00,339.00,59.00,59.00,59.00,76.00,59.00,59.00,59.00,59.00,59.00
2026-08-26 19:22:12,59.00,149.00,149.00,59.00,339.00,339.00,59.00,59.00,59.00,76.00,59.00,59.00,59.00,59.00,59.00
2026-08-26 19:26:07,59.00,149.00,149.00,59.00,339.00,339.00,59.00,59.00,59.00,76.00,59.00,59.00,59.00,59.00,59.00
2026-08-26 19:36:34,59.00,149.00,149.00,59.00,339.00,339.00,59.00,59.00,59.00,76.00,59.00,59.00,59.00,59.00,59.00
2026-08-26 19:46:24,59.00,149.00,149.00,59.00,339.00,339.00,59.00,59.00,59.00,76.00,59.00,59.00,59.00,59.00,59.00
2026-08-26 19:56:19,59.00,149.00,149.00,59.00,339.00,339.00,59.00,59.00,59.00,76.00,59.00,59.00,59.00,59.00,59.00
2026-08-26 20:06:31,59.00,149.00,149.00,59.00,339.00,339.00,59.00,59.00,59.00,71.00,59.00,59.00,59.00,59.00,59.00
2026-08-26 20:16:29,59.00,149.00,149.00,59.00,339.00,339.00,59.00,59.00,59.00,71.00,59.00,59.00,59.00,59.00,59.00
2026-08-26 20:26:24,59.00,149.00,149.00,59.00,339.00,339.00,59.00,59.00,59.00,71.00,59.00,70.00,59.00,59.00,59.00
2026-08-26 20:36:24,59.00,149.00,149.00,59.00,339.00,339.00,59.00,59.00,59.00,71.00,59.00,70.00,59.00,59.00,59.00
2026-08-26 20:46:25,59.00,149.00,149.00,59.00,339.00,339.00,59.00,59.00,59.00,71.00,59.00,70.00,59.00,59.00,59.00
2026-08-26 20:56:26,59.00,149.00,149.00,59.00,339.00,339.00,59.00,59.00,59.00,71.00,59.00,70.00,59.00,59.00,59.00
2026-08-26 21:06:25,59.00,149.00,149.00,59.00,339.00,339.00,59.00,59.00,59.00,71.00,59.00,70.00,59.00,59.00,59.00
2026-08-26 21:16:10,59.00,149.00,149.00,59.00,339.00,339.00,59.00,59.00,59.00,71.00,59.00,70.00,59.00,59.00,59.00
2026-08-26 21:26:28,59.00,149.00,149.00,59.00,339.00,339.00,59.00,59.00,59.00,71.00,59.00,70.00,59.00,59.00,59.00
2026-08-26 21:36:22,59.00,149.00,149.00,59.00,339.00,339.00,59.00,59.00,59.00,71.00,59.00,70.00,59.00,59.00,59.00
2026-08-26 21:46:33,59.00,149.00,149.00,59.00,339.00,339.00,59.00,59.00,59.00,76.00,59.00,70.00,59.00,59.00,59.00
2026-08-26 21:56:13,59.00,149.00,149.00,59.00,339.00,339.00,59.00,59.00,59.00,76.00,59.00,70.00,59.00,59.00,59.00
2026-08-26 22:06:16,59.00,149.00,149.00,59.00,339.00,339.00,59.00,59.00,59.00,71.00,59.00,76.00,59.00,59.00,59.00
2026-08-26 22:16:30,59.00,149.00,149.00,59.00,339.00,339.00,59.00,59.00,59.00,71.00,59.00,76.00,59.00,59.00,59.00
2026-08-26 22:26:25,59.00,149.00,149.00,59.00,339.00,339.00,59.00,59.00,59.00,71.00,59.00,76.00,59.00,59.00,59.00
2026-08-26 22:36:10,59.00,149.00,149.00,59.00,339.00,339.00,59.00,59.00,59.00,76.00,59.00,76.00,59.00,59.00,59.00
2026-08-26 22:46:27,59.00,149.00,149.00,59.00,339.00,339.00,59.00,59.00,59.00,76.00,59.00,76.00,59.00,59.00,59.00
2026-08-26 22:56:23,59.00,149.00,149.00,59.00,339.00,339.00,59.00,59.00,59.00,76.00,59.00,76.00,59.00,59.00,59.00
2026-08-26 23:06:24,59.00,149.00,149.00,59.00,339.00,339.00,59.00,59.00,59.00,76.00,59.00,76.00,59.00,59.00,59.00
2026-08-26 23:16:28,59.00,149.00,149.00,59.00,339.00,339.00,59.00,59.00,59.00,76.00,59.00,76.00,59.00,59.00,59.00
2026-08-26 23:26:30,59.00,149.00,149.00,59.00,339.00,339.00,59.00,59.00,59.00,76.00,59.00,76.00,59.00,59.00,59.00
2026-08-26 23:36:19,59.00,149.00,149.00,59.00,339.00,339.00,59.00,59.00,59.00,76.00,59.00,76.00,59.00,59.00,59.00
2026-08-26 23:46:24,59.00,149.00,149.00,59.00,339.00,339.00,59.00,59.00,59.00,93.00,59.00,76.00,59.00,59.00,59.00
2026-08-26 23:56:23,59.00,149.00,149.00,59.00,339.00,339.00,59.00,59.00,59.00,93.00,59.00,76.00,59.00,59.00,59.00
2026-08-27 00:06:25,59.00,149.00,149.00,59.00,339.00,339.00,59.00,59.00,59.00,76.00,59.00,76.00,59.00,59.00,59.00
2026-08-27 00:16:29,59.00,149.00,149.00,59.00,339.00,339.00,59.00,59.00,59.00,76.00,59.00,76.00,59.00,59.00,59.00
2026-08-27 00:26:08,59.00,149.00,149.00,59.00,339.00,339.00,59.00,59.00,59.00,76.00,59.00,76.00,59.00,59.00,59.00
2026-08-27 00:36:24,59.00,149.00,149.00,59.00,339.00,339.00,59.00,59.00,59.00,76.00,59.00,76.00,59.00,59.00,59.00
2026-08-27 00:46:03,59.00,149.00,149.00,59.00,259.00,259.00,59.00,59.00,59.00,76.00,59.00,76.00,59.00,59.00,59.00
2026-08-27 00:56:29,59.00,149.00,149.00,59.00,259.00,259.00,59.00,59.00,59.00,76.00,59.00,76.00,59.00,59.00,59.00
2026-08-27 01:06:29,59.00,149.00,149.00,59.00,259.00,259.00,59.00,59.00,59.00,76.00,59.00,76.00,59.00,59.00,59.00
2026-08-27 01:16:16,59.00,149.00,149.00,59.00,259.00,259.00,59.00,59.00,59.00,76.00,59.00,76.00,59.00,59.00,59.00
2026-08-27 01:26:25,59.00,149.00,149.00,59.00,259.00,259.00,59.00,59.00,59.00,76.00,59.00,76.00,59.00,59.00,59.00
2026-08-27 01:36:34,59.00,149.00,149.00,59.00,259.00,259.00,59.00,59.00,59.00,76.00,59.00,76.00,59.00,59.00,59.00
2026-08-27 01:46:25,59.00,149.00,149.00,59.00,259.00,259.00,59.00,59.00,59.00,76.00,59.00,76.00,59.00,59.00,59.00
2026-08-27 01:56:24,59.00,149.00,149.00,59.00,259.00,259.00,59.00,59.00,59.00,76.00,59.00,76.00,59.00,59.00,59.00
2026-08-27 02:06:16,59.00,149.00,149.00,59.00,259.00,259.00,59.00,59.00,59.00,76.00,59.00,76.00,59.00,59.00,59.00
2026-08-27 02:16:28,59.00,149.00,149.00,59.00,259.00,259.00,59.00,59.00,59.00,76.00,59.00,76.00,59.00,59.00,59.00
2026-08-27 02:26:25,59.00,149.00,149.00,59.00,259.00,259.00,59.00,59.00,59.00,76.00,59.00,76.00,59.00,59.00,59.00
2026-08-27 02:36:14,59.00,149.00,149.00,59.00,259.00,259.00,59.00,59.00,59.00,76.00,59.00,70.00,59.00,59.00,59.00
2026-08-27 02:46:26,59.00,149.00,149.00,59.00,259.00,259.00,59.00,59.00,59.00,76.00,59.00,70.00,59.00,59.00,59.00
2026-08-27 02:56:22,59.00,149.00,149.00,59.00,259.00,259.00,59.00,59.00,59.00,76.00,59.00,70.00,59.00,59.00,59.00
2026-08-27 03:06:28,59.00,149.00,149.00,59.00,259.00,259.00,59.00,59.00,59.00,109.00,59.00,70.00,59.00,59.00,59.00
2026-08-27 03:16:21,59.00,149.00,149.00,59.00,259.00,259.00,59.00,59.00,59.00,109.00,59.00,109.00,59.00,59.00,59.00
2026-08-27 03:26:06,59.00,149.00,149.00,59.00,259.00,259.00,59.00,59.00,59.00,109.00,59.00,109.00,59.00,59.00,59.00
2026-08-27 03:36:24,59.00,149.00,149.00,59.00,259.00,259.00,59.00,59.00,59.00,109.00,59.00,109.00,59.00,59.00,59.00
2026-08-27 03:46:25,59.00,149.00,149.00,59.00,259.00,259.00,59.00,59.00,59.00,209.00,59.00,109.00,59.00,59.00,59.00
2026-08-27 03:56:26,59.00,149.00,149.00,59.00,259.00,259.00,59.00,59.00,59.00,209.00,59.00,109.00,59.00,59.00,59.00
2026-08-27 04:06:26,59.00,149.00,149.00,59.00,259.00,259.00,59.00,59.00,59.00,209.00,59.00,109.00,59.00,59.00,59.00
2026-08-27 04:16:20,59.00,149.00,149.00,59.00,259.00,259.00,59.00,59.00,59.00,209.00,59.00,109.00,59.00,59.00,59.00
2026-08-27 04:26:31,59.00,149.00,149.00,59.00,259.00,259.00,59.00,59.00,59.00,209.00,59.00,109.00,59.00,59.00,59.00
2026-08-27 04:36:22,59.00,149.00,149.00,59.00,259.00,259.00,59.00,59.00,59.00,209.00,59.00,109.00,59.00,59.00,59.00
2026-08-27 04:46:20,59.00,149.00,149.00,59.00,259.00,259.00,59.00,59.00,59.00,209.00,59.00,109.00,59.00,59.00,59.00
2026-08-27 04:56:25,59.00,149.00,149.00,59.00,259.00,259.00,59.00,59.00,59.00,209.00,59.00,109.00,59.00,59.00,59.00
2026-08-27 05:16:27,237.00,237.00,237.00,237.00,349.00,349.00,237.00,237.00,237.00,237.00,237.00,237.00,237.00,237.00,237.00
2026-08-27 05:26:30,237.00,237.00,237.00,237.00,349.00,349.00,237.00,237.00,237.00,237.00,237.00,237.00,237.00,237.00,237.00
2026-08-27 05:36:23,237.00,237.00,237.00,237.00,349.00,349.00,237.00,237.00,237.00,237.00,237.00,237.00,237.00,237.00,237.00
2026-08-27 05:46:27,237.00,237.00,237.00,237.00,349.00,349.00,237.00,237.00,237.00,237.00,237.00,237.00,237.00,237.00,237.00
2026-08-27 05:56:25,237.00,237.00,237.00,237.00,349.00,349.00,237.00,237.00,237.00,237.00,237.00,237.00,237.00,237.00,237.00
2026-08-27 06:06:23,237.00,237.00,237.00,237.00,349.00,349.00,237.00,237.00,237.00,237.00,237.00,237.00,237.00,237.00,237.00
2026-08-27 06:16:26,237.00,237.00,237.00,237.00,349.00,349.00,237.00,237.00,237.00,237.00,237.00,237.00,237.00,237.00,237.00
2026-08-27 06:26:14,237.00,237.00,237.00,237.00,349.00,349.00,237.00,237.00,237.00,237.00,237.00,237.00,237.00,237.00,237.00
2026-08-27 06:36:29,237.00,237.00,237.00,237.00,349.00,349.00,237.00,237.00,237.00,237.00,237.00,237.00,237.00,237.00,237.00
2026-08-27 06:46:32,237.00,237.00,237.00,237.00,349.00,349.00,237.00,237.00,237.00,237.00,237.00,237.00,237.00,237.00,237.00
2026-08-27 06:56:21,237.00,237.00,237.00,237.00,349.00,349.00,237.00,237.00,237.00,237.00,237.00,237.00,237.00,237.00,237.00
2026-08-27 07:06:36,237.00,237.00,237.00,237.00,349.00,299.00,237.00,237.00,237.00,237.00,237.00,237.00,237.00,237.00,237.00
2026-08-27 07:16:23,237.00,237.00,237.00,237.00,349.00,299.00,237.00,237.00,237.00,237.00,237.00,237.00,237.00,237.00,237.00
2026-08-27 07:26:26,237.00,237.00,237.00,237.00,349.00,299.00,237.00,237.00,237.00,237.00,237.00,237.00,237.00,237.00,237.00
2026-08-27 07:36:31,237.00,237.00,237.00,237.00,349.00,299.00,237.00,237.00,237.00,237.00,237.00,237.00,237.00,237.00,237.00
2026-08-27 07:46:24,237.00,237.00,237.00,237.00,349.00,299.00,237.00,237.00,237.00,237.00,237.00,237.00,237.00,237.00,237.00
2026-08-27 07:56:27,237.00,237.00,237.00,237.00,349.00,299.00,237.00,237.00,237.00,237.00,237.00,237.00,237.00,237.00,237.00
2026-08-27 08:06:32,237.00,237.00,237.00,237.00,349.00,299.00,237.00,237.00,237.00,237.00,237.00,237.00,237.00,237.00,237.00
2026-08-27 08:16:32,237.00,237.00,237.00,237.00,349.00,299.00,237.00,237.00,237.00,237.00,237.00,237.00,237.00,237.00,237.00
2026-08-27 08:26:24,237.00,237.00,237.00,237.00,349.00,299.00,237.00,237.00,237.00,237.00,237.00,237.00,237.00,237.00,237.00
2026-08-27 08:36:31,237.00,237.00,237.00,237.00,349.00,299.00,237.00,237.00,237.00,237.00,237.00,237.00,237.00,237.00,237.00
2026-08-27 08:46:21,237.00,237.00,237.00,237.00,349.00,299.00,237.00,237.00,237.00,237.00,237.00,237.00,237.00,237.00,237.00
2026-08-27 08:56:25,237.00,237.00,237.00,237.00,349.00,299.00,237.00,237.00,237.00,237.00,237.00,237.00,237.00,237.00,237.00
2026-08-27 09:06:29,237.00,237.00,237.00,237.00,349.00,299.00,237.00,237.00,237.00,237.00,237.00,237.00,237.00,237.00,237.00
2026-08-27 09:16:26,237.00,237.00,237.00,237.00,349.00,299.00,237.00,237.00,237.00,237.00,237.00,237.00,237.00,237.00,237.00
2026-08-27 09:26:27,237.00,237.00,237.00,237.00,349.00,299.00,237.00,237.00,237.00,237.00,237.00,237.00,237.00,237.00,237.00
2026-08-27 09:36:29,237.00,237.00,237.00,237.00,349.00,299.00,237.00,237.00,237.00,237.00,237.00,237.00,237.00,237.00,237.00
2026-08-27 09:46:30,237.00,237.00,237.00,237.00,349.00,299.00,237.00,237.00,237.00,237.00,237.00,237.00,237.00,237.00,237.00
2026-08-27 09:56:29,237.00,237.00,237.00,237.00,349.00,299.00,237.00,237.00,237.00,237.00,237.00,237.00,237.00,237.00,237.00
2026-08-27 10:06:26,237.00,237.00,237.00,237.00,349.00,299.00,237.00,237.00,237.00,237.00,237.00,237.00,237.00,237.00,237.00
2026-08-27 10:16:31,237.00,237.00,237.00,237.00,349.00,299.00,237.00,237.00,237.00,237.00,237.00,237.00,237.00,237.00,237.00
2026-08-27 10:26:35,237.00,237.00,237.00,237.00,349.00,299.00,237.00,237.00,237.00,237.00,237.00,237.00,237.00,237.00,237.00
2026-08-27 10:36:29,237.00,237.00,237.00,237.00,349.00,299.00,237.00,237.00,237.00,237.00,237.00,237.00,237.00,237.00,237.00
2026-08-27 10:46:32,237.00,237.00,237.00,237.00,349.00,299.00,237.00,237.00,237.00,237.00,237.00,237.00,237.00,237.00,237.00
2026-08-27 11:06:23,237.00,237.00,237.00,237.00,349.00,299.00,237.00,237.00,237.00,237.00,237.00,237.00,237.00,237.00,237.00
2026-08-27 11:16:26,237.00,237.00,237.00,237.00,349.00,299.00,237.00,237.00,237.00,237.00,237.00,237.00,237.00,237.00,237.00
2026-08-27 11:26:30,237.00,237.00,237.00,237.00,349.00,299.00,237.00,237.00,237.00,237.00,237.00,237.00,237.00,237.00,237.00
2026-08-27 11:36:30,237.00,237.00,237.00,237.00,349.00,299.00,237.00,237.00,237.00,237.00,237.00,237.00,237.00,237.00,237.00
2026-08-27 11:46:16,237.00,237.00,237.00,237.00,349.00,299.00,237.00,237.00,237.00,237.00,237.00,237.00,237.00,237.00,237.00
2026-08-27 11:56:29,237.00,237.00,237.00,237.00,349.00,299.00,237.00,237.00,237.00,237.00,237.00,237.00,237.00,237.00,237.00
2026-08-27 12:06:30,237.00,237.00,237.00,237.00,349.00,299.00,237.00,237.00,237.00,237.00,237.00,237.00,237.00,237.00,237.00
2026-08-27 12:16:27,,237.00,237.00,237.00,,,237.00,237.00,,237.00,237.00,,237.00,,
2026-08-27 12:26:33,237.00,237.00,237.00,237.00,349.00,299.00,237.00,237.00,237.00,237.00,237.00,237.00,237.00,237.00,237.00
2026-08-27 12:36:27,237.00,237.00,237.00,237.00,349.00,299.00,237.00,237.00,237.00,237.00,237.00,237.00,237.00,237.00,237.00
2026-08-27 12:46:29,237.00,237.00,237.00,237.00,349.00,299.00,237.00,237.00,237.00,237.00,237.00,237.00,237.00,237.00,237.00
2026-08-27 12:56:18,237.00,237.00,237.00,237.00,349.00,299.00,237.00,237.00,237.00,237.00,237.00,237.00,237.00,237.00,237.00
2026-08-27 13:06:25,237.00,237.00,237.00,237.00,349.00,299.00,237.00,237.00,237.00,237.00,237.00,237.00,237.00,237.00,237.00
2026-08-27 13:16:36,237.00,237.00,237.00,237.00,349.00,299.00,237.00,237.00,237.00,237.00,237.00,237.00,237.00,237.00,237.00
2026-08-27 13:26:35,237.00,237.00,237.00,237.00,349.00,299.00,237.00,237.00,237.00,237.00,237.00,237.00,237.00,237.00,237.00
2026-08-27 13:36:32,237.00,237.00,237.00,237.00,349.00,299.00,237.00,237.00,237.00,237.00,237.00,237.00,237.00,237.00,237.00
2026-08-27 13:46:28,237.00,237.00,237.00,237.00,349.00,299.00,237.00,237.00,237.00,237.00,237.00,237.00,237.00,237.00,237.00
2026-08-27 13:56:30,237.00,237.00,237.00,237.00,349.00,299.00,237.00,237.00,237.00,237.00,237.00,237.00,237.00,237.00,237.00
2026-08-27 14:06:35,237.00,237.00,237.00,237.00,349.00,299.00,237.00,237.00,237.00,237.00,237.00,237.00,237.00,237.00,237.00
2026-08-27 14:16:19,237.00,237.00,237.00,237.00,349.00,299.00,237.00,237.00,237.00,237.00,237.00,237.00,237.00,237.00,237.00
2026-08-27 14:26:33,237.00,237.00,237.00,237.00,349.00,299.00,237.00,237.00,237.00,237.00,237.00,237.00,237.00,237.00,237.00
2026-08-27 14:36:40,237.00,237.00,237.00,237.00,349.00,299.00,237.00,237.00,237.00,237.00,237.00,237.00,237.00,237.00,237.00
2026-08-27 14:46:33,237.00,237.00,237.00,237.00,349.00,299.00,237.00,237.00,237.00,237.00,237.00,237.00,237.00,237.00,237.00
2026-08-27 14:56:29,237.00,237.00,237.00,237.00,349.00,299.00,237.00,237.00,237.00,237.00,237.00,237.00,237.00,237.00,237.00
2026-08-27 15:06:32,237.00,237.00,237.00,237.00,349.00,299.00,237.00,237.00,237.00,237.00,237.00,237.00,237.00,237.00,237.00
2026-08-27 15:16:41,237.00,237.00,237.00,237.00,349.00,299.00,237.00,237.00,237.00,237.00,237.00,237.00,237.00,237.00,237.00
2026-08-27 15:26:32,237.00,237.00,237.00,237.00,349.00,299.00,237.00,237.00,237.00,237.00,237.00,237.00,237.00,237.00,237.00
2026-08-27 15:36:34,237.00,237.00,237.00,237.00,349.00,299.00,237.00,237.00,237.00,237.00,237.00,237.00,237.00,237.00,237.00
2026-08-27 15:46:31,237.00,237.00,237.00,237.00,349.00,299.00,237.00,237.00,237.00,237.00,237.00,237.00,237.00,237.00,237.00
2026-08-27 15:56:17,237.00,237.00,237.00,237.00,349.00,299.00,237.00,237.00,237.00,237.00,237.00,237.00,237.00,237.00,237.00
2026-08-27 16:06:37,237.00,237.00,237.00,237.00,349.00,299.00,237.00,237.00,237.00,237.00,237.00,237.00,237.00,237.00,237.00
2026-08-27 16:16:26,237.00,237.00,237.00,237.00,349.00,299.00,237.00,237.00,237.00,237.00,237.00,237.00,237.00,237.00,237.00
2026-08-27 16:26:36,237.00,237.00,237.00,237.00,349.00,299.00,237.00,237.00,237.00,237.00,237.00,237.00,237.00,237.00,237.00
2026-08-27 16:36:38,237.00,237.00,237.00,237.00,349.00,299.00,237.00,237.00,237.00,237.00,237.00,237.00,237.00,237.00,237.00
2026-08-27 16:46:44,237.00,237.00,237.00,237.00,349.00,299.00,237.00,237.00,237.00,237.00,237.00,237.00,237.00,237.00,237.00
2026-08-27 16:56:19,237.00,,237.00,237.00,349.00,299.00,,,237.00,,,237.00,,237.00,237.00
2026-08-27 17:06:23,237.00,237.00,237.00,237.00,349.00,299.00,237.00,237.00,237.00,237.00,237.00,237.00,237.00,237.00,237.00
2026-08-27 17:16:26,237.00,237.00,237.00,237.00,349.00,299.00,237.00,237.00,237.00,237.00,237.00,237.00,237.00,237.00,237.00
2026-08-27 17:26:18,237.00,237.00,237.00,237.00,349.00,299.00,237.00,237.00,237.00,237.00,237.00,237.00,237.00,237.00,237.00
2026-08-27 17:36:39,237.00,237.00,237.00,237.00,349.00,299.00,237.00,237.00,237.00,237.00,237.00,237.00,237.00,237.00,237.00
2026-08-27 17:46:32,237.00,237.00,237.00,237.00,349.00,299.00,237.00,237.00,237.00,237.00,237.00,237.00,237.00,237.00,237.00
2026-08-27 17:56:30,237.00,237.00,237.00,237.00,349.00,299.00,237.00,237.00,237.00,237.00,237.00,237.00,237.00,237.00,237.00
2026-08-27 18:06:36,237.00,237.00,237.00,237.00,349.00,299.00,237.00,237.00,237.00,237.00,237.00,237.00,237.00,237.00,237.00
2026-08-27 18:16:25,237.00,237.00,237.00,237.00,349.00,299.00,237.00,237.00,237.00,237.00,237.00,237.00,237.00,237.00,237.00
2026-08-27 18:26:36,237.00,237.00,237.00,237.00,349.00,299.00,237.00,237.00,237.00,237.00,237.00,237.00,237.00,237.00,237.00
2026-08-27 18:36:37,237.00,237.00,237.00,237.00,349.00,299.00,237.00,237.00,237.00,237.00,237.00,237.00,237.00,237.00,237.00
2026-08-27 18:46:23,237.00,237.00,237.00,237.00,349.00,299.00,237.00,237.00,237.00,237.00,237.00,237.00,237.00,237.00,237.00
2026-08-27 18:56:38,237.00,237.00,237.00,237.00,349.00,299.00,237.00,237.00,237.00,237.00,237.00,237.00,237.00,237.00,237.00
2026-08-27 19:06:23,237.00,237.00,237.00,237.00,349.00,299.00,237.00,237.00,237.00,237.00,237.00,237.00,237.00,237.00,237.00
2026-08-27 19:16:36,237.00,237.00,237.00,237.00,349.00,299.00,237.00,237.00,237.00,237.00,237.00,237.00,237.00,237.00,237.00
2026-08-27 19:26:24,237.00,237.00,237.00,237.00,349.00,299.00,237.00,237.00,237.00,237.00,237.00,237.00,237.00,237.00,237.00
2026-08-27 19:36:32,237.00,237.00,237.00,237.00,349.00,299.00,237.00,237.00,237.00,237.00,237.00,237.00,237.00,237.00,237.00
2026-08-27 19:46:34,237.00,237.00,237.00,237.00,349.00,299.00,237.00,237.00,237.00,237.00,237.00,237.00,237.00,237.00,237.00
2026-08-27 19:56:36,237.00,237.00,237.00,237.00,349.00,299.00,237.00,237.00,237.00,237.00,237.00,237.00,237.00,237.00,237.00
2026-08-27 20:06:44,237.00,237.00,237.00,237.00,349.00,299.00,237.00,237.00,237.00,237.00,237.00,237.00,237.00,237.00,237.00
2026-08-27 20:16:40,237.00,237.00,237.00,237.00,349.00,299.00,237.00,237.00,237.00,237.00,237.00,237.00,237.00,237.00,237.00
2026-08-27 20:26:33,237.00,237.00,237.00,237.00,349.00,299.00,237.00,237.00,237.00,237.00,237.00,237.00,237.00,237.00,237.00
2026-08-27 20:36:35,237.00,237.00,237.00,237.00,349.00,299.00,237.00,237.00,237.00,237.00,237.00,237.00,237.00,237.00,237.00
2026-08-27 20:46:30,237.00,237.00,237.00,237.00,349.00,299.00,237.00,237.00,237.00,237.00,237.00,237.00,237.00,237.00,237.00
2026-08-27 20:56:26,237.00,237.00,237.00,237.00,349.00,299.00,237.00,237.00,237.00,237.00,237.00,237.00,237.00,237.00,237.00
2026-08-27 21:06:32,237.00,237.00,237.00,237.00,349.00,299.00,237.00,237.00,237.00,237.00,237.00,237.00,237.00,237.00,237.00
2026-08-27 21:16:25,237.00,237.00,237.00,237.00,349.00,299.00,237.00,237.00,237.00,237.00,237.00,237.00,237.00,237.00,237.00
2026-08-27 21:26:30,237.00,237.00,237.00,237.00,349.00,299.00,237.00,237.00,237.00,237.00,237.00,237.00,237.00,237.00,237.00
2026-08-27 21:36:30,237.00,237.00,237.00,237.00,349.00,299.00,237.00,237.00,237.00,237.00,237.00,237.00,237.00,237.00,237.00
2026-08-27 21:46:34,237.00,237.00,237.00,237.00,349.00,299.00,237.00,237.00,237.00,237.00,237.00,237.00,237.00,237.00,237.00
2026-08-27 21:56:22,237.00,237.00,237.00,237.00,349.00,299.00,237.00,237.00,237.00,237.00,237.00,237.00,237.00,237.00,237.00
2026-08-27 22:06:23,237.00,237.00,237.00,237.00,349.00,299.00,237.00,237.00,237.00,237.00,237.00,237.00,237.00,237.00,237.00
2026-08-27 22:16:24,237.00,237.00,237.00,237.00,349.00,299.00,237.00,237.00,237.00,237.00,237.00,237.00,237.00,237.00,237.00
2026-08-27 22:26:36,237.00,237.00,237.00,237.00,349.00,299.00,237.00,237.00,237.00,237.00,237.00,237.00,237.00,237.00,237.00
2026-08-27 22:36:40,237.00,237.00,237.00,237.00,349.00,299.00,237.00,237.00,237.00,237.00,237.00,237.00,237.00,237.00,237.00
2026-08-27 22:46:34,237.00,237.00,237.00,237.00,349.00,299.00,237.00,237.00,237.00,237.00,237.00,237.00,237.00,237.00,237.00
2026-08-27 22:56:20,237.00,237.00,237.00,237.00,349.00,299.00,237.00,237.00,237.00,237.00,237.00,237.00,237.00,237.00,237.00
2026-08-27 23:06:21,237.00,237.00,237.00,237.00,349.00,299.00,237.00,237.00,237.00,237.00,237.00,237.00,237.00,237.00,237.00
2026-08-27 23:16:14,237.00,237.00,237.00,237.00,349.00,299.00,237.00,237.00,237.00,237.00,237.00,237.00,237.00,237.00,237.00
2026-08-27 23:26:36,237.00,237.00,237.00,237.00,349.00,299.00,237.00,237.00,237.00,237.00,237.00,237.00,237.00,237.00,237.00
2026-08-27 23:36:35,237.00,237.00,237.00,237.00,349.00,299.00,237.00,237.00,237.00,237.00,237.00,237.00,237.00,237.00,237.00
2026-08-27 23:46:30,237.00,237.00,237.00,237.00,349.00,299.00,237.00,237.00,237.00,237.00,237.00,237.00,237.00,237.00,237.00
2026-08-27 23:56:32,237.00,237.00,237.00,237.00,349.00,299.00,237.00,237.00,237.00,237.00,237.00,237.00,237.00,237.00,237.00
2026-08-28 00:06:32,237.00,237.00,237.00,237.00,349.00,299.00,237.00,237.00,237.00,237.00,237.00,237.00,237.00,237.00,237.00
2026-08-28 00:16:33,237.00,237.00,237.00,237.00,349.00,299.00,237.00,237.00,237.00,237.00,237.00,237.00,237.00,237.00,237.00
2026-08-28 00:26:32,237.00,237.00,237.00,237.00,349.00,299.00,237.00,237.00,237.00,237.00,237.00,237.00,237.00,237.00,237.00
2026-08-28 00:36:41,237.00,237.00,237.00,237.00,349.00,299.00,237.00,237.00,237.00,237.00,237.00,237.00,237.00,237.00,237.00
2026-08-28 00:46:26,237.00,237.00,237.00,237.00,349.00,299.00,237.00,237.00,237.00,237.00,237.00,237.00,237.00,237.00,237.00
2026-08-28 00:56:24,237.00,237.00,237.00,237.00,349.00,299.00,237.00,237.00,237.00,237.00,237.00,237.00,237.00,237.00,237.00
2026-08-28 01:06:34,237.00,237.00,237.00,237.00,349.00,299.00,237.00,237.00,237.00,237.00,237.00,237.00,237.00,237.00,237.00
2026-08-28 01:16:34,237.00,237.00,237.00,237.00,349.00,299.00,237.00,237.00,237.00,237.00,237.00,237.00,237.00,237.00,237.00
2026-08-28 01:26:35,237.00,237.00,237.00,237.00,349.00,299.00,237.00,237.00,237.00,237.00,237.00,237.00,237.00,237.00,237.00
2026-08-28 01:36:36,237.00,237.00,237.00,237.00,349.00,299.00,237.00,237.00,237.00,237.00,237.00,237.00,237.00,237.00,237.00
2026-08-28 01:46:25,237.00,237.00,237.00,237.00,349.00,299.00,237.00,237.00,237.00,237.00,237.00,237.00,237.00,237.00,237.00
2026-08-28 01:56:22,237.00,237.00,237.00,237.00,349.00,299.00,237.00,237.00,237.00,237.00,237.00,237.00,237.00,237.00,237.00
2026-08-28 02:06:17,237.00,237.00,237.00,237.00,349.00,299.00,237.00,237.00,237.00,237.00,237.00,237.00,237.00,237.00,237.00
2026-08-28 02:16:36,237.00,237.00,237.00,237.00,349.00,299.00,237.00,237.00,237.00,237.00,237.00,237.00,237.00,237.00,237.00
2026-08-28 02:26:15,237.00,237.00,237.00,237.00,349.00,299.00,237.00,237.00,237.00,237.00,237.00,237.00,237.00,237.00,237.00
2026-08-28 02:36:31,237.00,237.00,237.00,237.00,349.00,299.00,237.00,237.00,237.00,237.00,237.00,237.00,237.00,237.00,237.00
2026-08-28 02:46:33,237.00,237.00,237.00,237.00,349.00,299.00,237.00,237.00,237.00,237.00,237.00,237.00,237.00,237.00,237.00
2026-08-28 02:56:37,237.00,237.00,237.00,237.00,349.00,299.00,237.00,237.00,237.00,237.00,237.00,237.00,237.00,237.00,237.00
2026-08-28 03:06:22,237.00,237.00,237.00,237.00,349.00,299.00,237.00,237.00,237.00,237.00,237.00,237.00,237.00,237.00,237.00
2026-08-28 03:16:33,237.00,237.00,237.00,237.00,349.00,299.00,237.00,237.00,237.00,237.00,237.00,237.00,237.00,237.00,237.00
2026-08-28 03:26:36,237.00,237.00,237.00,237.00,349.00,299.00,237.00,237.00,237.00,237.00,237.00,237.00,237.00,237.00,237.00
2026-08-28 03:36:38,237.00,237.00,237.00,237.00,349.00,299.00,237.00,237.00,237.00,237.00,237.00,237.00,237.00,237.00,237.00
2026-08-28 03:46:37,237.00,237.00,237.00,237.00,349.00,299.00,237.00,237.00,237.00,237.00,237.00,237.00,237.00,237.00,237.00
2026-08-28 03:56:19,237.00,237.00,237.00,237.00,349.00,299.00,237.00,237.00,237.00,237.00,237.00,237.00,237.00,237.00,237.00
2026-08-28 04:06:35,237.00,237.00,237.00,237.00,349.00,299.00,237.00,237.00,237.00,237.00,237.00,237.00,237.00,237.00,237.00
2026-08-28 04:16:31,237.00,237.00,237.00,237.00,349.00,299.00,237.00,237.00,237.00,237.00,237.00,237.00,237.00,237.00,237.00
2026-08-28 04:26:32,237.00,237.00,237.00,237.00,349.00,299.00,237.00,237.00,237.00,237.00,237.00,237.00,237.00,237.00,237.00
2026-08-28 04:36:21,237.00,237.00,237.00,237.00,349.00,299.00,237.00,237.00,237.00,237.00,237.00,237.00,237.00,237.00,237.00
2026-08-28 04:46:35,237.00,237.00,237.00,237.00,349.00,299.00,237.00,237.00,237.00,237.00,237.00,237.00,237.00,237.00,237.00
2026-08-28 04:56:32,237.00,237.00,237.00,237.00,349.00,299.00,237.00,237.00,237.00,237.00,237.00,237.00,237.00,237.00,237.00
2026-08-28 05:06:36,237.00,237.00,237.00,237.00,349.00,299.00,237.00,237.00,237.00,237.00,237.00,237.00,237.00,237.00,237.00
2026-08-28 05:16:40,237.00,237.00,237.00,237.00,349.00,299.00,237.00,237.00,237.00,237.00,237.00,237.00,237.00,237.00,237.00
2026-08-28 05:26:34,237.00,237.00,237.00,237.00,349.00,299.00,237.00,237.00,237.00,237.00,237.00,237.00,237.00,237.00,237.00
2026-08-28 05:36:30,237.00,237.00,237.00,237.00,349.00,299.00,237.00,237.00,237.00,237.00,237.00,237.00,237.00,237.00,237.00
2026-08-28 05:46:47,,237.00,237.00,237.00,,,237.00,237.00,,237.00,237.00,,237.00,,
2026-08-28 05:56:30,237.00,237.00,237.00,237.00,349.00,299.00,237.00,237.00,237.00,237.00,237.00,237.00,237.00,237.00,237.00
2026-08-28 06:06:23,237.00,237.00,237.00,237.00,349.00,299.00,237.00,237.00,237.00,237.00,237.00,237.00,237.00,237.00,237.00
2026-08-28 06:16:36,237.00,237.00,237.00,237.00,349.00,299.00,237.00,237.00,237.00,237.00,237.00,237.00,237.00,237.00,237.00
2026-08-28 06:26:37,237.00,237.00,237.00,237.00,349.00,299.00,237.00,237.00,237.00,237.00,237.00,237.00,237.00,237.00,237.00
2026-08-28 06:36:27,237.00,237.00,237.00,237.00,349.00,299.00,237.00,237.00,237.00,237.00,237.00,237.00,237.00,237.00,237.00
2026-08-28 06:46:33,237.00,237.00,237.00,237.00,349.00,299.00,237.00,237.00,237.00,237.00,237.00,237.00,237.00,237.00,237.00
2026-08-28 06:56:31,237.00,237.00,237.00,237.00,349.00,299.00,237.00,237.00,237.00,237.00,237.00,237.00,237.00,237.00,237.00
2026-08-28 07:06:35,237.00,237.00,237.00,237.00,349.00,299.00,237.00,237.00,237.00,237.00,237.00,237.00,237.00,237.00,237.00
2026-08-28 07:16:35,237.00,237.00,237.00,237.00,349.00,299.00,237.00,237.00,237.00,237.00,237.00,237.00,237.00,237.00,237.00
2026-08-28 07:26:34,237.00,237.00,237.00,237.00,349.00,299.00,237.00,237.00,237.00,237.00,237.00,237.00,237.00,237.00,237.00
2026-08-28 07:36:32,237.00,237.00,237.00,237.00,349.00,299.00,237.00,237.00,237.00,237.00,237.00,237.00,237.00,237.00,237.00
2026-08-28 07:46:38,237.00,237.00,237.00,237.00,349.00,299.00,237.00,237.00,237.00,237.00,237.00,237.00,237.00,237.00,237.00
2026-08-28 07:56:32,237.00,237.00,237.00,237.00,349.00,299.00,237.00,237.00,237.00,237.00,237.00,237.00,237.00,237.00,237.00
2026-08-28 08:06:21,237.00,237.00,237.00,237.00,349.00,299.00,237.00,237.00,237.00,237.00,237.00,237.00,237.00,237.00,237.00
2026-08-28 08:16:31,237.00,237.00,237.00,237.00,349.00,299.00,237.00,237.00,237.00,237.00,237.00,237.00,237.00,237.00,237.00
2026-08-28 08:26:29,237.00,237.00,237.00,237.00,349.00,299.00,237.00,237.00,237.00,237.00,237.00,237.00,237.00,237.00,237.00
2026-08-28 08:36:31,237.00,237.00,237.00,237.00,349.00,299.00,237.00,237.00,237.00,237.00,237.00,237.00,237.00,237.00,237.00
2026-08-28 08:46:33,237.00,237.00,237.00,237.00,349.00,299.00,237.00,237.00,237.00,237.00,237.00,237.00,237.00,237.00,237.00
2026-08-28 08:56:34,237.00,237.00,237.00,237.00,349.00,299.00,237.00,237.00,237.00,237.00,237.00,237.00,237.00,237.00,237.00
2026-08-28 09:06:33,237.00,237.00,237.00,237.00,349.00,299.00,237.00,237.00,237.00,237.00,237.00,237.00,237.00,237.00,237.00
2026-08-28 09:16:33,237.00,237.00,237.00,237.00,349.00,299.00,237.00,237.00,237.00,237.00,237.00,237.00,237.00,237.00,237.00
2026-08-28 09:26:33,237.00,237.00,237.00,237.00,349.00,299.00,237.00,237.00,237.00,237.00,237.00,237.00,237.00,237.00,237.00
2026-08-28 09:36:37,237.00,237.00,237.00,237.00,349.00,299.00,237.00,237.00,237.00,237.00,237.00,237.00,237.00,237.00,237.00
2026-08-28 09:46:32,237.00,237.00,237.00,237.00,349.00,299.00,237.00,237.00,237.00,237.00,237.00,237.00,237.00,237.00,237.00
2026-08-28 09:56:39,237.00,237.00,237.00,237.00,349.00,299.00,237.00,237.00,237.00,237.00,237.00,237.00,237.00,237.00,237.00
2026-08-28 10:06:34,237.00,237.00,237.00,237.00,349.00,299.00,237.00,237.00,237.00,237.00,237.00,237.00,237.00,237.00,237.00
2026-08-28 10:16:35,237.00,237.00,237.00,237.00,349.00,299.00,237.00,237.00,237.00,237.00,237.00,237.00,237.00,237.00,237.00
2026-08-28 10:26:34,237.00,237.00,237.00,237.00,349.00,299.00,237.00,237.00,237.00,237.00,237.00,237.00,237.00,237.00,237.00
2026-08-28 10:36:36,237.00,237.00,237.00,237.00,349.00,299.00,237.00,237.00,237.00,237.00,237.00,237.00,237.00,237.00,237.00
2026-08-28 10:46:23,237.00,237.00,237.00,237.00,349.00,299.00,237.00,237.00,237.00,237.00,237.00,237.00,237.00,237.00,237.00
2026-08-28 10:56:36,237.00,237.00,237.00,237.00,349.00,299.00,237.00,237.00,237.00,237.00,237.00,237.00,237.00,237.00,237.00
2026-08-28 11:06:23,237.00,237.00,237.00,237.00,349.00,299.00,237.00,237.00,237.00,237.00,237.00,237.00,237.00,237.00,237.00
2026-08-28 11:16:36,237.00,237.00,237.00,237.00,349.00,299.00,237.00,237.00,237.00,237.00,237.00,237.00,237.00,237.00,237.00
2026-08-28 11:26:40,237.00,237.00,237.00,237.00,349.00,299.00,237.00,237.00,237.00,237.00,237.00,237.00,237.00,237.00,237.00
2026-08-28 11:36:38,237.00,237.00,237.00,237.00,349.00,299.00,237.00,237.00,237.00,237.00,237.00,237.00,237.00,237.00,237.00
2026-08-28 11:46:36,237.00,237.00,237.00,237.00,349.00,299.00,237.00,237.00,237.00,237.00,237.00,237.00,237.00,237.00,237.00
2026-08-28 11:56:39,237.00,237.00,237.00,237.00,349.00,299.00,237.00,237.00,237.00,237.00,237.00,237.00,237.00,237.00,237.00
2026-08-28 12:06:21,237.00,237.00,237.00,237.00,349.00,299.00,237.00,237.00,237.00,237.00,237.00,237.00,237.00,237.00,237.00
2026-08-28 12:16:37,237.00,237.00,237.00,237.00,349.00,299.00,237.00,237.00,237.00,237.00,237.00,237.00,237.00,237.00,237.00
2026-08-28 12:26:35,237.00,237.00,237.00,237.00,349.00,299.00,237.00,237.00,237.00,237.00,237.00,237.00,237.00,237.00,237.00
2026-08-28 12:36:29,237.00,237.00,237.00,237.00,349.00,299.00,237.00,237.00,237.00,237.00,237.00,237.00,237.00,237.00,237.00
2026-08-28 12:46:35,237.00,237.00,237.00,237.00,349.00,299.00,237.00,237.00,237.00,237.00,237.00,237.00,237.00,237.00,237.00
2026-08-28 12:56:22,237.00,237.00,237.00,237.00,349.00,299.00,237.00,237.00,237.00,237.00,237.00,237.00,237.00,237.00,237.00
2026-08-28 13:06:40,237.00,237.00,237.00,237.00,349.00,299.00,237.00,237.00,237.00,237.00,237.00,237.00,237.00,237.00,237.00
2026-08-28 13:16:32,237.00,237.00,237.00,237.00,349.00,299.00,237.00,237.00,237.00,237.00,237.00,237.00,237.00,237.00,237.00
2026-08-28 13:26:24,237.00,237.00,237.00,237.00,349.00,299.00,237.00,237.00,237.00,237.00,237.00,237.00,237.00,237.00,237.00
2026-08-28 13:36:35,237.00,237.00,259.00,237.00,349.00,299.00,237.00,237.00,237.00,237.00,237.00,237.00,237.00,237.00,237.00
2026-08-28 13:46:40,237.00,237.00,259.00,237.00,349.00,299.00,237.00,237.00,237.00,237.00,237.00,237.00,237.00,237.00,237.00
2026-08-28 13:56:22,237.00,237.00,259.00,237.00,349.00,299.00,237.00,237.00,237.00,237.00,237.00,237.00,237.00,237.00,237.00
2026-08-28 14:06:28,237.00,237.00,259.00,237.00,349.00,299.00,237.00,237.00,237.00,237.00,237.00,237.00,237.00,237.00,237.00
2026-08-28 14:16:21,237.00,237.00,259.00,237.00,349.00,299.00,237.00,237.00,237.00,237.00,237.00,237.00,237.00,237.00,237.00
2026-08-28 14:26:25,237.00,237.00,259.00,237.00,349.00,299.00,237.00,237.00,237.00,237.00,237.00,237.00,237.00,237.00,237.00
2026-08-28 14:36:33,237.00,237.00,259.00,237.00,349.00,299.00,237.00,237.00,237.00,237.00,237.00,237.00,237.00,237.00,237.00
2026-08-28 14:46:37,237.00,237.00,259.00,237.00,349.00,299.00,237.00,237.00,237.00,237.00,237.00,237.00,237.00,237.00,237.00
2026-08-28 14:56:38,237.00,237.00,259.00,237.00,349.00,299.00,237.00,237.00,237.00,237.00,237.00,237.00,237.00,237.00,237.00
2026-08-28 15:06:40,237.00,237.00,259.00,237.00,349.00,299.00,237.00,237.00,237.00,237.00,237.00,237.00,237.00,237.00,237.00
2026-08-28 15:16:42,237.00,237.00,259.00,237.00,349.00,299.00,237.00,237.00,237.00,237.00,237.00,237.00,237.00,237.00,237.00
2026-08-28 15:26:40,237.00,237.00,259.00,237.00,349.00,299.00,237.00,237.00,237.00,237.00,237.00,237.00,237.00,237.00,237.00
2026-08-28 15:36:39,237.00,237.00,259.00,237.00,349.00,299.00,237.00,237.00,237.00,237.00,237.00,237.00,237.00,237.00,237.00
2026-08-28 15:46:33,237.00,237.00,259.00,237.00,349.00,299.00,237.00,237.00,237.00,237.00,237.00,237.00,237.00,237.00,237.00
2026-08-28 15:56:40,237.00,237.00,259.00,237.00,349.00,299.00,237.00,237.00,237.00,237.00,237.00,237.00,237.00,237.00,237.00
2026-08-28 16:06:43,237.00,237.00,259.00,237.00,349.00,299.00,237.00,237.00,237.00,237.00,237.00,237.00,237.00,237.00,237.00
2026-08-28 16:16:34,237.00,237.00,259.00,237.00,349.00,299.00,237.00,237.00,237.00,237.00,237.00,237.00,237.00,237.00,237.00
2026-08-28 16:26:42,237.00,237.00,259.00,237.00,349.00,299.00,237.00,237.00,237.00,237.00,237.00,237.00,237.00,237.00,237.00
2026-08-28 16:36:24,237.00,237.00,259.00,237.00,349.00,299.00,237.00,237.00,237.00,237.00,237.00,237.00,237.00,237.00,237.00
2026-08-28 16:46:42,237.00,237.00,259.00,237.00,349.00,299.00,237.00,237.00,237.00,237.00,237.00,237.00,237.00,237.00,237.00
2026-08-28 16:56:36,237.00,237.00,259.00,237.00,349.00,299.00,237.00,237.00,237.00,237.00,237.00,237.00,237.00,237.00,237.00
2026-08-28 17:06:38,237.00,237.00,259.00,237.00,349.00,299.00,237.00,237.00,237.00,237.00,237.00,237.00,237.00,237.00,237.00
2026-08-28 17:16:32,237.00,237.00,259.00,237.00,349.00,299.00,237.00,237.00,237.00,237.00,237.00,237.00,237.00,237.00,237.00
2026-08-28 17:26:27,237.00,237.00,259.00,237.00,349.00,299.00,237.00,237.00,237.00,237.00,237.00,237.00,237.00,237.00,237.00
2026-08-28 17:36:36,237.00,237.00,259.00,237.00,349.00,299.00,237.00,237.00,237.00,237.00,237.00,237.00,237.00,237.00,237.00
2026-08-28 17:46:36,237.00,237.00,259.00,237.00,349.00,299.00,237.00,237.00,237.00,237.00,237.00,237.00,237.00,237.00,237.00
2026-08-28 17:56:22,237.00,237.00,259.00,237.00,349.00,299.00,237.00,237.00,237.00,237.00,237.00,237.00,237.00,237.00,237.00
2026-08-28 18:06:36,237.00,237.00,259.00,237.00,349.00,299.00,237.00,237.00,237.00,237.00,237.00,237.00,237.00,237.00,237.00
2026-08-28 18:16:46,237.00,237.00,259.00,237.00,349.00,299.00,237.00,237.00,237.00,237.00,237.00,237.00,237.00,237.00,237.00
2026-08-28 18:26:34,237.00,237.00,259.00,237.00,349.00,299.00,237.00,237.00,237.00,237.00,237.00,237.00,237.00,237.00,237.00
2026-08-28 18:36:41,237.00,237.00,259.00,237.00,349.00,299.00,237.00,237.00,237.00,237.00,237.00,237.00,237.00,237.00,237.00
2026-08-28 18:46:40,237.00,237.00,259.00,237.00,349.00,299.00,237.00,237.00,237.00,237.00,237.00,237.00,237.00,237.00,237.00
2026-08-28 18:56:37,237.00,237.00,259.00,237.00,349.00,299.00,237.00,237.00,237.00,237.00,237.00,237.00,237.00,237.00,237.00
2026-08-28 19:06:43,237.00,237.00,259.00,237.00,349.00,299.00,237.00,237.00,237.00,237.00,237.00,237.00,237.00,237.00,237.00
2026-08-28 19:16:35,237.00,237.00,259.00,237.00,349.00,299.00,237.00,237.00,237.00,237.00,237.00,237.00,237.00,237.00,237.00
2026-08-28 19:26:23,237.00,237.00,259.00,237.00,349.00,299.00,237.00,237.00,237.00,237.00,237.00,237.00,237.00,237.00,237.00
2026-08-28 19:36:25,237.00,237.00,259.00,237.00,349.00,299.00,237.00,237.00,237.00,237.00,237.00,237.00,237.00,237.00,237.00
2026-08-28 19:46:35,237.00,237.00,259.00,237.00,349.00,299.00,237.00,237.00,237.00,237.00,237.00,237.00,237.00,237.00,237.00
2026-08-28 19:56:39,237.00,237.00,259.00,237.00,349.00,299.00,237.00,237.00,237.00,237.00,237.00,237.00,237.00,237.00,237.00
2026-08-28 20:06:49,237.00,237.00,259.00,237.00,349.00,299.00,237.00,237.00,237.00,237.00,237.00,237.00,237.00,237.00,237.00
2026-08-28 20:16:35,237.00,237.00,259.00,237.00,349.00,299.00,237.00,237.00,237.00,237.00,237.00,237.00,237.00,237.00,237.00
2026-08-28 20:26:47,237.00,237.00,259.00,237.00,349.00,299.00,237.00,237.00,237.00,237.00,237.00,237.00,237.00,237.00,237.00
2026-08-28 20:36:44,237.00,237.00,259.00,237.00,349.00,299.00,237.00,237.00,237.00,237.00,237.00,237.00,237.00,237.00,237.00
2026-08-28 20:46:46,237.00,237.00,259.00,237.00,349.00,299.00,237.00,237.00,237.00,237.00,237.00,237.00,237.00,237.00,237.00
2026-08-28 20:56:53,237.00,237.00,259.00,237.00,349.00,299.00,237.00,237.00,237.00,237.00,237.00,237.00,237.00,237.00,237.00
2026-08-28 21:06:45,237.00,237.00,259.00,237.00,349.00,299.00,237.00,237.00,237.00,237.00,237.00,237.00,237.00,237.00,237.00
2026-08-28 21:16:35,237.00,237.00,259.00,237.00,349.00,299.00,237.00,237.00,237.00,237.00,237.00,237.00,237.00,237.00,237.00
2026-08-28 21:26:21,237.00,237.00,259.00,237.00,349.00,299.00,237.00,237.00,237.00,237.00,237.00,237.00,237.00,237.00,237.00
2026-08-28 21:36:36,237.00,237.00,259.00,237.00,349.00,299.00,237.00,237.00,237.00,237.00,237.00,237.00,237.00,237.00,237.00
2026-08-28 21:46:40,237.00,237.00,259.00,237.00,349.00,299.00,237.00,237.00,237.00,237.00,237.00,237.00,237.00,237.00,237.00
2026-08-28 21:56:33,237.00,237.00,259.00,237.00,349.00,299.00,237.00,237.00,237.00,237.00,237.00,237.00,237.00,237.00,237.00
2026-08-28 22:06:38,237.00,237.00,259.00,237.00,349.00,299.00,237.00,237.00,237.00,237.00,237.00,237.00,237.00,237.00,237.00
2026-08-28 22:16:47,237.00,237.00,259.00,237.00,349.00,299.00,237.00,237.00,237.00,237.00,237.00,237.00,237.00,237.00,237.00
2026-08-28 22:26:34,237.00,237.00,259.00,237.00,349.00,299.00,237.00,237.00,237.00,237.00,237.00,237.00,237.00,237.00,237.00
2026-08-28 22:36:27,237.00,237.00,259.00,237.00,349.00,299.00,237.00,237.00,237.00,237.00,237.00,237.00,237.00,237.00,237.00
2026-08-28 22:46:25,237.00,237.00,259.00,237.00,349.00,299.00,237.00,237.00,237.00,237.00,237.00,237.00,237.00,237.00,237.00
2026-08-28 22:56:36,237.00,237.00,259.00,237.00,349.00,299.00,237.00,237.00,237.00,237.00,237.00,237.00,237.00,237.00,237.00
2026-08-28 23:06:31,237.00,237.00,259.00,237.00,349.00,299.00,237.00,237.00,237.00,237.00,237.00,237.00,237.00,237.00,237.00
2026-08-28 23:16:42,237.00,237.00,259.00,237.00,349.00,299.00,237.00,237.00,237.00,237.00,237.00,237.00,237.00,237.00,237.00
2026-08-28 23:27:38,237.00,237.00,259.00,237.00,349.00,299.00,237.00,237.00,237.00,237.00,237.00,237.00,237.00,237.00,237.00
2026-08-28 23:36:40,237.00,237.00,259.00,237.00,349.00,299.00,237.00,237.00,237.00,237.00,237.00,237.00,237.00,237.00,237.00
2026-08-28 23:46:40,237.00,237.00,259.00,237.00,349.00,299.00,237.00,237.00,237.00,237.00,237.00,237.00,237.00,237.00,237.00
2026-08-28 23:56:33,237.00,237.00,259.00,237.00,349.00,299.00,237.00,237.00,237.00,237.00,237.00,237.00,237.00,237.00,237.00
2026-08-29 00:06:47,237.00,237.00,259.00,237.00,349.00,299.00,237.00,237.00,237.00,237.00,237.00,237.00,237.00,237.00,237.00
2026-08-29 00:16:28,237.00,237.00,259.00,237.00,349.00,299.00,237.00,237.00,237.00,237.00,237.00,237.00,237.00,237.00,237.00
2026-08-29 00:26:39,237.00,237.00,259.00,237.00,349.00,299.00,237.00,237.00,237.00,237.00,237.00,237.00,237.00,237.00,237.00
2026-08-29 00:36:42,237.00,237.00,259.00,237.00,349.00,299.00,237.00,237.00,237.00,237.00,237.00,237.00,237.00,237.00,237.00
2026-08-29 00:46:46,237.00,237.00,259.00,237.00,349.00,299.00,237.00,237.00,237.00,237.00,237.00,237.00,237.00,237.00,237.00
2026-08-29 00:56:34,237.00,237.00,259.00,237.00,349.00,299.00,237.00,237.00,237.00,237.00,237.00,237.00,237.00,237.00,237.00
2026-08-29 01:06:38,237.00,237.00,259.00,237.00,349.00,299.00,237.00,237.00,237.00,237.00,237.00,237.00,237.00,237.00,237.00
2026-08-29 01:16:52,,237.00,259.00,237.00,,,237.00,237.00,,237.00,237.00,,237.00,,
2026-08-29 01:26:45,237.00,237.00,259.00,237.00,349.00,299.00,237.00,237.00,237.00,237.00,237.00,237.00,237.00,237.00,237.00
2026-08-29 01:36:38,237.00,237.00,259.00,237.00,349.00,299.00,237.00,237.00,237.00,237.00,237.00,237.00,237.00,237.00,237.00
2026-08-29 01:46:30,237.00,237.00,259.00,237.00,349.00,299.00,237.00,237.00,237.00,237.00,237.00,237.00,237.00,237.00,237.00
2026-08-29 01:56:28,237.00,237.00,259.00,237.00,349.00,299.00,237.00,237.00,237.00,237.00,237.00,237.00,237.00,237.00,237.00
2026-08-29 02:06:22,237.00,237.00,259.00,237.00,349.00,299.00,237.00,237.00,237.00,237.00,237.00,237.00,237.00,237.00,237.00
2026-08-29 02:16:41,237.00,237.00,259.00,237.00,349.00,299.00,237.00,237.00,237.00,237.00,237.00,237.00,237.00,237.00,237.00
2026-08-29 02:26:40,237.00,237.00,259.00,237.00,349.00,299.00,237.00,237.00,237.00,237.00,237.00,237.00,237.00,237.00,237.00
2026-08-29 02:36:22,237.00,237.00,259.00,237.00,349.00,299.00,237.00,237.00,237.00,237.00,237.00,237.00,237.00,237.00,237.00
2026-08-29 02:46:36,237.00,237.00,259.00,237.00,349.00,299.00,237.00,237.00,237.00,237.00,237.00,237.00,237.00,237.00,237.00
2026-08-29 02:56:36,237.00,237.00,259.00,237.00,349.00,299.00,237.00,237.00,237.00,237.00,237.00,237.00,237.00,237.00,237.00
2026-08-29 03:06:28,237.00,237.00,259.00,237.00,349.00,299.00,237.00,237.00,237.00,237.00,237.00,237.00,237.00,237.00,237.00
2026-08-29 03:16:41,237.00,237.00,259.00,237.00,349.00,299.00,237.00,237.00,237.00,237.00,237.00,237.00,237.00,237.00,237.00
2026-08-29 03:26:39,237.00,237.00,259.00,237.00,349.00,299.00,237.00,237.00,237.00,237.00,237.00,237.00,237.00,237.00,237.00
2026-08-29 03:36:33,237.00,237.00,259.00,237.00,349.00,299.00,237.00,237.00,237.00,237.00,237.00,237.00,237.00,237.00,237.00
2026-08-29 03:46:37,237.00,237.00,259.00,237.00,349.00,299.00,237.00,237.00,237.00,237.00,237.00,237.00,237.00,237.00,237.00
2026-08-29 03:56:38,237.00,237.00,259.00,237.00,349.00,299.00,237.00,237.00,237.00,237.00,237.00,237.00,237.00,237.00,237.00
2026-08-29 04:06:40,237.00,237.00,259.00,237.00,349.00,299.00,237.00,237.00,237.00,237.00,237.00,237.00,237.00,237.00,237.00
2026-08-29 04:16:36,237.00,237.00,259.00,237.00,349.00,299.00,237.00,237.00,237.00,237.00,237.00,237.00,237.00,237.00,237.00
2026-08-29 04:26:41,237.00,237.00,259.00,237.00,349.00,299.00,237.00,237.00,237.00,237.00,237.00,237.00,237.00,237.00,237.00
2026-08-29 04:36:52,237.00,237.00,259.00,237.00,349.00,299.00,237.00,237.00,237.00,237.00,237.00,237.00,237.00,237.00,237.00
2026-08-29 04:46:37,237.00,237.00,259.00,237.00,349.00,299.00,237.00,237.00,237.00,237.00,237.00,237.00,237.00,237.00,237.00
2026-08-29 04:56:36,237.00,237.00,259.00,237.00,349.00,299.00,237.00,237.00,237.00,237.00,237.00,237.00,237.00,237.00,237.00
2026-08-29 05:06:37,237.00,237.00,259.00,237.00,349.00,299.00,237.00,237.00,237.00,237.00,237.00,237.00,237.00,237.00,237.00
2026-08-29 05:16:43,237.00,237.00,259.00,237.00,349.00,299.00,237.00,237.00,237.00,237.00,237.00,237.00,237.00,237.00,237.00
2026-08-29 05:26:22,237.00,237.00,259.00,237.00,349.00,299.00,237.00,237.00,237.00,237.00,237.00,237.00,237.00,237.00,237.00
2026-08-29 05:36:40,237.00,237.00,259.00,237.00,349.00,299.00,237.00,237.00,237.00,237.00,237.00,237.00,237.00,237.00,237.00
2026-08-29 05:46:40,237.00,237.00,259.00,237.00,349.00,299.00,237.00,237.00,237.00,237.00,237.00,237.00,237.00,237.00,237.00
2026-08-29 05:56:36,237.00,237.00,259.00,237.00,349.00,299.00,237.00,237.00,237.00,237.00,237.00,237.00,237.00,237.00,237.00
2026-08-29 06:06:37,237.00,237.00,259.00,237.00,349.00,299.00,237.00,237.00,237.00,237.00,237.00,237.00,237.00,237.00,237.00
2026-08-29 06:16:34,237.00,237.00,259.00,237.00,349.00,299.00,237.00,237.00,237.00,237.00,237.00,237.00,237.00,237.00,237.00
2026-08-29 06:26:19,237.00,237.00,259.00,237.00,349.00,299.00,237.00,237.00,237.00,237.00,237.00,237.00,237.00,237.00,237.00
2026-08-29 06:36:32,237.00,237.00,259.00,237.00,349.00,299.00,237.00,237.00,237.00,237.00,237.00,237.00,237.00,237.00,237.00
2026-08-29 06:46:35,237.00,237.00,259.00,237.00,349.00,299.00,237.00,237.00,237.00,237.00,237.00,237.00,237.00,237.00,237.00
2026-08-29 06:56:31,237.00,237.00,259.00,237.00,349.00,299.00,237.00,237.00,237.00,237.00,237.00,237.00,237.00,237.00,237.00
2026-08-29 07:06:39,237.00,237.00,259.00,237.00,349.00,299.00,237.00,237.00,237.00,237.00,237.00,237.00,237.00,237.00,237.00
2026-08-29 07:16:43,237.00,237.00,259.00,237.00,349.00,299.00,237.00,237.00,237.00,237.00,237.00,237.00,237.00,237.00,237.00
2026-08-29 07:26:42,237.00,237.00,259.00,237.00,349.00,299.00,237.00,237.00,237.00,237.00,237.00,237.00,237.00,237.00,237.00
2026-08-29 07:36:34,237.00,,237.00,259.00,349.00,299.00,,,237.00,,,237.00,,237.00,237.00
2026-08-29 07:46:21,237.00,237.00,259.00,237.00,349.00,299.00,237.00,237.00,237.00,237.00,237.00,237.00,237.00,237.00,237.00
2026-08-29 07:56:35,237.00,237.00,259.00,237.00,349.00,299.00,237.00,237.00,237.00,237.00,237.00,237.00,237.00,237.00,237.00
2026-08-29 08:06:40,237.00,237.00,259.00,237.00,349.00,299.00,237.00,237.00,237.00,237.00,237.00,237.00,237.00,237.00,237.00
2026-08-29 08:16:23,237.00,237.00,259.00,237.00,349.00,299.00,237.00,237.00,237.00,237.00,237.00,237.00,237.00,237.00,237.00
2026-08-29 08:26:55,,237.00,259.00,237.00,,,237.00,237.00,,237.00,237.00,,237.00,,
2026-08-29 08:36:38,237.00,237.00,259.00,237.00,349.00,299.00,237.00,237.00,237.00,237.00,237.00,237.00,237.00,237.00,237.00
2026-08-29 08:46:38,237.00,237.00,259.00,237.00,349.00,299.00,237.00,237.00,237.00,237.00,237.00,237.00,237.00,237.00,237.00
2026-08-29 08:56:32,237.00,237.00,259.00,237.00,349.00,299.00,237.00,237.00,237.00,237.00,237.00,237.00,237.00,237.00,237.00
2026-08-29 09:06:39,237.00,237.00,259.00,237.00,349.00,299.00,237.00,237.00,237.00,237.00,237.00,237.00,237.00,237.00,237.00
2026-08-29 09:16:31,237.00,237.00,259.00,237.00,349.00,299.00,237.00,237.00,237.00,237.00,237.00,237.00,237.00,237.00,237.00
2026-08-29 09:26:39,237.00,237.00,259.00,237.00,349.00,299.00,237.00,237.00,237.00,237.00,237.00,237.00,237.00,237.00,237.00
2026-08-29 09:36:34,237.00,237.00,259.00,237.00,349.00,299.00,237.00,237.00,237.00,237.00,237.00,237.00,237.00,237.00,237.00
2026-08-29 09:46:39,237.00,237.00,259.00,237.00,349.00,299.00,237.00,237.00,237.00,237.00,237.00,237.00,237.00,237.00,237.00
2026-08-29 09:56:41,237.00,237.00,259.00,237.00,349.00,299.00,237.00,237.00,237.00,237.00,237.00,237.00,237.00,237.00,237.00
2026-08-29 10:06:35,237.00,237.00,259.00,237.00,349.00,299.00,237.00,237.00,237.00,237.00,237.00,237.00,237.00,237.00,237.00
2026-08-29 10:16:25,237.00,237.00,259.00,237.00,349.00,299.00,237.00,237.00,237.00,237.00,237.00,237.00,237.00,237.00,237.00
2026-08-29 10:26:35,237.00,237.00,259.00,237.00,349.00,299.00,237.00,237.00,237.00,237.00,237.00,237.00,237.00,237.00,237.00
2026-08-29 10:36:40,237.00,237.00,259.00,237.00,349.00,299.00,237.00,237.00,237.00,237.00,237.00,237.00,237.00,237.00,237.00
2026-08-29 10:46:35,237.00,237.00,259.00,237.00,349.00,299.00,237.00,237.00,237.00,237.00,237.00,237.00,237.00,237.00,237.00
2026-08-29 10:56:39,237.00,237.00,259.00,237.00,349.00,299.00,237.00,237.00,237.00,237.00,237.00,237.00,237.00,237.00,237.00
2026-08-29 11:06:40,237.00,237.00,259.00,237.00,349.00,299.00,237.00,237.00,237.00,237.00,237.00,237.00,237.00,237.00,237.00
2026-08-29 11:16:39,237.00,237.00,259.00,237.00,349.00,299.00,237.00,237.00,237.00,237.00,237.00,237.00,237.00,237.00,237.00
2026-08-29 11:26:35,237.00,237.00,259.00,237.00,349.00,299.00,237.00,237.00,237.00,237.00,237.00,237.00,237.00,237.00,237.00
2026-08-29 11:36:42,237.00,237.00,237.00,237.00,349.00,299.00,237.00,237.00,237.00,237.00,237.00,237.00,237.00,237.00,237.00
2026-08-29 11:46:50,237.00,237.00,237.00,237.00,349.00,299.00,237.00,237.00,237.00,237.00,237.00,237.00,237.00,237.00,237.00
2026-08-29 11:56:40,237.00,237.00,237.00,237.00,349.00,299.00,237.00,237.00,237.00,237.00,237.00,237.00,237.00,237.00,237.00
2026-08-29 12:06:27,237.00,237.00,237.00,237.00,349.00,299.00,237.00,237.00,237.00,237.00,237.00,237.00,237.00,237.00,237.00
2026-08-29 12:16:40,237.00,237.00,237.00,237.00,349.00,299.00,237.00,237.00,237.00,237.00,237.00,237.00,237.00,237.00,237.00
2026-08-29 12:26:28,237.00,237.00,237.00,237.00,349.00,299.00,237.00,237.00,237.00,237.00,237.00,237.00,237.00,237.00,237.00
2026-08-29 12:36:47,237.00,237.00,237.00,237.00,349.00,299.00,237.00,237.00,237.00,237.00,237.00,237.00,237.00,237.00,237.00
2026-08-29 12:46:41,237.00,237.00,237.00,237.00,349.00,299.00,237.00,237.00,237.00,237.00,237.00,237.00,237.00,237.00,237.00
2026-08-29 12:56:35,237.00,237.00,237.00,237.00,349.00,299.00,237.00,237.00,237.00,237.00,237.00,237.00,237.00,237.00,237.00
2026-08-29 13:06:30,237.00,237.00,237.00,237.00,349.00,299.00,237.00,237.00,237.00,237.00,237.00,237.00,237.00,237.00,237.00
2026-08-29 13:16:34,237.00,237.00,237.00,237.00,349.00,299.00,237.00,237.00,237.00,237.00,237.00,237.00,237.00,237.00,237.00
2026-08-29 13:26:30,237.00,237.00,237.00,237.00,349.00,299.00,237.00,237.00,237.00,237.00,237.00,237.00,237.00,237.00,237.00
2026-08-29 13:36:28,237.00,237.00,237.00,237.00,349.00,299.00,237.00,237.00,237.00,237.00,237.00,237.00,237.00,237.00,237.00
2026-08-29 13:46:40,237.00,237.00,237.00,237.00,349.00,299.00,237.00,237.00,237.00,237.00,237.00,237.00,237.00,237.00,237.00
2026-08-29 13:56:42,237.00,237.00,237.00,237.00,349.00,299.00,237.00,237.00,237.00,237.00,237.00,237.00,237.00,237.00,237.00
2026-08-29 14:06:42,237.00,237.00,237.00,237.00,349.00,299.00,237.00,237.00,237.00,237.00,237.00,237.00,237.00,237.00,237.00
2026-08-29 14:16:40,237.00,259.00,237.00,237.00,349.00,299.00,237.00,237.00,237.00,237.00,237.00,237.00,237.00,237.00,237.00
2026-08-29 14:26:44,237.00,259.00,237.00,237.00,349.00,299.00,237.00,237.00,237.00,237.00,237.00,237.00,237.00,237.00,237.00
2026-08-29 14:36:41,237.00,259.00,237.00,237.00,349.00,299.00,237.00,237.00,237.00,237.00,237.00,237.00,237.00,237.00,237.00
2026-08-29 14:46:19,237.00,259.00,237.00,237.00,349.00,299.00,237.00,237.00,237.00,237.00,237.00,237.00,237.00,237.00,237.00
2026-08-29 14:56:44,237.00,259.00,237.00,237.00,349.00,299.00,237.00,237.00,237.00,237.00,237.00,237.00,237.00,237.00,237.00
2026-08-29 15:06:25,237.00,259.00,237.00,237.00,349.00,299.00,237.00,237.00,237.00,237.00,237.00,237.00,237.00,237.00,237.00
2026-08-29 15:16:45,237.00,259.00,237.00,237.00,349.00,299.00,237.00,237.00,237.00,237.00,237.00,237.00,237.00,237.00,237.00
2026-08-29 15:26:39,237.00,259.00,237.00,237.00,349.00,299.00,237.00,237.00,237.00,237.00,237.00,237.00,237.00,237.00,237.00
2026-08-29 15:36:29,237.00,259.00,237.00,237.00,349.00,299.00,237.00,237.00,237.00,237.00,237.00,237.00,237.00,237.00,237.00
2026-08-29 15:46:44,237.00,259.00,237.00,237.00,349.00,299.00,237.00,237.00,237.00,237.00,237.00,237.00,237.00,237.00,237.00
2026-08-29 15:56:44,237.00,259.00,237.00,237.00,349.00,299.00,237.00,237.00,237.00,237.00,237.00,237.00,237.00,237.00,237.00
2026-08-29 16:06:42,237.00,259.00,237.00,237.00,349.00,299.00,237.00,237.00,237.00,237.00,237.00,237.00,237.00,237.00,237.00
2026-08-29 16:16:43,237.00,259.00,237.00,237.00,349.00,299.00,237.00,237.00,237.00,237.00,237.00,237.00,237.00,237.00,237.00
2026-08-29 16:26:43,237.00,259.00,237.00,237.00,349.00,299.00,237.00,237.00,237.00,237.00,237.00,237.00,237.00,237.00,237.00
2026-08-29 16:36:43,237.00,259.00,237.00,237.00,349.00,299.00,237.00,237.00,237.00,237.00,237.00,237.00,237.00,237.00,237.00
2026-08-29 16:46:55,,259.00,237.00,237.00,,,237.00,237.00,,237.00,237.00,,237.00,,
2026-08-29 16:56:53,237.00,259.00,237.00,237.00,349.00,299.00,237.00,237.00,237.00,237.00,237.00,237.00,237.00,237.00,237.00
2026-08-29 17:06:44,237.00,259.00,237.00,237.00,349.00,299.00,237.00,237.00,237.00,237.00,237.00,237.00,237.00,237.00,237.00
2026-08-29 17:16:58,237.00,259.00,237.00,237.00,349.00,299.00,237.00,237.00,237.00,237.00,237.00,237.00,237.00,237.00,237.00
2026-08-29 17:26:39,237.00,259.00,237.00,237.00,349.00,299.00,237.00,237.00,237.00,237.00,237.00,237.00,237.00,237.00,237.00
2026-08-29 17:36:45,237.00,259.00,237.00,237.00,349.00,299.00,237.00,237.00,237.00,237.00,237.00,237.00,237.00,237.00,237.00
2026-08-29 17:46:19,237.00,259.00,237.00,237.00,349.00,299.00,237.00,237.00,237.00,237.00,237.00,237.00,237.00,237.00,237.00
2026-08-29 17:56:20,237.00,259.00,237.00,237.00,349.00,299.00,237.00,237.00,237.00,237.00,237.00,237.00,237.00,237.00,237.00
2026-08-29 18:06:48,237.00,259.00,237.00,237.00,349.00,299.00,237.00,237.00,237.00,237.00,237.00,237.00,237.00,237.00,237.00
2026-08-29 18:16:57,,259.00,237.00,237.00,,,237.00,237.00,,237.00,237.00,,237.00,,
2026-08-29 18:26:39,237.00,259.00,237.00,237.00,349.00,299.00,237.00,237.00,237.00,237.00,237.00,237.00,237.00,237.00,237.00
2026-08-29 18:36:29,237.00,259.00,237.00,237.00,349.00,299.00,237.00,237.00,237.00,237.00,237.00,237.00,237.00,237.00,237.00
2026-08-29 18:46:37,237.00,259.00,237.00,237.00,349.00,299.00,237.00,237.00,237.00,237.00,237.00,237.00,237.00,237.00,237.00
2026-08-29 18:56:42,237.00,259.00,237.00,237.00,349.00,299.00,237.00,237.00,237.00,237.00,237.00,237.00,237.00,237.00,237.00
2026-08-29 19:06:45,237.00,259.00,237.00,237.00,349.00,299.00,237.00,237.00,237.00,237.00,237.00,237.00,237.00,237.00,237.00
2026-08-29 19:16:39,237.00,259.00,237.00,237.00,349.00,299.00,237.00,237.00,237.00,237.00,237.00,237.00,237.00,237.00,237.00
2026-08-29 19:26:40,237.00,259.00,237.00,237.00,349.00,299.00,237.00,237.00,237.00,237.00,237.00,237.00,237.00,237.00,237.00
2026-08-29 19:36:57,237.00,259.00,237.00,237.00,349.00,299.00,237.00,237.00,237.00,237.00,237.00,237.00,237.00,237.00,237.00
2026-08-29 19:46:41,237.00,259.00,237.00,237.00,349.00,299.00,237.00,237.00,237.00,237.00,237.00,237.00,237.00,237.00,237.00
2026-08-29 19:56:39,237.00,259.00,237.00,237.00,349.00,299.00,237.00,237.00,237.00,237.00,237.00,237.00,237.00,237.00,237.00
2026-08-29 20:06:34,237.00,259.00,237.00,237.00,349.00,299.00,237.00,237.00,237.00,237.00,237.00,237.00,237.00,237.00,237.00
2026-08-29 20:16:36,237.00,259.00,237.00,237.00,349.00,299.00,237.00,237.00,237.00,237.00,237.00,237.00,237.00,237.00,237.00
2026-08-29 20:26:49,237.00,259.00,237.00,237.00,349.00,299.00,237.00,237.00,237.00,237.00,237.00,237.00,237.00,237.00,237.00
2026-08-29 20:36:45,237.00,259.00,237.00,237.00,349.00,299.00,237.00,237.00,237.00,237.00,237.00,237.00,237.00,237.00,237.00
2026-08-29 20:46:41,237.00,259.00,237.00,237.00,349.00,299.00,237.00,237.00,237.00,237.00,237.00,237.00,237.00,237.00,237.00
2026-08-29 20:56:55,237.00,259.00,237.00,237.00,349.00,299.00,237.00,237.00,237.00,237.00,237.00,237.00,237.00,237.00,237.00
2026-08-29 21:06:48,237.00,,237.00,237.00,349.00,299.00,,,237.00,,,237.00,,237.00,237.00
2026-08-29 21:16:46,237.00,259.00,237.00,237.00,349.00,299.00,237.00,237.00,237.00,237.00,237.00,237.00,237.00,237.00,237.00
2026-08-29 21:26:38,237.00,259.00,237.00,237.00,349.00,299.00,237.00,237.00,237.00,237.00,237.00,237.00,237.00,237.00,237.00
2026-08-29 21:36:51,237.00,259.00,237.00,237.00,349.00,299.00,237.00,237.00,237.00,237.00,237.00,237.00,237.00,237.00,237.00
2026-08-29 21:46:46,237.00,259.00,237.00,237.00,349.00,299.00,237.00,237.00,237.00,237.00,237.00,237.00,237.00,237.00,237.00
2026-08-29 21:56:47,237.00,259.00,237.00,237.00,349.00,299.00,237.00,237.00,237.00,237.00,237.00,237.00,237.00,237.00,237.00
2026-08-29 22:06:44,237.00,259.00,237.00,237.00,349.00,299.00,237.00,237.00,237.00,237.00,237.00,237.00,237.00,237.00,237.00
2026-08-29 22:16:46,237.00,259.00,237.00,237.00,349.00,299.00,237.00,237.00,237.00,237.00,237.00,237.00,237.00,237.00,237.00
2026-08-29 22:26:45,237.00,259.00,237.00,237.00,349.00,299.00,237.00,237.00,237.00,237.00,237.00,237.00,237.00,237.00,237.00
2026-08-29 22:36:45,237.00,259.00,237.00,237.00,349.00,299.00,237.00,237.00,237.00,237.00,237.00,237.00,237.00,237.00,237.00
2026-08-29 22:46:56,237.00,259.00,237.00,237.00,349.00,299.00,237.00,237.00,237.00,237.00,237.00,237.00,237.00,237.00,237.00
2026-08-29 22:56:42,237.00,259.00,237.00,237.00,349.00,299.00,237.00,237.00,237.00,237.00,237.00,237.00,237.00,237.00,237.00
2026-08-29 23:06:50,237.00,259.00,237.00,237.00,349.00,299.00,237.00,237.00,237.00,237.00,237.00,237.00,237.00,237.00,237.00
2026-08-29 23:16:43,237.00,259.00,237.00,237.00,349.00,299.00,237.00,237.00,237.00,237.00,237.00,237.00,237.00,237.00,237.00
2026-08-29 23:26:31,237.00,259.00,237.00,237.00,349.00,299.00,237.00,237.00,237.00,237.00,237.00,237.00,237.00,237.00,237.00
2026-08-29 23:36:39,237.00,259.00,237.00,237.00,349.00,299.00,237.00,237.00,237.00,237.00,237.00,237.00,237.00,237.00,237.00
2026-08-29 23:46:40,237.00,259.00,237.00,237.00,349.00,299.00,237.00,237.00,237.00,237.00,237.00,237.00,237.00,237.00,237.00
2026-08-29 23:56:44,237.00,259.00,237.00,237.00,349.00,299.00,237.00,237.00,237.00,237.00,237.00,237.00,237.00,237.00,237.00
2026-08-30 00:06:47,237.00,259.00,237.00,237.00,349.00,299.00,237.00,237.00,237.00,237.00,237.00,237.00,237.00,237.00,237.00
2026-08-30 00:16:47,237.00,259.00,237.00,237.00,349.00,299.00,237.00,237.00,237.00,237.00,237.00,237.00,237.00,237.00,237.00
2026-08-30 00:26:35,237.00,259.00,237.00,237.00,349.00,299.00,237.00,237.00,237.00,237.00,237.00,237.00,237.00,237.00,237.00
2026-08-30 00:36:46,237.00,259.00,237.00,237.00,349.00,299.00,237.00,237.00,237.00,237.00,237.00,237.00,237.00,237.00,237.00
2026-08-30 00:46:36,237.00,259.00,237.00,237.00,349.00,299.00,237.00,237.00,237.00,237.00,237.00,237.00,237.00,237.00,237.00
2026-08-30 00:56:32,237.00,259.00,237.00,237.00,349.00,299.00,237.00,237.00,237.00,237.00,237.00,237.00,237.00,237.00,237.00
2026-08-30 01:06:44,237.00,259.00,237.00,237.00,349.00,299.00,237.00,237.00,237.00,237.00,237.00,237.00,237.00,237.00,237.00
2026-08-30 01:16:31,237.00,259.00,237.00,237.00,349.00,299.00,237.00,237.00,237.00,237.00,237.00,237.00,237.00,237.00,237.00
2026-08-30 01:26:42,237.00,259.00,237.00,237.00,349.00,299.00,237.00,237.00,237.00,237.00,237.00,237.00,237.00,237.00,237.00
2026-08-30 01:36:42,237.00,259.00,237.00,237.00,349.00,299.00,237.00,237.00,237.00,237.00,237.00,237.00,237.00,237.00,237.00
2026-08-30 01:46:41,237.00,259.00,237.00,237.00,349.00,299.00,237.00,237.00,237.00,237.00,237.00,237.00,237.00,237.00,237.00
2026-08-30 01:56:32,237.00,259.00,237.00,237.00,349.00,299.00,237.00,237.00,237.00,237.00,237.00,237.00,237.00,237.00,237.00
2026-08-30 02:06:32,237.00,259.00,237.00,237.00,349.00,299.00,237.00,237.00,237.00,237.00,237.00,237.00,237.00,237.00,237.00
2026-08-30 02:16:47,237.00,259.00,237.00,237.00,349.00,299.00,237.00,237.00,237.00,237.00,237.00,237.00,237.00,237.00,237.00
2026-08-30 02:26:40,237.00,259.00,237.00,237.00,349.00,299.00,237.00,237.00,237.00,237.00,237.00,237.00,237.00,237.00,237.00
2026-08-30 02:36:45,237.00,259.00,237.00,237.00,349.00,299.00,237.00,237.00,237.00,237.00,237.00,237.00,237.00,237.00,237.00
2026-08-30 02:46:44,237.00,259.00,237.00,237.00,349.00,299.00,237.00,237.00,237.00,237.00,237.00,237.00,237.00,237.00,237.00
2026-08-30 02:56:44,237.00,259.00,237.00,237.00,349.00,299.00,237.00,237.00,237.00,237.00,237.00,237.00,237.00,237.00,237.00
2026-08-30 03:06:29,237.00,259.00,237.00,237.00,349.00,299.00,237.00,237.00,237.00,237.00,237.00,237.00,237.00,237.00,237.00
2026-08-30 03:16:46,237.00,259.00,237.00,237.00,349.00,299.00,237.00,237.00,237.00,237.00,237.00,237.00,237.00,237.00,237.00
2026-08-30 03:26:46,237.00,259.00,237.00,237.00,349.00,299.00,237.00,237.00,237.00,237.00,237.00,237.00,237.00,237.00,237.00
2026-08-30 03:36:46,237.00,259.00,237.00,237.00,349.00,299.00,237.00,237.00,237.00,237.00,237.00,237.00,237.00,237.00,237.00
2026-08-30 03:46:49,237.00,259.00,237.00,237.00,349.00,299.00,237.00,237.00,237.00,237.00,237.00,237.00,237.00,237.00,237.00
2026-08-30 03:56:46,237.00,259.00,237.00,237.00,349.00,299.00,237.00,237.00,237.00,237.00,237.00,237.00,237.00,237.00,237.00
2026-08-30 04:06:47,237.00,259.00,237.00,237.00,349.00,299.00,237.00,237.00,237.00,237.00,237.00,237.00,237.00,237.00,237.00
2026-08-30 04:16:46,237.00,259.00,237.00,237.00,349.00,299.00,237.00,237.00,237.00,237.00,237.00,237.00,237.00,237.00,237.00
2026-08-30 04:26:46,237.00,259.00,237.00,237.00,349.00,299.00,237.00,237.00,237.00,237.00,237.00,237.00,237.00,237.00,237.00
2026-08-30 04:36:29,237.00,259.00,237.00,237.00,349.00,299.00,237.00,237.00,237.00,237.00,237.00,237.00,237.00,237.00,237.00
2026-08-30 04:46:23,237.00,259.00,237.00,237.00,349.00,299.00,237.00,237.00,237.00,237.00,237.00,237.00,237.00,237.00,237.00
2026-08-30 04:56:48,237.00,259.00,237.00,237.00,349.00,299.00,237.00,237.00,237.00,237.00,237.00,237.00,237.00,237.00,237.00
2026-08-30 05:06:45,237.00,259.00,237.00,237.00,349.00,299.00,237.00,237.00,237.00,237.00,237.00,237.00,237.00,237.00,237.00
2026-08-30 05:16:32,237.00,259.00,237.00,237.00,349.00,299.00,237.00,237.00,237.00,237.00,237.00,237.00,237.00,237.00,237.00
2026-08-30 05:26:37,237.00,259.00,237.00,237.00,349.00,299.00,237.00,237.00,237.00,237.00,237.00,237.00,237.00,237.00,237.00
2026-08-30 05:36:38,237.00,259.00,237.00,237.00,349.00,299.00,237.00,237.00,237.00,237.00,237.00,237.00,237.00,237.00,237.00
2026-08-30 05:46:23,237.00,259.00,237.00,237.00,349.00,299.00,237.00,237.00,237.00,237.00,237.00,237.00,237.00,237.00,237.00
2026-08-30 05:56:48,237.00,259.00,237.00,237.00,349.00,299.00,237.00,237.00,237.00,237.00,237.00,237.00,237.00,237.00,237.00
2026-08-30 06:06:41,237.00,259.00,237.00,237.00,349.00,299.00,237.00,237.00,237.00,237.00,237.00,237.00,237.00,237.00,237.00
2026-08-30 06:16:26,237.00,259.00,237.00,237.00,349.00,299.00,237.00,237.00,237.00,237.00,237.00,237.00,237.00,237.00,237.00
2026-08-30 06:26:44,237.00,259.00,237.00,237.00,349.00,299.00,237.00,237.00,237.00,237.00,237.00,237.00,237.00,237.00,237.00
2026-08-30 06:36:43,237.00,259.00,237.00,237.00,349.00,299.00,237.00,237.00,237.00,237.00,237.00,237.00,237.00,237.00,237.00
2026-08-30 06:46:42,237.00,259.00,237.00,237.00,349.00,299.00,237.00,237.00,237.00,237.00,237.00,237.00,237.00,237.00,237.00
2026-08-30 06:56:47,237.00,259.00,237.00,237.00,349.00,299.00,237.00,237.00,237.00,237.00,237.00,237.00,237.00,237.00,237.00
2026-08-30 07:06:40,237.00,259.00,237.00,237.00,349.00,299.00,237.00,237.00,237.00,237.00,237.00,237.00,237.00,237.00,237.00
2026-08-30 07:16:38,237.00,259.00,237.00,237.00,349.00,299.00,237.00,237.00,237.00,237.00,237.00,237.00,237.00,237.00,237.00
2026-08-30 07:26:49,237.00,259.00,237.00,237.00,349.00,299.00,237.00,237.00,237.00,237.00,237.00,237.00,237.00,237.00,237.00
2026-08-30 07:36:43,237.00,259.00,237.00,237.00,349.00,299.00,237.00,237.00,237.00,237.00,237.00,237.00,237.00,237.00,237.00
2026-08-30 07:46:17,237.00,259.00,237.00,237.00,349.00,299.00,237.00,237.00,237.00,237.00,237.00,237.00,237.00,237.00,237.00
2026-08-30 07:56:39,237.00,259.00,237.00,237.00,349.00,299.00,237.00,237.00,237.00,237.00,237.00,237.00,237.00,237.00,237.00
2026-08-30 08:06:40,237.00,259.00,237.00,237.00,349.00,299.00,237.00,237.00,237.00,237.00,237.00,237.00,237.00,237.00,237.00
2026-08-30 08:16:42,237.00,259.00,237.00,237.00,349.00,299.00,237.00,237.00,237.00,237.00,237.00,237.00,237.00,237.00,237.00
2026-08-30 08:26:42,237.00,259.00,237.00,237.00,349.00,299.00,237.00,237.00,237.00,237.00,237.00,237.00,237.00,237.00,237.00
2026-08-30 08:36:35,237.00,259.00,237.00,237.00,349.00,299.00,237.00,237.00,237.00,237.00,237.00,237.00,237.00,237.00,237.00
2026-08-30 08:46:43,237.00,259.00,237.00,237.00,349.00,299.00,237.00,237.00,237.00,237.00,237.00,237.00,237.00,237.00,237.00
2026-08-30 08:56:43,237.00,259.00,237.00,237.00,349.00,299.00,237.00,237.00,237.00,237.00,237.00,237.00,237.00,237.00,237.00
2026-08-30 09:06:39,237.00,259.00,237.00,237.00,349.00,299.00,237.00,237.00,237.00,237.00,237.00,237.00,237.00,237.00,237.00
2026-08-30 09:16:39,237.00,259.00,237.00,237.00,349.00,299.00,237.00,237.00,237.00,237.00,237.00,237.00,237.00,237.00,237.00
2026-08-30 09:26:43,237.00,259.00,237.00,237.00,349.00,299.00,237.00,237.00,237.00,237.00,237.00,237.00,237.00,237.00,237.00
2026-08-30 09:36:44,237.00,259.00,237.00,237.00,349.00,299.00,237.00,237.00,237.00,237.00,237.00,237.00,237.00,237.00,237.00
2026-08-30 09:46:43,237.00,259.00,237.00,237.00,349.00,299.00,237.00,237.00,237.00,237.00,237.00,237.00,237.00,237.00,237.00
2026-08-30 09:56:30,237.00,259.00,237.00,237.00,349.00,299.00,237.00,237.00,237.00,237.00,237.00,237.00,237.00,237.00,237.00
2026-08-30 10:06:43,237.00,259.00,237.00,237.00,349.00,299.00,237.00,237.00,237.00,237.00,237.00,237.00,237.00,237.00,237.00
2026-08-30 10:16:36,237.00,259.00,237.00,237.00,349.00,299.00,237.00,237.00,237.00,237.00,237.00,237.00,237.00,237.00,237.00
2026-08-30 10:26:20,237.00,259.00,237.00,237.00,349.00,299.00,237.00,237.00,237.00,237.00,237.00,237.00,237.00,237.00,237.00
2026-08-30 10:36:46,237.00,259.00,237.00,237.00,349.00,299.00,237.00,237.00,237.00,237.00,237.00,237.00,237.00,237.00,237.00
2026-08-30 10:46:49,237.00,259.00,237.00,237.00,349.00,299.00,237.00,237.00,237.00,237.00,237.00,237.00,237.00,237.00,237.00
2026-08-30 10:56:45,237.00,259.00,237.00,237.00,349.00,299.00,237.00,237.00,237.00,237.00,237.00,237.00,237.00,237.00,237.00
2026-08-30 11:06:41,237.00,259.00,237.00,237.00,349.00,299.00,237.00,237.00,237.00,237.00,237.00,237.00,237.00,237.00,237.00
2026-08-30 11:16:45,237.00,259.00,237.00,237.00,349.00,299.00,237.00,237.00,237.00,237.00,237.00,237.00,237.00,237.00,237.00
2026-08-30 11:26:46,237.00,259.00,237.00,237.00,349.00,299.00,237.00,237.00,237.00,237.00,237.00,237.00,237.00,237.00,237.00
2026-08-30 11:36:32,237.00,259.00,237.00,237.00,349.00,299.00,237.00,237.00,237.00,237.00,237.00,237.00,237.00,237.00,237.00
2026-08-30 11:46:49,237.00,259.00,237.00,237.00,349.00,299.00,237.00,237.00,237.00,237.00,237.00,237.00,237.00,237.00,237.00
2026-08-30 11:56:46,237.00,259.00,237.00,237.00,349.00,299.00,237.00,237.00,237.00,237.00,237.00,237.00,237.00,237.00,237.00
2026-08-30 12:06:28,237.00,259.00,237.00,237.00,349.00,299.00,237.00,237.00,237.00,237.00,237.00,237.00,237.00,237.00,237.00
2026-08-30 12:16:47,237.00,259.00,237.00,237.00,349.00,299.00,237.00,237.00,237.00,237.00,237.00,237.00,237.00,237.00,237.00
2026-08-30 12:26:46,237.00,259.00,237.00,237.00,349.00,299.00,237.00,237.00,237.00,237.00,237.00,237.00,237.00,237.00,237.00
2026-08-30 12:36:47,237.00,259.00,237.00,237.00,349.00,299.00,237.00,237.00,237.00,237.00,237.00,237.00,237.00,237.00,237.00
2026-08-30 12:46:44,237.00,259.00,237.00,237.00,349.00,299.00,237.00,237.00,237.00,237.00,237.00,237.00,237.00,237.00,237.00
2026-08-30 12:56:46,237.00,259.00,237.00,237.00,349.00,299.00,237.00,237.00,237.00,237.00,237.00,237.00,237.00,237.00,237.00
2026-08-30 13:06:41,237.00,259.00,237.00,237.00,349.00,299.00,237.00,237.00,237.00,237.00,237.00,237.00,237.00,237.00,237.00
2026-08-30 13:16:48,237.00,259.00,237.00,237.00,349.00,299.00,237.00,237.00,237.00,237.00,237.00,237.00,237.00,237.00,237.00
2026-08-30 13:26:51,237.00,259.00,237.00,237.00,349.00,299.00,237.00,237.00,237.00,237.00,237.00,237.00,237.00,237.00,237.00
2026-08-30 13:36:48,237.00,259.00,237.00,237.00,349.00,299.00,237.00,237.00,237.00,237.00,237.00,237.00,237.00,237.00,237.00
2026-08-30 13:46:44,237.00,259.00,237.00,237.00,349.00,299.00,237.00,237.00,237.00,237.00,237.00,237.00,237.00,237.00,237.00
2026-08-30 13:56:44,237.00,259.00,237.00,237.00,349.00,299.00,237.00,237.00,237.00,237.00,237.00,237.00,237.00,237.00,237.00
2026-08-30 14:06:32,237.00,259.00,237.00,237.00,349.00,299.00,237.00,237.00,237.00,237.00,237.00,237.00,237.00,237.00,237.00
2026-08-30 14:16:25,237.00,259.00,237.00,237.00,349.00,299.00,237.00,237.00,237.00,237.00,237.00,237.00,237.00,237.00,237.00
2026-08-30 14:26:53,237.00,259.00,237.00,237.00,349.00,299.00,237.00,237.00,237.00,237.00,237.00,237.00,237.00,237.00,237.00
2026-08-30 14:36:58,237.00,259.00,237.00,237.00,349.00,299.00,237.00,237.00,237.00,237.00,237.00,237.00,237.00,237.00,237.00
2026-08-30 14:46:32,237.00,259.00,237.00,237.00,349.00,299.00,237.00,237.00,237.00,237.00,237.00,237.00,237.00,237.00,237.00
2026-08-30 14:56:44,237.00,259.00,237.00,237.00,349.00,299.00,237.00,237.00,237.00,237.00,237.00,237.00,237.00,237.00,237.00
2026-08-30 15:06:49,237.00,259.00,237.00,237.00,349.00,299.00,237.00,237.00,237.00,237.00,237.00,237.00,237.00,237.00,237.00
2026-08-30 15:16:32,237.00,259.00,237.00,237.00,349.00,299.00,237.00,237.00,237.00,237.00,237.00,237.00,237.00,237.00,237.00
2026-08-30 15:26:24,237.00,259.00,237.00,237.00,349.00,299.00,237.00,237.00,237.00,237.00,237.00,237.00,237.00,237.00,237.00
2026-08-30 15:36:38,237.00,259.00,237.00,237.00,349.00,299.00,237.00,237.00,237.00,237.00,237.00,237.00,237.00,237.00,237.00
2026-08-30 15:46:52,237.00,259.00,237.00,237.00,349.00,299.00,237.00,237.00,237.00,237.00,237.00,237.00,237.00,237.00,237.00
2026-08-30 15:56:52,237.00,259.00,237.00,237.00,349.00,299.00,237.00,237.00,237.00,237.00,237.00,237.00,237.00,237.00,237.00
2026-08-30 16:06:49,237.00,259.00,237.00,237.00,349.00,299.00,237.00,237.00,237.00,237.00,237.00,237.00,237.00,237.00,237.00
2026-08-30 16:17:00,237.00,259.00,237.00,237.00,349.00,299.00,237.00,237.00,237.00,237.00,237.00,237.00,237.00,237.00,237.00
2026-08-30 16:26:53,237.00,259.00,237.00,237.00,349.00,299.00,237.00,237.00,237.00,237.00,237.00,237.00,237.00,237.00,237.00
2026-08-30 16:36:48,237.00,259.00,237.00,237.00,349.00,299.00,237.00,237.00,237.00,237.00,237.00,237.00,237.00,237.00,237.00
2026-08-30 16:46:49,237.00,259.00,237.00,237.00,349.00,299.00,237.00,237.00,237.00,237.00,237.00,237.00,237.00,237.00,237.00
2026-08-30 16:56:34,237.00,259.00,237.00,237.00,349.00,299.00,237.00,237.00,237.00,237.00,237.00,237.00,237.00,237.00,237.00
2026-08-30 17:06:52,237.00,259.00,237.00,237.00,349.00,299.00,237.00,237.00,237.00,237.00,237.00,237.00,237.00,237.00,237.00
2026-08-30 17:16:40,237.00,259.00,237.00,237.00,349.00,299.00,237.00,237.00,237.00,237.00,237.00,237.00,237.00,237.00,237.00
2026-08-30 17:26:51,237.00,259.00,237.00,237.00,349.00,299.00,237.00,237.00,237.00,237.00,237.00,237.00,237.00,237.00,237.00
2026-08-30 17:36:37,237.00,259.00,237.00,237.00,349.00,299.00,237.00,237.00,237.00,237.00,237.00,237.00,237.00,237.00,237.00
2026-08-30 17:46:47,237.00,259.00,237.00,237.00,349.00,299.00,237.00,237.00,237.00,237.00,237.00,237.00,237.00,237.00,237.00
2026-08-30 17:56:37,237.00,259.00,237.00,237.00,349.00,299.00,237.00,237.00,237.00,237.00,237.00,237.00,237.00,237.00,237.00
2026-08-30 18:06:51,237.00,259.00,237.00,237.00,349.00,299.00,237.00,237.00,237.00,237.00,237.00,237.00,237.00,237.00,237.00
2026-08-30 18:16:50,237.00,259.00,237.00,237.00,349.00,299.00,237.00,237.00,237.00,237.00,237.00,237.00,237.00,237.00,237.00
2026-08-30 18:26:54,237.00,259.00,237.00,237.00,349.00,299.00,237.00,237.00,237.00,237.00,237.00,237.00,237.00,237.00,237.00
2026-08-30 18:36:57,237.00,259.00,237.00,237.00,349.00,299.00,237.00,237.00,237.00,237.00,237.00,237.00,237.00,237.00,237.00
2026-08-30 18:46:43,237.00,259.00,237.00,237.00,349.00,299.00,237.00,237.00,237.00,237.00,237.00,237.00,237.00,237.00,237.00
2026-08-30 18:56:46,237.00,259.00,237.00,237.00,349.00,299.00,237.00,237.00,237.00,237.00,237.00,237.00,237.00,237.00,237.00
2026-08-30 19:06:46,237.00,259.00,237.00,237.00,349.00,299.00,237.00,237.00,237.00,237.00,237.00,237.00,237.00,237.00,237.00
2026-08-30 19:16:39,237.00,259.00,237.00,237.00,349.00,299.00,237.00,237.00,237.00,237.00,237.00,237.00,237.00,237.00,237.00
2026-08-30 19:26:48,237.00,259.00,259.00,237.00,349.00,299.00,237.00,237.00,237.00,237.00,237.00,237.00,237.00,237.00,237.00
2026-08-30 19:36:47,237.00,259.00,259.00,237.00,349.00,299.00,237.00,237.00,237.00,237.00,237.00,237.00,237.00,237.00,237.00
2026-08-30 19:46:38,237.00,259.00,259.00,237.00,349.00,299.00,237.00,237.00,237.00,237.00,237.00,237.00,237.00,237.00,237.00
2026-08-30 19:56:51,237.00,259.00,259.00,237.00,349.00,299.00,237.00,237.00,237.00,237.00,237.00,237.00,237.00,237.00,237.00
2026-08-30 20:06:40,237.00,259.00,259.00,237.00,349.00,299.00,237.00,237.00,237.00,237.00,237.00,237.00,237.00,237.00,237.00
2026-08-30 20:16:51,237.00,259.00,259.00,237.00,349.00,299.00,237.00,237.00,237.00,237.00,237.00,237.00,237.00,237.00,237.00
2026-08-30 20:26:53,237.00,259.00,259.00,237.00,349.00,299.00,237.00,237.00,237.00,237.00,237.00,237.00,237.00,237.00,237.00
2026-08-30 20:36:36,237.00,259.00,259.00,237.00,349.00,299.00,237.00,237.00,237.00,237.00,237.00,237.00,237.00,237.00,237.00
2026-08-30 20:46:45,237.00,259.00,259.00,237.00,349.00,299.00,237.00,237.00,237.00,237.00,237.00,237.00,237.00,237.00,237.00
2026-08-30 20:56:45,237.00,259.00,259.00,237.00,349.00,299.00,237.00,237.00,237.00,237.00,237.00,237.00,237.00,237.00,237.00
2026-08-30 21:06:55,237.00,259.00,259.00,237.00,349.00,299.00,237.00,237.00,237.00,237.00,237.00,237.00,237.00,237.00,237.00
2026-08-30 21:16:51,237.00,259.00,259.00,237.00,349.00,299.00,237.00,237.00,237.00,237.00,237.00,237.00,237.00,237.00,237.00
2026-08-30 21:26:53,237.00,259.00,259.00,237.00,349.00,299.00,237.00,237.00,237.00,237.00,237.00,237.00,237.00,237.00,237.00
2026-08-30 21:36:52,237.00,259.00,259.00,237.00,349.00,299.00,237.00,237.00,237.00,237.00,237.00,237.00,237.00,237.00,237.00
2026-08-30 21:46:57,237.00,259.00,259.00,237.00,349.00,299.00,237.00,237.00,237.00,237.00,237.00,237.00,237.00,237.00,237.00
2026-08-30 21:56:50,237.00,259.00,259.00,237.00,349.00,299.00,237.00,237.00,237.00,237.00,237.00,237.00,237.00,237.00,237.00
2026-08-30 22:06:34,237.00,259.00,259.00,237.00,349.00,299.00,237.00,237.00,237.00,237.00,237.00,237.00,237.00,237.00,237.00
2026-08-30 22:16:52,237.00,259.00,259.00,237.00,349.00,299.00,237.00,237.00,237.00,237.00,237.00,237.00,237.00,237.00,237.00
2026-08-30 22:26:20,237.00,259.00,259.00,237.00,349.00,299.00,237.00,237.00,237.00,237.00,237.00,237.00,237.00,237.00,237.00
2026-08-30 22:36:51,237.00,259.00,259.00,237.00,349.00,299.00,237.00,237.00,237.00,237.00,237.00,237.00,237.00,237.00,237.00
2026-08-30 22:46:43,237.00,259.00,259.00,237.00,349.00,299.00,237.00,237.00,237.00,237.00,237.00,237.00,237.00,237.00,237.00
2026-08-30 22:56:51,237.00,259.00,259.00,237.00,349.00,299.00,237.00,237.00,237.00,237.00,237.00,237.00,237.00,237.00,237.00
2026-08-30 23:06:51,237.00,259.00,259.00,237.00,349.00,299.00,237.00,237.00,237.00,237.00,237.00,237.00,237.00,237.00,237.00
2026-08-30 23:16:51,237.00,259.00,259.00,237.00,349.00,299.00,237.00,237.00,237.00,237.00,237.00,237.00,237.00,237.00,237.00
2026-08-30 23:26:33,237.00,259.00,259.00,237.00,349.00,299.00,237.00,237.00,237.00,237.00,237.00,237.00,237.00,237.00,237.00
2026-08-30 23:36:52,237.00,259.00,259.00,237.00,349.00,299.00,237.00,237.00,237.00,237.00,237.00,237.00,237.00,237.00,237.00
2026-08-30 23:46:46,237.00,259.00,259.00,237.00,349.00,299.00,237.00,237.00,237.00,237.00,237.00,237.00,237.00,237.00,237.00
2026-08-30 23:56:28,237.00,259.00,259.00,237.00,349.00,299.00,237.00,237.00,237.00,237.00,237.00,237.00,237.00,237.00,237.00
2026-08-31 00:06:47,237.00,259.00,259.00,237.00,349.00,299.00,237.00,237.00,237.00,237.00,237.00,237.00,237.00,237.00,237.00
2026-08-31 00:16:50,237.00,259.00,259.00,237.00,349.00,299.00,237.00,237.00,237.00,237.00,237.00,237.00,237.00,237.00,237.00
2026-08-31 00:26:48,237.00,259.00,259.00,237.00,349.00,299.00,237.00,237.00,237.00,237.00,237.00,237.00,237.00,237.00,237.00
2026-08-31 00:36:47,237.00,259.00,259.00,237.00,349.00,299.00,237.00,237.00,237.00,237.00,237.00,237.00,237.00,237.00,237.00
2026-08-31 00:46:55,237.00,259.00,259.00,237.00,349.00,299.00,237.00,237.00,237.00,237.00,237.00,237.00,237.00,237.00,237.00
2026-08-31 00:56:48,237.00,259.00,259.00,237.00,349.00,299.00,237.00,237.00,237.00,237.00,237.00,237.00,237.00,237.00,237.00
2026-08-31 01:06:46,237.00,259.00,259.00,237.00,349.00,299.00,237.00,237.00,237.00,237.00,237.00,237.00,237.00,237.00,237.00
2026-08-31 01:26:55,237.00,259.00,259.00,237.00,349.00,299.00,237.00,237.00,237.00,237.00,237.00,237.00,237.00,237.00,237.00
2026-08-31 01:36:31,237.00,259.00,259.00,237.00,349.00,299.00,237.00,237.00,237.00,237.00,237.00,237.00,237.00,237.00,237.00
2026-08-31 01:46:52,237.00,259.00,259.00,237.00,349.00,299.00,237.00,237.00,237.00,237.00,237.00,237.00,237.00,237.00,237.00
2026-08-31 01:56:37,237.00,259.00,259.00,237.00,349.00,299.00,237.00,237.00,237.00,237.00,237.00,237.00,237.00,237.00,237.00
2026-08-31 02:06:54,237.00,259.00,259.00,237.00,349.00,299.00,237.00,237.00,237.00,237.00,237.00,237.00,237.00,237.00,237.00
2026-08-31 02:16:46,237.00,259.00,259.00,237.00,349.00,299.00,237.00,237.00,237.00,237.00,237.00,237.00,237.00,237.00,237.00
2026-08-31 02:26:41,237.00,259.00,259.00,237.00,349.00,299.00,237.00,237.00,237.00,237.00,237.00,237.00,237.00,237.00,237.00
2026-08-31 02:36:56,237.00,259.00,259.00,237.00,349.00,299.00,237.00,237.00,237.00,237.00,237.00,237.00,237.00,237.00,237.00
2026-08-31 02:46:50,237.00,259.00,259.00,237.00,349.00,299.00,237.00,237.00,237.00,237.00,237.00,237.00,237.00,237.00,237.00
2026-08-31 02:56:49,237.00,259.00,259.00,237.00,349.00,299.00,237.00,237.00,237.00,237.00,237.00,237.00,237.00,237.00,237.00
2026-08-31 03:06:50,237.00,259.00,259.00,237.00,349.00,299.00,237.00,237.00,237.00,237.00,237.00,237.00,237.00,237.00,237.00
2026-08-31 03:16:31,237.00,259.00,259.00,237.00,349.00,299.00,237.00,237.00,237.00,237.00,237.00,237.00,237.00,237.00,237.00
2026-08-31 03:26:49,237.00,259.00,259.00,237.00,349.00,299.00,237.00,237.00,237.00,237.00,237.00,237.00,237.00,237.00,237.00
2026-08-31 03:36:30,237.00,259.00,259.00,237.00,349.00,299.00,237.00,237.00,237.00,237.00,237.00,237.00,237.00,237.00,237.00
2026-08-31 03:46:53,237.00,259.00,259.00,237.00,349.00,299.00,237.00,237.00,237.00,237.00,237.00,237.00,237.00,237.00,237.00
2026-08-31 03:56:54,237.00,259.00,259.00,237.00,349.00,299.00,237.00,237.00,237.00,237.00,237.00,237.00,237.00,237.00,237.00
2026-08-31 04:06:39,237.00,259.00,259.00,237.00,349.00,299.00,237.00,237.00,237.00,237.00,237.00,237.00,237.00,237.00,237.00
2026-08-31 04:16:50,237.00,259.00,259.00,237.00,349.00,299.00,237.00,237.00,237.00,237.00,237.00,237.00,237.00,237.00,237.00
2026-08-31 04:26:49,237.00,259.00,259.00,237.00,349.00,299.00,237.00,237.00,237.00,237.00,237.00,237.00,237.00,237.00,237.00
2026-08-31 04:36:49,237.00,259.00,259.00,237.00,349.00,299.00,237.00,237.00,237.00,237.00,237.00,237.00,237.00,237.00,237.00
2026-08-31 04:46:53,237.00,259.00,259.00,237.00,349.00,299.00,237.00,237.00,237.00,237.00,237.00,237.00,237.00,237.00,237.00
2026-08-31 04:56:25,237.00,259.00,259.00,237.00,349.00,299.00,237.00,237.00,237.00,237.00,237.00,237.00,237.00,237.00,237.00
2026-08-31 05:06:57,237.00,259.00,259.00,237.00,349.00,299.00,237.00,237.00,237.00,237.00,237.00,237.00,237.00,237.00,237.00
2026-08-31 05:16:46,237.00,259.00,259.00,237.00,349.00,299.00,237.00,237.00,237.00,237.00,237.00,237.00,237.00,237.00,237.00
2026-08-31 05:26:52,237.00,259.00,259.00,237.00,349.00,299.00,237.00,237.00,237.00,237.00,237.00,237.00,237.00,237.00,237.00
2026-08-31 05:36:50,237.00,259.00,259.00,237.00,349.00,299.00,237.00,237.00,237.00,237.00,237.00,237.00,237.00,237.00,237.00
2026-08-31 05:46:47,237.00,259.00,259.00,237.00,349.00,299.00,237.00,237.00,237.00,237.00,237.00,237.00,237.00,237.00,237.00
2026-08-31 05:56:52,237.00,259.00,259.00,237.00,349.00,299.00,237.00,237.00,237.00,237.00,237.00,237.00,237.00,237.00,237.00
2026-08-31 06:06:49,237.00,259.00,259.00,237.00,349.00,299.00,237.00,237.00,237.00,237.00,237.00,237.00,237.00,237.00,237.00
2026-08-31 06:16:37,237.00,259.00,259.00,237.00,349.00,299.00,237.00,237.00,237.00,237.00,237.00,237.00,237.00,237.00,237.00
2026-08-31 06:26:31,237.00,259.00,259.00,237.00,349.00,299.00,237.00,237.00,237.00,237.00,237.00,237.00,237.00,237.00,237.00
2026-08-31 06:36:47,237.00,259.00,259.00,237.00,349.00,299.00,237.00,237.00,237.00,237.00,237.00,237.00,237.00,237.00,237.00
2026-08-31 06:46:45,237.00,259.00,259.00,237.00,349.00,299.00,237.00,237.00,237.00,237.00,237.00,237.00,237.00,237.00,237.00
2026-08-31 06:56:50,237.00,259.00,259.00,237.00,349.00,299.00,237.00,237.00,237.00,237.00,237.00,237.00,237.00,237.00,237.00
2026-08-31 07:06:56,237.00,259.00,259.00,237.00,349.00,299.00,237.00,237.00,237.00,237.00,237.00,237.00,237.00,237.00,237.00
2026-08-31 07:16:31,237.00,259.00,259.00,237.00,349.00,299.00,237.00,237.00,237.00,237.00,237.00,237.00,237.00,237.00,237.00
2026-08-31 07:26:53,237.00,259.00,259.00,237.00,349.00,299.00,237.00,237.00,237.00,237.00,237.00,237.00,237.00,237.00,237.00
2026-08-31 07:36:49,237.00,259.00,259.00,237.00,349.00,299.00,237.00,237.00,237.00,237.00,237.00,237.00,237.00,237.00,237.00
2026-08-31 07:46:23,237.00,259.00,259.00,237.00,349.00,299.00,237.00,237.00,237.00,237.00,237.00,237.00,237.00,237.00,237.00
2026-08-31 07:56:46,237.00,259.00,259.00,237.00,349.00,299.00,237.00,237.00,237.00,237.00,237.00,237.00,237.00,237.00,237.00
2026-08-31 08:06:47,237.00,259.00,259.00,237.00,349.00,299.00,237.00,237.00,237.00,237.00,237.00,237.00,237.00,237.00,237.00
2026-08-31 08:16:18,237.00,259.00,259.00,237.00,349.00,299.00,237.00,237.00,237.00,237.00,237.00,237.00,237.00,237.00,237.00
2026-08-31 08:26:47,237.00,259.00,259.00,237.00,349.00,299.00,237.00,237.00,237.00,237.00,237.00,237.00,237.00,237.00,237.00
2026-08-31 08:36:50,237.00,259.00,259.00,237.00,349.00,299.00,237.00,237.00,237.00,237.00,237.00,237.00,237.00,237.00,237.00
2026-08-31 08:46:48,237.00,259.00,259.00,237.00,349.00,299.00,237.00,237.00,237.00,237.00,237.00,237.00,237.00,237.00,237.00
2026-08-31 08:56:54,237.00,259.00,259.00,237.00,349.00,299.00,237.00,237.00,237.00,237.00,237.00,237.00,237.00,237.00,237.00
2026-08-31 09:06:47,237.00,259.00,259.00,237.00,349.00,299.00,237.00,237.00,237.00,237.00,237.00,237.00,237.00,237.00,237.00
2026-08-31 09:16:43,237.00,259.00,259.00,237.00,349.00,299.00,237.00,237.00,237.00,237.00,237.00,237.00,237.00,237.00,237.00
2026-08-31 09:26:54,237.00,259.00,259.00,237.00,349.00,299.00,237.00,237.00,237.00,237.00,237.00,237.00,237.00,237.00,237.00
2026-08-31 09:36:33,237.00,259.00,259.00,237.00,349.00,299.00,237.00,237.00,237.00,237.00,237.00,237.00,237.00,237.00,237.00
2026-08-31 09:46:50,237.00,259.00,259.00,237.00,349.00,299.00,237.00,237.00,237.00,237.00,237.00,237.00,237.00,237.00,237.00
2026-08-31 09:56:32,237.00,259.00,259.00,237.00,349.00,299.00,237.00,237.00,237.00,237.00,237.00,237.00,237.00,237.00,237.00
2026-08-31 10:06:54,237.00,259.00,259.00,237.00,349.00,299.00,237.00,237.00,237.00,237.00,237.00,237.00,237.00,237.00,237.00
2026-08-31 10:17:18,237.00,259.00,259.00,237.00,349.00,299.00,237.00,237.00,237.00,237.00,237.00,237.00,237.00,237.00,237.00
2026-08-31 10:27:06,237.00,259.00,259.00,237.00,349.00,299.00,237.00,237.00,237.00,237.00,237.00,237.00,237.00,237.00,237.00
2026-08-31 10:36:52,237.00,259.00,259.00,237.00,349.00,299.00,237.00,237.00,237.00,237.00,237.00,237.00,237.00,237.00,237.00
2026-08-31 10:46:32,237.00,259.00,259.00,237.00,349.00,299.00,237.00,237.00,237.00,237.00,237.00,237.00,237.00,237.00,237.00
2026-08-31 10:56:49,237.00,259.00,259.00,237.00,349.00,299.00,237.00,237.00,237.00,237.00,237.00,237.00,237.00,237.00,237.00
2026-08-31 11:06:59,237.00,259.00,259.00,237.00,349.00,299.00,237.00,237.00,237.00,237.00,237.00,237.00,237.00,237.00,237.00
2026-08-31 11:16:50,237.00,259.00,259.00,237.00,349.00,299.00,237.00,237.00,237.00,237.00,237.00,237.00,237.00,237.00,237.00
2026-08-31 11:26:23,237.00,259.00,259.00,237.00,349.00,299.00,237.00,237.00,237.00,237.00,237.00,237.00,237.00,237.00,237.00
2026-08-31 11:36:28,237.00,259.00,259.00,237.00,349.00,299.00,237.00,237.00,237.00,237.00,237.00,237.00,237.00,237.00,237.00
2026-08-31 11:47:40,237.00,259.00,259.00,237.00,349.00,299.00,237.00,237.00,237.00,237.00,237.00,237.00,237.00,237.00,237.00
2026-08-31 11:56:52,237.00,259.00,259.00,237.00,349.00,299.00,237.00,237.00,237.00,237.00,237.00,237.00,237.00,237.00,237.00
2026-08-31 12:06:53,237.00,259.00,259.00,237.00,349.00,299.00,237.00,237.00,237.00,237.00,237.00,237.00,237.00,237.00,237.00
2026-08-31 12:16:56,237.00,259.00,259.00,237.00,349.00,299.00,237.00,237.00,237.00,237.00,237.00,237.00,237.00,237.00,237.00
2026-08-31 12:26:51,237.00,259.00,259.00,237.00,349.00,299.00,237.00,237.00,237.00,237.00,237.00,237.00,237.00,237.00,237.00
2026-08-31 12:36:56,237.00,259.00,259.00,237.00,349.00,299.00,237.00,237.00,237.00,237.00,237.00,237.00,237.00,237.00,237.00
2026-08-31 12:46:50,237.00,259.00,259.00,237.00,349.00,299.00,237.00,237.00,237.00,237.00,237.00,237.00,237.00,237.00,237.00
2026-08-31 12:56:52,237.00,259.00,259.00,237.00,349.00,299.00,237.00,237.00,237.00,237.00,237.00,237.00,237.00,237.00,237.00
2026-08-31 13:06:54,237.00,259.00,259.00,237.00,349.00,299.00,237.00,237.00,237.00,237.00,237.00,237.00,237.00,237.00,237.00
2026-08-31 13:16:55,237.00,259.00,259.00,237.00,349.00,299.00,237.00,237.00,237.00,237.00,237.00,237.00,237.00,237.00,237.00
2026-08-31 13:26:58,237.00,259.00,259.00,237.00,349.00,299.00,237.00,237.00,237.00,237.00,237.00,237.00,237.00,237.00,237.00
2026-08-31 13:36:41,237.00,259.00,259.00,237.00,349.00,299.00,237.00,237.00,237.00,237.00,237.00,237.00,237.00,237.00,237.00
2026-08-31 13:46:48,237.00,259.00,259.00,237.00,349.00,299.00,237.00,237.00,237.00,237.00,237.00,237.00,237.00,237.00,237.00
2026-08-31 13:56:59,237.00,259.00,259.00,237.00,349.00,299.00,237.00,237.00,237.00,237.00,237.00,237.00,237.00,237.00,237.00
2026-08-31 14:06:40,237.00,259.00,259.00,237.00,349.00,299.00,237.00,237.00,237.00,237.00,237.00,237.00,237.00,237.00,237.00
2026-08-31 14:16:52,237.00,259.00,259.00,237.00,349.00,299.00,237.00,237.00,237.00,237.00,237.00,237.00,237.00,237.00,237.00
2026-08-31 14:26:42,237.00,259.00,259.00,237.00,349.00,299.00,237.00,237.00,237.00,237.00,237.00,237.00,237.00,237.00,237.00
2026-08-31 14:36:53,237.00,259.00,259.00,237.00,349.00,299.00,237.00,237.00,237.00,237.00,237.00,237.00,237.00,237.00,237.00
2026-08-31 14:46:56,237.00,259.00,259.00,237.00,349.00,299.00,237.00,237.00,237.00,237.00,237.00,237.00,237.00,237.00,237.00
2026-08-31 14:56:43,237.00,259.00,259.00,237.00,349.00,299.00,237.00,237.00,237.00,237.00,237.00,237.00,237.00,237.00,237.00
2026-08-31 15:06:55,237.00,259.00,259.00,237.00,349.00,299.00,237.00,237.00,237.00,237.00,237.00,237.00,237.00,237.00,237.00
2026-08-31 15:27:50,,259.00,259.00,237.00,,,237.00,237.00,,237.00,237.00,,237.00,,
2026-08-31 15:37:22,237.00,259.00,259.00,237.00,349.00,299.00,237.00,237.00,237.00,237.00,237.00,237.00,237.00,237.00,237.00
2026-08-31 15:46:56,237.00,259.00,259.00,237.00,349.00,299.00,237.00,237.00,237.00,237.00,237.00,237.00,237.00,237.00,237.00
2026-08-31 15:57:01,237.00,259.00,259.00,237.00,349.00,299.00,237.00,237.00,237.00,237.00,237.00,237.00,237.00,237.00,237.00
2026-08-31 16:06:58,237.00,259.00,259.00,237.00,349.00,299.00,237.00,237.00,237.00,237.00,237.00,237.00,237.00,237.00,237.00
2026-08-31 16:16:50,237.00,259.00,259.00,237.00,349.00,299.00,237.00,237.00,237.00,237.00,237.00,237.00,237.00,237.00,237.00
2026-08-31 16:26:59,237.00,259.00,259.00,237.00,349.00,299.00,237.00,237.00,237.00,237.00,237.00,237.00,237.00,237.00,237.00
2026-08-31 16:36:50,237.00,259.00,259.00,237.00,349.00,299.00,237.00,237.00,237.00,237.00,237.00,237.00,237.00,237.00,237.00
2026-08-31 16:46:58,237.00,259.00,259.00,237.00,349.00,299.00,237.00,237.00,237.00,237.00,237.00,237.00,237.00,237.00,237.00
2026-08-31 16:56:55,237.00,259.00,259.00,237.00,349.00,299.00,237.00,237.00,237.00,237.00,237.00,237.00,237.00,237.00,237.00
2026-08-31 17:06:57,237.00,259.00,259.00,237.00,349.00,299.00,237.00,237.00,237.00,237.00,237.00,237.00,237.00,237.00,237.00
2026-08-31 17:16:57,237.00,259.00,259.00,237.00,349.00,299.00,237.00,237.00,237.00,237.00,237.00,237.00,237.00,237.00,237.00
2026-08-31 17:26:53,237.00,259.00,259.00,237.00,349.00,299.00,237.00,237.00,237.00,237.00,237.00,237.00,237.00,237.00,237.00
2026-08-31 17:36:38,237.00,259.00,259.00,237.00,349.00,299.00,237.00,237.00,237.00,237.00,237.00,237.00,237.00,237.00,237.00
2026-08-31 17:46:59,237.00,259.00,259.00,237.00,349.00,299.00,237.00,237.00,237.00,237.00,237.00,237.00,237.00,237.00,237.00
2026-08-31 17:56:53,237.00,259.00,259.00,237.00,349.00,299.00,237.00,237.00,237.00,237.00,237.00,237.00,237.00,237.00,237.00
2026-08-31 18:06:56,237.00,299.00,299.00,237.00,349.00,349.00,237.00,237.00,237.00,237.00,237.00,237.00,237.00,237.00,237.00
2026-08-31 18:17:09,237.00,299.00,299.00,237.00,349.00,349.00,237.00,237.00,237.00,237.00,237.00,237.00,237.00,237.00,237.00
2026-08-31 18:27:03,237.00,299.00,299.00,237.00,349.00,349.00,237.00,237.00,237.00,237.00,237.00,237.00,237.00,237.00,237.00
2026-08-31 18:36:40,237.00,299.00,299.00,237.00,349.00,349.00,237.00,237.00,237.00,237.00,237.00,237.00,237.00,237.00,237.00
2026-08-31 18:46:56,237.00,299.00,299.00,237.00,349.00,349.00,237.00,237.00,237.00,237.00,237.00,237.00,237.00,237.00,237.00
2026-08-31 18:56:50,237.00,299.00,299.00,237.00,349.00,349.00,237.00,237.00,237.00,237.00,237.00,237.00,237.00,237.00,237.00
2026-08-31 19:06:44,237.00,299.00,299.00,237.00,349.00,349.00,237.00,237.00,237.00,237.00,237.00,237.00,237.00,237.00,237.00
2026-08-31 19:17:02,237.00,299.00,299.00,237.00,349.00,349.00,237.00,237.00,237.00,237.00,237.00,237.00,237.00,237.00,237.00
2026-08-31 19:26:38,237.00,299.00,299.00,237.00,349.00,349.00,237.00,237.00,237.00,237.00,237.00,237.00,237.00,237.00,237.00
2026-08-31 19:37:04,237.00,299.00,299.00,237.00,399.00,349.00,237.00,237.00,237.00,237.00,237.00,237.00,237.00,237.00,237.00
2026-08-31 19:46:54,237.00,299.00,299.00,237.00,399.00,349.00,237.00,237.00,237.00,237.00,237.00,237.00,237.00,237.00,237.00
2026-08-31 19:56:56,237.00,299.00,299.00,237.00,399.00,349.00,237.00,237.00,237.00,237.00,237.00,237.00,237.00,237.00,237.00
2026-08-31 20:06:58,237.00,299.00,299.00,237.00,399.00,349.00,237.00,237.00,237.00,237.00,237.00,237.00,237.00,237.00,237.00
2026-08-31 20:17:01,237.00,299.00,299.00,237.00,399.00,349.00,237.00,237.00,237.00,237.00,237.00,237.00,237.00,237.00,237.00
2026-08-31 20:26:54,237.00,299.00,299.00,237.00,399.00,349.00,237.00,237.00,237.00,237.00,237.00,237.00,237.00,237.00,237.00
2026-08-31 20:36:51,237.00,299.00,299.00,237.00,409.00,359.00,237.00,237.00,237.00,237.00,237.00,237.00,237.00,237.00,237.00
2026-08-31 20:46:58,237.00,299.00,299.00,237.00,409.00,359.00,247.00,247.00,237.00,237.00,237.00,237.00,237.00,237.00,237.00
2026-08-31 20:57:03,237.00,299.00,299.00,237.00,409.00,359.00,247.00,247.00,237.00,237.00,237.00,237.00,237.00,237.00,237.00
2026-08-31 21:06:52,237.00,299.00,299.00,237.00,409.00,359.00,247.00,247.00,237.00,237.00,237.00,237.00,237.00,237.00,237.00
2026-08-31 21:16:40,237.00,299.00,299.00,237.00,409.00,359.00,247.00,247.00,237.00,237.00,237.00,237.00,237.00,237.00,237.00
2026-08-31 21:26:54,237.00,299.00,299.00,237.00,409.00,359.00,247.00,247.00,237.00,237.00,237.00,237.00,237.00,237.00,237.00
2026-08-31 21:36:56,237.00,266.00,266.00,237.00,409.00,359.00,247.00,247.00,237.00,237.00,237.00,237.00,237.00,237.00,237.00
2026-08-31 21:47:08,237.00,266.00,266.00,237.00,409.00,359.00,247.00,247.00,237.00,237.00,237.00,237.00,237.00,237.00,237.00
2026-08-31 21:56:38,237.00,266.00,266.00,237.00,409.00,359.00,247.00,247.00,237.00,237.00,237.00,237.00,237.00,237.00,237.00
2026-08-31 22:07:01,237.00,266.00,266.00,237.00,409.00,359.00,247.00,247.00,237.00,237.00,237.00,237.00,237.00,237.00,237.00
2026-08-31 22:19:15,237.00,266.00,266.00,237.00,409.00,359.00,247.00,247.00,237.00,237.00,237.00,237.00,237.00,237.00,237.00
2026-08-31 22:26:57,237.00,266.00,266.00,237.00,409.00,359.00,247.00,247.00,237.00,237.00,237.00,237.00,237.00,237.00,237.00
2026-08-31 22:36:58,237.00,266.00,266.00,237.00,409.00,359.00,247.00,247.00,237.00,237.00,237.00,237.00,237.00,237.00,237.00
2026-08-31 22:46:57,237.00,266.00,266.00,237.00,409.00,359.00,247.00,247.00,237.00,237.00,237.00,237.00,237.00,237.00,237.00
2026-08-31 22:56:48,237.00,266.00,266.00,237.00,409.00,359.00,247.00,247.00,237.00,237.00,237.00,237.00,237.00,237.00,237.00
2026-08-31 23:07:02,237.00,266.00,266.00,237.00,409.00,359.00,247.00,247.00,237.00,237.00,237.00,237.00,237.00,237.00,237.00
2026-08-31 23:17:00,237.00,266.00,266.00,237.00,409.00,359.00,247.00,247.00,237.00,237.00,237.00,237.00,237.00,237.00,237.00
2026-08-31 23:29:02,237.00,266.00,266.00,237.00,409.00,359.00,247.00,247.00,237.00,237.00,237.00,237.00,237.00,237.00,237.00
2026-08-31 23:37:02,237.00,266.00,266.00,237.00,409.00,359.00,247.00,247.00,237.00,237.00,237.00,237.00,237.00,237.00,237.00
2026-08-31 23:46:55,237.00,266.00,266.00,237.00,409.00,359.00,247.00,247.00,237.00,237.00,237.00,237.00,237.00,237.00,237.00
2026-08-31 23:56:59,237.00,266.00,266.00,237.00,409.00,359.00,247.00,247.00,237.00,237.00,237.00,237.00,237.00,237.00,237.00
2026-09-01 00:07:00,237.00,266.00,266.00,237.00,409.00,359.00,247.00,247.00,237.00,237.00,237.00,237.00,237.00,237.00,237.00
2026-09-01 00:16:58,237.00,266.00,266.00,237.00,409.00,359.00,247.00,247.00,237.00,237.00,237.00,237.00,237.00,237.00,237.00
2026-09-01 00:26:41,237.00,266.00,266.00,237.00,409.00,359.00,247.00,247.00,237.00,237.00,237.00,237.00,237.00,237.00,237.00
2026-09-01 00:36:59,237.00,266.00,266.00,237.00,409.00,359.00,247.00,247.00,237.00,237.00,237.00,237.00,237.00,237.00,237.00
2026-09-01 00:46:57,237.00,266.00,266.00,237.00,409.00,359.00,247.00,247.00,237.00,237.00,237.00,237.00,237.00,237.00,237.00
2026-09-01 00:56:43,237.00,266.00,266.00,237.00,409.00,359.00,247.00,247.00,237.00,237.00,237.00,237.00,237.00,237.00,237.00
2026-09-01 01:06:44,237.00,266.00,266.00,237.00,409.00,359.00,247.00,247.00,237.00,237.00,237.00,237.00,237.00,237.00,237.00
2026-09-01 01:16:56,237.00,266.00,266.00,237.00,409.00,359.00,247.00,247.00,237.00,237.00,237.00,237.00,237.00,237.00,237.00
2026-09-01 01:26:53,237.00,266.00,266.00,237.00,409.00,359.00,247.00,247.00,237.00,237.00,237.00,237.00,237.00,237.00,237.00
2026-09-01 01:37:03,237.00,266.00,266.00,237.00,409.00,359.00,247.00,247.00,237.00,237.00,237.00,237.00,237.00,237.00,237.00
2026-09-01 01:46:57,237.00,266.00,266.00,237.00,409.00,359.00,247.00,247.00,237.00,237.00,237.00,237.00,237.00,237.00,237.00
2026-09-01 01:57:03,237.00,266.00,266.00,237.00,409.00,359.00,247.00,247.00,237.00,237.00,237.00,237.00,237.00,237.00,237.00
2026-09-01 02:07:07,237.00,266.00,266.00,237.00,409.00,359.00,247.00,247.00,237.00,237.00,237.00,237.00,237.00,237.00,237.00
2026-09-01 02:17:03,237.00,266.00,266.00,237.00,409.00,359.00,247.00,247.00,237.00,237.00,237.00,237.00,237.00,237.00,237.00
2026-09-01 02:26:50,237.00,266.00,266.00,237.00,409.00,359.00,247.00,247.00,237.00,237.00,237.00,237.00,237.00,237.00,237.00
2026-09-01 02:36:57,237.00,266.00,266.00,237.00,409.00,359.00,247.00,247.00,237.00,237.00,237.00,237.00,237.00,237.00,237.00
2026-09-01 02:46:49,237.00,266.00,266.00,237.00,409.00,359.00,247.00,247.00,237.00,237.00,237.00,237.00,237.00,237.00,237.00
2026-09-01 02:57:04,237.00,266.00,266.00,237.00,409.00,359.00,247.00,247.00,237.00,237.00,237.00,237.00,237.00,237.00,237.00
2026-09-01 03:06:52,237.00,266.00,266.00,237.00,409.00,359.00,247.00,247.00,237.00,237.00,237.00,237.00,237.00,237.00,237.00
2026-09-01 03:16:57,237.00,266.00,266.00,237.00,409.00,359.00,247.00,247.00,237.00,237.00,237.00,237.00,237.00,237.00,237.00
2026-09-01 03:29:50,237.00,266.00,266.00,237.00,409.00,359.00,247.00,247.00,237.00,237.00,237.00,237.00,237.00,237.00,237.00
2026-09-01 03:36:57,237.00,266.00,266.00,237.00,409.00,359.00,247.00,247.00,237.00,237.00,237.00,237.00,237.00,237.00,237.00
2026-09-01 03:47:00,237.00,266.00,266.00,237.00,409.00,359.00,247.00,247.00,237.00,237.00,237.00,237.00,237.00,237.00,237.00
2026-09-01 03:56:53,237.00,266.00,266.00,237.00,409.00,359.00,247.00,247.00,237.00,237.00,237.00,237.00,237.00,237.00,237.00
2026-09-01 04:06:47,237.00,266.00,266.00,237.00,409.00,359.00,247.00,247.00,237.00,237.00,237.00,237.00,237.00,237.00,237.00
2026-09-01 04:16:48,237.00,266.00,266.00,237.00,409.00,359.00,247.00,247.00,237.00,237.00,237.00,237.00,237.00,237.00,237.00
2026-09-01 04:27:05,237.00,266.00,266.00,237.00,409.00,359.00,247.00,247.00,237.00,237.00,237.00,237.00,237.00,237.00,237.00
2026-09-01 04:36:44,237.00,266.00,266.00,237.00,409.00,359.00,247.00,247.00,237.00,237.00,237.00,237.00,237.00,237.00,237.00
2026-09-01 04:46:41,237.00,266.00,266.00,237.00,409.00,359.00,247.00,247.00,237.00,237.00,237.00,237.00,237.00,237.00,237.00
2026-09-01 04:57:05,237.00,266.00,266.00,237.00,409.00,359.00,247.00,247.00,237.00,237.00,237.00,237.00,237.00,237.00,237.00
2026-09-01 05:09:11,237.00,266.00,266.00,237.00,409.00,359.00,247.00,247.00,237.00,237.00,237.00,237.00,237.00,237.00,237.00
2026-09-01 05:38:41,237.00,266.00,266.00,237.00,359.00,359.00,247.00,247.00,237.00,237.00,237.00,237.00,237.00,237.00,237.00
2026-09-01 05:46:56,237.00,266.00,266.00,237.00,359.00,359.00,247.00,247.00,237.00,237.00,237.00,237.00,237.00,237.00,237.00
2026-09-01 05:56:41,237.00,266.00,266.00,237.00,359.00,359.00,247.00,247.00,237.00,237.00,237.00,237.00,237.00,237.00,237.00
2026-09-01 06:07:01,237.00,266.00,266.00,237.00,359.00,359.00,247.00,247.00,237.00,237.00,237.00,237.00,237.00,237.00,237.00
2026-09-01 06:16:59,237.00,266.00,266.00,237.00,359.00,359.00,247.00,247.00,237.00,237.00,237.00,237.00,237.00,237.00,237.00
2026-09-01 06:26:54,237.00,266.00,266.00,237.00,359.00,359.00,247.00,247.00,237.00,237.00,237.00,237.00,237.00,237.00,237.00
2026-09-01 06:36:53,237.00,266.00,266.00,237.00,359.00,359.00,247.00,247.00,237.00,237.00,237.00,237.00,237.00,237.00,237.00
2026-09-01 06:47:00,237.00,266.00,266.00,237.00,359.00,359.00,247.00,247.00,237.00,237.00,237.00,237.00,237.00,237.00,237.00
2026-09-01 06:56:58,237.00,266.00,266.00,237.00,359.00,359.00,247.00,247.00,237.00,237.00,237.00,237.00,237.00,237.00,237.00
2026-09-01 07:06:59,237.00,266.00,266.00,237.00,359.00,359.00,247.00,247.00,237.00,237.00,237.00,237.00,237.00,237.00,237.00
2026-09-01 07:16:58,237.00,266.00,266.00,237.00,359.00,359.00,247.00,247.00,237.00,237.00,237.00,237.00,237.00,237.00,237.00
2026-09-01 07:26:53,237.00,266.00,266.00,237.00,359.00,359.00,247.00,247.00,237.00,237.00,237.00,237.00,237.00,237.00,237.00
2026-09-01 07:36:55,237.00,266.00,266.00,237.00,359.00,359.00,247.00,247.00,237.00,237.00,237.00,237.00,237.00,237.00,237.00
2026-09-01 07:47:28,237.00,266.00,266.00,237.00,359.00,359.00,247.00,247.00,237.00,237.00,237.00,237.00,237.00,237.00,237.00
2026-09-01 07:56:57,237.00,266.00,266.00,237.00,359.00,359.00,247.00,247.00,237.00,237.00,237.00,237.00,237.00,237.00,237.00
2026-09-01 08:06:55,237.00,266.00,266.00,237.00,359.00,359.00,247.00,247.00,237.00,237.00,237.00,237.00,237.00,237.00,237.00
2026-09-01 08:16:56,237.00,266.00,266.00,237.00,359.00,359.00,247.00,247.00,237.00,237.00,237.00,237.00,237.00,237.00,237.00
2026-09-01 08:27:01,237.00,266.00,266.00,237.00,359.00,359.00,247.00,247.00,237.00,237.00,237.00,237.00,237.00,237.00,237.00
2026-09-01 08:37:00,237.00,266.00,266.00,237.00,359.00,359.00,247.00,247.00,237.00,237.00,237.00,237.00,237.00,237.00,237.00
2026-09-01 08:47:00,237.00,266.00,266.00,237.00,359.00,359.00,247.00,247.00,237.00,237.00,237.00,237.00,237.00,237.00,237.00
2026-09-01 08:56:58,237.00,266.00,266.00,237.00,359.00,359.00,247.00,247.00,237.00,237.00,237.00,237.00,237.00,237.00,237.00
2026-09-01 09:06:59,237.00,266.00,266.00,237.00,359.00,359.00,247.00,247.00,237.00,237.00,237.00,237.00,237.00,237.00,237.00
2026-09-01 09:17:00,237.00,266.00,266.00,237.00,359.00,359.00,247.00,247.00,237.00,237.00,237.00,237.00,237.00,237.00,237.00
2026-09-01 09:26:20,237.00,266.00,266.00,237.00,359.00,359.00,247.00,247.00,237.00,237.00,237.00,237.00,237.00,237.00,237.00
2026-09-01 09:36:51,237.00,266.00,266.00,237.00,359.00,359.00,247.00,247.00,237.00,237.00,237.00,237.00,237.00,237.00,237.00
2026-09-01 09:47:02,237.00,266.00,266.00,237.00,359.00,359.00,247.00,247.00,237.00,237.00,237.00,237.00,237.00,237.00,237.00
2026-09-01 09:56:57,237.00,266.00,266.00,237.00,359.00,359.00,247.00,247.00,237.00,237.00,237.00,237.00,237.00,237.00,237.00
2026-09-01 10:06:56,237.00,266.00,266.00,237.00,359.00,359.00,247.00,247.00,237.00,237.00,237.00,237.00,237.00,237.00,237.00
2026-09-01 10:16:57,237.00,266.00,266.00,237.00,359.00,359.00,247.00,247.00,237.00,237.00,237.00,237.00,237.00,237.00,237.00
2026-09-01 10:27:24,237.00,266.00,266.00,237.00,359.00,359.00,247.00,247.00,237.00,237.00,237.00,237.00,237.00,237.00,237.00
2026-09-01 10:37:00,237.00,266.00,266.00,237.00,359.00,359.00,247.00,247.00,237.00,237.00,237.00,237.00,237.00,237.00,237.00
2026-09-01 10:47:01,237.00,266.00,266.00,237.00,359.00,359.00,247.00,247.00,237.00,237.00,237.00,237.00,237.00,237.00,237.00
2026-09-01 10:56:33,237.00,266.00,266.00,237.00,359.00,359.00,247.00,247.00,237.00,237.00,237.00,237.00,237.00,237.00,237.00
2026-09-01 11:07:07,237.00,266.00,266.00,237.00,359.00,359.00,247.00,247.00,237.00,237.00,237.00,237.00,237.00,237.00,237.00
2026-09-01 11:16:58,237.00,266.00,266.00,237.00,359.00,359.00,247.00,247.00,237.00,237.00,237.00,237.00,237.00,237.00,237.00
2026-09-01 11:26:53,237.00,237.00,266.00,237.00,359.00,359.00,247.00,247.00,237.00,237.00,237.00,237.00,237.00,237.00,237.00
2026-09-01 11:37:02,237.00,237.00,266.00,237.00,359.00,359.00,247.00,247.00,237.00,237.00,237.00,237.00,237.00,237.00,237.00
2026-09-01 11:47:02,237.00,237.00,266.00,237.00,359.00,359.00,247.00,247.00,237.00,237.00,237.00,237.00,237.00,237.00,237.00
2026-09-01 11:56:58,237.00,237.00,266.00,237.00,359.00,359.00,247.00,247.00,237.00,237.00,237.00,237.00,237.00,237.00,237.00
2026-09-01 12:06:57,237.00,237.00,266.00,237.00,359.00,359.00,247.00,247.00,237.00,237.00,237.00,237.00,237.00,237.00,237.00
2026-09-01 12:16:55,237.00,237.00,266.00,237.00,359.00,359.00,247.00,247.00,237.00,237.00,237.00,237.00,237.00,237.00,237.00
2026-09-01 12:27:04,237.00,237.00,266.00,237.00,359.00,359.00,247.00,247.00,237.00,237.00,237.00,237.00,237.00,237.00,237.00
2026-09-01 12:37:02,237.00,237.00,266.00,237.00,359.00,359.00,247.00,247.00,237.00,237.00,237.00,237.00,237.00,237.00,237.00
2026-09-01 12:46:57,237.00,237.00,266.00,237.00,359.00,359.00,247.00,247.00,237.00,237.00,237.00,237.00,237.00,237.00,237.00
2026-09-01 12:57:07,237.00,237.00,266.00,237.00,359.00,359.00,247.00,247.00,237.00,237.00,237.00,237.00,237.00,237.00,237.00
2026-09-01 13:07:00,237.00,237.00,266.00,237.00,359.00,359.00,247.00,247.00,237.00,237.00,237.00,237.00,237.00,237.00,237.00
2026-09-01 13:16:59,237.00,237.00,266.00,237.00,359.00,359.00,247.00,247.00,237.00,237.00,237.00,237.00,237.00,237.00,237.00
2026-09-01 13:27:01,237.00,237.00,266.00,237.00,359.00,359.00,247.00,247.00,237.00,237.00,237.00,237.00,237.00,237.00,237.00
2026-09-01 13:37:04,237.00,237.00,266.00,237.00,359.00,359.00,247.00,247.00,237.00,237.00,237.00,237.00,237.00,237.00,237.00
2026-09-01 13:47:04,237.00,237.00,266.00,237.00,359.00,359.00,247.00,247.00,237.00,237.00,237.00,237.00,237.00,237.00,237.00
2026-09-01 13:57:09,237.00,237.00,266.00,237.00,359.00,359.00,247.00,247.00,237.00,237.00,237.00,237.00,237.00,237.00,237.00
2026-09-01 14:08:22,237.00,237.00,266.00,237.00,359.00,359.00,247.00,247.00,237.00,237.00,237.00,237.00,237.00,237.00,237.00
2026-09-01 14:17:21,237.00,237.00,266.00,237.00,359.00,359.00,247.00,247.00,237.00,237.00,237.00,237.00,237.00,237.00,237.00
2026-09-01 14:26:58,237.00,237.00,266.00,237.00,359.00,359.00,247.00,247.00,237.00,237.00,237.00,237.00,237.00,237.00,237.00
2026-09-01 14:36:45,237.00,237.00,266.00,237.00,359.00,359.00,247.00,247.00,237.00,237.00,237.00,237.00,237.00,237.00,237.00
2026-09-01 14:46:59,237.00,237.00,266.00,237.00,359.00,359.00,247.00,247.00,237.00,237.00,237.00,237.00,237.00,237.00,237.00
2026-09-01 14:56:56,237.00,237.00,266.00,237.00,359.00,359.00,247.00,247.00,237.00,237.00,237.00,237.00,237.00,237.00,237.00
2026-09-01 15:07:14,237.00,237.00,266.00,237.00,359.00,359.00,247.00,247.00,237.00,237.00,237.00,237.00,237.00,237.00,237.00
2026-09-01 15:16:43,237.00,237.00,266.00,237.00,359.00,359.00,247.00,247.00,237.00,237.00,237.00,237.00,237.00,237.00,237.00
2026-09-01 15:28:25,237.00,237.00,266.00,237.00,409.00,359.00,247.00,247.00,237.00,237.00,237.00,237.00,237.00,237.00,237.00
2026-09-01 15:37:05,237.00,237.00,266.00,237.00,409.00,359.00,247.00,247.00,237.00,237.00,237.00,237.00,237.00,237.00,237.00
2026-09-01 15:47:04,237.00,237.00,266.00,237.00,409.00,359.00,247.00,247.00,237.00,237.00,237.00,237.00,237.00,237.00,237.00
2026-09-01 15:57:01,237.00,237.00,266.00,237.00,409.00,359.00,247.00,247.00,237.00,237.00,237.00,237.00,237.00,237.00,237.00
2026-09-01 16:07:09,237.00,237.00,266.00,237.00,409.00,359.00,247.00,247.00,237.00,237.00,237.00,237.00,237.00,237.00,237.00
2026-09-01 16:17:07,237.00,237.00,266.00,237.00,409.00,359.00,247.00,247.00,237.00,237.00,237.00,237.00,237.00,237.00,237.00
2026-09-01 16:26:52,237.00,237.00,266.00,237.00,409.00,359.00,247.00,247.00,237.00,237.00,237.00,237.00,237.00,237.00,237.00
2026-09-01 16:37:05,237.00,237.00,266.00,237.00,409.00,359.00,247.00,247.00,237.00,237.00,237.00,237.00,237.00,237.00,237.00
2026-09-01 16:47:06,237.00,237.00,266.00,237.00,409.00,359.00,247.00,247.00,237.00,237.00,237.00,237.00,237.00,237.00,237.00
2026-09-01 16:57:05,237.00,237.00,266.00,237.00,409.00,359.00,247.00,247.00,237.00,237.00,237.00,237.00,237.00,237.00,237.00
2026-09-01 17:07:01,237.00,237.00,266.00,237.00,409.00,359.00,247.00,247.00,237.00,237.00,237.00,237.00,237.00,237.00,237.00
2026-09-01 17:17:15,237.00,237.00,266.00,237.00,409.00,359.00,247.00,247.00,237.00,237.00,237.00,237.00,237.00,237.00,237.00
2026-09-01 17:27:58,237.00,237.00,266.00,237.00,409.00,359.00,247.00,247.00,237.00,237.00,237.00,237.00,237.00,237.00,237.00
2026-09-01 17:37:05,237.00,237.00,266.00,237.00,409.00,359.00,247.00,247.00,237.00,237.00,237.00,237.00,237.00,237.00,237.00
2026-09-01 17:47:08,237.00,237.00,266.00,237.00,409.00,359.00,247.00,247.00,237.00,237.00,237.00,237.00,237.00,237.00,237.00
2026-09-01 17:57:11,237.00,237.00,266.00,237.00,409.00,409.00,247.00,247.00,237.00,237.00,237.00,237.00,237.00,237.00,237.00
2026-09-01 18:06:47,237.00,237.00,266.00,237.00,409.00,409.00,247.00,247.00,237.00,237.00,237.00,237.00,237.00,237.00,237.00
2026-09-01 18:17:13,237.00,237.00,266.00,237.00,409.00,409.00,247.00,247.00,237.00,237.00,237.00,237.00,237.00,237.00,237.00
2026-09-01 18:26:49,237.00,237.00,266.00,237.00,409.00,409.00,247.00,247.00,237.00,237.00,237.00,237.00,237.00,237.00,237.00
2026-09-01 18:37:08,237.00,237.00,266.00,237.00,409.00,409.00,247.00,247.00,237.00,237.00,237.00,237.00,237.00,237.00,237.00
2026-09-01 18:47:06,237.00,237.00,266.00,237.00,409.00,409.00,247.00,247.00,237.00,237.00,237.00,237.00,237.00,237.00,237.00
2026-09-01 18:57:07,237.00,237.00,266.00,237.00,409.00,409.00,247.00,247.00,237.00,237.00,237.00,237.00,237.00,237.00,237.00
2026-09-01 19:07:03,237.00,237.00,266.00,237.00,409.00,409.00,247.00,247.00,237.00,237.00,237.00,237.00,237.00,237.00,237.00
2026-09-01 19:17:12,237.00,,237.00,237.00,409.00,409.00,,,237.00,,,237.00,,237.00,237.00
2026-09-01 19:36:50,237.00,237.00,266.00,237.00,409.00,409.00,247.00,247.00,237.00,237.00,237.00,237.00,237.00,237.00,237.00
2026-09-01 19:47:00,237.00,237.00,266.00,237.00,409.00,359.00,247.00,247.00,237.00,237.00,237.00,237.00,237.00,237.00,237.00
2026-09-01 19:57:04,237.00,237.00,266.00,237.00,409.00,359.00,247.00,247.00,237.00,237.00,237.00,237.00,237.00,237.00,237.00
2026-09-01 20:07:08,237.00,237.00,266.00,237.00,409.00,359.00,247.00,247.00,237.00,237.00,237.00,237.00,237.00,237.00,237.00
2026-09-01 20:16:59,237.00,237.00,266.00,237.00,409.00,359.00,247.00,247.00,237.00,237.00,237.00,237.00,237.00,237.00,237.00
2026-09-01 20:27:06,237.00,237.00,266.00,237.00,409.00,359.00,247.00,247.00,237.00,237.00,237.00,237.00,237.00,237.00,237.00
2026-09-01 20:37:10,237.00,237.00,266.00,237.00,409.00,359.00,247.00,247.00,237.00,237.00,237.00,237.00,237.00,237.00,237.00
2026-09-01 20:47:01,237.00,237.00,266.00,237.00,409.00,359.00,247.00,247.00,237.00,237.00,237.00,237.00,237.00,237.00,237.00
2026-09-01 20:57:12,237.00,237.00,266.00,237.00,359.00,359.00,247.00,247.00,237.00,237.00,237.00,237.00,237.00,237.00,237.00
2026-09-01 21:07:11,237.00,237.00,266.00,237.00,359.00,359.00,247.00,247.00,237.00,237.00,237.00,237.00,237.00,237.00,237.00
2026-09-01 21:17:08,237.00,237.00,266.00,237.00,359.00,359.00,247.00,247.00,237.00,237.00,237.00,237.00,237.00,237.00,237.00
2026-09-01 21:30:13,237.00,,237.00,237.00,359.00,359.00,,,237.00,,,237.00,,237.00,237.00
2026-09-01 21:37:18,237.00,237.00,266.00,237.00,359.00,359.00,247.00,247.00,237.00,237.00,237.00,237.00,237.00,237.00,237.00
2026-09-01 21:47:21,,237.00,266.00,237.00,,,247.00,247.00,,237.00,237.00,,237.00,,
2026-09-01 21:57:12,237.00,237.00,266.00,237.00,359.00,359.00,247.00,247.00,237.00,237.00,237.00,237.00,237.00,237.00,237.00
2026-09-01 22:06:51,237.00,237.00,266.00,237.00,359.00,359.00,247.00,247.00,237.00,237.00,237.00,237.00,237.00,237.00,237.00
2026-09-01 22:16:59,237.00,237.00,266.00,237.00,409.00,359.00,247.00,247.00,237.00,237.00,237.00,237.00,237.00,237.00,237.00
2026-09-01 22:27:21,237.00,237.00,266.00,237.00,409.00,359.00,247.00,247.00,237.00,237.00,237.00,237.00,237.00,237.00,237.00
2026-09-01 22:36:46,237.00,237.00,266.00,237.00,409.00,359.00,247.00,247.00,237.00,237.00,237.00,237.00,237.00,237.00,237.00
2026-09-01 22:47:07,237.00,237.00,266.00,237.00,409.00,359.00,247.00,247.00,237.00,237.00,237.00,237.00,237.00,237.00,237.00
2026-09-01 22:57:06,237.00,237.00,266.00,237.00,409.00,359.00,247.00,247.00,237.00,237.00,237.00,237.00,237.00,237.00,237.00
2026-09-01 23:07:13,237.00,237.00,266.00,237.00,409.00,359.00,247.00,247.00,237.00,237.00,237.00,237.00,237.00,237.00,237.00
2026-09-01 23:17:19,237.00,237.00,266.00,237.00,409.00,359.00,247.00,247.00,237.00,237.00,237.00,237.00,237.00,237.00,237.00
2026-09-01 23:27:17,237.00,237.00,266.00,237.00,409.00,359.00,247.00,247.00,237.00,237.00,237.00,237.00,237.00,237.00,237.00
2026-09-01 23:37:09,237.00,237.00,266.00,237.00,409.00,359.00,247.00,247.00,237.00,237.00,237.00,237.00,237.00,237.00,237.00
2026-09-01 23:47:10,237.00,237.00,266.00,237.00,409.00,359.00,247.00,247.00,237.00,237.00,237.00,237.00,237.00,237.00,237.00
2026-09-01 23:57:13,237.00,237.00,266.00,237.00,409.00,359.00,247.00,247.00,237.00,237.00,237.00,237.00,237.00,237.00,237.00
2026-09-02 00:07:15,237.00,237.00,266.00,237.00,409.00,359.00,247.00,247.00,237.00,237.00,237.00,237.00,237.00,237.00,237.00
2026-09-02 00:16:50,237.00,237.00,266.00,237.00,409.00,359.00,247.00,247.00,237.00,237.00,237.00,237.00,237.00,237.00,237.00
2026-09-02 00:27:15,237.00,237.00,266.00,237.00,409.00,359.00,247.00,247.00,237.00,237.00,237.00,237.00,237.00,237.00,237.00
2026-09-02 00:37:15,237.00,237.00,266.00,237.00,409.00,359.00,247.00,247.00,237.00,237.00,237.00,237.00,237.00,237.00,237.00
2026-09-02 00:47:15,237.00,237.00,266.00,237.00,409.00,359.00,247.00,247.00,237.00,237.00,237.00,237.00,237.00,237.00,237.00
2026-09-02 00:56:59,237.00,237.00,266.00,237.00,409.00,359.00,247.00,247.00,237.00,237.00,237.00,237.00,237.00,237.00,237.00
2026-09-02 01:06:48,237.00,237.00,266.00,237.00,409.00,359.00,247.00,247.00,237.00,237.00,237.00,237.00,237.00,237.00,237.00
2026-09-02 01:17:10,237.00,237.00,266.00,237.00,409.00,359.00,247.00,247.00,237.00,237.00,237.00,237.00,237.00,237.00,237.00
2026-09-02 01:27:10,237.00,237.00,266.00,237.00,409.00,359.00,247.00,247.00,237.00,237.00,237.00,237.00,237.00,237.00,237.00
2026-09-02 01:37:13,237.00,237.00,266.00,237.00,409.00,359.00,247.00,247.00,237.00,237.00,237.00,237.00,237.00,237.00,237.00
2026-09-02 01:47:20,237.00,237.00,266.00,237.00,409.00,359.00,247.00,247.00,237.00,237.00,237.00,237.00,237.00,237.00,237.00
2026-09-02 01:57:00,237.00,237.00,266.00,237.00,409.00,359.00,247.00,247.00,237.00,237.00,237.00,237.00,237.00,237.00,237.00
2026-09-02 02:07:15,237.00,237.00,266.00,237.00,409.00,359.00,247.00,247.00,237.00,237.00,237.00,237.00,237.00,237.00,237.00
2026-09-02 02:17:22,237.00,237.00,266.00,237.00,409.00,359.00,247.00,247.00,237.00,237.00,237.00,237.00,237.00,237.00,237.00
2026-09-02 02:27:19,237.00,237.00,266.00,237.00,409.00,359.00,247.00,247.00,237.00,237.00,237.00,237.00,237.00,237.00,237.00
2026-09-02 02:37:13,237.00,237.00,266.00,237.00,409.00,359.00,247.00,247.00,237.00,237.00,237.00,237.00,237.00,237.00,237.00
2026-09-02 02:47:15,237.00,237.00,266.00,237.00,409.00,359.00,247.00,247.00,237.00,237.00,237.00,237.00,237.00,237.00,237.00
2026-09-02 02:57:00,237.00,237.00,266.00,237.00,409.00,359.00,247.00,247.00,237.00,237.00,237.00,237.00,237.00,237.00,237.00
2026-09-02 03:07:09,237.00,237.00,266.00,237.00,409.00,359.00,247.00,247.00,237.00,237.00,237.00,237.00,237.00,237.00,237.00
2026-09-02 03:17:08,237.00,237.00,266.00,237.00,409.00,359.00,247.00,247.00,237.00,237.00,237.00,237.00,237.00,237.00,237.00
2026-09-02 03:27:24,237.00,237.00,266.00,237.00,409.00,359.00,247.00,247.00,237.00,237.00,237.00,237.00,237.00,237.00,237.00
2026-09-02 03:36:59,237.00,237.00,266.00,237.00,409.00,359.00,247.00,247.00,237.00,237.00,237.00,237.00,237.00,237.00,237.00
2026-09-02 03:46:46,237.00,237.00,266.00,237.00,409.00,359.00,247.00,247.00,237.00,237.00,237.00,237.00,237.00,237.00,237.00
2026-09-02 03:57:14,237.00,237.00,266.00,237.00,409.00,359.00,247.00,247.00,237.00,237.00,237.00,237.00,237.00,237.00,237.00
2026-09-02 04:07:11,237.00,237.00,266.00,237.00,409.00,359.00,247.00,247.00,237.00,237.00,237.00,237.00,237.00,237.00,237.00
2026-09-02 04:17:07,237.00,237.00,266.00,237.00,409.00,359.00,247.00,247.00,237.00,237.00,237.00,237.00,237.00,237.00,237.00
2026-09-02 04:26:44,237.00,237.00,266.00,237.00,409.00,359.00,247.00,247.00,237.00,237.00,237.00,237.00,237.00,237.00,237.00
2026-09-02 04:36:27,237.00,237.00,266.00,237.00,409.00,359.00,247.00,247.00,237.00,237.00,237.00,237.00,237.00,237.00,237.00
2026-09-02 04:47:00,237.00,237.00,266.00,237.00,409.00,359.00,247.00,247.00,237.00,237.00,237.00,237.00,237.00,237.00,237.00
2026-09-02 04:56:57,237.00,237.00,266.00,237.00,409.00,359.00,247.00,247.00,237.00,237.00,237.00,237.00,237.00,237.00,237.00
2026-09-02 05:06:43,237.00,237.00,266.00,237.00,409.00,359.00,247.00,247.00,237.00,237.00,237.00,237.00,237.00,237.00,237.00
2026-09-02 05:16:44,237.00,237.00,266.00,237.00,409.00,359.00,247.00,247.00,237.00,237.00,237.00,237.00,237.00,237.00,237.00
2026-09-02 05:26:49,237.00,237.00,266.00,237.00,409.00,359.00,247.00,247.00,237.00,237.00,237.00,237.00,237.00,237.00,237.00
2026-09-02 05:36:44,237.00,237.00,266.00,237.00,409.00,359.00,247.00,247.00,237.00,237.00,237.00,237.00,237.00,237.00,237.00
2026-09-02 05:47:02,237.00,237.00,266.00,237.00,409.00,359.00,247.00,247.00,237.00,237.00,237.00,237.00,237.00,237.00,237.00
2026-09-02 05:56:58,237.00,237.00,266.00,237.00,409.00,359.00,247.00,247.00,237.00,237.00,237.00,237.00,237.00,237.00,237.00
2026-09-02 06:07:08,237.00,237.00,266.00,237.00,409.00,359.00,247.00,247.00,237.00,237.00,237.00,237.00,237.00,237.00,237.00
2026-09-02 06:16:48,237.00,237.00,266.00,237.00,409.00,359.00,247.00,247.00,237.00,237.00,237.00,237.00,237.00,237.00,237.00
2026-09-02 06:27:03,237.00,237.00,266.00,237.00,409.00,359.00,247.00,247.00,237.00,237.00,237.00,237.00,237.00,237.00,237.00
2026-09-02 06:36:43,237.00,237.00,266.00,237.00,409.00,359.00,247.00,247.00,237.00,237.00,237.00,237.00,237.00,237.00,237.00
2026-09-02 06:47:05,237.00,237.00,266.00,237.00,409.00,359.00,247.00,247.00,237.00,237.00,237.00,237.00,237.00,237.00,237.00
2026-09-02 06:57:04,237.00,237.00,266.00,237.00,409.00,359.00,247.00,247.00,237.00,237.00,237.00,237.00,237.00,237.00,237.00
2026-09-02 07:07:05,237.00,237.00,266.00,237.00,409.00,359.00,247.00,247.00,237.00,237.00,237.00,237.00,237.00,237.00,237.00
2026-09-02 07:17:08,237.00,237.00,266.00,237.00,409.00,359.00,247.00,247.00,237.00,237.00,237.00,237.00,237.00,237.00,237.00
2026-09-02 07:26:27,237.00,237.00,266.00,237.00,409.00,359.00,247.00,247.00,237.00,237.00,237.00,237.00,237.00,237.00,237.00
2026-09-02 07:37:09,237.00,237.00,266.00,237.00,409.00,359.00,247.00,247.00,237.00,237.00,237.00,237.00,237.00,237.00,237.00
2026-09-02 07:46:56,237.00,237.00,266.00,237.00,409.00,359.00,247.00,247.00,237.00,237.00,237.00,237.00,237.00,237.00,237.00
2026-09-02 07:56:53,237.00,237.00,266.00,237.00,409.00,359.00,247.00,247.00,237.00,237.00,237.00,237.00,237.00,237.00,237.00
2026-09-02 08:07:05,237.00,237.00,266.00,237.00,409.00,359.00,247.00,247.00,237.00,237.00,237.00,237.00,237.00,237.00,237.00
2026-09-02 08:17:02,237.00,237.00,266.00,237.00,409.00,359.00,247.00,247.00,237.00,237.00,237.00,237.00,237.00,237.00,237.00
2026-09-02 08:27:14,,237.00,266.00,237.00,,,247.00,247.00,,237.00,237.00,,237.00,,
2026-09-02 08:37:01,237.00,237.00,266.00,237.00,409.00,359.00,247.00,247.00,237.00,237.00,237.00,237.00,237.00,237.00,237.00
2026-09-02 08:47:09,237.00,237.00,266.00,237.00,409.00,359.00,247.00,247.00,237.00,237.00,237.00,237.00,237.00,237.00,237.00
2026-09-02 08:56:51,237.00,237.00,266.00,237.00,409.00,359.00,247.00,247.00,237.00,237.00,237.00,237.00,237.00,237.00,237.00
2026-09-02 09:06:48,237.00,237.00,266.00,237.00,409.00,359.00,247.00,247.00,237.00,237.00,237.00,237.00,237.00,237.00,237.00
2026-09-02 09:17:09,237.00,237.00,266.00,237.00,409.00,359.00,247.00,247.00,237.00,237.00,237.00,237.00,237.00,237.00,237.00
2026-09-02 09:27:09,237.00,237.00,266.00,237.00,409.00,359.00,247.00,247.00,237.00,237.00,237.00,237.00,237.00,237.00,237.00
2026-09-02 09:37:05,237.00,237.00,266.00,237.00,409.00,359.00,247.00,247.00,237.00,237.00,237.00,237.00,237.00,237.00,237.00
2026-09-02 09:47:08,237.00,237.00,266.00,237.00,409.00,359.00,247.00,247.00,237.00,237.00,237.00,237.00,237.00,237.00,237.00
2026-09-02 09:56:49,237.00,237.00,266.00,237.00,409.00,359.00,247.00,247.00,237.00,237.00,237.00,237.00,237.00,237.00,237.00
2026-09-02 10:07:07,237.00,237.00,266.00,237.00,409.00,359.00,247.00,247.00,237.00,237.00,237.00,237.00,237.00,237.00,237.00
2026-09-02 10:17:08,237.00,237.00,266.00,237.00,409.00,359.00,247.00,247.00,237.00,237.00,237.00,237.00,237.00,237.00,237.00
2026-09-02 10:26:56,237.00,237.00,266.00,237.00,409.00,359.00,247.00,247.00,237.00,237.00,237.00,237.00,237.00,237.00,237.00
2026-09-02 10:36:52,237.00,237.00,266.00,237.00,409.00,359.00,247.00,247.00,237.00,237.00,237.00,237.00,237.00,237.00,237.00
2026-09-02 10:47:04,237.00,237.00,266.00,237.00,409.00,359.00,247.00,247.00,237.00,237.00,237.00,237.00,237.00,237.00,237.00
2026-09-02 10:57:03,237.00,237.00,266.00,237.00,409.00,359.00,247.00,247.00,237.00,237.00,237.00,237.00,237.00,237.00,237.00
2026-09-02 11:07:13,237.00,237.00,266.00,237.00,409.00,359.00,247.00,247.00,237.00,237.00,237.00,237.00,237.00,237.00,237.00
2026-09-02 11:16:29,237.00,237.00,266.00,237.00,409.00,359.00,247.00,247.00,237.00,237.00,237.00,237.00,237.00,237.00,237.00
2026-09-02 11:27:06,237.00,237.00,266.00,237.00,409.00,359.00,247.00,247.00,237.00,237.00,237.00,237.00,237.00,237.00,237.00
2026-09-02 11:37:07,237.00,237.00,266.00,237.00,409.00,359.00,247.00,247.00,237.00,237.00,237.00,237.00,237.00,237.00,237.00
2026-09-02 11:47:12,237.00,237.00,266.00,237.00,409.00,359.00,247.00,247.00,237.00,237.00,237.00,237.00,237.00,237.00,237.00
2026-09-02 11:57:04,237.00,237.00,266.00,237.00,409.00,359.00,247.00,247.00,237.00,237.00,237.00,237.00,237.00,237.00,237.00
2026-09-02 12:06:56,237.00,237.00,266.00,237.00,409.00,359.00,247.00,247.00,237.00,237.00,237.00,237.00,237.00,237.00,237.00
2026-09-02 12:17:02,237.00,237.00,266.00,237.00,359.00,359.00,247.00,247.00,237.00,237.00,237.00,237.00,237.00,237.00,237.00
2026-09-02 12:26:37,237.00,237.00,266.00,237.00,359.00,359.00,247.00,247.00,237.00,237.00,237.00,237.00,237.00,237.00,237.00
2026-09-02 12:37:12,237.00,237.00,266.00,237.00,359.00,359.00,247.00,247.00,237.00,237.00,237.00,237.00,237.00,237.00,237.00
2026-09-02 12:47:06,237.00,237.00,266.00,237.00,359.00,359.00,247.00,247.00,237.00,237.00,237.00,237.00,237.00,237.00,237.00
2026-09-02 12:57:09,237.00,237.00,266.00,237.00,359.00,359.00,247.00,247.00,237.00,237.00,237.00,237.00,237.00,237.00,237.00
2026-09-02 13:06:30,237.00,237.00,266.00,237.00,359.00,359.00,247.00,247.00,237.00,237.00,237.00,237.00,237.00,237.00,237.00
2026-09-02 13:17:14,237.00,237.00,266.00,237.00,359.00,359.00,247.00,247.00,237.00,237.00,237.00,237.00,237.00,237.00,237.00
2026-09-02 13:27:10,237.00,237.00,266.00,237.00,359.00,359.00,247.00,247.00,237.00,237.00,237.00,237.00,237.00,237.00,237.00
2026-09-02 13:37:13,237.00,237.00,266.00,237.00,359.00,359.00,247.00,247.00,237.00,237.00,237.00,237.00,237.00,237.00,237.00
2026-09-02 13:57:11,237.00,237.00,266.00,237.00,359.00,359.00,247.00,247.00,237.00,237.00,237.00,237.00,237.00,237.00,237.00
2026-09-02 14:07:23,237.00,237.00,266.00,237.00,359.00,359.00,247.00,247.00,237.00,237.00,237.00,237.00,237.00,237.00,237.00
2026-09-02 14:17:04,237.00,237.00,266.00,237.00,359.00,359.00,247.00,247.00,237.00,237.00,237.00,237.00,237.00,237.00,237.00
2026-09-02 14:27:12,237.00,237.00,266.00,237.00,359.00,359.00,247.00,247.00,237.00,237.00,237.00,237.00,237.00,237.00,237.00
2026-09-02 14:37:09,237.00,237.00,266.00,237.00,359.00,359.00,247.00,247.00,237.00,237.00,237.00,237.00,237.00,237.00,237.00
2026-09-02 14:47:04,237.00,237.00,266.00,237.00,359.00,359.00,247.00,247.00,237.00,237.00,237.00,237.00,237.00,237.00,237.00
2026-09-02 14:57:08,237.00,237.00,266.00,237.00,359.00,359.00,247.00,247.00,237.00,237.00,237.00,237.00,237.00,237.00,237.00
2026-09-02 15:06:56,237.00,237.00,266.00,237.00,359.00,359.00,247.00,247.00,237.00,237.00,237.00,237.00,237.00,237.00,237.00
2026-09-02 15:17:18,237.00,237.00,266.00,237.00,359.00,359.00,247.00,247.00,237.00,237.00,237.00,237.00,237.00,237.00,237.00
2026-09-02 15:27:56,237.00,237.00,266.00,237.00,359.00,359.00,247.00,247.00,237.00,237.00,237.00,237.00,237.00,237.00,237.00
2026-09-02 15:37:14,237.00,237.00,266.00,237.00,359.00,359.00,247.00,247.00,237.00,237.00,237.00,237.00,237.00,237.00,237.00
2026-09-02 15:47:14,237.00,237.00,266.00,237.00,359.00,359.00,247.00,247.00,237.00,237.00,237.00,237.00,237.00,237.00,237.00
2026-09-02 15:57:27,,237.00,266.00,237.00,,,247.00,247.00,,237.00,237.00,,237.00,,
2026-09-02 16:07:12,237.00,237.00,266.00,237.00,359.00,359.00,247.00,247.00,237.00,237.00,237.00,237.00,237.00,237.00,237.00
2026-09-02 16:17:13,237.00,237.00,266.00,237.00,359.00,359.00,247.00,247.00,237.00,237.00,237.00,237.00,237.00,237.00,237.00
2026-09-02 16:26:53,237.00,237.00,266.00,237.00,359.00,359.00,247.00,247.00,237.00,237.00,237.00,237.00,237.00,237.00,237.00
2026-09-02 16:37:13,237.00,237.00,266.00,237.00,359.00,359.00,247.00,247.00,237.00,237.00,237.00,237.00,237.00,237.00,237.00
2026-09-02 16:46:43,237.00,237.00,266.00,237.00,359.00,359.00,247.00,247.00,237.00,237.00,237.00,237.00,237.00,237.00,237.00
2026-09-02 16:57:10,237.00,237.00,266.00,237.00,359.00,359.00,247.00,247.00,237.00,237.00,237.00,237.00,237.00,237.00,237.00
2026-09-02 17:06:42,237.00,237.00,266.00,237.00,359.00,359.00,247.00,247.00,237.00,237.00,237.00,237.00,237.00,237.00,237.00
2026-09-02 17:17:11,237.00,237.00,266.00,237.00,359.00,359.00,247.00,247.00,237.00,237.00,237.00,237.00,237.00,237.00,237.00
2026-09-02 17:30:15,237.00,237.00,266.00,237.00,359.00,359.00,247.00,247.00,237.00,237.00,237.00,237.00,237.00,237.00,237.00
2026-09-02 17:37:06,237.00,237.00,266.00,237.00,359.00,359.00,247.00,247.00,237.00,237.00,237.00,237.00,237.00,237.00,237.00
2026-09-02 17:47:06,237.00,237.00,266.00,237.00,349.00,349.00,237.00,237.00,237.00,237.00,237.00,237.00,237.00,237.00,237.00
2026-09-02 17:56:48,237.00,237.00,266.00,237.00,349.00,349.00,237.00,237.00,237.00,237.00,237.00,237.00,237.00,237.00,237.00
2026-09-02 18:07:11,237.00,237.00,266.00,237.00,349.00,349.00,237.00,237.00,237.00,237.00,237.00,237.00,237.00,237.00,237.00
2026-09-02 18:16:49,237.00,237.00,266.00,237.00,349.00,349.00,237.00,237.00,237.00,237.00,237.00,237.00,237.00,237.00,237.00
2026-09-02 18:27:18,237.00,237.00,266.00,237.00,349.00,349.00,237.00,237.00,237.00,237.00,237.00,237.00,237.00,237.00,237.00
2026-09-02 18:37:14,237.00,237.00,266.00,237.00,349.00,349.00,237.00,237.00,237.00,237.00,237.00,237.00,237.00,237.00,237.00
2026-09-02 18:46:45,237.00,237.00,266.00,237.00,349.00,349.00,237.00,237.00,237.00,237.00,237.00,237.00,237.00,237.00,237.00
2026-09-02 18:57:16,237.00,237.00,266.00,237.00,399.00,349.00,237.00,237.00,237.00,237.00,237.00,237.00,237.00,237.00,237.00
2026-09-02 19:06:57,237.00,237.00,266.00,237.00,399.00,349.00,237.00,237.00,237.00,237.00,237.00,237.00,237.00,237.00,237.00
2026-09-02 19:17:20,237.00,237.00,266.00,237.00,399.00,349.00,237.00,237.00,237.00,237.00,237.00,237.00,237.00,237.00,237.00
2026-09-02 19:27:09,237.00,237.00,266.00,237.00,399.00,349.00,237.00,237.00,237.00,237.00,237.00,237.00,237.00,237.00,237.00
2026-09-02 19:37:23,237.00,237.00,266.00,237.00,399.00,349.00,237.00,237.00,237.00,237.00,237.00,237.00,237.00,237.00,237.00
2026-09-02 19:47:13,237.00,237.00,266.00,237.00,399.00,349.00,237.00,237.00,237.00,237.00,237.00,237.00,237.00,237.00,237.00
2026-09-02 19:57:12,237.00,237.00,266.00,237.00,399.00,349.00,237.00,237.00,237.00,237.00,237.00,237.00,237.00,237.00,237.00
2026-09-02 20:06:53,237.00,237.00,266.00,237.00,399.00,349.00,237.00,237.00,237.00,237.00,237.00,237.00,237.00,237.00,237.00
2026-09-02 20:17:13,237.00,237.00,266.00,237.00,399.00,349.00,237.00,237.00,237.00,237.00,237.00,237.00,237.00,237.00,237.00
2026-09-02 20:27:10,237.00,237.00,266.00,237.00,399.00,349.00,237.00,237.00,237.00,237.00,237.00,237.00,237.00,237.00,237.00
2026-09-02 20:37:09,237.00,237.00,266.00,237.00,399.00,349.00,237.00,237.00,237.00,237.00,237.00,237.00,237.00,237.00,237.00
2026-09-02 20:46:48,237.00,237.00,266.00,237.00,399.00,349.00,237.00,237.00,237.00,237.00,237.00,237.00,237.00,237.00,237.00
2026-09-02 20:57:15,237.00,237.00,266.00,237.00,399.00,349.00,237.00,237.00,237.00,237.00,237.00,237.00,237.00,237.00,237.00
2026-09-03 18:07:24,312.00,312.00,312.00,312.00,399.00,359.00,243.00,243.00,243.00,243.00,243.00,243.00,243.00,243.00,243.00
2026-09-03 18:17:13,312.00,312.00,312.00,312.00,399.00,359.00,243.00,243.00,243.00,243.00,243.00,243.00,243.00,243.00,243.00
2026-09-03 18:27:15,312.00,312.00,312.00,312.00,399.00,359.00,243.00,243.00,243.00,243.00,243.00,243.00,243.00,243.00,243.00
2026-09-03 18:37:20,312.00,312.00,312.00,312.00,399.00,359.00,243.00,243.00,243.00,243.00,243.00,243.00,243.00,243.00,243.00
2026-09-03 18:47:15,312.00,312.00,312.00,312.00,399.00,359.00,243.00,243.00,243.00,243.00,243.00,243.00,243.00,243.00,243.00
2026-09-03 18:57:12,312.00,312.00,312.00,312.00,399.00,359.00,243.00,243.00,243.00,243.00,243.00,243.00,243.00,243.00,243.00
2026-09-03 19:07:09,312.00,312.00,312.00,312.00,399.00,359.00,243.00,243.00,243.00,243.00,243.00,243.00,243.00,243.00,243.00
2026-09-03 19:17:01,312.00,312.00,312.00,312.00,399.00,359.00,243.00,243.00,243.00,243.00,243.00,243.00,243.00,243.00,243.00
2026-09-03 19:27:16,312.00,312.00,312.00,312.00,399.00,359.00,243.00,243.00,243.00,243.00,243.00,243.00,243.00,243.00,243.00
2026-09-03 19:37:16,312.00,312.00,312.00,312.00,399.00,359.00,243.00,243.00,243.00,243.00,243.00,243.00,243.00,243.00,243.00
2026-09-03 19:47:18,312.00,312.00,312.00,312.00,399.00,359.00,243.00,243.00,243.00,243.00,243.00,243.00,243.00,243.00,243.00
2026-09-03 19:57:10,312.00,312.00,312.00,312.00,399.00,359.00,243.00,243.00,243.00,243.00,243.00,243.00,243.00,243.00,243.00
2026-09-03 20:07:09,312.00,312.00,312.00,312.00,399.00,359.00,243.00,243.00,243.00,243.00,243.00,243.00,243.00,243.00,243.00
2026-09-03 20:17:17,312.00,312.00,312.00,312.00,399.00,359.00,243.00,243.00,243.00,243.00,243.00,243.00,243.00,243.00,243.00
2026-09-03 20:27:11,312.00,312.00,312.00,312.00,399.00,359.00,243.00,243.00,243.00,243.00,243.00,243.00,243.00,243.00,243.00
2026-09-03 20:36:43,312.00,312.00,312.00,312.00,399.00,359.00,243.00,243.00,243.00,243.00,243.00,243.00,243.00,243.00,243.00
2026-09-03 20:47:17,312.00,312.00,312.00,312.00,399.00,359.00,243.00,243.00,243.00,243.00,243.00,243.00,243.00,243.00,243.00
2026-09-03 20:56:58,312.00,312.00,312.00,312.00,399.00,359.00,243.00,243.00,243.00,243.00,243.00,243.00,243.00,243.00,243.00
2026-09-03 21:07:09,312.00,312.00,312.00,312.00,399.00,359.00,243.00,243.00,243.00,243.00,243.00,243.00,243.00,243.00,243.00
2026-09-03 21:17:23,312.00,312.00,312.00,312.00,399.00,359.00,243.00,243.00,243.00,243.00,243.00,243.00,243.00,243.00,243.00
2026-09-03 21:31:43,312.00,312.00,312.00,312.00,399.00,359.00,243.00,243.00,243.00,243.00,243.00,243.00,243.00,243.00,243.00
2026-09-03 21:37:18,312.00,312.00,312.00,312.00,399.00,359.00,243.00,243.00,243.00,243.00,243.00,243.00,243.00,243.00,243.00
2026-09-03 21:47:21,312.00,312.00,312.00,312.00,399.00,359.00,243.00,243.00,243.00,243.00,243.00,243.00,243.00,243.00,243.00
2026-09-03 21:56:59,312.00,312.00,312.00,312.00,399.00,359.00,243.00,243.00,243.00,243.00,243.00,243.00,243.00,243.00,243.00
2026-09-03 22:07:15,312.00,312.00,312.00,312.00,399.00,359.00,243.00,243.00,243.00,243.00,243.00,243.00,243.00,243.00,243.00
2026-09-03 22:17:13,312.00,312.00,312.00,312.00,399.00,359.00,243.00,243.00,243.00,243.00,243.00,243.00,243.00,243.00,243.00
2026-09-03 22:27:12,312.00,312.00,312.00,312.00,399.00,359.00,243.00,243.00,243.00,243.00,243.00,243.00,243.00,243.00,243.00
2026-09-03 22:37:14,312.00,312.00,312.00,312.00,399.00,359.00,243.00,243.00,243.00,243.00,243.00,243.00,243.00,243.00,243.00
2026-09-03 22:47:08,312.00,312.00,312.00,312.00,399.00,359.00,243.00,243.00,243.00,243.00,243.00,243.00,243.00,243.00,243.00
2026-09-03 22:57:17,312.00,312.00,312.00,312.00,399.00,359.00,243.00,243.00,243.00,243.00,243.00,243.00,243.00,243.00,243.00
2026-09-03 23:07:20,312.00,,312.00,312.00,399.00,359.00,,,243.00,,,243.00,,243.00,243.00
2026-09-03 23:17:16,312.00,312.00,312.00,312.00,399.00,359.00,243.00,243.00,243.00,243.00,243.00,243.00,243.00,243.00,243.00
2026-09-03 23:27:11,312.00,312.00,312.00,312.00,399.00,359.00,243.00,243.00,243.00,243.00,243.00,243.00,243.00,243.00,243.00
2026-09-03 23:37:55,312.00,312.00,312.00,312.00,399.00,359.00,243.00,243.00,243.00,243.00,243.00,243.00,243.00,243.00,243.00
2026-09-03 23:47:18,312.00,312.00,312.00,312.00,399.00,359.00,243.00,243.00,243.00,243.00,243.00,243.00,243.00,243.00,243.00
2026-09-03 23:57:11,312.00,312.00,312.00,312.00,399.00,359.00,243.00,243.00,243.00,243.00,243.00,243.00,243.00,243.00,243.00
2026-09-04 00:07:18,312.00,312.00,312.00,312.00,399.00,359.00,243.00,243.00,243.00,243.00,243.00,243.00,243.00,243.00,243.00
2026-09-04 00:17:48,312.00,312.00,312.00,312.00,399.00,359.00,243.00,243.00,243.00,243.00,243.00,243.00,243.00,243.00,243.00
2026-09-04 00:27:09,312.00,312.00,312.00,312.00,399.00,359.00,243.00,243.00,243.00,243.00,243.00,243.00,243.00,243.00,243.00
2026-09-04 00:37:09,312.00,312.00,312.00,312.00,399.00,359.00,243.00,243.00,243.00,243.00,243.00,243.00,243.00,243.00,243.00
2026-09-04 00:47:19,312.00,312.00,312.00,312.00,409.00,369.00,253.00,253.00,243.00,243.00,243.00,243.00,243.00,243.00,243.00
2026-09-04 00:56:39,312.00,312.00,312.00,312.00,409.00,369.00,253.00,253.00,243.00,243.00,243.00,243.00,243.00,243.00,243.00
2026-09-04 01:07:09,312.00,312.00,312.00,312.00,409.00,369.00,253.00,253.00,243.00,243.00,243.00,243.00,243.00,243.00,243.00
2026-09-04 01:17:18,312.00,312.00,312.00,312.00,409.00,369.00,253.00,253.00,243.00,243.00,243.00,243.00,243.00,243.00,243.00
2026-09-04 01:27:15,312.00,312.00,312.00,312.00,409.00,369.00,253.00,253.00,243.00,243.00,243.00,243.00,243.00,243.00,243.00
2026-09-04 01:37:13,312.00,312.00,312.00,312.00,409.00,369.00,253.00,253.00,243.00,243.00,243.00,243.00,243.00,243.00,243.00
2026-09-04 01:47:14,312.00,312.00,312.00,312.00,409.00,369.00,253.00,253.00,243.00,243.00,243.00,243.00,243.00,243.00,243.00
2026-09-04 01:57:14,312.00,312.00,312.00,312.00,409.00,369.00,253.00,253.00,243.00,243.00,243.00,243.00,243.00,243.00,243.00
2026-09-04 02:06:35,312.00,312.00,312.00,312.00,409.00,369.00,253.00,253.00,243.00,243.00,243.00,243.00,243.00,243.00,243.00
2026-09-04 02:17:25,,312.00,312.00,312.00,,,253.00,253.00,,243.00,243.00,,243.00,,
2026-09-04 02:27:04,312.00,312.00,312.00,312.00,409.00,369.00,253.00,253.00,243.00,243.00,243.00,243.00,243.00,243.00,243.00
2026-09-04 02:37:11,312.00,312.00,312.00,312.00,409.00,369.00,253.00,253.00,243.00,243.00,243.00,243.00,243.00,243.00,243.00
2026-09-04 02:47:09,312.00,312.00,312.00,312.00,409.00,369.00,253.00,253.00,243.00,243.00,243.00,243.00,243.00,243.00,243.00
2026-09-04 02:57:14,312.00,312.00,312.00,312.00,409.00,369.00,253.00,253.00,243.00,243.00,243.00,243.00,243.00,243.00,243.00
2026-09-04 03:06:42,312.00,312.00,312.00,312.00,409.00,369.00,253.00,253.00,243.00,243.00,243.00,243.00,243.00,243.00,243.00
2026-09-04 03:17:16,312.00,312.00,312.00,312.00,409.00,369.00,253.00,253.00,243.00,243.00,243.00,243.00,243.00,243.00,243.00
2026-09-04 03:27:13,312.00,312.00,312.00,312.00,409.00,369.00,253.00,253.00,243.00,243.00,243.00,243.00,243.00,243.00,243.00
2026-09-04 03:37:10,312.00,312.00,312.00,312.00,409.00,369.00,253.00,253.00,243.00,243.00,243.00,243.00,243.00,243.00,243.00
2026-09-04 03:47:10,312.00,312.00,312.00,312.00,409.00,369.00,253.00,253.00,243.00,243.00,243.00,243.00,243.00,243.00,243.00
2026-09-04 03:57:10,312.00,312.00,312.00,312.00,409.00,369.00,253.00,253.00,243.00,243.00,243.00,243.00,243.00,243.00,243.00
2026-09-04 04:07:03,312.00,312.00,312.00,312.00,409.00,369.00,253.00,253.00,243.00,243.00,243.00,243.00,243.00,243.00,243.00
2026-09-04 04:17:07,312.00,312.00,312.00,312.00,409.00,369.00,253.00,253.00,243.00,243.00,243.00,243.00,243.00,243.00,243.00
2026-09-04 04:27:06,312.00,312.00,312.00,312.00,409.00,369.00,253.00,253.00,243.00,243.00,243.00,243.00,243.00,243.00,243.00
2026-09-04 04:37:07,312.00,312.00,312.00,312.00,409.00,369.00,253.00,253.00,243.00,243.00,243.00,243.00,243.00,243.00,243.00
2026-09-04 04:47:09,312.00,312.00,312.00,312.00,409.00,369.00,253.00,253.00,243.00,243.00,243.00,243.00,243.00,243.00,243.00
2026-09-04 04:57:09,312.00,312.00,312.00,312.00,409.00,369.00,253.00,253.00,243.00,243.00,243.00,243.00,243.00,243.00,243.00
2026-09-04 05:07:08,312.00,312.00,312.00,312.00,409.00,369.00,253.00,253.00,243.00,243.00,243.00,243.00,243.00,243.00,243.00
2026-09-04 05:17:17,312.00,312.00,312.00,312.00,409.00,369.00,253.00,253.00,243.00,243.00,243.00,243.00,243.00,243.00,243.00
2026-09-04 05:27:11,312.00,312.00,312.00,312.00,409.00,369.00,253.00,253.00,243.00,243.00,243.00,243.00,243.00,243.00,243.00
2026-09-04 05:37:33,312.00,312.00,312.00,312.00,369.00,369.00,253.00,253.00,243.00,243.00,243.00,243.00,243.00,243.00,243.00
2026-09-04 05:47:06,312.00,312.00,312.00,312.00,369.00,369.00,253.00,253.00,243.00,243.00,243.00,243.00,243.00,243.00,243.00
2026-09-04 05:57:06,312.00,312.00,312.00,312.00,409.00,369.00,253.00,253.00,243.00,243.00,243.00,243.00,243.00,243.00,243.00
2026-09-04 06:07:14,312.00,312.00,312.00,312.00,369.00,369.00,253.00,253.00,243.00,243.00,243.00,243.00,243.00,243.00,243.00
2026-09-04 06:17:18,312.00,312.00,312.00,312.00,369.00,369.00,253.00,253.00,243.00,243.00,243.00,243.00,243.00,243.00,243.00
2026-09-04 06:27:13,312.00,312.00,312.00,312.00,369.00,369.00,253.00,253.00,243.00,243.00,243.00,243.00,243.00,243.00,243.00
2026-09-04 06:37:08,312.00,312.00,312.00,312.00,369.00,369.00,253.00,253.00,243.00,243.00,243.00,243.00,243.00,243.00,243.00
2026-09-04 06:46:55,312.00,312.00,312.00,312.00,369.00,369.00,253.00,253.00,243.00,243.00,243.00,243.00,243.00,243.00,243.00
2026-09-04 06:57:14,312.00,312.00,312.00,312.00,369.00,369.00,253.00,253.00,243.00,243.00,243.00,243.00,243.00,243.00,243.00
2026-09-04 07:07:10,312.00,312.00,312.00,312.00,369.00,369.00,253.00,253.00,243.00,243.00,243.00,243.00,243.00,243.00,243.00
2026-09-04 07:16:48,312.00,312.00,312.00,312.00,369.00,369.00,253.00,253.00,243.00,243.00,243.00,243.00,243.00,243.00,243.00
2026-09-04 07:30:03,312.00,312.00,312.00,312.00,369.00,369.00,253.00,253.00,243.00,243.00,243.00,243.00,243.00,243.00,243.00
2026-09-04 07:37:10,312.00,312.00,312.00,312.00,369.00,369.00,253.00,253.00,243.00,243.00,243.00,243.00,243.00,243.00,243.00
2026-09-04 07:47:08,312.00,312.00,312.00,312.00,369.00,369.00,253.00,253.00,243.00,243.00,243.00,243.00,243.00,243.00,243.00
2026-09-04 07:57:11,312.00,312.00,312.00,312.00,369.00,369.00,253.00,253.00,243.00,243.00,243.00,243.00,243.00,243.00,243.00
2026-09-04 08:07:06,312.00,312.00,312.00,312.00,369.00,369.00,253.00,253.00,243.00,243.00,243.00,243.00,243.00,243.00,243.00
2026-09-04 08:17:05,312.00,312.00,312.00,312.00,369.00,369.00,253.00,253.00,243.00,243.00,243.00,243.00,243.00,243.00,243.00
2026-09-04 08:26:57,312.00,312.00,312.00,312.00,369.00,369.00,253.00,253.00,243.00,243.00,243.00,243.00,243.00,243.00,243.00
2026-09-04 08:37:06,312.00,312.00,312.00,312.00,369.00,369.00,253.00,253.00,243.00,243.00,243.00,243.00,243.00,243.00,243.00
2026-09-04 08:47:05,312.00,312.00,312.00,312.00,369.00,369.00,253.00,253.00,243.00,243.00,243.00,243.00,243.00,243.00,243.00
2026-09-04 08:56:34,312.00,312.00,312.00,312.00,369.00,369.00,253.00,253.00,243.00,243.00,243.00,243.00,243.00,243.00,243.00
2026-09-04 09:07:09,312.00,312.00,312.00,312.00,369.00,369.00,253.00,253.00,243.00,243.00,243.00,243.00,243.00,243.00,243.00
2026-09-04 09:17:46,312.00,312.00,312.00,312.00,369.00,369.00,253.00,253.00,243.00,243.00,243.00,243.00,243.00,243.00,243.00
2026-09-04 09:26:39,312.00,312.00,312.00,312.00,369.00,369.00,253.00,253.00,243.00,243.00,243.00,243.00,243.00,243.00,243.00
2026-09-04 09:37:09,312.00,312.00,312.00,312.00,369.00,369.00,253.00,253.00,243.00,243.00,243.00,243.00,243.00,243.00,243.00
2026-09-04 09:47:10,312.00,312.00,312.00,312.00,369.00,369.00,253.00,253.00,243.00,243.00,243.00,243.00,243.00,243.00,243.00
2026-09-04 09:57:16,312.00,312.00,312.00,312.00,369.00,369.00,253.00,253.00,243.00,243.00,243.00,243.00,243.00,243.00,243.00
2026-09-04 10:07:15,312.00,312.00,312.00,312.00,369.00,369.00,253.00,253.00,243.00,243.00,243.00,243.00,243.00,243.00,243.00
2026-09-04 10:17:14,312.00,312.00,312.00,312.00,369.00,369.00,253.00,253.00,243.00,243.00,243.00,243.00,243.00,243.00,243.00
2026-09-04 10:27:00,312.00,312.00,312.00,312.00,369.00,369.00,253.00,253.00,243.00,243.00,243.00,243.00,243.00,243.00,243.00
2026-09-04 10:37:13,312.00,312.00,312.00,312.00,369.00,369.00,253.00,253.00,243.00,243.00,243.00,243.00,243.00,243.00,243.00
2026-09-04 10:47:12,312.00,312.00,312.00,312.00,369.00,369.00,253.00,253.00,243.00,243.00,243.00,243.00,243.00,243.00,243.00
2026-09-04 10:57:06,312.00,312.00,312.00,312.00,369.00,369.00,253.00,253.00,243.00,243.00,243.00,243.00,243.00,243.00,243.00
2026-09-04 11:07:06,312.00,312.00,312.00,312.00,369.00,369.00,253.00,253.00,243.00,243.00,243.00,243.00,243.00,243.00,243.00
2026-09-04 11:17:14,312.00,312.00,312.00,312.00,369.00,369.00,253.00,253.00,243.00,243.00,243.00,243.00,243.00,243.00,243.00
2026-09-04 11:37:05,312.00,312.00,312.00,312.00,369.00,369.00,253.00,253.00,243.00,243.00,243.00,243.00,243.00,243.00,243.00
2026-09-04 11:47:16,312.00,312.00,312.00,312.00,369.00,369.00,253.00,253.00,243.00,243.00,243.00,243.00,243.00,243.00,243.00
2026-09-04 11:57:21,312.00,312.00,312.00,312.00,369.00,369.00,253.00,253.00,243.00,243.00,243.00,243.00,243.00,243.00,243.00
2026-09-04 12:07:12,312.00,312.00,312.00,312.00,369.00,369.00,253.00,253.00,243.00,243.00,243.00,243.00,243.00,243.00,243.00
2026-09-04 12:17:07,312.00,312.00,312.00,312.00,369.00,369.00,253.00,253.00,243.00,243.00,243.00,243.00,243.00,243.00,243.00
2026-09-04 12:26:52,312.00,312.00,312.00,312.00,369.00,369.00,253.00,253.00,243.00,243.00,243.00,243.00,243.00,243.00,243.00
2026-09-04 12:37:12,312.00,312.00,312.00,312.00,369.00,369.00,253.00,253.00,243.00,243.00,243.00,243.00,243.00,243.00,243.00
2026-09-04 12:47:16,312.00,312.00,312.00,312.00,369.00,369.00,253.00,253.00,243.00,243.00,243.00,243.00,243.00,243.00,243.00
2026-09-04 12:57:22,312.00,312.00,312.00,312.00,369.00,369.00,253.00,253.00,243.00,243.00,243.00,243.00,243.00,243.00,243.00
2026-09-04 13:07:13,312.00,312.00,312.00,312.00,369.00,369.00,253.00,253.00,243.00,243.00,243.00,243.00,243.00,243.00,243.00
2026-09-04 13:17:14,312.00,312.00,312.00,312.00,369.00,369.00,253.00,253.00,243.00,243.00,243.00,243.00,243.00,243.00,243.00
2026-09-04 13:30:00,312.00,312.00,312.00,312.00,409.00,409.00,253.00,253.00,243.00,243.00,243.00,243.00,243.00,243.00,243.00
2026-09-04 13:37:16,312.00,312.00,312.00,312.00,409.00,409.00,253.00,253.00,243.00,243.00,243.00,243.00,243.00,243.00,243.00
2026-09-04 13:47:19,312.00,312.00,312.00,312.00,409.00,409.00,253.00,253.00,243.00,243.00,243.00,243.00,243.00,243.00,243.00
2026-09-04 13:57:15,312.00,312.00,312.00,312.00,409.00,409.00,253.00,253.00,243.00,243.00,243.00,243.00,243.00,243.00,243.00
2026-09-04 14:07:18,312.00,312.00,312.00,312.00,409.00,409.00,253.00,253.00,243.00,243.00,243.00,243.00,243.00,243.00,243.00
2026-09-04 14:16:45,312.00,312.00,312.00,312.00,409.00,409.00,253.00,253.00,243.00,243.00,243.00,243.00,243.00,243.00,243.00
2026-09-04 14:27:11,312.00,312.00,312.00,312.00,409.00,409.00,253.00,253.00,243.00,243.00,243.00,243.00,243.00,243.00,243.00
2026-09-04 14:37:14,312.00,312.00,312.00,312.00,409.00,409.00,253.00,253.00,243.00,243.00,243.00,243.00,243.00,243.00,243.00
2026-09-04 14:46:49,312.00,312.00,312.00,312.00,409.00,409.00,253.00,253.00,243.00,243.00,243.00,243.00,243.00,243.00,243.00
2026-09-04 14:57:15,243.00,243.00,312.00,243.00,409.00,409.00,253.00,253.00,243.00,243.00,243.00,243.00,243.00,243.00,243.00
2026-09-04 15:07:18,243.00,243.00,312.00,243.00,409.00,409.00,253.00,253.00,243.00,243.00,243.00,243.00,243.00,243.00,243.00
2026-09-04 15:17:27,243.00,243.00,312.00,243.00,409.00,409.00,253.00,253.00,243.00,243.00,243.00,243.00,243.00,243.00,243.00
2026-09-04 15:27:13,243.00,243.00,312.00,243.00,409.00,409.00,253.00,253.00,243.00,243.00,243.00,243.00,243.00,243.00,243.00
2026-09-04 15:36:52,243.00,243.00,312.00,243.00,409.00,409.00,253.00,253.00,243.00,243.00,243.00,243.00,243.00,243.00,243.00
2026-09-04 15:47:16,243.00,243.00,312.00,243.00,409.00,409.00,253.00,253.00,243.00,243.00,243.00,243.00,243.00,243.00,243.00
2026-09-04 15:57:16,243.00,243.00,312.00,243.00,409.00,409.00,253.00,253.00,243.00,243.00,243.00,243.00,243.00,243.00,243.00
2026-09-04 16:07:19,243.00,243.00,243.00,243.00,409.00,409.00,253.00,253.00,243.00,243.00,243.00,243.00,243.00,243.00,243.00
2026-09-04 16:17:36,,243.00,243.00,243.00,,,253.00,253.00,,243.00,243.00,,243.00,,
2026-09-04 16:27:18,243.00,243.00,243.00,243.00,409.00,409.00,253.00,253.00,243.00,243.00,243.00,243.00,243.00,243.00,243.00
2026-09-04 16:37:12,243.00,243.00,243.00,243.00,409.00,409.00,253.00,253.00,243.00,243.00,243.00,243.00,243.00,243.00,243.00
2026-09-04 16:47:12,243.00,243.00,243.00,243.00,409.00,409.00,253.00,253.00,243.00,243.00,243.00,243.00,243.00,243.00,243.00
2026-09-04 16:57:16,243.00,243.00,243.00,243.00,409.00,409.00,253.00,253.00,243.00,243.00,243.00,243.00,243.00,243.00,243.00
2026-09-04 17:06:59,243.00,243.00,243.00,243.00,409.00,409.00,253.00,253.00,243.00,243.00,243.00,243.00,243.00,243.00,243.00
2026-09-04 17:17:26,243.00,243.00,243.00,243.00,409.00,409.00,253.00,253.00,243.00,243.00,243.00,243.00,243.00,243.00,243.00
2026-09-04 17:29:25,243.00,243.00,243.00,243.00,409.00,409.00,253.00,253.00,243.00,243.00,243.00,243.00,243.00,243.00,243.00
2026-09-04 17:37:15,243.00,243.00,243.00,243.00,409.00,409.00,253.00,253.00,243.00,243.00,243.00,243.00,243.00,243.00,243.00
2026-09-04 17:47:19,243.00,243.00,243.00,243.00,409.00,409.00,253.00,253.00,243.00,243.00,243.00,243.00,243.00,243.00,243.00
2026-09-04 17:57:15,243.00,243.00,243.00,243.00,409.00,409.00,253.00,253.00,243.00,243.00,243.00,243.00,243.00,243.00,243.00
2026-09-04 18:07:19,243.00,243.00,243.00,243.00,409.00,409.00,253.00,253.00,243.00,243.00,243.00,243.00,243.00,243.00,243.00
2026-09-04 18:17:19,243.00,243.00,243.00,243.00,409.00,409.00,253.00,253.00,243.00,243.00,243.00,243.00,243.00,243.00,243.00
2026-09-04 18:27:22,243.00,243.00,243.00,243.00,409.00,409.00,253.00,253.00,243.00,243.00,243.00,243.00,243.00,243.00,243.00
2026-09-04 18:37:15,243.00,243.00,243.00,243.00,409.00,409.00,253.00,253.00,243.00,243.00,243.00,243.00,243.00,243.00,243.00
2026-09-04 18:46:35,243.00,243.00,243.00,243.00,409.00,409.00,253.00,253.00,243.00,243.00,243.00,243.00,243.00,243.00,243.00
2026-09-04 18:57:10,243.00,243.00,243.00,243.00,409.00,409.00,253.00,253.00,243.00,243.00,243.00,243.00,243.00,243.00,243.00
2026-09-04 19:07:10,243.00,243.00,243.00,243.00,409.00,409.00,253.00,253.00,243.00,243.00,243.00,243.00,243.00,243.00,243.00
2026-09-04 19:17:18,243.00,243.00,243.00,243.00,409.00,409.00,253.00,253.00,243.00,243.00,243.00,243.00,243.00,243.00,243.00
2026-09-04 19:28:49,243.00,,243.00,243.00,409.00,409.00,,,243.00,,,243.00,,243.00,243.00
2026-09-04 19:37:19,243.00,243.00,243.00,243.00,409.00,409.00,253.00,253.00,243.00,243.00,243.00,243.00,243.00,243.00,243.00
2026-09-04 19:47:02,243.00,243.00,243.00,243.00,409.00,409.00,253.00,253.00,243.00,243.00,243.00,243.00,243.00,243.00,243.00
2026-09-04 19:57:15,243.00,243.00,243.00,243.00,409.00,409.00,253.00,253.00,243.00,243.00,243.00,243.00,243.00,243.00,243.00
2026-09-04 20:07:26,243.00,243.00,243.00,243.00,409.00,409.00,253.00,253.00,243.00,243.00,243.00,243.00,243.00,243.00,243.00
2026-09-04 20:17:18,243.00,243.00,243.00,243.00,409.00,409.00,253.00,253.00,243.00,243.00,243.00,243.00,243.00,243.00,243.00
2026-09-04 20:27:15,243.00,243.00,243.00,243.00,409.00,409.00,253.00,253.00,243.00,243.00,243.00,243.00,243.00,243.00,243.00
2026-09-04 20:37:26,,243.00,243.00,243.00,,,253.00,253.00,,253.00,253.00,,253.00,,
2026-09-04 20:47:18,243.00,243.00,243.00,243.00,409.00,409.00,253.00,253.00,253.00,253.00,253.00,253.00,253.00,253.00,253.00
2026-09-04 20:57:22,243.00,243.00,243.00,243.00,409.00,409.00,253.00,253.00,253.00,253.00,253.00,253.00,253.00,253.00,253.00
2026-09-04 21:07:11,243.00,243.00,243.00,243.00,409.00,409.00,253.00,253.00,253.00,253.00,253.00,253.00,253.00,253.00,253.00
2026-09-04 21:17:04,243.00,243.00,243.00,243.00,409.00,409.00,253.00,253.00,253.00,253.00,253.00,253.00,253.00,253.00,253.00
2026-09-04 21:29:12,243.00,243.00,243.00,243.00,409.00,409.00,253.00,253.00,253.00,253.00,253.00,253.00,253.00,253.00,253.00
2026-09-04 21:37:12,243.00,243.00,243.00,243.00,409.00,409.00,253.00,253.00,253.00,253.00,253.00,253.00,253.00,253.00,253.00
2026-09-04 21:47:05,243.00,243.00,243.00,243.00,409.00,409.00,253.00,253.00,253.00,253.00,253.00,253.00,253.00,253.00,253.00
2026-09-04 21:57:15,243.00,243.00,243.00,243.00,409.00,409.00,253.00,253.00,253.00,253.00,253.00,253.00,253.00,253.00,253.00
2026-09-04 22:07:14,243.00,243.00,243.00,243.00,409.00,409.00,253.00,253.00,253.00,253.00,253.00,253.00,253.00,253.00,253.00
2026-09-04 22:17:14,243.00,243.00,243.00,243.00,409.00,409.00,253.00,253.00,253.00,253.00,253.00,253.00,253.00,253.00,253.00
2026-09-04 22:26:55,243.00,243.00,243.00,243.00,409.00,409.00,253.00,253.00,253.00,253.00,253.00,253.00,253.00,253.00,253.00
2026-09-04 22:37:20,243.00,243.00,243.00,243.00,409.00,409.00,253.00,253.00,253.00,253.00,253.00,253.00,253.00,253.00,253.00
2026-09-04 22:47:18,243.00,243.00,243.00,243.00,409.00,409.00,253.00,253.00,253.00,253.00,253.00,253.00,253.00,253.00,253.00
2026-09-04 22:57:12,243.00,243.00,243.00,243.00,409.00,409.00,253.00,253.00,253.00,253.00,253.00,253.00,253.00,253.00,253.00
2026-09-04 23:07:16,243.00,243.00,243.00,243.00,409.00,409.00,253.00,253.00,253.00,253.00,253.00,253.00,253.00,253.00,253.00
2026-09-04 23:17:15,243.00,243.00,243.00,243.00,409.00,409.00,253.00,253.00,253.00,253.00,253.00,253.00,253.00,253.00,253.00
2026-09-04 23:29:01,243.00,243.00,243.00,243.00,409.00,409.00,253.00,253.00,253.00,253.00,253.00,253.00,253.00,253.00,253.00
2026-09-04 23:36:59,243.00,243.00,243.00,243.00,409.00,409.00,253.00,253.00,253.00,253.00,253.00,253.00,253.00,253.00,253.00
2026-09-04 23:47:31,,243.00,243.00,243.00,,,253.00,253.00,,253.00,253.00,,253.00,,
2026-09-05 00:07:18,243.00,243.00,243.00,243.00,409.00,409.00,253.00,253.00,253.00,253.00,,253.00,,253.00,253.00
2026-09-05 00:16:58,243.00,243.00,243.00,243.00,409.00,409.00,253.00,253.00,253.00,253.00,253.00,253.00,253.00,253.00,253.00
2026-09-05 00:26:57,243.00,243.00,243.00,243.00,409.00,409.00,253.00,253.00,253.00,253.00,253.00,253.00,253.00,253.00,253.00
2026-09-05 00:36:53,243.00,243.00,243.00,243.00,409.00,409.00,253.00,253.00,253.00,253.00,253.00,253.00,253.00,253.00,253.00
2026-09-05 00:46:50,243.00,243.00,243.00,243.00,409.00,409.00,253.00,253.00,253.00,253.00,253.00,253.00,253.00,253.00,253.00
2026-09-05 00:57:12,243.00,243.00,243.00,243.00,409.00,409.00,253.00,253.00,253.00,253.00,253.00,253.00,253.00,253.00,253.00
2026-09-05 01:07:19,243.00,243.00,243.00,243.00,409.00,409.00,253.00,253.00,253.00,253.00,253.00,253.00,253.00,253.00,253.00
2026-09-05 01:17:11,243.00,243.00,243.00,243.00,409.00,409.00,253.00,253.00,253.00,253.00,253.00,253.00,253.00,253.00,253.00
2026-09-05 01:27:18,243.00,243.00,243.00,243.00,409.00,409.00,253.00,253.00,253.00,253.00,253.00,253.00,253.00,253.00,253.00
2026-09-05 01:36:53,243.00,243.00,243.00,243.00,409.00,409.00,253.00,253.00,253.00,253.00,253.00,253.00,253.00,253.00,253.00
2026-09-05 01:46:51,243.00,243.00,243.00,243.00,409.00,409.00,253.00,253.00,253.00,253.00,253.00,253.00,253.00,253.00,253.00
2026-09-05 01:57:14,243.00,243.00,243.00,243.00,409.00,409.00,253.00,253.00,253.00,253.00,253.00,253.00,253.00,253.00,253.00
2026-09-05 02:07:17,243.00,243.00,243.00,243.00,409.00,409.00,253.00,253.00,253.00,253.00,253.00,253.00,253.00,253.00,253.00
2026-09-05 02:17:16,243.00,243.00,243.00,243.00,409.00,409.00,253.00,253.00,253.00,253.00,253.00,253.00,253.00,253.00,253.00
2026-09-05 02:27:18,243.00,243.00,243.00,243.00,409.00,409.00,253.00,253.00,253.00,253.00,253.00,253.00,253.00,253.00,253.00
2026-09-05 02:36:53,243.00,243.00,243.00,243.00,409.00,409.00,253.00,253.00,253.00,253.00,253.00,253.00,253.00,253.00,253.00
2026-09-05 02:47:19,243.00,243.00,243.00,243.00,409.00,409.00,253.00,253.00,253.00,253.00,253.00,253.00,253.00,253.00,253.00
2026-09-05 02:56:51,243.00,243.00,243.00,243.00,409.00,409.00,253.00,253.00,253.00,253.00,253.00,253.00,253.00,253.00,253.00
2026-09-05 03:07:11,243.00,243.00,243.00,243.00,409.00,409.00,253.00,253.00,253.00,253.00,253.00,253.00,253.00,253.00,253.00
2026-09-05 03:16:56,243.00,243.00,243.00,243.00,409.00,409.00,253.00,253.00,253.00,253.00,253.00,253.00,253.00,253.00,253.00
2026-09-05 03:27:16,243.00,243.00,243.00,243.00,409.00,409.00,253.00,253.00,253.00,253.00,253.00,253.00,253.00,253.00,253.00
2026-09-05 03:37:13,243.00,243.00,243.00,243.00,409.00,409.00,253.00,253.00,253.00,253.00,253.00,253.00,253.00,253.00,253.00
2026-09-05 03:47:18,243.00,243.00,243.00,243.00,409.00,409.00,253.00,253.00,253.00,253.00,253.00,253.00,253.00,253.00,253.00
2026-09-05 03:57:18,243.00,243.00,243.00,243.00,409.00,409.00,253.00,253.00,253.00,253.00,253.00,253.00,253.00,253.00,253.00
2026-09-05 04:07:19,243.00,243.00,243.00,243.00,409.00,409.00,253.00,253.00,253.00,253.00,253.00,253.00,253.00,253.00,253.00
2026-09-05 04:17:12,243.00,243.00,243.00,243.00,409.00,409.00,253.00,253.00,253.00,253.00,253.00,253.00,253.00,253.00,253.00
2026-09-05 04:27:11,243.00,243.00,243.00,243.00,409.00,409.00,253.00,253.00,253.00,253.00,253.00,253.00,253.00,253.00,253.00
2026-09-05 04:37:17,243.00,243.00,243.00,243.00,409.00,409.00,253.00,253.00,253.00,253.00,253.00,253.00,253.00,253.00,253.00
2026-09-05 04:47:24,243.00,,243.00,243.00,409.00,409.00,,,253.00,,,253.00,,253.00,253.00
2026-09-05 04:57:12,243.00,243.00,243.00,243.00,409.00,409.00,253.00,253.00,253.00,253.00,253.00,253.00,253.00,253.00,253.00
2026-09-05 05:07:13,243.00,243.00,243.00,243.00,409.00,409.00,253.00,253.00,253.00,253.00,253.00,253.00,253.00,253.00,253.00
2026-09-05 05:17:20,243.00,243.00,243.00,243.00,409.00,409.00,253.00,253.00,253.00,253.00,253.00,253.00,253.00,253.00,253.00
2026-09-05 05:26:50,243.00,243.00,243.00,243.00,409.00,409.00,253.00,253.00,253.00,253.00,253.00,253.00,253.00,253.00,253.00
2026-09-05 05:37:19,243.00,243.00,243.00,243.00,409.00,409.00,253.00,253.00,253.00,253.00,253.00,253.00,253.00,253.00,253.00
2026-09-05 05:47:16,243.00,243.00,243.00,243.00,409.00,409.00,253.00,253.00,253.00,253.00,253.00,253.00,253.00,253.00,253.00
2026-09-05 05:57:14,243.00,243.00,243.00,243.00,409.00,409.00,253.00,253.00,253.00,253.00,253.00,253.00,253.00,253.00,253.00
2026-09-05 06:07:13,243.00,243.00,243.00,243.00,409.00,409.00,253.00,253.00,253.00,253.00,253.00,253.00,253.00,253.00,253.00
2026-09-05 06:17:18,243.00,243.00,243.00,243.00,409.00,409.00,253.00,253.00,253.00,253.00,253.00,253.00,253.00,253.00,253.00
2026-09-05 06:27:13,243.00,243.00,243.00,243.00,409.00,409.00,253.00,253.00,253.00,253.00,253.00,253.00,253.00,253.00,253.00
2026-09-05 06:37:16,243.00,243.00,243.00,243.00,409.00,409.00,253.00,253.00,253.00,253.00,253.00,253.00,253.00,253.00,253.00
2026-09-05 06:46:38,243.00,243.00,243.00,243.00,409.00,409.00,253.00,253.00,253.00,253.00,253.00,253.00,253.00,253.00,253.00
2026-09-05 07:07:08,243.00,243.00,243.00,243.00,409.00,409.00,253.00,253.00,253.00,253.00,253.00,253.00,253.00,253.00,253.00
2026-09-05 07:17:14,243.00,243.00,243.00,243.00,409.00,409.00,253.00,253.00,253.00,253.00,253.00,253.00,253.00,253.00,253.00
2026-09-05 07:27:24,243.00,243.00,243.00,243.00,409.00,409.00,253.00,253.00,253.00,253.00,253.00,253.00,253.00,253.00,253.00
2026-09-05 07:37:14,243.00,243.00,243.00,243.00,409.00,409.00,253.00,253.00,253.00,253.00,253.00,253.00,253.00,253.00,253.00
2026-09-05 07:49:05,243.00,243.00,243.00,243.00,409.00,409.00,253.00,253.00,253.00,253.00,253.00,253.00,253.00,253.00,253.00
2026-09-05 07:57:13,243.00,243.00,243.00,243.00,409.00,409.00,253.00,253.00,253.00,253.00,253.00,253.00,253.00,253.00,253.00
2026-09-05 08:07:19,243.00,243.00,243.00,243.00,409.00,409.00,253.00,253.00,253.00,253.00,253.00,253.00,253.00,253.00,253.00
2026-09-05 08:17:14,243.00,243.00,243.00,243.00,409.00,409.00,253.00,253.00,253.00,253.00,253.00,253.00,253.00,253.00,253.00
2026-09-05 08:27:16,243.00,243.00,243.00,243.00,409.00,409.00,253.00,253.00,253.00,253.00,253.00,253.00,253.00,253.00,253.00
2026-09-05 08:36:37,243.00,243.00,243.00,243.00,409.00,409.00,253.00,253.00,253.00,253.00,253.00,253.00,253.00,253.00,253.00
2026-09-05 08:47:15,243.00,243.00,243.00,243.00,409.00,409.00,253.00,253.00,253.00,253.00,253.00,253.00,253.00,253.00,253.00
2026-09-05 08:57:18,243.00,243.00,243.00,243.00,409.00,409.00,253.00,253.00,253.00,253.00,253.00,253.00,253.00,253.00,253.00
2026-09-05 09:07:15,243.00,243.00,243.00,243.00,409.00,409.00,253.00,253.00,253.00,253.00,253.00,253.00,253.00,253.00,253.00
2026-09-05 09:17:17,243.00,243.00,243.00,243.00,409.00,409.00,253.00,253.00,253.00,253.00,253.00,253.00,253.00,253.00,253.00
2026-09-05 09:27:14,243.00,243.00,243.00,243.00,409.00,409.00,253.00,253.00,253.00,253.00,253.00,253.00,253.00,253.00,253.00
2026-09-05 09:37:17,243.00,243.00,243.00,243.00,409.00,409.00,253.00,253.00,253.00,253.00,253.00,253.00,253.00,253.00,253.00
2026-09-05 09:47:20,243.00,243.00,243.00,243.00,409.00,409.00,253.00,253.00,253.00,253.00,253.00,253.00,253.00,253.00,253.00
2026-09-05 09:57:05,243.00,243.00,243.00,243.00,409.00,409.00,253.00,253.00,253.00,253.00,253.00,253.00,253.00,253.00,253.00
2026-09-05 10:07:08,243.00,243.00,243.00,243.00,409.00,409.00,253.00,253.00,253.00,253.00,253.00,253.00,253.00,253.00,253.00
2026-09-05 10:17:17,243.00,243.00,243.00,243.00,409.00,409.00,253.00,253.00,253.00,253.00,253.00,253.00,253.00,253.00,253.00
2026-09-05 10:26:58,243.00,243.00,243.00,243.00,409.00,409.00,253.00,253.00,253.00,253.00,253.00,253.00,253.00,253.00,253.00
2026-09-05 10:37:13,243.00,243.00,243.00,243.00,409.00,409.00,253.00,253.00,253.00,253.00,253.00,253.00,253.00,253.00,253.00
2026-09-05 10:47:14,243.00,243.00,243.00,243.00,409.00,409.00,253.00,253.00,253.00,253.00,253.00,253.00,253.00,253.00,253.00
2026-09-05 10:57:11,243.00,243.00,243.00,243.00,409.00,409.00,253.00,253.00,253.00,253.00,253.00,253.00,253.00,253.00,253.00
2026-09-05 11:07:03,243.00,243.00,243.00,243.00,409.00,409.00,253.00,253.00,253.00,253.00,253.00,253.00,253.00,253.00,253.00
2026-09-05 11:17:20,243.00,243.00,243.00,243.00,409.00,409.00,253.00,253.00,253.00,253.00,253.00,253.00,253.00,253.00,253.00
2026-09-05 11:27:12,243.00,243.00,243.00,243.00,409.00,409.00,253.00,253.00,253.00,253.00,253.00,253.00,253.00,253.00,253.00
2026-09-05 11:37:12,243.00,243.00,243.00,243.00,409.00,409.00,253.00,253.00,253.00,253.00,253.00,253.00,253.00,253.00,253.00
2026-09-05 11:47:19,243.00,243.00,243.00,243.00,409.00,409.00,253.00,253.00,253.00,253.00,253.00,253.00,253.00,253.00,253.00
2026-09-05 11:57:15,243.00,243.00,243.00,243.00,409.00,409.00,253.00,253.00,253.00,253.00,253.00,253.00,253.00,253.00,253.00
2026-09-05 12:06:52,243.00,243.00,243.00,243.00,409.00,409.00,253.00,253.00,253.00,253.00,253.00,253.00,253.00,253.00,253.00
2026-09-05 12:17:18,243.00,243.00,243.00,243.00,409.00,409.00,253.00,253.00,253.00,253.00,253.00,253.00,253.00,253.00,253.00
2026-09-05 12:27:20,243.00,243.00,243.00,243.00,409.00,409.00,253.00,253.00,253.00,253.00,253.00,253.00,253.00,253.00,253.00
2026-09-05 12:37:19,243.00,243.00,243.00,243.00,409.00,409.00,253.00,253.00,253.00,253.00,253.00,253.00,253.00,253.00,253.00
2026-09-05 12:46:54,243.00,243.00,243.00,243.00,409.00,409.00,253.00,253.00,253.00,253.00,253.00,253.00,253.00,253.00,253.00
2026-09-05 12:57:00,,243.00,243.00,243.00,,,253.00,253.00,,253.00,253.00,,253.00,,
2026-09-05 13:07:07,243.00,243.00,243.00,243.00,409.00,409.00,253.00,253.00,253.00,253.00,253.00,253.00,253.00,253.00,253.00
2026-09-05 13:17:23,243.00,243.00,243.00,243.00,409.00,409.00,253.00,253.00,253.00,253.00,253.00,253.00,253.00,253.00,253.00
2026-09-05 13:27:14,243.00,243.00,243.00,243.00,409.00,409.00,253.00,253.00,253.00,253.00,253.00,253.00,253.00,253.00,253.00
2026-09-05 13:37:23,243.00,243.00,243.00,243.00,409.00,409.00,253.00,253.00,253.00,253.00,253.00,253.00,253.00,253.00,253.00
2026-09-05 13:47:21,243.00,243.00,243.00,243.00,409.00,409.00,253.00,253.00,253.00,253.00,253.00,253.00,253.00,253.00,253.00
2026-09-05 13:57:17,243.00,243.00,243.00,243.00,409.00,409.00,253.00,253.00,253.00,253.00,253.00,253.00,253.00,253.00,253.00
2026-09-05 14:07:21,243.00,243.00,259.00,243.00,409.00,409.00,253.00,253.00,253.00,253.00,253.00,253.00,253.00,253.00,253.00
2026-09-05 14:17:19,243.00,243.00,259.00,243.00,409.00,409.00,253.00,253.00,253.00,253.00,253.00,253.00,253.00,253.00,253.00
2026-09-05 14:27:24,243.00,243.00,259.00,243.00,409.00,409.00,253.00,253.00,253.00,253.00,253.00,253.00,253.00,253.00,253.00
2026-09-05 14:42:20,,243.00,259.00,243.00,,,253.00,253.00,,253.00,253.00,,253.00,,
2026-09-05 14:47:38,243.00,243.00,259.00,243.00,409.00,409.00,253.00,253.00,253.00,253.00,253.00,253.00,253.00,253.00,253.00
