checked_at,AA1250,AA1464,AA1875,AA2452,AA2689,AA2984,AA3076,AA581,UA1358,UA1620
2026-08-18 16:04:43,86.00,86.00,86.00,86.00,168.00,86.00,86.00,86.00,86.00,86.00
2026-08-18 16:14:19,86.00,86.00,86.00,86.00,168.00,86.00,86.00,86.00,86.00,86.00
2026-08-18 16:24:21,86.00,86.00,86.00,86.00,168.00,86.00,86.00,86.00,86.00,86.00
2026-08-18 16:32:34,86.00,86.00,86.00,86.00,168.00,86.00,86.00,86.00,86.00,86.00
2026-08-18 16:38:48,86.00,86.00,86.00,86.00,168.00,86.00,86.00,86.00,86.00,86.00
2026-08-18 16:45:06,86.00,86.00,86.00,86.00,168.00,86.00,86.00,86.00,86.00,86.00
2026-08-18 16:54:37,86.00,86.00,86.00,86.00,168.00,86.00,86.00,86.00,86.00,86.00
2026-08-18 17:02:53,86.00,86.00,86.00,86.00,168.00,86.00,86.00,86.00,86.00,86.00
2026-08-18 17:08:50,86.00,86.00,86.00,86.00,168.00,86.00,86.00,86.00,86.00,86.00
2026-08-18 17:14:53,86.00,86.00,86.00,86.00,168.00,86.00,86.00,86.00,86.00,86.00
2026-08-18 17:24:35,86.00,86.00,86.00,86.00,168.00,86.00,86.00,86.00,86.00,86.00
2026-08-18 17:34:21,86.00,86.00,86.00,86.00,168.00,86.00,86.00,86.00,86.00,86.00
2026-08-18 17:44:26,86.00,86.00,86.00,86.00,168.00,86.00,86.00,86.00,86.00,86.00
2026-08-18 17:54:10,86.00,86.00,86.00,86.00,168.00,86.00,86.00,86.00,86.00,86.00
2026-08-18 18:04:33,86.00,86.00,86.00,86.00,168.00,86.00,86.00,86.00,86.00,86.00
2026-08-18 18:14:23,86.00,86.00,86.00,86.00,168.00,86.00,86.00,86.00,86.00,86.00
2026-08-18 18:24:20,86.00,86.00,86.00,86.00,168.00,86.00,86.00,86.00,86.00,86.00
2026-08-18 18:34:31,86.00,86.00,86.00,86.00,168.00,86.00,86.00,86.00,86.00,86.00
2026-08-18 18:44:34,86.00,86.00,86.00,86.00,168.00,86.00,86.00,86.00,86.00,86.00
2026-08-18 18:54:29,86.00,86.00,86.00,86.00,168.00,86.00,86.00,86.00,86.00,86.00
2026-08-18 19:04:36,86.00,86.00,86.00,86.00,168.00,86.00,86.00,86.00,86.00,86.00
2026-08-18 19:14:29,86.00,86.00,86.00,86.00,168.00,86.00,86.00,86.00,86.00,86.00
2026-08-18 19:24:39,86.00,86.00,86.00,86.00,168.00,86.00,86.00,86.00,86.00,86.00
2026-08-18 19:34:38,86.00,86.00,86.00,86.00,168.00,86.00,86.00,86.00,86.00,86.00
2026-08-18 19:44:28,86.00,86.00,86.00,86.00,168.00,86.00,86.00,86.00,86.00,86.00
2026-08-18 19:54:32,86.00,86.00,86.00,86.00,168.00,86.00,86.00,86.00,86.00,86.00
2026-08-18 20:04:39,86.00,86.00,86.00,86.00,168.00,86.00,86.00,86.00,86.00,86.00
2026-08-18 20:14:55,86.00,,86.00,86.00,168.00,86.00,,,86.00,86.00
2026-08-18 20:24:49,86.00,86.00,86.00,86.00,168.00,86.00,86.00,86.00,86.00,86.00
2026-08-18 20:34:47,86.00,86.00,86.00,86.00,168.00,86.00,86.00,86.00,86.00,86.00
2026-08-18 20:44:29,86.00,86.00,86.00,86.00,168.00,86.00,86.00,86.00,86.00,86.00
2026-08-18 20:54:19,86.00,86.00,86.00,86.00,168.00,86.00,86.00,86.00,86.00,86.00
2026-08-18 21:04:53,86.00,86.00,86.00,86.00,168.00,86.00,86.00,86.00,86.00,86.00
2026-08-18 21:14:19,86.00,86.00,86.00,86.00,168.00,86.00,86.00,86.00,86.00,86.00
2026-08-18 21:24:25,86.00,86.00,86.00,86.00,168.00,86.00,86.00,86.00,86.00,86.00
2026-08-18 21:34:42,86.00,86.00,86.00,86.00,168.00,86.00,86.00,86.00,86.00,86.00
2026-08-18 21:44:35,86.00,86.00,86.00,86.00,168.00,86.00,86.00,86.00,86.00,86.00
2026-08-18 21:54:29,86.00,86.00,86.00,86.00,168.00,86.00,86.00,86.00,86.00,86.00
2026-08-18 22:04:36,86.00,86.00,86.00,86.00,168.00,86.00,86.00,86.00,86.00,86.00
2026-08-18 22:14:28,86.00,86.00,86.00,86.00,168.00,86.00,86.00,86.00,86.00,86.00
2026-08-18 22:24:22,86.00,86.00,86.00,86.00,168.00,86.00,86.00,86.00,86.00,86.00
2026-08-18 22:34:34,86.00,86.00,86.00,86.00,168.00,86.00,86.00,86.00,86.00,86.00
2026-08-18 22:44:54,86.00,86.00,86.00,86.00,168.00,86.00,86.00,86.00,86.00,86.00
2026-08-18 22:54:32,86.00,86.00,86.00,86.00,168.00,86.00,86.00,86.00,86.00,86.00
2026-08-18 23:04:37,86.00,86.00,86.00,86.00,168.00,86.00,86.00,86.00,86.00,86.00
2026-08-18 23:14:22,86.00,86.00,86.00,86.00,168.00,86.00,86.00,86.00,86.00,86.00
2026-08-18 23:25:09,86.00,86.00,86.00,86.00,168.00,86.00,86.00,86.00,86.00,86.00
2026-08-18 23:34:43,86.00,86.00,86.00,86.00,168.00,86.00,86.00,86.00,86.00,86.00
2026-08-18 23:44:38,86.00,86.00,86.00,86.00,168.00,86.00,86.00,86.00,86.00,86.00
2026-08-18 23:54:35,86.00,86.00,86.00,86.00,168.00,86.00,86.00,86.00,86.00,86.00
2026-08-19 00:04:37,86.00,86.00,86.00,86.00,168.00,86.00,86.00,86.00,86.00,86.00
2026-08-19 00:14:32,86.00,86.00,86.00,86.00,168.00,86.00,86.00,86.00,86.00,86.00
2026-08-19 00:24:31,86.00,86.00,86.00,86.00,168.00,86.00,86.00,86.00,86.00,86.00
2026-08-19 00:34:35,86.00,86.00,86.00,86.00,168.00,86.00,86.00,86.00,86.00,86.00
2026-08-19 00:44:31,86.00,86.00,86.00,86.00,168.00,86.00,86.00,86.00,86.00,86.00
2026-08-19 00:54:34,86.00,86.00,86.00,86.00,168.00,86.00,86.00,86.00,86.00,86.00
2026-08-19 01:04:49,86.00,86.00,86.00,86.00,168.00,86.00,86.00,86.00,86.00,86.00
2026-08-19 01:14:30,86.00,86.00,86.00,86.00,168.00,86.00,86.00,86.00,86.00,86.00
2026-08-19 01:24:41,86.00,86.00,86.00,86.00,168.00,86.00,86.00,86.00,86.00,86.00
2026-08-19 01:34:46,86.00,86.00,86.00,86.00,168.00,86.00,86.00,86.00,86.00,86.00
2026-08-19 01:44:27,86.00,86.00,86.00,86.00,168.00,86.00,86.00,86.00,86.00,86.00
2026-08-19 01:54:38,86.00,86.00,86.00,86.00,168.00,86.00,86.00,86.00,86.00,86.00
2026-08-19 02:04:44,86.00,86.00,86.00,86.00,168.00,86.00,86.00,86.00,86.00,86.00
2026-08-19 02:14:56,86.00,86.00,86.00,86.00,168.00,86.00,86.00,86.00,86.00,86.00
2026-08-19 02:25:00,86.00,86.00,86.00,86.00,168.00,86.00,86.00,86.00,86.00,86.00
2026-08-19 02:34:37,86.00,86.00,86.00,86.00,168.00,86.00,86.00,86.00,86.00,86.00
2026-08-19 02:45:01,86.00,86.00,86.00,86.00,168.00,86.00,86.00,86.00,86.00,86.00
2026-08-19 02:54:56,86.00,86.00,86.00,86.00,168.00,86.00,86.00,86.00,86.00,86.00
2026-08-19 03:04:47,86.00,86.00,86.00,86.00,168.00,86.00,86.00,86.00,86.00,86.00
2026-08-19 03:14:44,86.00,86.00,86.00,86.00,168.00,86.00,86.00,86.00,86.00,86.00
2026-08-19 03:24:44,86.00,86.00,86.00,86.00,168.00,86.00,86.00,86.00,86.00,86.00
2026-08-19 03:34:56,86.00,86.00,86.00,86.00,168.00,86.00,86.00,86.00,86.00,86.00
2026-08-19 03:44:48,86.00,86.00,86.00,86.00,168.00,86.00,86.00,86.00,86.00,86.00
2026-08-19 03:54:41,86.00,86.00,86.00,86.00,168.00,86.00,86.00,86.00,86.00,86.00
2026-08-19 04:04:52,86.00,86.00,86.00,86.00,168.00,86.00,86.00,86.00,86.00,86.00
2026-08-19 04:14:40,86.00,86.00,86.00,86.00,168.00,86.00,86.00,86.00,86.00,86.00
2026-08-19 04:24:48,86.00,86.00,86.00,86.00,168.00,86.00,86.00,86.00,86.00,86.00
2026-08-19 04:34:54,86.00,86.00,86.00,86.00,168.00,86.00,86.00,86.00,86.00,86.00
2026-08-19 04:44:34,86.00,86.00,86.00,86.00,168.00,86.00,86.00,86.00,86.00,86.00
2026-08-19 04:54:47,86.00,86.00,86.00,86.00,168.00,86.00,86.00,86.00,86.00,86.00
2026-08-19 05:04:40,86.00,86.00,86.00,86.00,168.00,86.00,86.00,86.00,86.00,86.00
2026-08-19 05:14:40,86.00,86.00,86.00,86.00,168.00,86.00,86.00,86.00,86.00,86.00
2026-08-19 05:24:32,86.00,86.00,86.00,86.00,168.00,86.00,86.00,86.00,86.00,86.00
2026-08-19 05:34:43,86.00,86.00,86.00,86.00,168.00,86.00,86.00,86.00,86.00,86.00
2026-08-19 05:44:32,86.00,86.00,86.00,86.00,168.00,86.00,86.00,86.00,86.00,86.00
2026-08-19 05:54:42,86.00,86.00,86.00,86.00,168.00,86.00,86.00,86.00,86.00,86.00
2026-08-19 06:04:37,86.00,86.00,86.00,86.00,168.00,86.00,86.00,86.00,86.00,86.00
2026-08-19 06:14:37,86.00,86.00,86.00,86.00,168.00,86.00,86.00,86.00,86.00,86.00
2026-08-19 06:24:35,86.00,86.00,86.00,86.00,168.00,86.00,86.00,86.00,86.00,86.00
2026-08-19 06:34:42,86.00,86.00,86.00,86.00,168.00,86.00,86.00,86.00,86.00,86.00
2026-08-19 06:44:34,86.00,86.00,86.00,86.00,168.00,86.00,86.00,86.00,86.00,86.00
2026-08-19 06:54:41,86.00,86.00,86.00,86.00,168.00,86.00,86.00,86.00,86.00,86.00
2026-08-19 07:04:42,86.00,86.00,86.00,86.00,168.00,86.00,86.00,86.00,86.00,86.00
2026-08-19 07:14:50,86.00,86.00,86.00,86.00,168.00,86.00,86.00,86.00,86.00,86.00
2026-08-19 07:24:51,86.00,86.00,86.00,86.00,168.00,86.00,86.00,86.00,86.00,86.00
2026-08-19 07:34:47,86.00,86.00,86.00,86.00,168.00,86.00,86.00,86.00,86.00,86.00
2026-08-19 07:44:36,86.00,86.00,86.00,86.00,168.00,86.00,86.00,86.00,86.00,86.00
2026-08-19 07:54:46,86.00,86.00,86.00,86.00,168.00,86.00,86.00,86.00,86.00,86.00
2026-08-19 08:04:49,86.00,86.00,86.00,86.00,168.00,86.00,86.00,86.00,86.00,86.00
2026-08-19 08:14:43,86.00,86.00,86.00,86.00,168.00,86.00,86.00,86.00,86.00,86.00
2026-08-19 08:24:34,86.00,86.00,86.00,86.00,168.00,86.00,86.00,86.00,86.00,86.00
2026-08-19 08:34:50,86.00,86.00,86.00,86.00,168.00,86.00,86.00,86.00,86.00,86.00
2026-08-19 08:44:40,86.00,86.00,86.00,86.00,168.00,86.00,86.00,86.00,86.00,86.00
2026-08-19 08:54:42,86.00,86.00,86.00,86.00,168.00,86.00,86.00,86.00,86.00,86.00
2026-08-19 09:04:51,86.00,86.00,86.00,86.00,168.00,86.00,86.00,86.00,86.00,86.00
2026-08-19 09:14:35,86.00,86.00,86.00,86.00,168.00,86.00,86.00,86.00,86.00,86.00
2026-08-19 09:24:41,86.00,86.00,86.00,86.00,168.00,86.00,86.00,86.00,86.00,86.00
2026-08-19 09:34:42,86.00,86.00,86.00,86.00,168.00,86.00,86.00,86.00,86.00,86.00
2026-08-19 09:44:39,86.00,86.00,86.00,86.00,168.00,86.00,86.00,86.00,86.00,86.00
2026-08-19 09:54:39,86.00,86.00,86.00,86.00,168.00,86.00,86.00,86.00,86.00,86.00
2026-08-19 10:04:46,86.00,86.00,86.00,86.00,168.00,86.00,86.00,86.00,86.00,86.00
2026-08-19 10:14:38,86.00,86.00,86.00,86.00,168.00,86.00,86.00,86.00,86.00,86.00
2026-08-19 10:24:31,86.00,86.00,86.00,86.00,168.00,86.00,86.00,86.00,86.00,86.00
2026-08-19 10:34:37,86.00,86.00,86.00,86.00,168.00,86.00,86.00,86.00,86.00,86.00
2026-08-19 10:44:39,86.00,86.00,86.00,86.00,168.00,86.00,86.00,86.00,86.00,86.00
2026-08-19 10:54:33,86.00,86.00,86.00,86.00,168.00,86.00,86.00,86.00,86.00,86.00
2026-08-19 11:04:43,86.00,86.00,86.00,86.00,168.00,86.00,86.00,86.00,86.00,86.00
2026-08-19 11:14:38,86.00,86.00,86.00,86.00,168.00,86.00,86.00,86.00,86.00,86.00
2026-08-19 11:24:52,86.00,86.00,86.00,86.00,168.00,86.00,86.00,86.00,86.00,86.00
2026-08-19 11:34:36,86.00,86.00,86.00,86.00,168.00,86.00,86.00,86.00,86.00,86.00
2026-08-19 11:44:33,86.00,86.00,86.00,86.00,168.00,86.00,86.00,86.00,86.00,86.00
2026-08-19 11:54:51,86.00,86.00,86.00,86.00,168.00,86.00,86.00,86.00,86.00,86.00
2026-08-19 12:04:42,86.00,86.00,86.00,86.00,168.00,86.00,86.00,86.00,86.00,86.00
2026-08-19 12:14:39,86.00,86.00,86.00,86.00,168.00,86.00,86.00,86.00,86.00,86.00
2026-08-19 12:24:55,86.00,86.00,86.00,86.00,168.00,86.00,86.00,86.00,86.00,86.00
2026-08-19 12:35:03,86.00,86.00,86.00,86.00,168.00,86.00,86.00,86.00,86.00,86.00
2026-08-19 12:44:51,86.00,86.00,86.00,86.00,168.00,86.00,86.00,86.00,86.00,86.00
2026-08-19 12:54:32,86.00,86.00,86.00,86.00,168.00,86.00,86.00,86.00,86.00,86.00
2026-08-19 13:04:45,86.00,86.00,86.00,86.00,168.00,86.00,86.00,86.00,86.00,86.00
2026-08-19 13:14:50,86.00,86.00,86.00,86.00,168.00,86.00,86.00,86.00,86.00,86.00
2026-08-19 13:24:45,86.00,86.00,86.00,86.00,168.00,86.00,86.00,86.00,86.00,86.00
2026-08-19 13:34:52,86.00,86.00,86.00,86.00,168.00,86.00,86.00,86.00,86.00,86.00
2026-08-19 13:44:51,86.00,86.00,86.00,86.00,168.00,86.00,86.00,86.00,86.00,86.00
2026-08-19 13:54:47,86.00,86.00,86.00,86.00,168.00,247.00,86.00,86.00,86.00,86.00
2026-08-19 14:04:58,86.00,86.00,86.00,86.00,168.00,247.00,86.00,86.00,86.00,86.00
2026-08-19 14:14:48,86.00,86.00,86.00,86.00,168.00,247.00,86.00,86.00,86.00,86.00
2026-08-19 14:24:53,86.00,86.00,86.00,86.00,247.00,247.00,86.00,86.00,86.00,86.00
2026-08-19 14:34:46,86.00,86.00,86.00,86.00,247.00,247.00,86.00,86.00,86.00,86.00
2026-08-19 14:44:49,86.00,86.00,86.00,86.00,247.00,247.00,86.00,86.00,86.00,86.00
2026-08-19 14:54:40,86.00,86.00,86.00,86.00,247.00,247.00,86.00,86.00,86.00,86.00
2026-08-19 15:04:58,86.00,86.00,86.00,86.00,247.00,247.00,86.00,86.00,86.00,86.00
2026-08-19 15:14:50,86.00,86.00,86.00,86.00,247.00,247.00,86.00,86.00,86.00,86.00
2026-08-19 15:24:45,86.00,86.00,86.00,86.00,247.00,247.00,86.00,86.00,86.00,86.00
2026-08-19 15:35:20,86.00,86.00,86.00,86.00,247.00,247.00,86.00,86.00,86.00,86.00
2026-08-19 15:45:03,86.00,86.00,86.00,86.00,247.00,247.00,86.00,86.00,86.00,86.00
2026-08-19 15:54:53,86.00,86.00,86.00,86.00,247.00,247.00,86.00,86.00,86.00,86.00
2026-08-19 16:04:59,86.00,86.00,86.00,86.00,247.00,247.00,86.00,86.00,86.00,86.00
2026-08-19 16:14:49,86.00,86.00,86.00,86.00,247.00,247.00,86.00,86.00,86.00,86.00
2026-08-19 16:24:55,86.00,86.00,86.00,86.00,247.00,247.00,86.00,86.00,86.00,86.00
2026-08-19 16:34:55,86.00,86.00,86.00,86.00,247.00,247.00,86.00,86.00,86.00,86.00
2026-08-19 16:44:50,86.00,86.00,86.00,86.00,247.00,247.00,86.00,86.00,86.00,86.00
2026-08-19 16:55:15,86.00,86.00,86.00,86.00,247.00,247.00,86.00,86.00,86.00,86.00
2026-08-19 17:05:05,86.00,86.00,86.00,86.00,247.00,247.00,86.00,86.00,86.00,86.00
2026-08-19 17:14:48,86.00,86.00,86.00,86.00,247.00,247.00,86.00,86.00,86.00,86.00
2026-08-19 17:24:52,86.00,86.00,86.00,86.00,247.00,247.00,86.00,86.00,86.00,86.00
2026-08-19 17:35:00,86.00,86.00,86.00,86.00,247.00,247.00,86.00,86.00,86.00,86.00
2026-08-19 17:44:56,86.00,86.00,86.00,86.00,247.00,247.00,86.00,86.00,86.00,86.00
2026-08-19 17:54:49,86.00,86.00,86.00,86.00,247.00,247.00,86.00,86.00,86.00,86.00
2026-08-19 18:04:57,86.00,86.00,86.00,86.00,247.00,247.00,86.00,86.00,86.00,86.00
2026-08-19 18:14:54,86.00,86.00,86.00,86.00,247.00,247.00,86.00,86.00,86.00,86.00
2026-08-19 18:24:57,86.00,86.00,86.00,86.00,247.00,247.00,86.00,86.00,86.00,86.00
2026-08-19 18:34:54,86.00,86.00,86.00,86.00,247.00,247.00,86.00,86.00,86.00,86.00
2026-08-19 18:44:56,86.00,86.00,86.00,86.00,247.00,247.00,86.00,86.00,86.00,86.00
2026-08-19 18:54:51,86.00,86.00,86.00,86.00,247.00,247.00,86.00,86.00,86.00,86.00
2026-08-19 19:04:55,86.00,86.00,86.00,86.00,247.00,247.00,86.00,86.00,86.00,86.00
2026-08-19 19:14:52,86.00,86.00,86.00,86.00,247.00,247.00,86.00,86.00,86.00,86.00
2026-08-19 19:24:55,86.00,86.00,86.00,86.00,247.00,247.00,86.00,86.00,86.00,86.00
2026-08-19 19:35:06,86.00,86.00,86.00,86.00,247.00,247.00,86.00,86.00,86.00,86.00
2026-08-19 19:44:46,86.00,86.00,86.00,86.00,247.00,247.00,86.00,86.00,86.00,86.00
2026-08-19 19:54:50,86.00,86.00,86.00,86.00,247.00,247.00,86.00,86.00,86.00,86.00
2026-08-19 20:04:58,86.00,86.00,86.00,86.00,247.00,247.00,86.00,86.00,86.00,86.00
2026-08-19 20:15:06,86.00,86.00,86.00,86.00,247.00,247.00,86.00,86.00,86.00,86.00
2026-08-19 20:24:50,86.00,86.00,86.00,86.00,247.00,247.00,86.00,86.00,86.00,86.00
2026-08-19 20:35:05,86.00,86.00,86.00,86.00,247.00,247.00,86.00,86.00,86.00,86.00
2026-08-19 20:45:02,86.00,86.00,86.00,86.00,247.00,247.00,86.00,86.00,86.00,86.00
2026-08-19 20:55:09,86.00,86.00,86.00,86.00,247.00,247.00,86.00,86.00,86.00,86.00
2026-08-19 21:05:10,86.00,86.00,86.00,86.00,247.00,247.00,86.00,86.00,86.00,86.00
2026-08-19 21:14:48,86.00,86.00,86.00,86.00,247.00,247.00,86.00,86.00,86.00,86.00
2026-08-19 21:24:49,86.00,86.00,86.00,86.00,247.00,247.00,86.00,86.00,86.00,86.00
2026-08-19 21:35:03,86.00,86.00,86.00,86.00,247.00,247.00,86.00,86.00,86.00,86.00
2026-08-19 21:45:04,86.00,86.00,86.00,86.00,247.00,247.00,86.00,86.00,86.00,86.00
2026-08-19 21:54:52,86.00,86.00,86.00,86.00,247.00,247.00,86.00,86.00,86.00,86.00
2026-08-19 22:05:09,86.00,86.00,86.00,86.00,247.00,247.00,86.00,86.00,86.00,86.00
2026-08-19 22:14:49,86.00,86.00,86.00,86.00,247.00,247.00,86.00,86.00,86.00,86.00
2026-08-19 22:24:53,86.00,86.00,86.00,86.00,247.00,247.00,86.00,86.00,86.00,86.00
2026-08-19 22:35:05,86.00,86.00,86.00,86.00,247.00,247.00,86.00,86.00,86.00,86.00
2026-08-19 22:44:50,86.00,86.00,86.00,86.00,247.00,247.00,86.00,86.00,86.00,86.00
2026-08-19 22:54:51,86.00,86.00,86.00,86.00,247.00,247.00,86.00,86.00,86.00,86.00
2026-08-19 23:04:55,86.00,86.00,86.00,86.00,247.00,247.00,86.00,86.00,86.00,86.00
2026-08-19 23:15:07,86.00,86.00,86.00,86.00,247.00,247.00,86.00,86.00,86.00,86.00
2026-08-19 23:24:45,86.00,86.00,86.00,86.00,247.00,247.00,86.00,86.00,86.00,86.00
2026-08-19 23:35:01,86.00,86.00,86.00,86.00,247.00,247.00,86.00,86.00,86.00,86.00
2026-08-19 23:44:48,86.00,86.00,86.00,86.00,247.00,247.00,86.00,86.00,86.00,86.00
2026-08-19 23:54:55,86.00,86.00,86.00,86.00,247.00,247.00,86.00,86.00,86.00,86.00
2026-08-20 00:05:22,86.00,86.00,86.00,86.00,247.00,247.00,86.00,86.00,86.00,86.00
2026-08-20 00:14:52,86.00,86.00,86.00,86.00,247.00,247.00,86.00,86.00,86.00,86.00
2026-08-20 00:25:06,86.00,86.00,86.00,86.00,247.00,247.00,86.00,86.00,86.00,86.00
2026-08-20 00:34:54,86.00,86.00,86.00,86.00,247.00,247.00,86.00,86.00,86.00,86.00
2026-08-20 00:44:53,86.00,86.00,86.00,86.00,247.00,247.00,86.00,86.00,86.00,86.00
2026-08-20 00:54:55,86.00,86.00,86.00,86.00,247.00,247.00,86.00,86.00,86.00,86.00
2026-08-20 01:05:11,86.00,86.00,86.00,86.00,247.00,247.00,86.00,86.00,86.00,86.00
2026-08-20 01:15:15,86.00,86.00,86.00,86.00,247.00,247.00,86.00,86.00,86.00,86.00
2026-08-20 01:25:01,86.00,86.00,86.00,86.00,247.00,247.00,86.00,86.00,86.00,86.00
2026-08-20 01:34:51,86.00,86.00,86.00,86.00,247.00,247.00,86.00,86.00,86.00,86.00
2026-08-20 01:44:50,86.00,86.00,86.00,86.00,247.00,247.00,86.00,86.00,86.00,86.00
2026-08-20 01:55:01,86.00,86.00,86.00,86.00,247.00,247.00,86.00,86.00,86.00,86.00
2026-08-20 02:05:20,86.00,86.00,86.00,86.00,247.00,247.00,86.00,86.00,86.00,86.00
2026-08-20 02:15:15,86.00,86.00,86.00,86.00,247.00,247.00,86.00,86.00,86.00,86.00
2026-08-20 02:25:03,86.00,86.00,86.00,86.00,247.00,247.00,86.00,86.00,86.00,86.00
2026-08-20 02:35:07,86.00,86.00,86.00,86.00,247.00,247.00,86.00,86.00,86.00,86.00
2026-08-20 02:45:04,86.00,86.00,86.00,86.00,247.00,247.00,86.00,86.00,86.00,86.00
2026-08-20 02:54:54,86.00,86.00,86.00,86.00,247.00,247.00,86.00,86.00,86.00,86.00
2026-08-20 03:05:03,86.00,86.00,86.00,86.00,247.00,247.00,86.00,86.00,86.00,86.00
2026-08-20 03:14:58,86.00,86.00,86.00,86.00,247.00,247.00,86.00,86.00,86.00,86.00
2026-08-20 03:24:49,86.00,86.00,86.00,86.00,247.00,247.00,86.00,86.00,86.00,86.00
2026-08-20 03:35:11,86.00,86.00,86.00,86.00,247.00,247.00,86.00,86.00,86.00,86.00
2026-08-20 03:45:00,86.00,86.00,86.00,86.00,247.00,247.00,86.00,86.00,86.00,86.00
2026-08-20 03:54:54,86.00,86.00,86.00,86.00,247.00,247.00,86.00,86.00,86.00,86.00
2026-08-20 04:05:12,86.00,86.00,86.00,86.00,247.00,247.00,86.00,86.00,86.00,86.00
2026-08-20 04:14:57,86.00,86.00,86.00,86.00,247.00,247.00,86.00,86.00,86.00,86.00
2026-08-20 04:25:04,86.00,86.00,86.00,86.00,247.00,247.00,86.00,86.00,86.00,86.00
2026-08-20 04:34:54,86.00,86.00,86.00,86.00,247.00,247.00,86.00,86.00,86.00,86.00
2026-08-20 04:44:56,86.00,86.00,86.00,86.00,247.00,247.00,86.00,86.00,86.00,86.00
2026-08-20 04:54:56,86.00,86.00,86.00,86.00,247.00,247.00,86.00,86.00,86.00,86.00
2026-08-20 05:04:57,86.00,86.00,86.00,86.00,247.00,247.00,86.00,86.00,86.00,86.00
2026-08-20 05:14:54,86.00,86.00,86.00,86.00,247.00,247.00,86.00,86.00,86.00,86.00
2026-08-20 05:24:58,86.00,86.00,86.00,86.00,247.00,247.00,86.00,86.00,86.00,86.00
2026-08-20 05:35:02,86.00,86.00,86.00,86.00,247.00,247.00,86.00,86.00,86.00,86.00
2026-08-20 05:44:56,86.00,86.00,86.00,86.00,247.00,247.00,86.00,86.00,86.00,86.00
2026-08-20 05:54:44,86.00,86.00,86.00,86.00,247.00,247.00,86.00,86.00,86.00,86.00
2026-08-20 06:05:18,86.00,86.00,86.00,86.00,247.00,247.00,86.00,86.00,86.00,86.00
2026-08-20 06:14:50,86.00,86.00,86.00,86.00,247.00,247.00,86.00,86.00,86.00,86.00
2026-08-20 06:24:44,86.00,86.00,86.00,86.00,247.00,247.00,86.00,86.00,86.00,86.00
2026-08-20 06:34:58,86.00,86.00,86.00,86.00,247.00,247.00,86.00,86.00,86.00,86.00
2026-08-20 06:44:55,86.00,86.00,86.00,86.00,247.00,247.00,86.00,86.00,86.00,86.00
2026-08-20 06:54:51,86.00,86.00,86.00,86.00,247.00,247.00,86.00,86.00,86.00,86.00
2026-08-20 07:05:02,86.00,86.00,86.00,86.00,247.00,247.00,86.00,86.00,86.00,86.00
2026-08-20 07:14:59,86.00,86.00,86.00,86.00,247.00,247.00,86.00,86.00,86.00,86.00
2026-08-20 07:24:50,86.00,86.00,86.00,86.00,247.00,247.00,86.00,86.00,86.00,86.00
2026-08-20 07:35:04,86.00,86.00,86.00,86.00,247.00,247.00,86.00,86.00,86.00,86.00
2026-08-20 07:44:58,86.00,86.00,86.00,86.00,247.00,247.00,86.00,86.00,86.00,86.00
2026-08-20 07:54:56,86.00,86.00,86.00,86.00,247.00,247.00,86.00,86.00,86.00,86.00
2026-08-20 08:04:59,86.00,86.00,86.00,86.00,247.00,247.00,86.00,86.00,86.00,86.00
2026-08-20 08:14:51,86.00,86.00,86.00,86.00,247.00,247.00,86.00,86.00,86.00,86.00
2026-08-20 08:24:57,86.00,86.00,86.00,86.00,247.00,247.00,86.00,86.00,86.00,86.00
2026-08-20 08:34:59,86.00,86.00,86.00,86.00,247.00,247.00,86.00,86.00,86.00,86.00
2026-08-20 08:44:53,86.00,86.00,86.00,86.00,247.00,247.00,86.00,86.00,86.00,86.00
2026-08-20 08:54:57,86.00,86.00,86.00,86.00,247.00,247.00,86.00,86.00,86.00,86.00
2026-08-20 09:05:03,86.00,86.00,86.00,86.00,247.00,247.00,86.00,86.00,86.00,86.00
2026-08-20 09:14:56,86.00,86.00,86.00,86.00,247.00,247.00,86.00,86.00,86.00,86.00
2026-08-20 09:24:49,86.00,86.00,86.00,86.00,247.00,247.00,86.00,86.00,86.00,86.00
2026-08-20 09:34:58,86.00,86.00,86.00,86.00,247.00,247.00,86.00,86.00,86.00,86.00
2026-08-20 09:44:44,86.00,86.00,86.00,86.00,247.00,247.00,86.00,86.00,86.00,86.00
2026-08-20 09:55:04,86.00,86.00,86.00,86.00,247.00,247.00,86.00,86.00,86.00,86.00
2026-08-20 10:04:57,86.00,86.00,86.00,86.00,247.00,247.00,86.00,86.00,86.00,86.00
2026-08-20 10:14:39,86.00,86.00,86.00,86.00,247.00,247.00,86.00,86.00,86.00,86.00
2026-08-20 10:24:56,86.00,86.00,86.00,86.00,247.00,247.00,86.00,86.00,86.00,86.00
2026-08-20 10:35:09,86.00,86.00,86.00,86.00,247.00,247.00,86.00,86.00,86.00,86.00
2026-08-20 10:45:04,86.00,86.00,86.00,86.00,247.00,247.00,86.00,86.00,86.00,86.00
2026-08-20 10:55:03,86.00,86.00,86.00,86.00,247.00,247.00,86.00,86.00,86.00,86.00
2026-08-20 11:05:19,86.00,86.00,86.00,86.00,247.00,247.00,86.00,86.00,86.00,86.00
2026-08-20 11:14:58,86.00,86.00,86.00,86.00,247.00,247.00,86.00,86.00,86.00,86.00
2026-08-20 11:25:06,86.00,86.00,86.00,86.00,247.00,247.00,86.00,86.00,86.00,86.00
2026-08-20 11:35:13,86.00,86.00,86.00,86.00,247.00,247.00,86.00,86.00,86.00,86.00
2026-08-20 11:45:15,86.00,86.00,86.00,86.00,247.00,247.00,86.00,86.00,86.00,86.00
2026-08-20 11:55:17,86.00,86.00,86.00,86.00,247.00,247.00,86.00,86.00,86.00,86.00
2026-08-20 12:05:23,86.00,86.00,86.00,86.00,247.00,247.00,86.00,86.00,86.00,86.00
2026-08-20 12:15:01,86.00,86.00,86.00,86.00,247.00,247.00,86.00,86.00,86.00,86.00
2026-08-20 12:25:03,86.00,86.00,86.00,86.00,247.00,247.00,86.00,86.00,86.00,86.00
2026-08-20 12:35:06,86.00,86.00,86.00,86.00,247.00,247.00,86.00,86.00,86.00,86.00
2026-08-20 12:45:14,86.00,86.00,86.00,86.00,247.00,247.00,86.00,86.00,86.00,86.00
2026-08-20 12:55:09,86.00,86.00,86.00,86.00,247.00,247.00,86.00,86.00,86.00,86.00
2026-08-20 13:05:43,86.00,86.00,86.00,86.00,247.00,247.00,86.00,86.00,86.00,86.00
2026-08-20 13:15:15,86.00,86.00,86.00,86.00,247.00,247.00,86.00,86.00,86.00,86.00
2026-08-20 13:25:03,86.00,86.00,86.00,86.00,247.00,247.00,86.00,86.00,86.00,86.00
2026-08-20 13:35:13,86.00,86.00,86.00,86.00,247.00,247.00,86.00,86.00,86.00,86.00
2026-08-20 13:45:02,86.00,86.00,86.00,86.00,247.00,247.00,86.00,86.00,86.00,86.00
2026-08-20 13:55:23,86.00,86.00,86.00,86.00,247.00,247.00,86.00,86.00,86.00,86.00
2026-08-20 14:05:21,86.00,86.00,86.00,86.00,247.00,247.00,86.00,86.00,86.00,86.00
2026-08-20 14:15:05,86.00,86.00,86.00,86.00,247.00,247.00,86.00,86.00,86.00,86.00
2026-08-20 14:25:07,86.00,86.00,86.00,86.00,247.00,247.00,86.00,86.00,86.00,86.00
2026-08-20 14:35:09,86.00,86.00,86.00,86.00,247.00,247.00,86.00,86.00,86.00,86.00
2026-08-20 14:45:14,86.00,86.00,86.00,86.00,247.00,247.00,86.00,86.00,86.00,86.00
2026-08-20 14:55:29,86.00,86.00,86.00,86.00,247.00,247.00,86.00,86.00,86.00,86.00
2026-08-20 15:05:07,86.00,86.00,86.00,86.00,247.00,247.00,86.00,86.00,86.00,86.00
2026-08-20 15:15:09,86.00,86.00,86.00,86.00,247.00,247.00,86.00,86.00,86.00,86.00
2026-08-20 15:25:16,86.00,86.00,86.00,86.00,247.00,247.00,86.00,86.00,86.00,86.00
2026-08-20 15:35:39,86.00,86.00,86.00,86.00,247.00,247.00,86.00,86.00,86.00,86.00
2026-08-20 15:45:06,86.00,86.00,86.00,86.00,247.00,247.00,86.00,86.00,86.00,86.00
2026-08-20 15:55:13,86.00,86.00,86.00,86.00,247.00,247.00,86.00,86.00,86.00,86.00
2026-08-20 16:05:05,86.00,86.00,86.00,86.00,247.00,247.00,86.00,86.00,86.00,86.00
2026-08-20 16:15:19,,86.00,,,,,86.00,86.00,,
2026-08-20 16:25:15,86.00,86.00,86.00,86.00,247.00,247.00,86.00,86.00,86.00,86.00
2026-08-20 16:35:16,86.00,86.00,86.00,86.00,247.00,247.00,86.00,86.00,86.00,86.00
2026-08-20 16:45:28,86.00,86.00,86.00,86.00,247.00,247.00,86.00,86.00,86.00,86.00
2026-08-20 16:55:13,86.00,86.00,86.00,86.00,247.00,247.00,86.00,86.00,86.00,86.00
2026-08-20 17:05:17,86.00,86.00,86.00,86.00,247.00,247.00,86.00,86.00,86.00,86.00
2026-08-20 17:20:22,86.00,86.00,86.00,86.00,247.00,247.00,86.00,86.00,86.00,86.00
2026-08-20 17:27:19,86.00,86.00,86.00,86.00,247.00,247.00,86.00,86.00,86.00,86.00
2026-08-20 17:35:04,86.00,86.00,86.00,86.00,247.00,247.00,86.00,86.00,86.00,86.00
2026-08-20 17:45:23,86.00,86.00,86.00,86.00,247.00,247.00,86.00,86.00,86.00,86.00
2026-08-20 17:55:16,86.00,86.00,86.00,86.00,247.00,247.00,86.00,86.00,86.00,86.00
2026-08-20 18:05:26,86.00,86.00,86.00,86.00,247.00,247.00,86.00,86.00,86.00,86.00
2026-08-20 18:15:03,86.00,86.00,86.00,86.00,247.00,247.00,86.00,86.00,86.00,86.00
2026-08-20 18:25:13,86.00,86.00,86.00,86.00,247.00,247.00,86.00,86.00,86.00,86.00
2026-08-20 18:35:22,86.00,86.00,86.00,86.00,247.00,247.00,86.00,86.00,86.00,86.00
2026-08-20 18:45:17,86.00,86.00,86.00,86.00,247.00,247.00,86.00,86.00,86.00,86.00
2026-08-20 18:55:22,86.00,86.00,86.00,86.00,247.00,247.00,86.00,86.00,86.00,86.00
2026-08-20 19:05:41,86.00,86.00,86.00,86.00,247.00,247.00,86.00,86.00,86.00,86.00
2026-08-20 19:15:21,86.00,86.00,86.00,86.00,247.00,247.00,86.00,86.00,86.00,86.00
2026-08-20 19:25:28,86.00,86.00,86.00,86.00,247.00,247.00,86.00,86.00,86.00,86.00
2026-08-20 19:35:32,86.00,86.00,86.00,86.00,247.00,247.00,86.00,86.00,86.00,86.00
2026-08-20 19:45:29,86.00,86.00,86.00,86.00,247.00,247.00,86.00,86.00,86.00,86.00
2026-08-20 19:55:21,86.00,86.00,86.00,86.00,247.00,247.00,86.00,86.00,86.00,86.00
2026-08-20 20:05:32,86.00,86.00,86.00,86.00,247.00,247.00,86.00,86.00,86.00,86.00
2026-08-20 20:15:19,86.00,86.00,86.00,86.00,247.00,247.00,86.00,86.00,86.00,86.00
2026-08-20 20:25:00,86.00,86.00,86.00,86.00,247.00,247.00,86.00,86.00,86.00,86.00
2026-08-20 20:35:19,86.00,86.00,86.00,86.00,247.00,247.00,86.00,86.00,86.00,86.00
2026-08-20 20:45:22,86.00,86.00,86.00,86.00,247.00,247.00,86.00,86.00,86.00,86.00
2026-08-20 20:55:21,86.00,86.00,86.00,86.00,247.00,247.00,86.00,86.00,86.00,86.00
2026-08-20 21:05:23,86.00,86.00,86.00,86.00,247.00,247.00,86.00,86.00,86.00,86.00
2026-08-20 21:15:15,86.00,86.00,86.00,86.00,247.00,247.00,86.00,86.00,86.00,86.00
2026-08-20 21:25:31,86.00,86.00,86.00,86.00,247.00,247.00,86.00,86.00,86.00,86.00
2026-08-20 21:35:22,86.00,86.00,86.00,86.00,247.00,247.00,86.00,86.00,86.00,86.00
2026-08-20 21:45:23,86.00,86.00,86.00,86.00,247.00,247.00,86.00,86.00,86.00,86.00
2026-08-20 21:55:16,86.00,86.00,86.00,86.00,247.00,247.00,86.00,86.00,86.00,86.00
2026-08-20 22:05:21,86.00,86.00,86.00,86.00,247.00,247.00,86.00,86.00,86.00,86.00
2026-08-20 22:15:23,86.00,86.00,86.00,86.00,247.00,247.00,86.00,86.00,86.00,86.00
2026-08-20 22:25:28,86.00,86.00,86.00,86.00,247.00,247.00,86.00,86.00,86.00,86.00
2026-08-20 22:35:34,86.00,86.00,86.00,86.00,247.00,247.00,86.00,86.00,86.00,86.00
2026-08-20 22:45:11,86.00,86.00,86.00,86.00,247.00,247.00,86.00,86.00,86.00,86.00
2026-08-20 22:55:05,86.00,86.00,86.00,86.00,247.00,247.00,86.00,86.00,86.00,86.00
2026-08-20 23:05:33,86.00,86.00,86.00,86.00,247.00,247.00,86.00,86.00,86.00,86.00
2026-08-20 23:15:20,86.00,86.00,86.00,86.00,247.00,247.00,86.00,86.00,86.00,86.00
2026-08-20 23:25:11,86.00,86.00,86.00,86.00,247.00,247.00,86.00,86.00,86.00,86.00
2026-08-20 23:35:29,86.00,86.00,86.00,86.00,247.00,247.00,86.00,86.00,86.00,86.00
2026-08-20 23:45:34,86.00,86.00,86.00,86.00,247.00,247.00,86.00,86.00,86.00,86.00
2026-08-20 23:55:21,86.00,86.00,86.00,86.00,247.00,247.00,86.00,86.00,86.00,86.00
2026-08-21 00:05:56,86.00,86.00,86.00,86.00,247.00,247.00,86.00,86.00,86.00,86.00
2026-08-21 00:15:31,86.00,86.00,86.00,86.00,247.00,247.00,86.00,86.00,86.00,86.00
2026-08-21 00:25:49,86.00,86.00,86.00,86.00,247.00,247.00,86.00,86.00,86.00,86.00
2026-08-21 00:35:44,86.00,86.00,86.00,86.00,247.00,247.00,86.00,86.00,86.00,86.00
2026-08-21 00:55:33,86.00,86.00,86.00,86.00,247.00,247.00,86.00,86.00,86.00,86.00
2026-08-21 01:05:36,86.00,86.00,86.00,86.00,247.00,247.00,86.00,86.00,86.00,86.00
2026-08-21 01:15:36,86.00,86.00,86.00,86.00,247.00,247.00,86.00,86.00,86.00,86.00
2026-08-21 01:25:14,86.00,86.00,86.00,86.00,247.00,247.00,86.00,86.00,86.00,86.00
2026-08-21 01:35:30,86.00,86.00,86.00,86.00,247.00,247.00,86.00,86.00,86.00,86.00
2026-08-21 01:45:14,86.00,86.00,86.00,86.00,247.00,247.00,86.00,86.00,86.00,86.00
2026-08-21 01:55:22,86.00,86.00,86.00,86.00,247.00,247.00,86.00,86.00,86.00,86.00
2026-08-21 02:05:29,86.00,86.00,86.00,86.00,247.00,247.00,86.00,86.00,86.00,86.00
2026-08-21 02:15:13,86.00,86.00,86.00,86.00,247.00,247.00,86.00,86.00,86.00,86.00
2026-08-21 02:25:37,86.00,86.00,86.00,86.00,247.00,247.00,86.00,86.00,86.00,86.00
2026-08-21 02:35:42,86.00,86.00,86.00,86.00,247.00,247.00,86.00,86.00,86.00,86.00
2026-08-21 02:45:45,86.00,86.00,86.00,86.00,247.00,247.00,86.00,86.00,86.00,86.00
2026-08-21 02:55:37,86.00,86.00,86.00,86.00,247.00,247.00,86.00,86.00,86.00,86.00
2026-08-21 03:05:38,86.00,86.00,86.00,86.00,247.00,247.00,86.00,86.00,86.00,86.00
2026-08-21 03:15:35,86.00,86.00,86.00,86.00,247.00,247.00,86.00,86.00,86.00,86.00
2026-08-21 03:25:31,86.00,86.00,86.00,86.00,247.00,247.00,86.00,86.00,86.00,86.00
2026-08-21 03:35:21,86.00,86.00,86.00,86.00,247.00,247.00,86.00,86.00,86.00,86.00
2026-08-21 03:45:29,86.00,86.00,86.00,86.00,247.00,247.00,86.00,86.00,86.00,86.00
2026-08-21 03:55:24,86.00,86.00,86.00,86.00,247.00,247.00,86.00,86.00,86.00,86.00
2026-08-21 04:05:42,86.00,86.00,86.00,86.00,247.00,247.00,86.00,86.00,86.00,86.00
2026-08-21 04:15:15,86.00,86.00,86.00,86.00,247.00,247.00,86.00,86.00,86.00,86.00
2026-08-21 04:25:19,86.00,86.00,86.00,86.00,247.00,247.00,86.00,86.00,86.00,86.00
2026-08-21 04:35:08,86.00,86.00,86.00,86.00,247.00,247.00,86.00,86.00,86.00,86.00
2026-08-21 04:45:27,86.00,86.00,86.00,86.00,247.00,247.00,86.00,86.00,86.00,86.00
2026-08-21 04:55:29,86.00,86.00,86.00,86.00,247.00,247.00,86.00,86.00,86.00,86.00
2026-08-21 05:05:36,86.00,86.00,86.00,86.00,247.00,247.00,86.00,86.00,86.00,86.00
2026-08-21 05:15:24,86.00,86.00,86.00,86.00,247.00,247.00,86.00,86.00,86.00,86.00
2026-08-21 05:25:29,86.00,86.00,86.00,86.00,247.00,247.00,86.00,86.00,86.00,86.00
2026-08-21 05:35:18,86.00,86.00,86.00,86.00,247.00,247.00,86.00,86.00,86.00,86.00
2026-08-21 05:45:14,86.00,86.00,86.00,86.00,247.00,247.00,86.00,86.00,86.00,86.00
2026-08-21 05:55:30,86.00,86.00,86.00,86.00,247.00,247.00,86.00,86.00,86.00,86.00
2026-08-21 06:05:06,86.00,86.00,86.00,86.00,247.00,247.00,86.00,86.00,86.00,86.00
2026-08-21 06:15:29,86.00,86.00,86.00,86.00,247.00,247.00,86.00,86.00,86.00,86.00
2026-08-21 06:25:14,86.00,86.00,86.00,86.00,247.00,247.00,86.00,86.00,86.00,86.00
2026-08-21 06:35:33,86.00,86.00,86.00,86.00,247.00,247.00,86.00,86.00,86.00,86.00
2026-08-21 06:45:19,86.00,86.00,86.00,86.00,247.00,247.00,86.00,86.00,86.00,86.00
2026-08-21 06:55:23,86.00,86.00,86.00,86.00,247.00,247.00,86.00,86.00,86.00,86.00
2026-08-21 07:05:48,86.00,86.00,86.00,86.00,247.00,247.00,86.00,86.00,86.00,86.00
2026-08-21 07:15:30,86.00,86.00,86.00,86.00,247.00,247.00,86.00,86.00,86.00,86.00
2026-08-21 07:25:31,86.00,86.00,86.00,86.00,247.00,247.00,86.00,86.00,86.00,86.00
2026-08-21 07:35:26,86.00,86.00,86.00,86.00,247.00,247.00,86.00,86.00,86.00,86.00
2026-08-21 07:45:04,86.00,86.00,86.00,86.00,247.00,247.00,86.00,86.00,86.00,86.00
2026-08-21 07:55:21,86.00,86.00,86.00,86.00,247.00,247.00,86.00,86.00,86.00,86.00
2026-08-21 08:05:26,86.00,86.00,86.00,86.00,247.00,247.00,86.00,86.00,86.00,86.00
2026-08-21 08:15:26,86.00,86.00,86.00,86.00,247.00,247.00,86.00,86.00,86.00,86.00
2026-08-21 08:25:24,86.00,86.00,86.00,86.00,247.00,247.00,86.00,86.00,86.00,86.00
2026-08-21 08:35:31,86.00,86.00,86.00,86.00,247.00,247.00,86.00,86.00,86.00,86.00
2026-08-21 08:45:21,86.00,86.00,86.00,86.00,247.00,247.00,86.00,86.00,86.00,86.00
2026-08-21 08:55:22,86.00,86.00,86.00,86.00,247.00,247.00,86.00,86.00,86.00,86.00
2026-08-21 09:05:20,86.00,86.00,86.00,86.00,247.00,247.00,86.00,86.00,86.00,86.00
2026-08-21 09:15:27,86.00,86.00,86.00,86.00,247.00,247.00,86.00,86.00,86.00,86.00
2026-08-21 09:25:32,86.00,86.00,86.00,86.00,247.00,247.00,86.00,86.00,86.00,86.00
2026-08-21 09:35:28,86.00,86.00,86.00,86.00,247.00,247.00,86.00,86.00,86.00,86.00
2026-08-21 09:45:26,86.00,86.00,86.00,86.00,247.00,247.00,86.00,86.00,86.00,86.00
2026-08-21 09:55:06,86.00,86.00,86.00,86.00,247.00,247.00,86.00,86.00,86.00,86.00
2026-08-21 10:05:30,86.00,86.00,86.00,86.00,247.00,247.00,86.00,86.00,86.00,86.00
2026-08-21 10:15:25,86.00,86.00,86.00,86.00,247.00,247.00,86.00,86.00,86.00,86.00
2026-08-21 10:25:28,86.00,86.00,86.00,86.00,247.00,247.00,86.00,86.00,86.00,86.00
2026-08-21 10:35:37,86.00,86.00,86.00,86.00,247.00,247.00,86.00,86.00,86.00,86.00
2026-08-21 10:45:27,86.00,86.00,86.00,86.00,247.00,247.00,86.00,86.00,86.00,86.00
2026-08-21 10:56:08,86.00,86.00,86.00,86.00,247.00,247.00,86.00,86.00,86.00,86.00
2026-08-21 11:05:58,86.00,86.00,86.00,86.00,247.00,247.00,86.00,86.00,86.00,86.00
2026-08-21 11:15:19,86.00,86.00,86.00,86.00,247.00,247.00,86.00,86.00,86.00,86.00
2026-08-21 11:25:25,86.00,86.00,86.00,86.00,247.00,247.00,86.00,86.00,86.00,86.00
2026-08-21 11:35:16,86.00,86.00,86.00,86.00,247.00,247.00,86.00,86.00,86.00,86.00
2026-08-21 11:45:33,86.00,86.00,86.00,86.00,247.00,247.00,86.00,86.00,86.00,86.00
2026-08-21 11:55:18,86.00,86.00,86.00,86.00,247.00,247.00,86.00,86.00,86.00,86.00
2026-08-21 12:05:40,86.00,86.00,86.00,86.00,247.00,247.00,86.00,86.00,86.00,86.00
2026-08-21 12:15:35,86.00,86.00,86.00,86.00,247.00,247.00,86.00,86.00,86.00,86.00
2026-08-21 12:25:23,86.00,86.00,86.00,86.00,247.00,247.00,86.00,86.00,86.00,86.00
2026-08-21 12:35:12,86.00,86.00,86.00,86.00,247.00,247.00,86.00,86.00,86.00,86.00
2026-08-21 12:45:40,86.00,86.00,86.00,86.00,247.00,247.00,86.00,86.00,86.00,86.00
2026-08-21 12:55:07,86.00,86.00,86.00,86.00,247.00,247.00,86.00,86.00,86.00,86.00
2026-08-21 13:05:30,86.00,86.00,86.00,86.00,247.00,247.00,86.00,86.00,86.00,86.00
2026-08-21 13:15:23,86.00,86.00,86.00,86.00,247.00,247.00,86.00,86.00,86.00,86.00
2026-08-21 13:25:24,86.00,86.00,86.00,86.00,247.00,247.00,86.00,86.00,86.00,86.00
2026-08-21 13:35:35,86.00,86.00,86.00,86.00,247.00,247.00,86.00,86.00,86.00,86.00
2026-08-21 13:45:30,86.00,86.00,86.00,86.00,247.00,247.00,86.00,86.00,86.00,86.00
2026-08-21 13:55:37,86.00,86.00,86.00,86.00,247.00,247.00,86.00,86.00,86.00,86.00
2026-08-21 14:05:40,86.00,86.00,86.00,86.00,247.00,247.00,86.00,86.00,86.00,86.00
2026-08-21 14:15:28,86.00,86.00,86.00,86.00,247.00,247.00,86.00,86.00,86.00,86.00
2026-08-21 14:25:35,96.00,86.00,96.00,96.00,247.00,96.00,86.00,86.00,86.00,86.00
2026-08-21 14:35:27,96.00,96.00,96.00,96.00,247.00,96.00,96.00,96.00,86.00,86.00
2026-08-21 14:45:38,96.00,96.00,96.00,96.00,247.00,96.00,96.00,96.00,86.00,86.00
2026-08-21 14:55:10,96.00,96.00,96.00,96.00,247.00,96.00,96.00,96.00,86.00,86.00
2026-08-21 15:05:10,96.00,96.00,96.00,96.00,247.00,96.00,96.00,96.00,86.00,86.00
2026-08-21 15:15:16,96.00,96.00,96.00,96.00,247.00,96.00,96.00,96.00,86.00,86.00
2026-08-21 15:25:36,96.00,96.00,96.00,96.00,247.00,96.00,96.00,96.00,86.00,86.00
2026-08-21 15:35:30,96.00,96.00,96.00,96.00,247.00,96.00,96.00,96.00,86.00,86.00
2026-08-21 15:45:45,96.00,96.00,96.00,96.00,247.00,96.00,96.00,96.00,86.00,86.00
2026-08-21 15:55:45,96.00,,96.00,96.00,247.00,96.00,,,86.00,86.00
2026-08-21 16:05:46,96.00,96.00,96.00,96.00,247.00,96.00,96.00,96.00,86.00,86.00
2026-08-21 16:15:45,96.00,96.00,96.00,96.00,247.00,96.00,96.00,96.00,86.00,86.00
2026-08-21 16:25:06,96.00,96.00,96.00,96.00,247.00,96.00,96.00,96.00,86.00,86.00
2026-08-21 16:35:34,96.00,96.00,96.00,96.00,247.00,96.00,96.00,96.00,86.00,86.00
2026-08-21 16:45:33,96.00,96.00,96.00,96.00,247.00,96.00,96.00,96.00,86.00,86.00
2026-08-21 16:55:25,96.00,96.00,96.00,96.00,247.00,96.00,96.00,96.00,86.00,86.00
2026-08-21 17:05:04,96.00,96.00,96.00,96.00,247.00,96.00,96.00,96.00,86.00,86.00
2026-08-21 17:15:32,96.00,96.00,96.00,96.00,247.00,96.00,96.00,96.00,86.00,86.00
2026-08-21 17:25:27,96.00,86.00,96.00,96.00,247.00,96.00,86.00,86.00,86.00,86.00
2026-08-21 17:35:43,96.00,86.00,96.00,96.00,247.00,96.00,86.00,86.00,86.00,86.00
2026-08-21 17:45:16,86.00,86.00,86.00,86.00,247.00,86.00,86.00,86.00,86.00,86.00
2026-08-21 17:55:51,86.00,86.00,86.00,86.00,247.00,86.00,86.00,86.00,86.00,86.00
2026-08-21 18:05:55,86.00,86.00,86.00,86.00,247.00,86.00,86.00,86.00,86.00,86.00
2026-08-21 18:15:37,86.00,86.00,86.00,86.00,247.00,86.00,86.00,86.00,86.00,86.00
2026-08-21 18:25:36,86.00,86.00,86.00,86.00,247.00,86.00,86.00,86.00,86.00,86.00
2026-08-21 18:35:56,86.00,,86.00,86.00,247.00,86.00,,,86.00,86.00
2026-08-21 18:45:34,86.00,86.00,86.00,86.00,247.00,86.00,86.00,86.00,86.00,86.00
2026-08-21 18:55:39,86.00,86.00,86.00,86.00,247.00,86.00,86.00,86.00,86.00,86.00
2026-08-21 19:05:22,86.00,86.00,86.00,86.00,247.00,86.00,86.00,86.00,86.00,86.00
2026-08-21 19:15:31,86.00,86.00,86.00,86.00,247.00,86.00,86.00,86.00,86.00,86.00
2026-08-21 19:25:22,86.00,86.00,86.00,86.00,247.00,86.00,86.00,86.00,86.00,86.00
2026-08-21 19:35:32,86.00,86.00,86.00,86.00,247.00,86.00,86.00,86.00,86.00,86.00
2026-08-21 19:45:32,86.00,86.00,86.00,86.00,247.00,86.00,86.00,86.00,86.00,86.00
2026-08-21 19:55:31,86.00,86.00,86.00,86.00,247.00,86.00,86.00,86.00,86.00,86.00
2026-08-21 20:05:44,86.00,86.00,86.00,86.00,247.00,86.00,86.00,86.00,86.00,86.00
2026-08-21 20:15:10,86.00,,86.00,86.00,247.00,86.00,,,86.00,86.00
2026-08-21 20:25:39,86.00,86.00,86.00,86.00,247.00,86.00,86.00,86.00,86.00,86.00
2026-08-21 20:35:47,86.00,86.00,86.00,86.00,247.00,86.00,86.00,86.00,86.00,86.00
2026-08-21 20:45:44,86.00,86.00,86.00,86.00,247.00,86.00,86.00,86.00,86.00,86.00
2026-08-21 20:55:34,86.00,86.00,86.00,86.00,247.00,86.00,86.00,86.00,86.00,86.00
2026-08-21 21:05:46,86.00,86.00,86.00,86.00,247.00,86.00,86.00,86.00,86.00,86.00
2026-08-21 21:15:42,86.00,86.00,86.00,86.00,247.00,86.00,86.00,86.00,86.00,86.00
2026-08-21 21:25:26,86.00,86.00,86.00,86.00,247.00,86.00,86.00,86.00,86.00,86.00
2026-08-21 21:35:38,86.00,86.00,86.00,86.00,247.00,86.00,86.00,86.00,86.00,86.00
2026-08-21 21:45:36,86.00,86.00,86.00,86.00,247.00,86.00,86.00,86.00,86.00,86.00
2026-08-21 21:55:39,86.00,86.00,86.00,86.00,247.00,86.00,86.00,86.00,86.00,86.00
2026-08-21 22:05:59,86.00,86.00,86.00,86.00,247.00,86.00,86.00,86.00,86.00,86.00
2026-08-21 22:15:24,86.00,86.00,86.00,86.00,247.00,86.00,86.00,86.00,86.00,86.00
2026-08-21 22:25:38,,86.00,,,,,86.00,86.00,,
2026-08-21 22:35:23,86.00,86.00,86.00,86.00,247.00,86.00,86.00,86.00,86.00,86.00
2026-08-21 22:45:47,86.00,86.00,86.00,86.00,247.00,86.00,86.00,86.00,86.00,86.00
2026-08-21 22:55:36,86.00,86.00,86.00,86.00,247.00,86.00,86.00,86.00,86.00,86.00
2026-08-21 23:05:56,86.00,86.00,86.00,86.00,247.00,86.00,86.00,86.00,86.00,86.00
2026-08-21 23:15:33,86.00,86.00,86.00,86.00,247.00,86.00,86.00,86.00,86.00,86.00
2026-08-21 23:25:32,86.00,86.00,86.00,86.00,247.00,86.00,86.00,86.00,86.00,86.00
2026-08-21 23:35:36,86.00,86.00,86.00,86.00,247.00,86.00,86.00,86.00,86.00,86.00
2026-08-21 23:45:37,86.00,86.00,86.00,86.00,247.00,86.00,86.00,86.00,86.00,86.00
2026-08-21 23:55:34,86.00,86.00,86.00,86.00,247.00,86.00,86.00,86.00,86.00,86.00
2026-08-22 00:05:52,86.00,86.00,86.00,86.00,247.00,86.00,86.00,86.00,86.00,86.00
2026-08-22 00:14:57,86.00,86.00,86.00,86.00,247.00,86.00,86.00,86.00,86.00,86.00
2026-08-22 00:25:36,86.00,86.00,86.00,86.00,247.00,86.00,86.00,86.00,86.00,86.00
2026-08-22 00:35:50,86.00,86.00,86.00,86.00,247.00,86.00,86.00,86.00,86.00,86.00
2026-08-22 00:45:36,86.00,86.00,86.00,86.00,247.00,86.00,86.00,86.00,86.00,86.00
2026-08-22 00:55:20,86.00,86.00,86.00,86.00,247.00,86.00,86.00,86.00,86.00,86.00
2026-08-22 01:05:38,86.00,86.00,86.00,86.00,247.00,86.00,86.00,86.00,86.00,86.00
2026-08-22 01:15:33,86.00,86.00,86.00,86.00,247.00,86.00,86.00,86.00,86.00,86.00
2026-08-22 01:25:47,86.00,86.00,86.00,86.00,247.00,86.00,86.00,86.00,86.00,86.00
2026-08-22 01:35:39,86.00,86.00,86.00,86.00,247.00,86.00,86.00,86.00,86.00,86.00
2026-08-22 01:45:51,86.00,86.00,86.00,86.00,247.00,86.00,86.00,86.00,86.00,86.00
2026-08-22 01:55:44,86.00,86.00,86.00,86.00,247.00,86.00,86.00,86.00,86.00,86.00
2026-08-22 02:05:44,86.00,86.00,86.00,86.00,247.00,86.00,86.00,86.00,86.00,86.00
2026-08-22 02:15:37,86.00,86.00,86.00,86.00,247.00,86.00,86.00,86.00,86.00,86.00
2026-08-22 02:25:42,86.00,86.00,86.00,86.00,247.00,86.00,86.00,86.00,86.00,86.00
2026-08-22 02:35:48,86.00,86.00,86.00,86.00,247.00,86.00,86.00,86.00,86.00,86.00
2026-08-22 02:45:40,86.00,86.00,86.00,86.00,247.00,86.00,86.00,86.00,86.00,86.00
2026-08-22 02:55:26,86.00,86.00,86.00,86.00,247.00,86.00,86.00,86.00,86.00,86.00
2026-08-22 03:05:25,86.00,86.00,86.00,86.00,247.00,86.00,86.00,86.00,86.00,86.00
2026-08-22 03:15:46,86.00,86.00,86.00,86.00,247.00,86.00,86.00,86.00,86.00,86.00
2026-08-22 03:25:49,86.00,86.00,86.00,86.00,247.00,86.00,86.00,86.00,86.00,86.00
2026-08-22 03:35:45,86.00,86.00,86.00,86.00,247.00,86.00,86.00,86.00,86.00,86.00
2026-08-22 03:45:32,86.00,86.00,86.00,86.00,247.00,86.00,86.00,86.00,86.00,86.00
2026-08-22 03:55:48,86.00,86.00,86.00,86.00,247.00,86.00,86.00,86.00,86.00,86.00
2026-08-22 04:05:49,86.00,86.00,86.00,86.00,247.00,86.00,86.00,86.00,86.00,86.00
2026-08-22 04:15:47,86.00,86.00,86.00,86.00,247.00,86.00,86.00,86.00,86.00,86.00
2026-08-22 04:25:38,86.00,86.00,86.00,86.00,247.00,86.00,86.00,86.00,86.00,86.00
2026-08-22 04:35:40,86.00,86.00,86.00,86.00,247.00,86.00,86.00,86.00,86.00,86.00
2026-08-22 04:45:39,86.00,86.00,86.00,86.00,247.00,86.00,86.00,86.00,86.00,86.00
2026-08-22 04:55:40,86.00,86.00,86.00,86.00,247.00,86.00,86.00,86.00,86.00,86.00
2026-08-22 05:05:44,86.00,86.00,86.00,86.00,247.00,86.00,86.00,86.00,86.00,86.00
2026-08-22 05:15:47,86.00,86.00,86.00,86.00,247.00,86.00,86.00,86.00,86.00,86.00
2026-08-22 05:25:53,86.00,86.00,86.00,86.00,247.00,86.00,86.00,86.00,86.00,86.00
2026-08-22 05:35:04,86.00,86.00,86.00,86.00,247.00,86.00,86.00,86.00,86.00,86.00
2026-08-22 05:45:51,86.00,86.00,86.00,86.00,247.00,86.00,86.00,86.00,86.00,86.00
2026-08-22 05:55:16,86.00,86.00,86.00,86.00,247.00,86.00,86.00,86.00,86.00,86.00
2026-08-22 06:05:42,86.00,86.00,86.00,86.00,247.00,86.00,86.00,86.00,86.00,86.00
2026-08-22 06:15:59,86.00,86.00,86.00,86.00,247.00,86.00,86.00,86.00,86.00,86.00
2026-08-22 06:25:52,86.00,86.00,86.00,86.00,247.00,86.00,86.00,86.00,86.00,86.00
2026-08-22 06:35:55,86.00,86.00,86.00,86.00,247.00,86.00,86.00,86.00,86.00,86.00
2026-08-22 06:45:33,86.00,86.00,86.00,86.00,247.00,86.00,86.00,86.00,86.00,86.00
2026-08-22 06:55:04,,86.00,,,,,86.00,86.00,,
2026-08-22 07:05:49,86.00,86.00,86.00,86.00,247.00,86.00,86.00,86.00,86.00,86.00
2026-08-22 07:15:45,86.00,86.00,86.00,86.00,247.00,86.00,86.00,86.00,86.00,86.00
2026-08-22 07:25:48,86.00,86.00,86.00,86.00,247.00,86.00,86.00,86.00,86.00,86.00
2026-08-22 07:35:55,86.00,86.00,86.00,86.00,247.00,86.00,86.00,86.00,86.00,86.00
2026-08-22 07:45:57,86.00,86.00,86.00,86.00,247.00,86.00,86.00,86.00,86.00,86.00
2026-08-22 07:55:51,86.00,86.00,86.00,86.00,247.00,86.00,86.00,86.00,86.00,86.00
2026-08-22 08:05:56,86.00,86.00,86.00,86.00,247.00,86.00,86.00,86.00,86.00,86.00
2026-08-22 08:15:50,86.00,86.00,86.00,86.00,247.00,86.00,86.00,86.00,86.00,86.00
2026-08-22 08:26:01,86.00,86.00,86.00,86.00,247.00,86.00,86.00,86.00,86.00,86.00
2026-08-22 08:35:54,86.00,86.00,86.00,86.00,247.00,86.00,86.00,86.00,86.00,86.00
2026-08-22 08:45:49,86.00,86.00,86.00,86.00,247.00,86.00,86.00,86.00,86.00,86.00
2026-08-22 08:55:26,86.00,86.00,86.00,86.00,247.00,86.00,86.00,86.00,86.00,86.00
2026-08-22 09:06:13,86.00,,86.00,86.00,247.00,86.00,,,86.00,86.00
2026-08-22 09:15:26,86.00,86.00,86.00,86.00,247.00,86.00,86.00,86.00,86.00,86.00
2026-08-22 09:25:51,86.00,86.00,86.00,86.00,247.00,86.00,86.00,86.00,86.00,86.00
2026-08-22 09:35:47,86.00,86.00,86.00,86.00,247.00,86.00,86.00,86.00,86.00,86.00
2026-08-22 09:45:52,86.00,86.00,86.00,86.00,247.00,86.00,86.00,86.00,86.00,86.00
2026-08-22 09:55:28,86.00,,86.00,86.00,247.00,86.00,,,86.00,86.00
2026-08-22 10:05:44,86.00,86.00,86.00,86.00,247.00,86.00,86.00,86.00,86.00,86.00
2026-08-22 10:25:46,86.00,86.00,86.00,86.00,247.00,86.00,86.00,86.00,86.00,86.00
2026-08-22 10:35:56,,86.00,,,,,86.00,86.00,,
2026-08-22 10:45:58,86.00,86.00,86.00,86.00,247.00,86.00,86.00,86.00,86.00,86.00
2026-08-22 10:55:47,86.00,86.00,86.00,86.00,247.00,86.00,86.00,86.00,86.00,86.00
2026-08-22 11:05:49,86.00,86.00,86.00,86.00,247.00,86.00,86.00,86.00,86.00,86.00
2026-08-22 11:15:50,,86.00,,,,,86.00,86.00,,
2026-08-22 11:25:42,86.00,86.00,86.00,86.00,247.00,86.00,86.00,86.00,86.00,86.00
2026-08-22 11:35:56,86.00,86.00,86.00,86.00,247.00,86.00,86.00,86.00,86.00,86.00
2026-08-22 11:45:52,86.00,86.00,86.00,86.00,247.00,86.00,86.00,86.00,86.00,86.00
2026-08-22 11:55:47,86.00,86.00,86.00,86.00,247.00,86.00,86.00,86.00,86.00,86.00
2026-08-22 12:05:59,86.00,86.00,86.00,86.00,247.00,86.00,86.00,86.00,86.00,86.00
2026-08-22 12:15:21,86.00,86.00,86.00,86.00,247.00,86.00,86.00,86.00,86.00,86.00
2026-08-22 12:25:20,86.00,86.00,86.00,86.00,247.00,86.00,86.00,86.00,86.00,86.00
2026-08-22 12:36:01,86.00,86.00,86.00,86.00,247.00,86.00,86.00,86.00,86.00,86.00
2026-08-22 12:45:44,86.00,86.00,86.00,86.00,247.00,86.00,86.00,86.00,86.00,86.00
2026-08-22 12:55:58,86.00,86.00,86.00,86.00,247.00,86.00,86.00,86.00,86.00,86.00
2026-08-22 13:05:42,86.00,86.00,86.00,86.00,247.00,86.00,86.00,86.00,86.00,86.00
2026-08-22 13:15:32,86.00,86.00,86.00,86.00,247.00,86.00,86.00,86.00,86.00,86.00
2026-08-22 13:25:55,86.00,86.00,86.00,86.00,247.00,86.00,86.00,86.00,86.00,86.00
2026-08-22 13:35:54,86.00,86.00,86.00,86.00,247.00,86.00,86.00,86.00,86.00,86.00
2026-08-22 13:45:22,86.00,86.00,86.00,86.00,247.00,86.00,86.00,86.00,86.00,86.00
2026-08-22 13:55:40,86.00,86.00,86.00,86.00,247.00,86.00,86.00,86.00,86.00,86.00
2026-08-22 14:06:07,86.00,,86.00,86.00,247.00,86.00,,,86.00,86.00
2026-08-22 14:15:49,86.00,86.00,86.00,86.00,247.00,86.00,86.00,86.00,86.00,86.00
2026-08-22 14:25:46,86.00,86.00,86.00,86.00,247.00,86.00,86.00,86.00,86.00,86.00
2026-08-22 14:35:54,86.00,86.00,86.00,86.00,247.00,86.00,86.00,86.00,86.00,86.00
2026-08-22 14:45:49,86.00,86.00,86.00,86.00,247.00,86.00,86.00,86.00,86.00,86.00
2026-08-22 14:55:56,86.00,86.00,86.00,86.00,247.00,86.00,86.00,86.00,86.00,86.00
2026-08-22 15:05:40,86.00,86.00,86.00,86.00,247.00,86.00,86.00,86.00,86.00,86.00
2026-08-22 15:15:38,86.00,86.00,86.00,86.00,247.00,86.00,86.00,86.00,86.00,86.00
2026-08-22 15:26:07,86.00,86.00,86.00,86.00,247.00,86.00,86.00,86.00,86.00,86.00
2026-08-22 15:35:51,86.00,86.00,86.00,86.00,247.00,86.00,86.00,86.00,86.00,86.00
2026-08-22 15:46:07,86.00,86.00,86.00,86.00,247.00,86.00,86.00,86.00,86.00,86.00
2026-08-22 15:55:42,,86.00,,,,,86.00,86.00,,
2026-08-22 16:05:55,86.00,86.00,86.00,86.00,247.00,86.00,86.00,86.00,86.00,86.00
2026-08-22 16:15:42,86.00,86.00,86.00,86.00,247.00,86.00,86.00,86.00,86.00,86.00
2026-08-22 16:25:41,86.00,86.00,86.00,86.00,247.00,86.00,86.00,86.00,86.00,86.00
2026-08-22 16:36:06,86.00,86.00,86.00,86.00,247.00,86.00,86.00,86.00,86.00,86.00
2026-08-22 16:45:06,86.00,86.00,86.00,86.00,247.00,86.00,86.00,86.00,86.00,86.00
2026-08-22 16:55:34,86.00,,86.00,86.00,247.00,86.00,,,86.00,86.00
2026-08-22 17:15:30,86.00,86.00,86.00,86.00,247.00,86.00,86.00,86.00,86.00,86.00
2026-08-22 17:25:58,86.00,86.00,86.00,86.00,247.00,86.00,86.00,86.00,86.00,86.00
2026-08-22 17:35:51,86.00,86.00,86.00,86.00,247.00,86.00,86.00,86.00,86.00,86.00
2026-08-22 17:45:44,86.00,86.00,86.00,86.00,247.00,86.00,86.00,86.00,86.00,86.00
2026-08-22 17:56:02,86.00,86.00,86.00,86.00,247.00,86.00,86.00,86.00,86.00,86.00
2026-08-22 18:06:04,86.00,86.00,86.00,86.00,247.00,86.00,86.00,86.00,86.00,86.00
2026-08-22 18:16:05,86.00,86.00,86.00,86.00,247.00,86.00,86.00,86.00,86.00,86.00
2026-08-22 18:25:53,86.00,86.00,86.00,86.00,247.00,86.00,86.00,86.00,86.00,86.00
2026-08-22 18:35:55,86.00,86.00,86.00,86.00,247.00,86.00,86.00,86.00,86.00,86.00
2026-08-22 18:46:13,86.00,,86.00,86.00,247.00,86.00,,,86.00,86.00
2026-08-22 18:55:55,86.00,86.00,86.00,86.00,247.00,86.00,86.00,86.00,86.00,86.00
2026-08-22 19:05:56,86.00,86.00,86.00,86.00,247.00,86.00,86.00,86.00,86.00,86.00
2026-08-22 19:16:04,86.00,86.00,86.00,86.00,247.00,86.00,86.00,86.00,86.00,86.00
2026-08-22 19:25:45,86.00,86.00,86.00,86.00,247.00,86.00,86.00,86.00,86.00,86.00
2026-08-22 19:36:16,86.00,,86.00,86.00,247.00,86.00,,,86.00,86.00
2026-08-22 19:45:54,86.00,86.00,86.00,86.00,247.00,86.00,86.00,86.00,86.00,86.00
2026-08-22 19:55:49,86.00,86.00,86.00,86.00,247.00,86.00,86.00,86.00,86.00,86.00
2026-08-22 20:06:02,86.00,86.00,86.00,86.00,247.00,86.00,86.00,86.00,86.00,86.00
2026-08-22 20:16:03,86.00,86.00,86.00,86.00,247.00,86.00,86.00,86.00,86.00,86.00
2026-08-22 20:26:12,86.00,86.00,86.00,86.00,247.00,86.00,86.00,86.00,86.00,86.00
2026-08-22 20:35:54,86.00,86.00,86.00,86.00,247.00,86.00,86.00,86.00,86.00,86.00
2026-08-22 20:45:43,86.00,86.00,86.00,86.00,247.00,86.00,86.00,86.00,86.00,86.00
2026-08-22 20:56:01,,86.00,,,,,86.00,86.00,,
2026-08-22 21:05:52,86.00,86.00,86.00,86.00,247.00,86.00,86.00,86.00,86.00,86.00
2026-08-22 21:15:39,86.00,86.00,86.00,86.00,247.00,86.00,86.00,86.00,86.00,86.00
2026-08-22 21:25:29,86.00,86.00,86.00,86.00,247.00,86.00,86.00,86.00,86.00,86.00
2026-08-22 21:35:53,,86.00,,,,,86.00,86.00,,
2026-08-22 21:45:45,86.00,86.00,86.00,86.00,247.00,86.00,86.00,86.00,86.00,86.00
2026-08-22 21:55:44,86.00,86.00,86.00,86.00,247.00,86.00,86.00,86.00,86.00,86.00
2026-08-22 22:05:48,86.00,86.00,86.00,86.00,247.00,86.00,86.00,86.00,86.00,86.00
2026-08-22 22:15:52,86.00,,86.00,86.00,247.00,86.00,,,86.00,86.00
2026-08-22 22:26:04,86.00,86.00,86.00,86.00,247.00,86.00,86.00,86.00,86.00,86.00
2026-08-22 22:35:51,86.00,86.00,86.00,86.00,247.00,86.00,86.00,86.00,86.00,86.00
2026-08-22 22:45:42,86.00,86.00,86.00,86.00,247.00,86.00,86.00,86.00,86.00,86.00
2026-08-22 22:55:26,,86.00,,,,,86.00,86.00,,
2026-08-22 23:05:29,86.00,86.00,86.00,86.00,247.00,86.00,86.00,86.00,86.00,86.00
2026-08-22 23:15:42,86.00,86.00,86.00,86.00,247.00,86.00,86.00,86.00,86.00,86.00
2026-08-22 23:26:10,86.00,86.00,86.00,86.00,247.00,86.00,86.00,86.00,86.00,86.00
2026-08-22 23:35:57,86.00,86.00,86.00,86.00,247.00,86.00,86.00,86.00,86.00,86.00
2026-08-22 23:46:03,,86.00,,,,,86.00,86.00,,
2026-08-22 23:55:23,86.00,86.00,86.00,86.00,247.00,86.00,86.00,86.00,86.00,86.00
2026-08-23 00:06:08,86.00,86.00,86.00,86.00,247.00,86.00,86.00,86.00,86.00,86.00
2026-08-23 00:16:00,86.00,86.00,86.00,86.00,247.00,86.00,86.00,86.00,86.00,86.00
2026-08-23 00:25:52,86.00,86.00,86.00,86.00,247.00,86.00,86.00,86.00,86.00,86.00
2026-08-23 00:35:37,86.00,86.00,86.00,86.00,247.00,86.00,86.00,86.00,86.00,86.00
2026-08-23 00:46:05,86.00,86.00,86.00,86.00,247.00,86.00,86.00,86.00,86.00,86.00
2026-08-23 01:06:19,86.00,86.00,86.00,86.00,247.00,86.00,86.00,86.00,86.00,86.00
2026-08-23 01:16:08,86.00,86.00,86.00,86.00,247.00,86.00,86.00,86.00,86.00,86.00
2026-08-23 01:26:22,86.00,86.00,86.00,86.00,247.00,86.00,86.00,86.00,86.00,86.00
2026-08-23 01:36:16,86.00,86.00,86.00,86.00,247.00,86.00,86.00,86.00,86.00,86.00
2026-08-23 01:45:56,86.00,86.00,86.00,86.00,247.00,86.00,86.00,86.00,86.00,86.00
2026-08-23 01:56:11,86.00,86.00,86.00,86.00,247.00,86.00,86.00,86.00,86.00,86.00
2026-08-23 02:06:17,86.00,86.00,86.00,86.00,247.00,86.00,86.00,86.00,86.00,86.00
2026-08-23 02:15:16,86.00,86.00,86.00,86.00,247.00,86.00,86.00,86.00,86.00,86.00
2026-08-23 02:25:49,86.00,86.00,86.00,86.00,247.00,86.00,86.00,86.00,86.00,86.00
2026-08-23 02:36:16,86.00,86.00,86.00,86.00,247.00,86.00,86.00,86.00,86.00,86.00
2026-08-23 02:45:59,86.00,86.00,86.00,86.00,247.00,86.00,86.00,86.00,86.00,86.00
2026-08-23 02:55:39,86.00,86.00,86.00,86.00,247.00,86.00,86.00,86.00,86.00,86.00
2026-08-23 03:06:19,86.00,86.00,86.00,86.00,247.00,86.00,86.00,86.00,86.00,86.00
2026-08-23 03:16:11,86.00,86.00,86.00,86.00,247.00,86.00,86.00,86.00,86.00,86.00
2026-08-23 03:26:09,86.00,86.00,86.00,86.00,247.00,86.00,86.00,86.00,86.00,86.00
2026-08-23 03:35:53,86.00,86.00,86.00,86.00,247.00,86.00,86.00,86.00,86.00,86.00
2026-08-23 03:45:32,86.00,86.00,86.00,86.00,247.00,86.00,86.00,86.00,86.00,86.00
2026-08-23 03:56:09,86.00,86.00,86.00,86.00,247.00,86.00,86.00,86.00,86.00,86.00
2026-08-23 04:06:13,86.00,86.00,86.00,86.00,247.00,86.00,86.00,86.00,86.00,86.00
2026-08-23 04:16:05,86.00,86.00,86.00,86.00,247.00,86.00,86.00,86.00,86.00,86.00
2026-08-23 04:25:43,86.00,86.00,86.00,86.00,247.00,86.00,86.00,86.00,86.00,86.00
2026-08-23 04:36:14,86.00,86.00,86.00,86.00,247.00,86.00,86.00,86.00,86.00,86.00
2026-08-23 04:45:18,86.00,86.00,86.00,86.00,247.00,86.00,86.00,86.00,86.00,86.00
2026-08-23 04:55:55,86.00,86.00,86.00,86.00,247.00,86.00,86.00,86.00,86.00,86.00
2026-08-23 05:06:06,86.00,86.00,86.00,86.00,247.00,86.00,86.00,86.00,86.00,86.00
2026-08-23 05:16:15,86.00,86.00,86.00,86.00,247.00,86.00,86.00,86.00,86.00,86.00
2026-08-23 05:25:57,86.00,86.00,86.00,86.00,247.00,86.00,86.00,86.00,86.00,86.00
2026-08-23 05:36:16,86.00,86.00,86.00,86.00,247.00,86.00,86.00,86.00,86.00,86.00
2026-08-23 05:46:20,86.00,86.00,86.00,86.00,247.00,86.00,86.00,86.00,86.00,86.00
2026-08-23 05:56:11,86.00,86.00,86.00,86.00,247.00,86.00,86.00,86.00,86.00,86.00
2026-08-23 06:06:17,86.00,86.00,86.00,86.00,247.00,86.00,86.00,86.00,86.00,86.00
2026-08-23 06:16:19,86.00,,86.00,86.00,247.00,86.00,,,86.00,86.00
2026-08-23 06:26:40,86.00,86.00,86.00,86.00,247.00,86.00,86.00,86.00,86.00,86.00
2026-08-23 06:36:07,86.00,86.00,86.00,86.00,247.00,86.00,86.00,86.00,86.00,86.00
2026-08-23 06:46:05,86.00,86.00,86.00,86.00,247.00,86.00,86.00,86.00,86.00,86.00
2026-08-23 06:56:04,86.00,86.00,86.00,86.00,247.00,86.00,86.00,86.00,86.00,86.00
2026-08-23 07:06:25,86.00,86.00,86.00,86.00,247.00,86.00,86.00,86.00,86.00,86.00
2026-08-23 07:16:12,86.00,86.00,86.00,86.00,247.00,86.00,86.00,86.00,86.00,86.00
2026-08-23 07:26:12,86.00,86.00,86.00,86.00,247.00,86.00,86.00,86.00,86.00,86.00
2026-08-23 07:35:50,86.00,86.00,86.00,86.00,247.00,86.00,86.00,86.00,86.00,86.00
2026-08-23 07:46:38,86.00,86.00,86.00,86.00,247.00,86.00,86.00,86.00,86.00,86.00
2026-08-23 07:55:30,86.00,86.00,86.00,86.00,247.00,86.00,86.00,86.00,86.00,86.00
2026-08-23 08:06:29,86.00,86.00,86.00,86.00,247.00,86.00,86.00,86.00,86.00,86.00
2026-08-23 08:16:28,86.00,86.00,86.00,86.00,247.00,86.00,86.00,86.00,86.00,86.00
2026-08-23 08:25:49,86.00,86.00,86.00,86.00,247.00,86.00,86.00,86.00,86.00,86.00
2026-08-23 08:36:11,86.00,86.00,86.00,86.00,247.00,86.00,86.00,86.00,86.00,86.00
2026-08-23 08:45:34,86.00,86.00,86.00,86.00,247.00,86.00,86.00,86.00,86.00,86.00
2026-08-23 08:56:12,86.00,86.00,86.00,86.00,247.00,86.00,86.00,86.00,86.00,86.00
2026-08-23 09:06:20,86.00,86.00,86.00,86.00,247.00,86.00,86.00,86.00,86.00,86.00
2026-08-23 09:16:15,86.00,86.00,86.00,86.00,247.00,86.00,86.00,86.00,86.00,86.00
2026-08-23 09:26:05,86.00,86.00,86.00,86.00,247.00,86.00,86.00,86.00,86.00,86.00
2026-08-23 09:35:25,86.00,86.00,86.00,86.00,247.00,86.00,86.00,86.00,86.00,86.00
2026-08-23 09:46:17,86.00,86.00,86.00,86.00,247.00,86.00,86.00,86.00,86.00,86.00
2026-08-23 09:55:28,86.00,86.00,86.00,86.00,247.00,86.00,86.00,86.00,86.00,86.00
2026-08-23 10:06:31,86.00,86.00,86.00,86.00,247.00,86.00,86.00,86.00,86.00,86.00
2026-08-23 10:16:28,86.00,86.00,86.00,86.00,247.00,86.00,86.00,86.00,86.00,86.00
2026-08-23 10:26:17,86.00,86.00,86.00,86.00,247.00,86.00,86.00,86.00,86.00,86.00
2026-08-23 10:36:28,86.00,86.00,86.00,86.00,247.00,86.00,86.00,86.00,86.00,86.00
2026-08-23 10:46:18,86.00,86.00,86.00,86.00,247.00,86.00,86.00,86.00,86.00,86.00
2026-08-23 10:56:18,86.00,86.00,86.00,86.00,247.00,86.00,86.00,86.00,86.00,86.00
2026-08-23 11:05:37,86.00,86.00,86.00,86.00,247.00,86.00,86.00,86.00,86.00,86.00
2026-08-23 11:16:17,86.00,86.00,86.00,86.00,247.00,86.00,86.00,86.00,86.00,86.00
2026-08-23 11:26:02,86.00,86.00,86.00,86.00,247.00,86.00,86.00,86.00,86.00,86.00
2026-08-23 11:36:41,86.00,86.00,86.00,86.00,247.00,86.00,86.00,86.00,86.00,86.00
2026-08-23 11:46:08,86.00,86.00,86.00,86.00,247.00,86.00,86.00,86.00,86.00,86.00
2026-08-23 11:55:54,,86.00,,,,,86.00,86.00,,
2026-08-23 12:06:20,86.00,86.00,86.00,86.00,247.00,86.00,86.00,86.00,86.00,86.00
2026-08-23 12:16:28,86.00,86.00,86.00,86.00,247.00,86.00,86.00,86.00,86.00,86.00
2026-08-23 12:25:56,86.00,86.00,86.00,86.00,247.00,86.00,86.00,86.00,86.00,86.00
2026-08-23 12:35:36,86.00,86.00,86.00,86.00,247.00,86.00,86.00,86.00,86.00,86.00
2026-08-23 12:46:17,86.00,86.00,86.00,86.00,247.00,86.00,86.00,86.00,86.00,86.00
2026-08-23 12:56:22,86.00,86.00,86.00,86.00,247.00,86.00,86.00,86.00,86.00,86.00
2026-08-23 13:05:49,86.00,86.00,86.00,86.00,247.00,86.00,86.00,86.00,86.00,86.00
2026-08-23 13:16:19,86.00,86.00,86.00,86.00,247.00,86.00,86.00,86.00,86.00,86.00
2026-08-23 13:25:40,86.00,86.00,86.00,86.00,247.00,86.00,86.00,86.00,86.00,86.00
2026-08-23 13:36:17,86.00,86.00,86.00,86.00,247.00,86.00,86.00,86.00,86.00,86.00
2026-08-23 13:46:22,86.00,86.00,86.00,86.00,247.00,86.00,86.00,86.00,86.00,86.00
2026-08-23 13:56:24,86.00,86.00,86.00,86.00,247.00,86.00,86.00,86.00,86.00,86.00
2026-08-23 14:06:12,86.00,86.00,86.00,86.00,247.00,86.00,86.00,86.00,86.00,86.00
2026-08-23 14:15:34,86.00,86.00,86.00,86.00,247.00,86.00,86.00,86.00,86.00,86.00
2026-08-23 14:25:37,86.00,86.00,86.00,86.00,247.00,86.00,86.00,86.00,86.00,86.00
2026-08-23 14:36:17,86.00,,86.00,86.00,247.00,86.00,,,86.00,86.00
2026-08-23 14:46:26,86.00,,86.00,86.00,247.00,86.00,,,86.00,86.00
2026-08-23 14:56:05,86.00,86.00,86.00,86.00,247.00,86.00,86.00,86.00,86.00,86.00
2026-08-23 15:06:01,86.00,86.00,86.00,86.00,247.00,86.00,86.00,86.00,86.00,86.00
2026-08-23 15:15:52,86.00,86.00,86.00,86.00,247.00,86.00,86.00,86.00,86.00,86.00
2026-08-23 15:26:07,86.00,86.00,86.00,86.00,247.00,86.00,86.00,86.00,86.00,86.00
2026-08-23 15:35:29,86.00,86.00,86.00,86.00,247.00,86.00,86.00,86.00,86.00,86.00
2026-08-23 15:45:59,86.00,86.00,86.00,86.00,247.00,86.00,86.00,86.00,86.00,86.00
2026-08-23 15:55:49,86.00,86.00,86.00,86.00,247.00,86.00,86.00,86.00,86.00,86.00
2026-08-23 16:06:10,86.00,86.00,86.00,86.00,247.00,86.00,86.00,86.00,86.00,86.00
2026-08-23 16:16:06,86.00,86.00,86.00,86.00,247.00,86.00,86.00,86.00,86.00,86.00
2026-08-23 16:26:54,86.00,86.00,86.00,86.00,247.00,86.00,86.00,86.00,86.00,86.00
2026-08-23 16:35:21,86.00,86.00,86.00,86.00,247.00,86.00,86.00,86.00,86.00,86.00
2026-08-23 16:46:50,86.00,86.00,86.00,86.00,247.00,86.00,86.00,86.00,86.00,86.00
2026-08-23 16:56:52,86.00,86.00,86.00,86.00,247.00,86.00,86.00,86.00,86.00,86.00
2026-08-23 17:06:31,86.00,86.00,86.00,86.00,247.00,86.00,86.00,86.00,86.00,86.00
2026-08-23 17:17:19,86.00,86.00,86.00,86.00,247.00,86.00,86.00,86.00,86.00,86.00
2026-08-23 17:26:31,86.00,86.00,86.00,86.00,247.00,86.00,86.00,86.00,86.00,86.00
2026-08-23 17:36:51,86.00,86.00,86.00,86.00,247.00,86.00,86.00,86.00,86.00,86.00
2026-08-23 17:46:15,86.00,86.00,86.00,86.00,247.00,86.00,86.00,86.00,86.00,86.00
2026-08-23 17:56:56,86.00,86.00,86.00,86.00,247.00,86.00,86.00,86.00,86.00,86.00
2026-08-23 18:06:56,86.00,86.00,86.00,86.00,247.00,86.00,86.00,86.00,86.00,86.00
2026-08-23 18:16:24,86.00,86.00,86.00,86.00,247.00,86.00,86.00,86.00,86.00,86.00
2026-08-23 18:26:21,86.00,86.00,86.00,86.00,247.00,86.00,86.00,86.00,86.00,86.00
2026-08-23 18:36:51,86.00,86.00,86.00,86.00,86.00,86.00,86.00,86.00,86.00,86.00
2026-08-23 18:46:40,86.00,86.00,86.00,86.00,86.00,86.00,86.00,86.00,86.00,86.00
2026-08-23 18:56:53,86.00,86.00,86.00,86.00,86.00,86.00,86.00,86.00,86.00,86.00
2026-08-23 19:07:04,86.00,86.00,86.00,86.00,86.00,86.00,86.00,86.00,86.00,86.00
2026-08-23 19:16:16,86.00,86.00,86.00,86.00,86.00,86.00,86.00,86.00,86.00,86.00
2026-08-23 19:26:27,86.00,86.00,86.00,86.00,86.00,86.00,86.00,86.00,86.00,86.00
2026-08-23 19:36:41,86.00,86.00,86.00,86.00,86.00,86.00,86.00,86.00,86.00,86.00
2026-08-23 19:45:38,86.00,86.00,86.00,86.00,86.00,86.00,86.00,86.00,86.00,86.00
2026-08-23 19:56:17,86.00,86.00,86.00,86.00,86.00,86.00,86.00,86.00,86.00,86.00
2026-08-23 20:06:55,86.00,86.00,86.00,86.00,86.00,86.00,86.00,86.00,86.00,86.00
2026-08-23 20:16:40,86.00,86.00,86.00,86.00,86.00,86.00,86.00,86.00,86.00,86.00
2026-08-23 20:26:30,86.00,86.00,86.00,86.00,86.00,86.00,86.00,86.00,86.00,86.00
2026-08-23 20:36:46,86.00,86.00,86.00,86.00,86.00,86.00,86.00,86.00,86.00,86.00
2026-08-23 20:46:26,86.00,86.00,86.00,86.00,86.00,86.00,86.00,86.00,86.00,86.00
2026-08-23 20:56:44,86.00,86.00,86.00,86.00,86.00,86.00,86.00,86.00,86.00,86.00
2026-08-23 21:06:39,86.00,86.00,86.00,86.00,86.00,86.00,86.00,86.00,86.00,86.00
2026-08-23 21:16:54,86.00,86.00,86.00,86.00,86.00,86.00,86.00,86.00,86.00,86.00
2026-08-23 21:26:43,86.00,86.00,86.00,86.00,86.00,86.00,86.00,86.00,86.00,86.00
2026-08-23 21:36:42,,86.00,,,,,86.00,86.00,,
2026-08-23 21:46:49,86.00,86.00,86.00,86.00,86.00,86.00,86.00,86.00,86.00,86.00
2026-08-23 21:56:27,86.00,86.00,86.00,86.00,86.00,86.00,86.00,86.00,86.00,86.00
2026-08-23 22:06:39,86.00,86.00,86.00,86.00,86.00,86.00,86.00,86.00,86.00,86.00
2026-08-23 22:16:39,86.00,86.00,86.00,86.00,86.00,86.00,86.00,86.00,86.00,86.00
2026-08-23 22:26:34,86.00,86.00,86.00,86.00,86.00,86.00,86.00,86.00,86.00,86.00
2026-08-23 22:36:32,86.00,86.00,86.00,86.00,86.00,86.00,86.00,86.00,86.00,86.00
2026-08-23 22:46:27,86.00,86.00,86.00,86.00,86.00,86.00,86.00,86.00,86.00,86.00
2026-08-23 22:56:43,86.00,86.00,86.00,86.00,86.00,86.00,86.00,86.00,86.00,86.00
2026-08-23 23:07:00,86.00,86.00,86.00,86.00,86.00,86.00,86.00,86.00,86.00,86.00
2026-08-23 23:16:52,,86.00,,,,,86.00,86.00,,
2026-08-23 23:26:21,86.00,86.00,86.00,86.00,86.00,86.00,86.00,86.00,86.00,86.00
2026-08-23 23:36:48,86.00,86.00,86.00,86.00,86.00,86.00,86.00,86.00,86.00,86.00
2026-08-23 23:46:41,86.00,86.00,86.00,86.00,86.00,86.00,86.00,86.00,86.00,86.00
2026-08-23 23:56:42,86.00,86.00,86.00,86.00,86.00,86.00,86.00,86.00,86.00,86.00
2026-08-24 00:06:49,86.00,86.00,86.00,86.00,247.00,86.00,86.00,86.00,86.00,86.00
2026-08-24 00:16:43,86.00,86.00,86.00,86.00,247.00,86.00,86.00,86.00,86.00,86.00
2026-08-24 00:26:56,86.00,86.00,86.00,86.00,247.00,86.00,86.00,86.00,86.00,86.00
2026-08-24 00:35:48,86.00,86.00,86.00,86.00,247.00,86.00,86.00,86.00,86.00,86.00
2026-08-24 00:46:45,86.00,86.00,86.00,86.00,247.00,86.00,86.00,86.00,86.00,86.00
2026-08-24 00:56:27,86.00,86.00,86.00,86.00,247.00,86.00,86.00,86.00,86.00,86.00
2026-08-24 01:07:00,86.00,86.00,86.00,86.00,247.00,86.00,86.00,86.00,86.00,86.00
2026-08-24 01:16:42,86.00,86.00,86.00,86.00,247.00,86.00,86.00,86.00,86.00,86.00
2026-08-24 01:26:30,86.00,86.00,86.00,86.00,247.00,86.00,86.00,86.00,86.00,86.00
2026-08-24 01:36:39,86.00,86.00,86.00,86.00,247.00,86.00,86.00,86.00,86.00,86.00
2026-08-24 01:46:15,86.00,86.00,86.00,86.00,247.00,86.00,86.00,86.00,86.00,86.00
2026-08-24 01:56:35,86.00,86.00,86.00,86.00,247.00,86.00,86.00,86.00,86.00,86.00
2026-08-24 02:06:16,86.00,86.00,86.00,86.00,247.00,86.00,86.00,86.00,86.00,86.00
2026-08-24 02:16:48,86.00,86.00,86.00,86.00,247.00,86.00,86.00,86.00,86.00,86.00
2026-08-24 02:26:44,86.00,86.00,86.00,86.00,247.00,86.00,86.00,86.00,86.00,86.00
2026-08-24 02:36:47,86.00,86.00,86.00,86.00,247.00,86.00,86.00,86.00,86.00,86.00
2026-08-24 02:45:54,86.00,86.00,86.00,86.00,247.00,86.00,86.00,86.00,86.00,86.00
2026-08-24 02:56:30,86.00,86.00,86.00,86.00,247.00,86.00,86.00,86.00,86.00,86.00
2026-08-24 03:06:58,86.00,86.00,86.00,86.00,247.00,86.00,86.00,86.00,86.00,86.00
2026-08-24 03:16:56,86.00,86.00,86.00,86.00,247.00,86.00,86.00,86.00,86.00,86.00
2026-08-24 03:26:34,86.00,86.00,86.00,86.00,247.00,86.00,86.00,86.00,86.00,86.00
2026-08-24 03:36:30,86.00,86.00,86.00,86.00,247.00,86.00,86.00,86.00,86.00,86.00
2026-08-24 03:46:32,86.00,86.00,86.00,86.00,247.00,86.00,86.00,86.00,86.00,86.00
2026-08-24 03:55:54,86.00,86.00,86.00,86.00,247.00,86.00,86.00,86.00,86.00,86.00
2026-08-24 04:06:44,86.00,86.00,86.00,86.00,247.00,86.00,86.00,86.00,86.00,86.00
2026-08-24 04:16:45,86.00,86.00,86.00,86.00,247.00,86.00,86.00,86.00,86.00,86.00
2026-08-24 04:27:00,86.00,86.00,86.00,86.00,247.00,86.00,86.00,86.00,86.00,86.00
2026-08-24 04:36:54,86.00,86.00,86.00,86.00,247.00,86.00,86.00,86.00,86.00,86.00
2026-08-24 04:46:46,86.00,86.00,86.00,86.00,247.00,86.00,86.00,86.00,86.00,86.00
2026-08-24 04:56:10,86.00,86.00,86.00,86.00,247.00,86.00,86.00,86.00,86.00,86.00
2026-08-24 05:06:51,86.00,86.00,86.00,86.00,247.00,86.00,86.00,86.00,86.00,86.00
2026-08-24 05:16:11,86.00,86.00,86.00,86.00,247.00,86.00,86.00,86.00,86.00,86.00
2026-08-24 05:26:43,86.00,86.00,86.00,86.00,247.00,86.00,86.00,86.00,86.00,86.00
2026-08-24 05:36:50,86.00,86.00,86.00,86.00,247.00,86.00,86.00,86.00,86.00,86.00
2026-08-24 05:46:29,86.00,86.00,86.00,86.00,247.00,86.00,86.00,86.00,86.00,86.00
2026-08-24 05:56:58,86.00,86.00,86.00,86.00,247.00,86.00,86.00,86.00,86.00,86.00
2026-08-24 06:06:57,86.00,86.00,86.00,86.00,247.00,86.00,86.00,86.00,86.00,86.00
2026-08-24 06:16:45,86.00,86.00,86.00,86.00,247.00,86.00,86.00,86.00,86.00,86.00
2026-08-24 06:26:49,86.00,86.00,86.00,86.00,247.00,86.00,86.00,86.00,86.00,86.00
2026-08-24 06:36:02,86.00,86.00,86.00,86.00,247.00,86.00,86.00,86.00,86.00,86.00
2026-08-24 06:47:04,86.00,,86.00,86.00,247.00,86.00,,,86.00,86.00
2026-08-24 06:56:40,86.00,86.00,86.00,86.00,247.00,86.00,86.00,86.00,86.00,86.00
2026-08-24 07:06:18,86.00,86.00,86.00,86.00,247.00,86.00,86.00,86.00,86.00,86.00
2026-08-24 07:16:38,86.00,86.00,86.00,86.00,247.00,86.00,86.00,86.00,86.00,86.00
2026-08-24 07:26:28,86.00,86.00,86.00,86.00,247.00,86.00,86.00,86.00,86.00,86.00
2026-08-24 07:36:52,86.00,86.00,86.00,86.00,247.00,86.00,86.00,86.00,86.00,86.00
2026-08-24 07:46:14,86.00,86.00,86.00,86.00,247.00,86.00,86.00,86.00,86.00,86.00
2026-08-24 07:56:33,86.00,86.00,86.00,86.00,247.00,86.00,86.00,86.00,86.00,86.00
2026-08-24 08:06:48,86.00,86.00,86.00,86.00,247.00,86.00,86.00,86.00,86.00,86.00
2026-08-24 08:16:47,86.00,86.00,86.00,86.00,247.00,86.00,86.00,86.00,86.00,86.00
2026-08-24 08:26:46,86.00,86.00,86.00,86.00,247.00,86.00,86.00,86.00,86.00,86.00
2026-08-24 08:36:46,86.00,86.00,86.00,86.00,247.00,86.00,86.00,86.00,86.00,86.00
2026-08-24 08:45:42,86.00,86.00,86.00,86.00,247.00,86.00,86.00,86.00,86.00,86.00
2026-08-24 08:57:20,86.00,86.00,86.00,86.00,247.00,86.00,86.00,86.00,86.00,86.00
2026-08-24 09:06:59,86.00,86.00,86.00,86.00,247.00,86.00,86.00,86.00,86.00,86.00
2026-08-24 09:16:13,86.00,86.00,86.00,86.00,247.00,86.00,86.00,86.00,86.00,86.00
2026-08-24 09:26:44,86.00,86.00,86.00,86.00,247.00,86.00,86.00,86.00,86.00,86.00
2026-08-24 09:36:46,86.00,86.00,86.00,86.00,247.00,86.00,86.00,86.00,86.00,86.00
2026-08-24 09:46:44,86.00,86.00,86.00,86.00,247.00,86.00,86.00,86.00,86.00,86.00
2026-08-24 09:56:08,86.00,86.00,86.00,86.00,247.00,86.00,86.00,86.00,86.00,86.00
2026-08-24 10:06:31,86.00,86.00,86.00,86.00,247.00,86.00,86.00,86.00,86.00,86.00
2026-08-24 10:16:50,86.00,86.00,86.00,86.00,247.00,86.00,86.00,86.00,86.00,86.00
2026-08-24 10:26:21,86.00,86.00,86.00,86.00,247.00,86.00,86.00,86.00,86.00,86.00
2026-08-24 10:35:56,86.00,86.00,86.00,86.00,247.00,86.00,86.00,86.00,86.00,86.00
2026-08-24 10:47:01,86.00,86.00,86.00,86.00,247.00,86.00,86.00,86.00,86.00,86.00
2026-08-24 10:56:24,86.00,86.00,86.00,86.00,247.00,86.00,86.00,86.00,86.00,86.00
2026-08-24 11:07:00,86.00,86.00,86.00,86.00,247.00,86.00,86.00,86.00,86.00,86.00
2026-08-24 11:16:20,86.00,86.00,86.00,86.00,247.00,86.00,86.00,86.00,86.00,86.00
2026-08-24 11:27:00,86.00,86.00,86.00,86.00,247.00,86.00,86.00,86.00,86.00,86.00
2026-08-24 11:37:11,86.00,86.00,86.00,86.00,247.00,86.00,86.00,86.00,86.00,86.00
2026-08-24 11:47:03,86.00,86.00,86.00,86.00,247.00,86.00,86.00,86.00,86.00,86.00
2026-08-24 11:57:03,86.00,86.00,86.00,86.00,247.00,86.00,86.00,86.00,86.00,86.00
2026-08-24 12:07:13,86.00,86.00,86.00,86.00,247.00,86.00,86.00,86.00,86.00,86.00
2026-08-24 12:16:37,86.00,86.00,86.00,86.00,247.00,86.00,86.00,86.00,86.00,86.00
2026-08-24 12:26:59,86.00,86.00,86.00,86.00,86.00,86.00,86.00,86.00,86.00,86.00
2026-08-24 12:37:19,86.00,86.00,86.00,86.00,86.00,86.00,86.00,86.00,86.00,86.00
2026-08-24 12:46:05,86.00,86.00,86.00,86.00,86.00,86.00,86.00,86.00,86.00,86.00
2026-08-24 12:56:49,86.00,86.00,86.00,86.00,86.00,86.00,86.00,86.00,86.00,86.00
2026-08-24 13:07:11,86.00,86.00,86.00,86.00,86.00,86.00,86.00,86.00,86.00,86.00
2026-08-24 13:17:04,86.00,86.00,86.00,86.00,86.00,86.00,86.00,86.00,86.00,86.00
2026-08-24 13:27:06,86.00,86.00,86.00,86.00,86.00,86.00,86.00,86.00,86.00,86.00
2026-08-24 13:37:03,86.00,86.00,86.00,86.00,86.00,86.00,86.00,86.00,86.00,86.00
2026-08-24 13:47:04,86.00,86.00,86.00,86.00,86.00,86.00,86.00,86.00,86.00,86.00
2026-08-24 13:57:13,86.00,86.00,86.00,86.00,86.00,86.00,86.00,86.00,86.00,86.00
2026-08-24 14:07:18,86.00,86.00,86.00,86.00,86.00,86.00,86.00,86.00,86.00,86.00
2026-08-24 14:17:19,86.00,86.00,86.00,86.00,86.00,86.00,86.00,86.00,86.00,86.00
2026-08-24 14:26:37,86.00,86.00,86.00,86.00,86.00,86.00,86.00,86.00,86.00,86.00
2026-08-24 14:37:10,86.00,86.00,86.00,86.00,86.00,86.00,86.00,86.00,86.00,86.00
2026-08-24 14:47:09,86.00,86.00,86.00,86.00,86.00,86.00,86.00,86.00,86.00,86.00
2026-08-24 14:57:17,86.00,86.00,86.00,86.00,86.00,86.00,86.00,86.00,86.00,86.00
2026-08-24 15:07:37,86.00,86.00,86.00,86.00,86.00,86.00,86.00,86.00,86.00,86.00
2026-08-24 15:17:27,86.00,86.00,86.00,86.00,86.00,86.00,86.00,86.00,86.00,86.00
2026-08-24 15:27:27,86.00,86.00,86.00,86.00,86.00,86.00,86.00,86.00,86.00,86.00
2026-08-24 15:37:17,86.00,86.00,86.00,86.00,86.00,86.00,86.00,86.00,86.00,86.00
2026-08-24 15:47:08,86.00,86.00,86.00,86.00,86.00,86.00,86.00,86.00,86.00,86.00
2026-08-24 15:57:12,86.00,86.00,86.00,86.00,86.00,86.00,86.00,86.00,86.00,86.00
2026-08-24 16:07:30,86.00,86.00,86.00,86.00,86.00,86.00,86.00,86.00,86.00,86.00
2026-08-24 16:17:17,86.00,86.00,86.00,86.00,86.00,86.00,86.00,86.00,86.00,86.00
2026-08-24 16:27:16,86.00,86.00,86.00,86.00,86.00,86.00,86.00,86.00,86.00,86.00
2026-08-24 16:37:08,86.00,86.00,86.00,86.00,86.00,86.00,86.00,86.00,86.00,86.00
2026-08-24 16:47:16,86.00,86.00,86.00,86.00,86.00,86.00,86.00,86.00,86.00,86.00
2026-08-24 16:57:13,86.00,86.00,86.00,86.00,86.00,86.00,86.00,86.00,86.00,86.00
2026-08-24 17:06:39,86.00,86.00,86.00,86.00,86.00,86.00,86.00,86.00,86.00,86.00
2026-08-24 17:17:38,86.00,,86.00,86.00,86.00,86.00,,,86.00,86.00
2026-08-24 17:27:14,86.00,86.00,86.00,86.00,86.00,86.00,86.00,86.00,86.00,86.00
2026-08-24 17:37:01,86.00,86.00,86.00,86.00,86.00,86.00,86.00,86.00,86.00,86.00
2026-08-24 17:46:17,86.00,86.00,86.00,86.00,86.00,86.00,86.00,86.00,86.00,86.00
2026-08-24 17:57:31,86.00,86.00,86.00,86.00,86.00,86.00,86.00,86.00,86.00,86.00
2026-08-24 18:07:28,86.00,86.00,86.00,86.00,86.00,86.00,86.00,86.00,86.00,86.00
2026-08-24 18:17:14,86.00,86.00,86.00,86.00,86.00,86.00,86.00,86.00,86.00,86.00
2026-08-24 18:26:20,86.00,86.00,86.00,86.00,86.00,86.00,86.00,86.00,86.00,86.00
2026-08-24 18:37:12,86.00,86.00,86.00,86.00,86.00,86.00,86.00,86.00,86.00,86.00
2026-08-24 18:47:23,86.00,86.00,86.00,86.00,86.00,86.00,86.00,86.00,86.00,86.00
2026-08-24 18:57:17,86.00,86.00,86.00,86.00,86.00,86.00,86.00,86.00,86.00,86.00
2026-08-24 19:07:32,86.00,,86.00,86.00,86.00,86.00,,,86.00,86.00
2026-08-24 19:16:45,86.00,86.00,86.00,86.00,86.00,86.00,86.00,86.00,86.00,86.00
2026-08-24 19:26:42,86.00,86.00,86.00,86.00,86.00,86.00,86.00,86.00,86.00,86.00
2026-08-24 19:37:15,86.00,86.00,86.00,86.00,86.00,86.00,86.00,86.00,86.00,86.00
2026-08-24 19:47:23,86.00,86.00,86.00,86.00,86.00,86.00,86.00,86.00,86.00,86.00
2026-08-24 19:57:20,,86.00,,,,,86.00,86.00,,
2026-08-24 20:07:20,86.00,86.00,86.00,86.00,86.00,86.00,86.00,86.00,86.00,86.00
2026-08-24 20:17:23,86.00,86.00,86.00,86.00,86.00,86.00,86.00,86.00,86.00,86.00
2026-08-24 20:27:12,86.00,86.00,86.00,86.00,86.00,86.00,86.00,86.00,86.00,86.00
2026-08-24 20:37:17,86.00,86.00,86.00,86.00,86.00,86.00,86.00,86.00,86.00,86.00
2026-08-24 20:46:46,86.00,86.00,86.00,86.00,86.00,86.00,86.00,86.00,86.00,86.00
2026-08-24 20:57:22,86.00,86.00,86.00,86.00,86.00,86.00,86.00,86.00,86.00,86.00
2026-08-24 21:07:10,86.00,86.00,86.00,86.00,86.00,86.00,86.00,86.00,86.00,86.00
2026-08-24 21:16:52,86.00,86.00,86.00,86.00,86.00,86.00,86.00,86.00,86.00,86.00
2026-08-24 21:27:23,86.00,86.00,86.00,86.00,86.00,86.00,86.00,86.00,86.00,86.00
2026-08-24 21:37:18,86.00,86.00,86.00,86.00,86.00,86.00,86.00,86.00,86.00,86.00
2026-08-24 21:46:32,86.00,86.00,86.00,86.00,86.00,86.00,86.00,86.00,86.00,86.00
2026-08-24 21:57:20,86.00,86.00,86.00,86.00,86.00,86.00,86.00,86.00,86.00,86.00
2026-08-24 22:07:28,86.00,86.00,86.00,86.00,86.00,86.00,86.00,86.00,86.00,86.00
2026-08-24 22:17:13,86.00,86.00,86.00,86.00,86.00,86.00,86.00,86.00,86.00,86.00
2026-08-24 22:27:13,86.00,86.00,86.00,86.00,86.00,86.00,86.00,86.00,86.00,86.00
2026-08-24 22:36:14,86.00,86.00,86.00,86.00,86.00,86.00,86.00,86.00,86.00,86.00
2026-08-24 22:47:19,86.00,86.00,86.00,86.00,86.00,86.00,86.00,86.00,86.00,86.00
2026-08-24 22:57:26,86.00,86.00,86.00,86.00,86.00,86.00,86.00,86.00,86.00,86.00
2026-08-24 23:07:33,86.00,86.00,86.00,86.00,86.00,86.00,86.00,86.00,86.00,86.00
2026-08-24 23:17:22,86.00,86.00,86.00,86.00,86.00,86.00,86.00,86.00,86.00,86.00
2026-08-24 23:27:22,86.00,86.00,86.00,86.00,86.00,86.00,86.00,86.00,86.00,86.00
2026-08-24 23:47:19,86.00,86.00,86.00,86.00,86.00,86.00,86.00,86.00,86.00,86.00
2026-08-24 23:57:28,86.00,86.00,86.00,86.00,86.00,86.00,86.00,86.00,86.00,86.00
2026-08-25 00:07:24,86.00,86.00,86.00,86.00,86.00,86.00,86.00,86.00,86.00,86.00
2026-08-25 00:16:31,86.00,86.00,86.00,86.00,86.00,86.00,86.00,86.00,86.00,86.00
2026-08-25 00:27:18,86.00,86.00,86.00,86.00,86.00,86.00,86.00,86.00,86.00,86.00
2026-08-25 00:37:30,86.00,86.00,86.00,86.00,86.00,86.00,86.00,86.00,86.00,86.00
2026-08-25 00:47:39,86.00,86.00,86.00,86.00,86.00,86.00,86.00,86.00,86.00,86.00
2026-08-25 00:57:30,86.00,86.00,86.00,86.00,86.00,86.00,86.00,86.00,86.00,86.00
2026-08-25 01:06:58,,86.00,,,,,86.00,86.00,,
2026-08-25 01:17:31,86.00,86.00,86.00,86.00,86.00,86.00,86.00,86.00,86.00,86.00
2026-08-25 01:27:14,86.00,86.00,86.00,86.00,86.00,86.00,86.00,86.00,86.00,86.00
2026-08-25 01:37:43,86.00,86.00,86.00,86.00,86.00,86.00,86.00,86.00,86.00,86.00
2026-08-25 01:47:35,86.00,86.00,86.00,86.00,86.00,86.00,86.00,86.00,86.00,86.00
2026-08-25 01:57:28,86.00,86.00,86.00,86.00,86.00,86.00,86.00,86.00,86.00,86.00
2026-08-25 02:07:34,86.00,86.00,86.00,86.00,86.00,86.00,86.00,86.00,86.00,86.00
2026-08-25 02:17:33,86.00,86.00,86.00,86.00,86.00,86.00,86.00,86.00,86.00,86.00
2026-08-25 02:26:11,86.00,86.00,86.00,86.00,86.00,86.00,86.00,86.00,86.00,86.00
2026-08-25 02:37:18,86.00,86.00,86.00,86.00,86.00,86.00,86.00,86.00,86.00,86.00
2026-08-25 02:47:14,86.00,86.00,86.00,86.00,86.00,86.00,86.00,86.00,86.00,86.00
2026-08-25 02:56:08,86.00,86.00,86.00,86.00,86.00,86.00,86.00,86.00,86.00,86.00
2026-08-25 03:07:29,86.00,86.00,86.00,86.00,86.00,86.00,86.00,86.00,86.00,86.00
2026-08-25 03:17:38,86.00,86.00,86.00,86.00,86.00,86.00,86.00,86.00,86.00,86.00
2026-08-25 03:27:27,86.00,86.00,86.00,86.00,86.00,86.00,86.00,86.00,86.00,86.00
2026-08-25 03:37:20,86.00,86.00,86.00,86.00,86.00,86.00,86.00,86.00,86.00,86.00
2026-08-25 03:47:09,86.00,86.00,86.00,86.00,86.00,86.00,86.00,86.00,86.00,86.00
2026-08-25 03:57:26,86.00,86.00,86.00,86.00,86.00,86.00,86.00,86.00,86.00,86.00
2026-08-25 04:08:04,86.00,86.00,86.00,86.00,86.00,86.00,86.00,86.00,86.00,86.00
2026-08-25 04:18:13,86.00,86.00,86.00,86.00,86.00,86.00,86.00,86.00,86.00,86.00
2026-08-25 04:27:57,86.00,86.00,86.00,86.00,86.00,86.00,86.00,86.00,86.00,86.00
2026-08-25 04:37:31,86.00,86.00,86.00,86.00,86.00,86.00,86.00,86.00,86.00,86.00
2026-08-25 04:46:37,86.00,86.00,86.00,86.00,86.00,86.00,86.00,86.00,86.00,86.00
2026-08-25 04:57:23,86.00,86.00,86.00,86.00,86.00,86.00,86.00,86.00,86.00,86.00
2026-08-25 05:06:19,86.00,86.00,86.00,86.00,86.00,86.00,86.00,86.00,86.00,86.00
2026-08-25 05:17:07,86.00,86.00,86.00,86.00,86.00,86.00,86.00,86.00,86.00,86.00
2026-08-25 05:27:11,86.00,86.00,86.00,86.00,86.00,86.00,86.00,86.00,86.00,86.00
2026-08-25 05:37:22,86.00,86.00,86.00,86.00,86.00,86.00,86.00,86.00,86.00,86.00
2026-08-25 05:47:16,86.00,86.00,86.00,86.00,86.00,86.00,86.00,86.00,86.00,86.00
2026-08-25 05:57:18,86.00,86.00,86.00,86.00,86.00,86.00,86.00,86.00,86.00,86.00
2026-08-25 06:06:45,86.00,86.00,86.00,86.00,86.00,86.00,86.00,86.00,86.00,86.00
2026-08-25 06:17:14,86.00,86.00,86.00,86.00,86.00,86.00,86.00,86.00,86.00,86.00
2026-08-25 06:27:19,86.00,86.00,86.00,86.00,86.00,86.00,86.00,86.00,86.00,86.00
2026-08-25 06:37:12,86.00,86.00,86.00,86.00,86.00,86.00,86.00,86.00,86.00,86.00
2026-08-25 06:46:38,86.00,86.00,86.00,86.00,86.00,86.00,86.00,86.00,86.00,86.00
2026-08-25 06:56:14,86.00,86.00,86.00,86.00,86.00,86.00,86.00,86.00,86.00,86.00
2026-08-25 07:07:21,86.00,86.00,86.00,86.00,86.00,86.00,86.00,86.00,86.00,86.00
2026-08-25 07:17:08,86.00,86.00,86.00,86.00,86.00,86.00,86.00,86.00,86.00,86.00
2026-08-25 07:27:20,86.00,86.00,86.00,86.00,86.00,86.00,86.00,86.00,86.00,86.00
2026-08-25 07:37:25,86.00,86.00,86.00,86.00,86.00,86.00,86.00,86.00,86.00,86.00
2026-08-25 07:47:05,86.00,86.00,86.00,86.00,86.00,86.00,86.00,86.00,86.00,86.00
2026-08-25 07:57:21,86.00,86.00,86.00,86.00,86.00,86.00,86.00,86.00,86.00,86.00
2026-08-25 08:07:25,86.00,86.00,86.00,86.00,86.00,86.00,86.00,86.00,86.00,86.00
2026-08-25 08:17:13,86.00,86.00,86.00,86.00,86.00,86.00,86.00,86.00,86.00,86.00
2026-08-25 08:27:17,86.00,86.00,86.00,86.00,86.00,86.00,86.00,86.00,86.00,86.00
2026-08-25 08:37:22,86.00,86.00,86.00,86.00,86.00,86.00,86.00,86.00,86.00,86.00
2026-08-25 08:47:14,86.00,86.00,86.00,86.00,86.00,86.00,86.00,86.00,86.00,86.00
2026-08-25 08:57:10,86.00,86.00,86.00,86.00,86.00,86.00,86.00,86.00,86.00,86.00
2026-08-25 09:06:47,86.00,86.00,86.00,86.00,86.00,86.00,86.00,86.00,86.00,86.00
2026-08-25 09:17:17,86.00,86.00,86.00,86.00,86.00,86.00,86.00,86.00,86.00,86.00
2026-08-25 09:27:16,86.00,86.00,86.00,86.00,86.00,86.00,86.00,86.00,86.00,86.00
2026-08-25 09:37:18,86.00,86.00,86.00,86.00,86.00,86.00,86.00,86.00,86.00,86.00
2026-08-25 09:46:43,86.00,86.00,86.00,86.00,86.00,86.00,86.00,86.00,86.00,86.00
2026-08-25 09:57:21,86.00,86.00,86.00,86.00,86.00,86.00,86.00,86.00,86.00,86.00
2026-08-25 10:06:44,86.00,86.00,86.00,86.00,86.00,86.00,86.00,86.00,86.00,86.00
2026-08-25 10:17:13,86.00,86.00,86.00,86.00,86.00,86.00,86.00,86.00,86.00,86.00
2026-08-25 10:27:10,86.00,86.00,86.00,86.00,86.00,86.00,86.00,86.00,86.00,86.00
2026-08-25 10:36:43,86.00,86.00,86.00,86.00,86.00,86.00,86.00,86.00,86.00,86.00
2026-08-25 10:46:01,86.00,86.00,86.00,86.00,86.00,86.00,86.00,86.00,86.00,86.00
2026-08-25 10:56:44,86.00,86.00,86.00,86.00,86.00,86.00,86.00,86.00,86.00,86.00
2026-08-25 11:07:29,86.00,86.00,86.00,86.00,86.00,86.00,86.00,86.00,86.00,86.00
2026-08-25 11:17:22,86.00,86.00,86.00,86.00,86.00,86.00,86.00,86.00,86.00,86.00
2026-08-25 11:27:32,86.00,86.00,86.00,86.00,86.00,86.00,86.00,86.00,86.00,86.00
2026-08-25 11:37:30,86.00,86.00,86.00,86.00,86.00,86.00,86.00,86.00,86.00,86.00
2026-08-25 11:47:33,86.00,86.00,86.00,86.00,86.00,86.00,86.00,86.00,86.00,86.00
2026-08-25 11:57:17,86.00,86.00,86.00,86.00,86.00,86.00,86.00,86.00,86.00,86.00
2026-08-25 12:07:30,86.00,86.00,86.00,86.00,86.00,86.00,86.00,86.00,86.00,86.00
2026-08-25 12:17:31,86.00,86.00,86.00,86.00,86.00,86.00,86.00,86.00,86.00,86.00
2026-08-25 12:27:11,86.00,86.00,86.00,86.00,86.00,86.00,86.00,86.00,86.00,86.00
2026-08-25 12:37:28,86.00,86.00,86.00,86.00,86.00,86.00,86.00,86.00,86.00,86.00
2026-08-25 12:47:11,86.00,86.00,86.00,86.00,86.00,86.00,86.00,86.00,86.00,86.00
2026-08-25 12:57:32,86.00,86.00,86.00,86.00,247.00,86.00,86.00,86.00,86.00,86.00
2026-08-25 13:07:30,86.00,86.00,86.00,86.00,247.00,86.00,86.00,86.00,86.00,86.00
2026-08-25 13:17:41,86.00,86.00,86.00,86.00,247.00,86.00,86.00,86.00,86.00,86.00
2026-08-25 13:27:23,86.00,86.00,86.00,86.00,247.00,86.00,86.00,86.00,86.00,86.00
2026-08-25 13:37:39,86.00,86.00,86.00,86.00,247.00,86.00,86.00,86.00,86.00,86.00
2026-08-25 13:46:15,86.00,86.00,86.00,86.00,247.00,86.00,86.00,86.00,86.00,86.00
2026-08-25 13:57:42,86.00,86.00,86.00,86.00,86.00,86.00,86.00,86.00,86.00,86.00
2026-08-25 14:07:55,86.00,86.00,86.00,86.00,86.00,86.00,86.00,86.00,86.00,86.00
2026-08-25 14:17:51,86.00,86.00,86.00,86.00,86.00,86.00,86.00,86.00,86.00,86.00
2026-08-25 14:27:44,86.00,86.00,86.00,86.00,86.00,86.00,86.00,86.00,86.00,86.00
2026-08-25 14:37:37,86.00,86.00,86.00,86.00,86.00,86.00,86.00,86.00,86.00,86.00
2026-08-25 14:46:26,86.00,86.00,86.00,86.00,86.00,86.00,86.00,86.00,86.00,86.00
2026-08-25 14:56:52,86.00,86.00,86.00,86.00,86.00,86.00,86.00,86.00,86.00,86.00
2026-08-25 15:07:40,86.00,86.00,86.00,86.00,86.00,86.00,86.00,86.00,86.00,86.00
2026-08-25 15:17:46,86.00,86.00,86.00,86.00,86.00,86.00,86.00,86.00,86.00,86.00
2026-08-25 15:27:52,86.00,86.00,86.00,86.00,86.00,86.00,86.00,86.00,86.00,86.00
2026-08-25 15:37:37,86.00,86.00,86.00,86.00,86.00,86.00,86.00,86.00,86.00,86.00
2026-08-25 15:47:34,86.00,86.00,86.00,86.00,86.00,86.00,86.00,86.00,86.00,86.00
2026-08-25 15:57:28,86.00,86.00,86.00,86.00,86.00,86.00,86.00,86.00,86.00,86.00
2026-08-25 16:07:31,86.00,86.00,86.00,86.00,86.00,86.00,86.00,86.00,86.00,86.00
2026-08-25 16:17:55,86.00,86.00,86.00,86.00,86.00,86.00,86.00,86.00,86.00,86.00
2026-08-25 16:27:54,86.00,86.00,86.00,86.00,86.00,86.00,86.00,86.00,86.00,86.00
2026-08-25 16:38:25,86.00,86.00,86.00,86.00,86.00,86.00,86.00,86.00,86.00,86.00
2026-08-25 16:49:09,86.00,86.00,86.00,86.00,86.00,86.00,86.00,86.00,86.00,86.00
2026-08-25 16:59:34,86.00,86.00,86.00,86.00,86.00,86.00,86.00,86.00,86.00,86.00
2026-08-25 17:09:11,86.00,86.00,86.00,86.00,86.00,86.00,86.00,86.00,86.00,86.00
2026-08-25 17:19:07,86.00,86.00,86.00,86.00,86.00,86.00,86.00,86.00,86.00,86.00
2026-08-25 17:29:26,86.00,86.00,86.00,86.00,86.00,86.00,86.00,86.00,86.00,86.00
2026-08-25 17:39:26,86.00,86.00,86.00,86.00,86.00,86.00,86.00,86.00,86.00,86.00
2026-08-25 17:49:14,86.00,86.00,86.00,86.00,86.00,86.00,86.00,86.00,86.00,86.00
2026-08-25 17:59:29,86.00,86.00,86.00,86.00,86.00,86.00,86.00,86.00,86.00,86.00
2026-08-25 18:09:15,86.00,86.00,86.00,86.00,86.00,86.00,86.00,86.00,86.00,86.00
2026-08-25 18:19:17,86.00,86.00,86.00,86.00,86.00,86.00,86.00,86.00,86.00,86.00
2026-08-25 18:29:29,86.00,86.00,86.00,86.00,86.00,86.00,86.00,86.00,86.00,86.00
2026-08-25 18:39:41,86.00,86.00,86.00,86.00,86.00,86.00,86.00,86.00,86.00,86.00
2026-08-25 18:50:00,86.00,86.00,86.00,86.00,86.00,86.00,86.00,86.00,86.00,86.00
2026-08-25 19:00:15,86.00,86.00,86.00,86.00,86.00,86.00,86.00,86.00,86.00,86.00
2026-08-25 19:10:29,86.00,86.00,86.00,86.00,86.00,86.00,86.00,86.00,86.00,86.00
2026-08-25 19:20:47,86.00,86.00,86.00,86.00,86.00,86.00,86.00,86.00,86.00,86.00
2026-08-25 19:30:58,86.00,86.00,86.00,86.00,86.00,86.00,86.00,86.00,86.00,86.00
2026-08-25 19:40:52,86.00,86.00,86.00,86.00,86.00,86.00,86.00,86.00,86.00,86.00
2026-08-25 19:50:39,86.00,86.00,86.00,86.00,86.00,86.00,86.00,86.00,86.00,86.00
2026-08-25 20:00:39,86.00,86.00,86.00,86.00,86.00,86.00,86.00,86.00,86.00,86.00
2026-08-25 20:10:55,86.00,86.00,86.00,86.00,86.00,86.00,86.00,86.00,86.00,86.00
2026-08-25 20:21:05,86.00,86.00,86.00,86.00,86.00,86.00,86.00,86.00,86.00,86.00
2026-08-25 20:31:21,86.00,86.00,86.00,86.00,86.00,86.00,86.00,86.00,86.00,86.00
2026-08-25 20:41:35,86.00,86.00,86.00,86.00,86.00,86.00,86.00,86.00,86.00,86.00
2026-08-25 20:51:23,86.00,86.00,86.00,86.00,86.00,86.00,86.00,86.00,86.00,86.00
2026-08-25 21:01:18,86.00,86.00,86.00,86.00,86.00,86.00,86.00,86.00,86.00,86.00
2026-08-25 21:11:27,86.00,86.00,86.00,86.00,86.00,86.00,86.00,86.00,86.00,86.00
2026-08-25 21:21:34,86.00,86.00,86.00,86.00,86.00,86.00,86.00,86.00,86.00,86.00
2026-08-25 21:31:58,86.00,86.00,86.00,86.00,86.00,86.00,86.00,86.00,86.00,86.00
2026-08-25 21:42:03,86.00,86.00,86.00,86.00,86.00,86.00,86.00,86.00,86.00,86.00
2026-08-25 21:51:01,86.00,86.00,86.00,86.00,86.00,86.00,86.00,86.00,86.00,86.00
2026-08-25 22:00:56,86.00,86.00,86.00,86.00,86.00,86.00,86.00,86.00,86.00,86.00
2026-08-25 22:11:25,86.00,86.00,86.00,86.00,86.00,86.00,86.00,86.00,86.00,86.00
2026-08-25 22:21:41,86.00,86.00,86.00,86.00,86.00,86.00,86.00,86.00,86.00,86.00
2026-08-25 22:31:53,86.00,86.00,86.00,86.00,86.00,86.00,86.00,86.00,86.00,86.00
2026-08-25 22:42:15,86.00,86.00,86.00,86.00,86.00,86.00,86.00,86.00,86.00,86.00
2026-08-25 22:52:38,86.00,86.00,86.00,86.00,86.00,86.00,86.00,86.00,86.00,86.00
2026-08-25 23:02:07,86.00,86.00,86.00,86.00,86.00,86.00,86.00,86.00,86.00,86.00
2026-08-25 23:11:25,86.00,86.00,86.00,86.00,86.00,86.00,86.00,86.00,86.00,86.00
2026-08-25 23:21:12,86.00,86.00,86.00,86.00,86.00,86.00,86.00,86.00,86.00,86.00
2026-08-25 23:31:22,86.00,86.00,86.00,86.00,86.00,86.00,86.00,86.00,86.00,86.00
2026-08-25 23:41:18,86.00,86.00,86.00,86.00,86.00,86.00,86.00,86.00,86.00,86.00
2026-08-25 23:51:34,86.00,86.00,86.00,86.00,86.00,86.00,86.00,86.00,86.00,86.00
2026-08-26 00:01:48,86.00,86.00,86.00,86.00,86.00,86.00,86.00,86.00,86.00,86.00
2026-08-26 00:12:07,86.00,86.00,86.00,86.00,86.00,86.00,86.00,86.00,86.00,86.00
2026-08-26 00:22:22,86.00,86.00,86.00,86.00,86.00,86.00,86.00,86.00,86.00,86.00
2026-08-26 00:32:27,86.00,86.00,86.00,86.00,86.00,86.00,86.00,86.00,86.00,86.00
2026-08-26 00:42:37,86.00,86.00,86.00,86.00,86.00,86.00,86.00,86.00,86.00,86.00
2026-08-26 00:53:05,86.00,86.00,86.00,86.00,86.00,86.00,86.00,86.00,86.00,86.00
2026-08-26 01:03:07,86.00,86.00,86.00,86.00,86.00,86.00,86.00,86.00,86.00,86.00
2026-08-26 01:13:22,86.00,86.00,86.00,86.00,86.00,86.00,86.00,86.00,86.00,86.00
2026-08-26 01:23:22,86.00,86.00,86.00,86.00,86.00,86.00,86.00,86.00,86.00,86.00
2026-08-26 01:33:27,86.00,86.00,86.00,86.00,257.00,86.00,86.00,86.00,86.00,86.00
2026-08-26 01:43:03,86.00,86.00,86.00,86.00,257.00,86.00,86.00,86.00,86.00,86.00
2026-08-26 01:52:30,86.00,86.00,86.00,86.00,257.00,86.00,86.00,86.00,86.00,86.00
2026-08-26 02:02:35,86.00,86.00,86.00,86.00,86.00,86.00,86.00,86.00,86.00,86.00
2026-08-26 02:12:41,86.00,86.00,86.00,86.00,86.00,86.00,86.00,86.00,86.00,86.00
2026-08-26 02:23:04,86.00,86.00,86.00,86.00,86.00,86.00,86.00,86.00,86.00,86.00
2026-08-26 02:33:03,86.00,86.00,86.00,86.00,86.00,86.00,86.00,86.00,86.00,86.00
2026-08-26 02:42:10,86.00,86.00,86.00,86.00,86.00,86.00,86.00,86.00,86.00,86.00
2026-08-26 02:52:07,86.00,86.00,86.00,86.00,86.00,86.00,86.00,86.00,86.00,86.00
2026-08-26 03:02:28,86.00,86.00,86.00,86.00,86.00,86.00,86.00,86.00,86.00,86.00
2026-08-26 03:12:55,86.00,86.00,86.00,86.00,86.00,86.00,86.00,86.00,86.00,86.00
2026-08-26 03:23:28,86.00,86.00,86.00,86.00,86.00,86.00,86.00,86.00,86.00,86.00
2026-08-26 03:33:41,86.00,86.00,86.00,86.00,86.00,86.00,86.00,86.00,86.00,86.00
2026-08-26 03:44:10,86.00,86.00,86.00,86.00,86.00,86.00,86.00,86.00,86.00,86.00
2026-08-26 03:54:20,86.00,86.00,86.00,86.00,86.00,86.00,86.00,86.00,86.00,86.00
2026-08-26 04:03:59,86.00,86.00,86.00,86.00,86.00,86.00,86.00,86.00,86.00,86.00
2026-08-26 04:13:19,86.00,86.00,86.00,86.00,86.00,86.00,86.00,86.00,86.00,86.00
2026-08-26 04:23:34,86.00,86.00,86.00,86.00,86.00,86.00,86.00,86.00,86.00,86.00
2026-08-26 04:33:49,86.00,86.00,86.00,86.00,86.00,86.00,86.00,86.00,86.00,86.00
2026-08-26 04:44:25,86.00,86.00,86.00,86.00,86.00,86.00,86.00,86.00,86.00,86.00
2026-08-26 04:54:48,86.00,86.00,86.00,86.00,86.00,86.00,86.00,86.00,86.00,86.00
2026-08-26 05:05:07,86.00,86.00,86.00,86.00,86.00,86.00,86.00,86.00,86.00,86.00
2026-08-26 05:15:40,86.00,86.00,86.00,86.00,86.00,86.00,86.00,86.00,86.00,86.00
2026-08-26 05:26:12,86.00,86.00,86.00,86.00,86.00,86.00,86.00,86.00,86.00,86.00
2026-08-26 05:35:23,86.00,86.00,86.00,86.00,86.00,86.00,86.00,86.00,86.00,86.00
2026-08-26 05:45:11,86.00,86.00,86.00,86.00,86.00,86.00,86.00,86.00,86.00,86.00
2026-08-26 05:55:22,86.00,86.00,86.00,86.00,86.00,86.00,86.00,86.00,86.00,86.00
2026-08-26 06:05:42,86.00,86.00,86.00,86.00,86.00,86.00,86.00,86.00,86.00,86.00
2026-08-26 06:16:12,86.00,86.00,86.00,86.00,86.00,86.00,86.00,86.00,86.00,86.00
2026-08-26 06:25:41,86.00,86.00,86.00,86.00,86.00,86.00,86.00,86.00,86.00,86.00
2026-08-26 06:35:46,86.00,86.00,86.00,86.00,86.00,86.00,86.00,86.00,86.00,86.00
2026-08-26 06:46:02,86.00,86.00,86.00,86.00,86.00,86.00,86.00,86.00,86.00,86.00
2026-08-26 06:55:14,86.00,86.00,86.00,86.00,86.00,86.00,86.00,86.00,86.00,86.00
2026-08-26 07:05:02,86.00,86.00,86.00,86.00,86.00,86.00,86.00,86.00,86.00,86.00
2026-08-26 07:15:27,86.00,86.00,86.00,86.00,86.00,86.00,86.00,86.00,86.00,86.00
2026-08-26 07:25:53,86.00,86.00,86.00,86.00,86.00,86.00,86.00,86.00,86.00,86.00
2026-08-26 07:35:51,86.00,86.00,86.00,86.00,86.00,86.00,86.00,86.00,86.00,86.00
2026-08-26 07:46:21,86.00,86.00,86.00,86.00,86.00,86.00,86.00,86.00,86.00,86.00
2026-08-26 07:56:43,86.00,86.00,86.00,86.00,86.00,86.00,86.00,86.00,86.00,86.00
2026-08-26 08:06:58,86.00,86.00,86.00,86.00,86.00,86.00,86.00,86.00,86.00,86.00
2026-08-26 08:17:21,86.00,86.00,86.00,86.00,86.00,86.00,86.00,86.00,86.00,86.00
2026-08-26 08:27:37,86.00,86.00,86.00,86.00,86.00,86.00,86.00,86.00,86.00,86.00
2026-08-26 08:37:56,86.00,86.00,86.00,86.00,86.00,86.00,86.00,86.00,86.00,86.00
2026-08-26 08:47:27,86.00,86.00,86.00,86.00,86.00,86.00,86.00,86.00,86.00,86.00
2026-08-26 08:57:35,86.00,86.00,86.00,86.00,86.00,86.00,86.00,86.00,86.00,86.00
2026-08-26 09:07:56,86.00,86.00,86.00,86.00,86.00,86.00,86.00,86.00,86.00,86.00
2026-08-26 09:17:55,86.00,86.00,86.00,86.00,86.00,86.00,86.00,86.00,86.00,86.00
2026-08-26 09:27:15,86.00,86.00,86.00,86.00,86.00,86.00,86.00,86.00,86.00,86.00
2026-08-26 09:37:52,86.00,86.00,86.00,86.00,86.00,86.00,86.00,86.00,86.00,86.00
2026-08-26 09:48:11,86.00,86.00,86.00,86.00,86.00,86.00,86.00,86.00,86.00,86.00
2026-08-26 09:58:33,86.00,86.00,86.00,86.00,86.00,86.00,86.00,86.00,86.00,86.00
2026-08-26 10:08:56,86.00,86.00,86.00,86.00,86.00,86.00,86.00,86.00,86.00,86.00
2026-08-26 10:19:26,86.00,86.00,86.00,86.00,86.00,86.00,86.00,86.00,86.00,86.00
2026-08-26 10:29:00,86.00,86.00,86.00,86.00,86.00,86.00,86.00,86.00,86.00,86.00
2026-08-26 10:39:10,86.00,86.00,86.00,86.00,86.00,86.00,86.00,86.00,86.00,86.00
2026-08-26 10:49:42,86.00,86.00,86.00,86.00,86.00,86.00,86.00,86.00,86.00,86.00
2026-08-26 10:59:49,86.00,86.00,86.00,86.00,86.00,86.00,86.00,86.00,86.00,86.00
2026-08-26 11:09:56,86.00,86.00,86.00,86.00,86.00,86.00,86.00,86.00,86.00,86.00
2026-08-26 11:20:13,86.00,86.00,86.00,86.00,86.00,86.00,86.00,86.00,86.00,86.00
2026-08-26 11:30:17,86.00,86.00,86.00,86.00,86.00,86.00,86.00,86.00,86.00,86.00
2026-08-26 11:40:28,86.00,86.00,86.00,86.00,86.00,86.00,86.00,86.00,86.00,86.00
2026-08-26 11:50:57,86.00,86.00,86.00,86.00,86.00,86.00,86.00,86.00,86.00,86.00
2026-08-26 12:01:27,86.00,86.00,86.00,86.00,86.00,86.00,86.00,86.00,86.00,86.00
2026-08-26 12:12:01,86.00,86.00,86.00,86.00,86.00,86.00,86.00,86.00,86.00,86.00
2026-08-26 12:22:34,86.00,86.00,86.00,86.00,86.00,86.00,86.00,86.00,86.00,86.00
2026-08-26 12:33:02,86.00,86.00,86.00,86.00,86.00,86.00,86.00,86.00,86.00,86.00
2026-08-26 12:43:44,86.00,86.00,86.00,86.00,86.00,86.00,86.00,86.00,86.00,86.00
2026-08-26 12:54:17,86.00,86.00,86.00,86.00,86.00,86.00,86.00,86.00,86.00,86.00
2026-08-26 13:03:39,86.00,86.00,86.00,86.00,86.00,86.00,86.00,86.00,86.00,86.00
2026-08-26 13:13:29,86.00,86.00,86.00,86.00,86.00,86.00,86.00,86.00,86.00,86.00
2026-08-26 13:24:01,86.00,86.00,86.00,86.00,86.00,86.00,86.00,86.00,86.00,86.00
2026-08-26 13:33:49,86.00,86.00,86.00,86.00,86.00,86.00,86.00,86.00,86.00,86.00
2026-08-26 13:44:24,86.00,86.00,86.00,86.00,86.00,86.00,86.00,86.00,86.00,86.00
2026-08-26 13:55:21,86.00,86.00,86.00,86.00,86.00,86.00,86.00,86.00,86.00,86.00
2026-08-26 14:05:49,86.00,86.00,86.00,86.00,86.00,86.00,86.00,86.00,86.00,86.00
2026-08-26 14:16:15,86.00,86.00,86.00,86.00,86.00,86.00,86.00,86.00,86.00,86.00
2026-08-26 14:26:51,86.00,86.00,86.00,86.00,86.00,86.00,86.00,86.00,86.00,86.00
2026-08-26 14:36:20,86.00,86.00,86.00,86.00,86.00,86.00,86.00,86.00,86.00,86.00
2026-08-26 14:46:35,86.00,86.00,86.00,86.00,86.00,86.00,86.00,86.00,86.00,86.00
2026-08-26 14:57:28,86.00,86.00,86.00,86.00,86.00,86.00,86.00,86.00,86.00,86.00
2026-08-26 15:08:18,86.00,86.00,86.00,86.00,86.00,86.00,86.00,86.00,86.00,86.00
2026-08-26 15:59:17,86.00,86.00,86.00,86.00,86.00,86.00,86.00,86.00,86.00,86.00
2026-08-26 16:09:40,86.00,86.00,86.00,86.00,86.00,86.00,86.00,86.00,86.00,86.00
2026-08-26 16:20:13,86.00,86.00,86.00,86.00,86.00,86.00,86.00,86.00,86.00,86.00
2026-08-26 16:30:06,86.00,86.00,86.00,86.00,86.00,86.00,86.00,86.00,86.00,86.00
2026-08-26 16:40:24,86.00,86.00,86.00,86.00,86.00,86.00,86.00,86.00,86.00,86.00
2026-08-26 16:51:06,86.00,86.00,86.00,86.00,86.00,86.00,86.00,86.00,86.00,86.00
2026-08-26 17:01:23,86.00,86.00,86.00,86.00,86.00,86.00,86.00,86.00,86.00,86.00
2026-08-26 17:12:14,86.00,86.00,86.00,86.00,86.00,86.00,86.00,86.00,86.00,86.00
2026-08-26 17:23:10,86.00,86.00,86.00,86.00,86.00,86.00,86.00,86.00,86.00,86.00
2026-08-26 17:34:11,86.00,86.00,86.00,86.00,86.00,86.00,86.00,86.00,86.00,86.00
2026-08-26 17:44:13,86.00,86.00,86.00,86.00,86.00,86.00,86.00,86.00,86.00,86.00
2026-08-26 18:15:48,86.00,86.00,86.00,86.00,86.00,86.00,86.00,86.00,86.00,86.00
2026-08-26 18:26:35,86.00,86.00,86.00,86.00,86.00,86.00,86.00,86.00,86.00,86.00
2026-08-26 18:36:44,86.00,86.00,86.00,86.00,86.00,86.00,86.00,86.00,86.00,86.00
2026-08-26 18:47:27,86.00,86.00,86.00,86.00,86.00,86.00,86.00,86.00,86.00,86.00
2026-08-26 18:58:18,86.00,86.00,86.00,86.00,86.00,86.00,86.00,86.00,86.00,86.00
2026-08-26 19:09:14,86.00,86.00,86.00,86.00,86.00,86.00,86.00,86.00,86.00,86.00
2026-08-26 19:21:51,86.00,86.00,86.00,86.00,86.00,86.00,86.00,86.00,86.00,86.00
2026-08-26 19:25:45,86.00,86.00,86.00,86.00,86.00,86.00,86.00,86.00,86.00,86.00
2026-08-26 19:36:05,86.00,86.00,86.00,86.00,86.00,86.00,86.00,86.00,86.00,86.00
2026-08-26 19:46:00,86.00,86.00,86.00,86.00,86.00,86.00,86.00,86.00,86.00,86.00
2026-08-26 19:55:54,86.00,86.00,86.00,86.00,86.00,86.00,86.00,86.00,86.00,86.00
2026-08-26 20:06:05,86.00,86.00,86.00,86.00,86.00,86.00,86.00,86.00,86.00,86.00
2026-08-26 20:16:04,86.00,86.00,86.00,86.00,86.00,86.00,86.00,86.00,86.00,86.00
2026-08-26 20:25:57,86.00,86.00,86.00,86.00,257.00,86.00,86.00,86.00,86.00,86.00
2026-08-26 20:36:00,86.00,86.00,86.00,86.00,257.00,86.00,86.00,86.00,86.00,86.00
2026-08-26 20:46:00,86.00,86.00,86.00,86.00,257.00,86.00,86.00,86.00,86.00,86.00
2026-08-26 20:56:01,86.00,86.00,86.00,86.00,257.00,86.00,86.00,86.00,86.00,86.00
2026-08-26 21:06:00,86.00,86.00,86.00,86.00,257.00,86.00,86.00,86.00,86.00,86.00
2026-08-26 21:15:46,86.00,86.00,86.00,86.00,257.00,86.00,86.00,86.00,86.00,86.00
2026-08-26 21:26:03,86.00,86.00,86.00,86.00,257.00,86.00,86.00,86.00,86.00,86.00
2026-08-26 21:35:59,86.00,86.00,86.00,86.00,257.00,86.00,86.00,86.00,86.00,86.00
2026-08-26 21:46:08,86.00,86.00,86.00,86.00,86.00,86.00,86.00,86.00,86.00,86.00
2026-08-26 21:55:49,86.00,86.00,86.00,86.00,86.00,86.00,86.00,86.00,86.00,86.00
2026-08-26 22:05:52,86.00,86.00,86.00,86.00,86.00,86.00,86.00,86.00,86.00,86.00
2026-08-26 22:16:04,86.00,86.00,86.00,86.00,86.00,86.00,86.00,86.00,86.00,86.00
2026-08-26 22:25:58,86.00,86.00,86.00,86.00,86.00,86.00,86.00,86.00,86.00,86.00
2026-08-26 22:35:47,86.00,86.00,86.00,86.00,86.00,86.00,86.00,86.00,86.00,86.00
2026-08-26 22:46:00,86.00,86.00,86.00,86.00,86.00,86.00,86.00,86.00,86.00,86.00
2026-08-26 22:55:58,86.00,86.00,86.00,86.00,86.00,86.00,86.00,86.00,86.00,86.00
2026-08-26 23:05:59,86.00,86.00,86.00,86.00,86.00,86.00,86.00,86.00,86.00,86.00
2026-08-26 23:16:03,86.00,86.00,86.00,86.00,86.00,86.00,86.00,86.00,86.00,86.00
2026-08-26 23:26:03,86.00,86.00,86.00,86.00,86.00,86.00,86.00,86.00,86.00,86.00
2026-08-26 23:35:56,86.00,86.00,86.00,86.00,86.00,86.00,86.00,86.00,86.00,86.00
2026-08-26 23:45:58,86.00,86.00,86.00,86.00,86.00,86.00,86.00,86.00,86.00,86.00
2026-08-26 23:55:58,86.00,86.00,86.00,86.00,86.00,86.00,86.00,86.00,86.00,86.00
2026-08-27 00:06:00,86.00,86.00,86.00,86.00,86.00,86.00,86.00,86.00,86.00,86.00
2026-08-27 00:16:03,86.00,86.00,86.00,86.00,86.00,86.00,86.00,86.00,86.00,86.00
2026-08-27 00:25:44,86.00,86.00,86.00,86.00,86.00,86.00,86.00,86.00,86.00,86.00
2026-08-27 00:35:59,86.00,86.00,86.00,86.00,86.00,86.00,86.00,86.00,86.00,86.00
2026-08-27 00:45:41,86.00,86.00,86.00,86.00,86.00,86.00,86.00,86.00,86.00,86.00
2026-08-27 00:56:00,86.00,86.00,86.00,86.00,86.00,86.00,86.00,86.00,86.00,86.00
2026-08-27 01:06:04,86.00,86.00,86.00,86.00,86.00,86.00,86.00,86.00,86.00,86.00
2026-08-27 01:15:47,86.00,86.00,86.00,86.00,86.00,86.00,86.00,86.00,86.00,86.00
2026-08-27 01:25:59,86.00,86.00,86.00,86.00,86.00,86.00,86.00,86.00,86.00,86.00
2026-08-27 01:36:05,86.00,86.00,86.00,86.00,86.00,86.00,86.00,86.00,86.00,86.00
2026-08-27 01:46:01,86.00,86.00,86.00,86.00,86.00,86.00,86.00,86.00,86.00,86.00
2026-08-27 01:55:58,86.00,86.00,86.00,86.00,86.00,86.00,86.00,86.00,86.00,86.00
2026-08-27 02:05:52,86.00,86.00,86.00,86.00,86.00,86.00,86.00,86.00,86.00,86.00
2026-08-27 02:16:02,86.00,86.00,86.00,86.00,86.00,86.00,86.00,86.00,86.00,86.00
2026-08-27 02:25:58,86.00,86.00,86.00,86.00,86.00,86.00,86.00,86.00,86.00,86.00
2026-08-27 02:35:50,86.00,86.00,86.00,86.00,257.00,86.00,86.00,86.00,86.00,86.00
2026-08-27 02:46:02,86.00,86.00,86.00,86.00,257.00,86.00,86.00,86.00,86.00,86.00
2026-08-27 02:55:58,86.00,86.00,86.00,86.00,257.00,86.00,86.00,86.00,86.00,86.00
2026-08-27 03:06:00,86.00,86.00,86.00,86.00,257.00,86.00,86.00,86.00,86.00,86.00
2026-08-27 03:15:57,86.00,86.00,86.00,86.00,257.00,86.00,86.00,86.00,86.00,86.00
2026-08-27 03:25:43,86.00,86.00,86.00,86.00,257.00,86.00,86.00,86.00,86.00,86.00
2026-08-27 03:35:59,86.00,86.00,86.00,86.00,257.00,86.00,86.00,86.00,86.00,86.00
2026-08-27 03:46:00,86.00,86.00,86.00,86.00,257.00,86.00,86.00,86.00,86.00,86.00
2026-08-27 03:56:01,86.00,86.00,86.00,86.00,257.00,86.00,86.00,86.00,86.00,86.00
2026-08-27 04:06:01,86.00,86.00,86.00,86.00,257.00,86.00,86.00,86.00,86.00,86.00
2026-08-27 04:15:56,86.00,86.00,86.00,86.00,257.00,86.00,86.00,86.00,86.00,86.00
2026-08-27 04:26:04,86.00,86.00,86.00,86.00,257.00,86.00,86.00,86.00,86.00,86.00
2026-08-27 04:35:57,86.00,86.00,86.00,86.00,257.00,86.00,86.00,86.00,86.00,86.00
2026-08-27 04:45:56,86.00,86.00,86.00,86.00,257.00,86.00,86.00,86.00,86.00,86.00
2026-08-27 04:56:00,86.00,86.00,86.00,86.00,257.00,86.00,86.00,86.00,86.00,86.00
2026-08-27 05:05:19,,257.00,,,257.00,,257.00,257.00,,
2026-08-27 05:16:01,257.00,257.00,257.00,257.00,257.00,257.00,257.00,257.00,257.00,257.00
2026-08-27 05:26:04,257.00,257.00,257.00,257.00,257.00,257.00,257.00,257.00,257.00,257.00
2026-08-27 05:35:57,257.00,257.00,257.00,257.00,257.00,257.00,257.00,257.00,257.00,257.00
2026-08-27 05:46:02,257.00,257.00,257.00,257.00,257.00,257.00,257.00,257.00,257.00,257.00
2026-08-27 05:55:57,257.00,257.00,257.00,257.00,257.00,257.00,257.00,257.00,257.00,257.00
2026-08-27 06:05:59,257.00,257.00,257.00,257.00,257.00,257.00,257.00,257.00,257.00,257.00
2026-08-27 06:16:01,257.00,257.00,257.00,257.00,257.00,257.00,257.00,257.00,257.00,257.00
2026-08-27 06:25:50,257.00,257.00,257.00,257.00,257.00,257.00,257.00,257.00,257.00,257.00
2026-08-27 06:36:02,257.00,257.00,257.00,257.00,257.00,257.00,257.00,257.00,257.00,257.00
2026-08-27 06:46:07,257.00,257.00,257.00,257.00,257.00,257.00,257.00,257.00,257.00,257.00
2026-08-27 06:55:56,257.00,257.00,257.00,257.00,257.00,257.00,257.00,257.00,257.00,257.00
2026-08-27 07:06:10,257.00,257.00,257.00,257.00,257.00,257.00,257.00,257.00,257.00,257.00
2026-08-27 07:15:57,257.00,257.00,257.00,257.00,257.00,257.00,257.00,257.00,257.00,257.00
2026-08-27 07:26:01,257.00,257.00,257.00,257.00,257.00,257.00,257.00,257.00,257.00,257.00
2026-08-27 07:36:06,257.00,257.00,257.00,257.00,257.00,257.00,257.00,257.00,257.00,257.00
2026-08-27 07:45:58,257.00,257.00,257.00,257.00,257.00,257.00,257.00,257.00,257.00,257.00
2026-08-27 07:56:02,257.00,257.00,257.00,257.00,257.00,257.00,257.00,257.00,257.00,257.00
2026-08-27 08:06:07,257.00,257.00,257.00,257.00,257.00,257.00,257.00,257.00,257.00,257.00
2026-08-27 08:16:06,257.00,257.00,257.00,257.00,257.00,257.00,257.00,257.00,257.00,257.00
2026-08-27 08:25:59,257.00,257.00,257.00,257.00,257.00,257.00,257.00,257.00,257.00,257.00
2026-08-27 08:36:06,257.00,257.00,257.00,257.00,257.00,257.00,257.00,257.00,257.00,257.00
2026-08-27 08:45:57,257.00,257.00,257.00,257.00,257.00,257.00,257.00,257.00,257.00,257.00
2026-08-27 08:56:00,257.00,257.00,257.00,257.00,257.00,257.00,257.00,257.00,257.00,257.00
2026-08-27 09:06:03,257.00,257.00,257.00,257.00,257.00,257.00,257.00,257.00,257.00,257.00
2026-08-27 09:16:00,257.00,257.00,257.00,257.00,257.00,257.00,257.00,257.00,257.00,257.00
2026-08-27 09:26:03,257.00,257.00,257.00,257.00,257.00,257.00,257.00,257.00,257.00,257.00
2026-08-27 09:36:03,257.00,257.00,257.00,257.00,257.00,257.00,257.00,257.00,257.00,257.00
2026-08-27 09:46:02,257.00,257.00,257.00,257.00,257.00,257.00,257.00,257.00,257.00,257.00
2026-08-27 09:56:04,257.00,257.00,257.00,257.00,257.00,257.00,257.00,257.00,257.00,257.00
2026-08-27 10:06:00,257.00,257.00,257.00,257.00,257.00,257.00,257.00,257.00,257.00,257.00
2026-08-27 10:16:05,257.00,257.00,257.00,257.00,257.00,257.00,257.00,257.00,257.00,257.00
2026-08-27 10:26:09,257.00,257.00,257.00,257.00,257.00,257.00,257.00,257.00,257.00,257.00
2026-08-27 10:36:01,257.00,257.00,257.00,257.00,257.00,257.00,257.00,257.00,257.00,257.00
2026-08-27 10:46:05,257.00,257.00,257.00,257.00,257.00,257.00,257.00,257.00,257.00,257.00
2026-08-27 11:05:58,257.00,257.00,257.00,257.00,257.00,257.00,257.00,257.00,257.00,257.00
2026-08-27 11:16:00,257.00,257.00,257.00,257.00,257.00,257.00,257.00,257.00,257.00,257.00
2026-08-27 11:26:05,257.00,257.00,257.00,257.00,257.00,257.00,257.00,257.00,257.00,257.00
2026-08-27 11:36:04,257.00,257.00,257.00,257.00,257.00,257.00,257.00,257.00,257.00,257.00
2026-08-27 11:45:52,257.00,257.00,257.00,257.00,257.00,257.00,257.00,257.00,257.00,257.00
2026-08-27 11:56:03,257.00,257.00,257.00,257.00,257.00,257.00,257.00,257.00,257.00,257.00
2026-08-27 12:06:05,257.00,257.00,257.00,257.00,257.00,257.00,257.00,257.00,257.00,257.00
2026-08-27 12:15:53,257.00,257.00,257.00,257.00,257.00,257.00,257.00,257.00,257.00,257.00
2026-08-27 12:26:04,257.00,257.00,257.00,257.00,257.00,257.00,257.00,257.00,257.00,257.00
2026-08-27 12:36:02,257.00,257.00,257.00,257.00,257.00,257.00,257.00,257.00,257.00,257.00
2026-08-27 12:46:02,257.00,257.00,257.00,257.00,257.00,257.00,257.00,257.00,257.00,257.00
2026-08-27 12:55:55,257.00,257.00,257.00,257.00,257.00,257.00,257.00,257.00,257.00,257.00
2026-08-27 13:06:01,257.00,257.00,257.00,257.00,257.00,257.00,257.00,257.00,257.00,257.00
2026-08-27 13:16:09,257.00,257.00,257.00,257.00,257.00,257.00,257.00,257.00,257.00,257.00
2026-08-27 13:26:08,257.00,257.00,257.00,257.00,257.00,257.00,257.00,257.00,257.00,257.00
2026-08-27 13:36:06,257.00,257.00,257.00,257.00,257.00,257.00,257.00,257.00,257.00,257.00
2026-08-27 13:46:02,257.00,257.00,257.00,257.00,257.00,257.00,257.00,257.00,257.00,257.00
2026-08-27 13:56:04,257.00,257.00,257.00,257.00,257.00,257.00,257.00,257.00,257.00,257.00
2026-08-27 14:06:08,257.00,257.00,257.00,257.00,257.00,257.00,257.00,257.00,257.00,257.00
2026-08-27 14:15:55,257.00,257.00,257.00,257.00,257.00,257.00,257.00,257.00,257.00,257.00
2026-08-27 14:26:07,257.00,257.00,257.00,257.00,257.00,257.00,257.00,257.00,257.00,257.00
2026-08-27 14:36:13,257.00,257.00,257.00,257.00,257.00,257.00,257.00,257.00,257.00,257.00
2026-08-27 14:46:08,257.00,257.00,257.00,257.00,257.00,257.00,257.00,257.00,257.00,257.00
2026-08-27 14:56:04,257.00,257.00,257.00,257.00,257.00,257.00,257.00,257.00,257.00,257.00
2026-08-27 15:06:05,257.00,257.00,257.00,257.00,257.00,257.00,257.00,257.00,257.00,257.00
2026-08-27 15:16:15,257.00,257.00,257.00,257.00,257.00,257.00,257.00,257.00,257.00,257.00
2026-08-27 15:26:06,257.00,257.00,257.00,257.00,257.00,257.00,257.00,257.00,257.00,257.00
2026-08-27 15:36:07,257.00,257.00,257.00,257.00,257.00,257.00,257.00,257.00,257.00,257.00
2026-08-27 15:46:05,257.00,257.00,257.00,257.00,257.00,257.00,257.00,257.00,257.00,257.00
2026-08-27 15:55:52,257.00,257.00,257.00,257.00,257.00,257.00,257.00,257.00,257.00,257.00
2026-08-27 16:06:10,257.00,257.00,257.00,257.00,257.00,257.00,257.00,257.00,257.00,257.00
2026-08-27 16:16:02,257.00,257.00,257.00,257.00,257.00,257.00,257.00,257.00,257.00,257.00
2026-08-27 16:26:10,257.00,257.00,257.00,257.00,257.00,257.00,257.00,257.00,257.00,257.00
2026-08-27 16:36:09,257.00,257.00,257.00,257.00,257.00,257.00,257.00,257.00,257.00,257.00
2026-08-27 16:46:16,257.00,257.00,257.00,257.00,257.00,257.00,257.00,257.00,257.00,257.00
2026-08-27 16:55:53,257.00,257.00,257.00,257.00,257.00,257.00,257.00,257.00,257.00,257.00
2026-08-27 17:05:58,257.00,257.00,257.00,257.00,257.00,257.00,257.00,257.00,257.00,257.00
2026-08-27 17:16:00,257.00,257.00,257.00,257.00,257.00,257.00,257.00,257.00,257.00,257.00
2026-08-27 17:25:55,257.00,257.00,257.00,257.00,257.00,257.00,257.00,257.00,257.00,257.00
2026-08-27 17:36:09,257.00,257.00,257.00,257.00,257.00,257.00,257.00,257.00,257.00,257.00
2026-08-27 17:46:07,257.00,257.00,257.00,257.00,257.00,257.00,257.00,257.00,257.00,257.00
2026-08-27 17:56:04,257.00,257.00,257.00,257.00,257.00,257.00,257.00,257.00,257.00,257.00
2026-08-27 18:06:10,257.00,257.00,257.00,257.00,257.00,257.00,257.00,257.00,257.00,257.00
2026-08-27 18:15:58,257.00,257.00,257.00,257.00,257.00,257.00,257.00,257.00,257.00,257.00
2026-08-27 18:26:10,257.00,257.00,257.00,257.00,257.00,257.00,257.00,257.00,257.00,257.00
2026-08-27 18:36:07,257.00,257.00,257.00,257.00,257.00,257.00,257.00,257.00,257.00,257.00
2026-08-27 18:45:59,257.00,257.00,257.00,257.00,257.00,257.00,257.00,257.00,257.00,257.00
2026-08-27 18:56:10,257.00,257.00,257.00,257.00,257.00,257.00,257.00,257.00,257.00,257.00
2026-08-27 19:05:58,257.00,257.00,257.00,257.00,257.00,257.00,257.00,257.00,257.00,257.00
2026-08-27 19:16:08,257.00,257.00,257.00,257.00,257.00,257.00,257.00,257.00,257.00,257.00
2026-08-27 19:26:00,257.00,257.00,257.00,257.00,257.00,257.00,257.00,257.00,257.00,257.00
2026-08-27 19:36:06,257.00,257.00,257.00,257.00,257.00,257.00,257.00,257.00,257.00,257.00
2026-08-27 19:46:08,257.00,257.00,257.00,257.00,257.00,257.00,257.00,257.00,257.00,257.00
2026-08-27 19:56:06,257.00,257.00,257.00,257.00,257.00,257.00,257.00,257.00,257.00,257.00
2026-08-27 20:06:17,257.00,257.00,257.00,257.00,257.00,257.00,257.00,257.00,257.00,257.00
2026-08-27 20:16:11,257.00,257.00,257.00,257.00,257.00,257.00,257.00,257.00,257.00,257.00
2026-08-27 20:26:06,257.00,257.00,257.00,257.00,257.00,257.00,257.00,257.00,257.00,257.00
2026-08-27 20:36:09,257.00,257.00,257.00,257.00,257.00,257.00,257.00,257.00,257.00,257.00
2026-08-27 20:46:05,257.00,257.00,257.00,257.00,257.00,257.00,257.00,257.00,257.00,257.00
2026-08-27 20:56:00,257.00,257.00,257.00,257.00,257.00,257.00,257.00,257.00,257.00,257.00
2026-08-27 21:06:05,257.00,257.00,257.00,257.00,257.00,257.00,257.00,257.00,257.00,257.00
2026-08-27 21:15:58,257.00,257.00,257.00,257.00,257.00,257.00,257.00,257.00,257.00,257.00
2026-08-27 21:26:04,257.00,257.00,257.00,257.00,257.00,257.00,257.00,257.00,257.00,257.00
2026-08-27 21:36:05,257.00,257.00,257.00,257.00,257.00,257.00,257.00,257.00,257.00,257.00
2026-08-27 21:46:08,257.00,257.00,257.00,257.00,257.00,257.00,257.00,257.00,257.00,257.00
2026-08-27 21:55:57,257.00,257.00,257.00,257.00,257.00,257.00,257.00,257.00,257.00,257.00
2026-08-27 22:05:59,257.00,257.00,257.00,257.00,257.00,257.00,257.00,257.00,257.00,257.00
2026-08-27 22:15:57,257.00,257.00,257.00,257.00,257.00,257.00,257.00,257.00,257.00,257.00
2026-08-27 22:26:06,257.00,257.00,257.00,257.00,257.00,257.00,257.00,257.00,257.00,257.00
2026-08-27 22:36:15,257.00,257.00,257.00,257.00,257.00,257.00,257.00,257.00,257.00,257.00
2026-08-27 22:46:08,257.00,257.00,257.00,257.00,257.00,257.00,257.00,257.00,257.00,257.00
2026-08-27 22:55:56,257.00,257.00,257.00,257.00,257.00,257.00,257.00,257.00,257.00,257.00
2026-08-27 23:05:56,257.00,257.00,257.00,257.00,257.00,257.00,257.00,257.00,257.00,257.00
2026-08-27 23:15:50,257.00,257.00,257.00,257.00,257.00,257.00,257.00,257.00,257.00,257.00
2026-08-27 23:26:10,257.00,257.00,257.00,257.00,257.00,257.00,257.00,257.00,257.00,257.00
2026-08-27 23:36:09,257.00,257.00,257.00,257.00,257.00,257.00,257.00,257.00,257.00,257.00
2026-08-27 23:46:06,257.00,257.00,257.00,257.00,257.00,257.00,257.00,257.00,257.00,257.00
2026-08-27 23:56:05,257.00,257.00,257.00,257.00,257.00,257.00,257.00,257.00,257.00,257.00
2026-08-28 00:06:05,257.00,257.00,257.00,257.00,257.00,257.00,257.00,257.00,257.00,257.00
2026-08-28 00:16:07,257.00,257.00,257.00,257.00,257.00,257.00,257.00,257.00,257.00,257.00
2026-08-28 00:26:04,257.00,257.00,257.00,257.00,257.00,257.00,257.00,257.00,257.00,257.00
2026-08-28 00:36:15,257.00,257.00,257.00,257.00,257.00,257.00,257.00,257.00,257.00,257.00
2026-08-28 00:46:01,257.00,257.00,257.00,257.00,257.00,257.00,257.00,257.00,257.00,257.00
2026-08-28 00:55:58,257.00,257.00,257.00,257.00,257.00,257.00,257.00,257.00,257.00,257.00
2026-08-28 01:06:04,257.00,257.00,257.00,257.00,257.00,257.00,257.00,257.00,257.00,257.00
2026-08-28 01:16:06,257.00,257.00,257.00,257.00,257.00,257.00,257.00,257.00,257.00,257.00
2026-08-28 01:26:07,257.00,257.00,257.00,257.00,257.00,257.00,257.00,257.00,257.00,257.00
2026-08-28 01:36:08,257.00,257.00,257.00,257.00,257.00,257.00,257.00,257.00,257.00,257.00
2026-08-28 01:46:01,257.00,257.00,257.00,257.00,257.00,257.00,257.00,257.00,257.00,257.00
2026-08-28 01:55:57,257.00,257.00,257.00,257.00,257.00,257.00,257.00,257.00,257.00,257.00
2026-08-28 02:05:54,257.00,257.00,257.00,257.00,257.00,257.00,257.00,257.00,257.00,257.00
2026-08-28 02:16:11,257.00,257.00,257.00,257.00,257.00,257.00,257.00,257.00,257.00,257.00
2026-08-28 02:25:50,257.00,257.00,257.00,257.00,257.00,257.00,257.00,257.00,257.00,257.00
2026-08-28 02:36:04,257.00,257.00,257.00,257.00,257.00,257.00,257.00,257.00,257.00,257.00
2026-08-28 02:46:07,257.00,257.00,257.00,257.00,257.00,257.00,257.00,257.00,257.00,257.00
2026-08-28 02:56:11,257.00,257.00,257.00,257.00,257.00,257.00,257.00,257.00,257.00,257.00
2026-08-28 03:05:59,257.00,257.00,257.00,257.00,257.00,257.00,257.00,257.00,257.00,257.00
2026-08-28 03:16:08,257.00,257.00,257.00,257.00,257.00,257.00,257.00,257.00,257.00,257.00
2026-08-28 03:26:07,257.00,257.00,257.00,257.00,257.00,257.00,257.00,257.00,257.00,257.00
2026-08-28 03:36:12,257.00,257.00,257.00,257.00,257.00,257.00,257.00,257.00,257.00,257.00
2026-08-28 03:46:05,257.00,257.00,257.00,257.00,257.00,257.00,257.00,257.00,257.00,257.00
2026-08-28 03:55:55,257.00,257.00,257.00,257.00,257.00,257.00,257.00,257.00,257.00,257.00
2026-08-28 04:06:09,257.00,257.00,257.00,257.00,257.00,257.00,257.00,257.00,257.00,257.00
2026-08-28 04:16:05,257.00,257.00,257.00,257.00,257.00,257.00,257.00,257.00,257.00,257.00
2026-08-28 04:26:07,257.00,257.00,257.00,257.00,257.00,257.00,257.00,257.00,257.00,257.00
2026-08-28 04:35:55,257.00,257.00,257.00,257.00,257.00,257.00,257.00,257.00,257.00,257.00
2026-08-28 04:46:08,257.00,257.00,257.00,257.00,257.00,257.00,257.00,257.00,257.00,257.00
2026-08-28 04:56:06,257.00,257.00,257.00,257.00,257.00,257.00,257.00,257.00,257.00,257.00
2026-08-28 05:06:10,257.00,257.00,257.00,257.00,257.00,257.00,257.00,257.00,257.00,257.00
2026-08-28 05:16:13,257.00,257.00,257.00,257.00,257.00,257.00,257.00,257.00,257.00,257.00
2026-08-28 05:26:08,257.00,257.00,257.00,257.00,257.00,257.00,257.00,257.00,257.00,257.00
2026-08-28 05:36:04,257.00,257.00,257.00,257.00,257.00,257.00,257.00,257.00,257.00,257.00
2026-08-28 05:46:07,257.00,257.00,257.00,257.00,257.00,257.00,257.00,257.00,257.00,257.00
2026-08-28 05:56:05,257.00,257.00,257.00,257.00,257.00,257.00,257.00,257.00,257.00,257.00
2026-08-28 06:05:56,257.00,257.00,257.00,257.00,257.00,257.00,257.00,257.00,257.00,257.00
2026-08-28 06:16:09,257.00,257.00,257.00,257.00,257.00,257.00,257.00,257.00,257.00,257.00
2026-08-28 06:26:10,257.00,257.00,257.00,257.00,257.00,257.00,257.00,257.00,257.00,257.00
2026-08-28 06:36:01,257.00,257.00,257.00,257.00,257.00,257.00,257.00,257.00,257.00,257.00
2026-08-28 06:46:07,257.00,257.00,257.00,257.00,257.00,257.00,257.00,257.00,257.00,257.00
2026-08-28 06:56:04,257.00,257.00,257.00,257.00,257.00,257.00,257.00,257.00,257.00,257.00
2026-08-28 07:06:06,257.00,257.00,257.00,257.00,257.00,257.00,257.00,257.00,257.00,257.00
2026-08-28 07:16:08,257.00,257.00,257.00,257.00,257.00,257.00,257.00,257.00,257.00,257.00
2026-08-28 07:26:09,257.00,257.00,257.00,257.00,257.00,257.00,257.00,257.00,257.00,257.00
2026-08-28 07:36:06,257.00,257.00,257.00,257.00,257.00,257.00,257.00,257.00,257.00,257.00
2026-08-28 07:46:12,257.00,257.00,257.00,257.00,257.00,257.00,257.00,257.00,257.00,257.00
2026-08-28 07:56:06,257.00,257.00,257.00,257.00,257.00,257.00,257.00,257.00,257.00,257.00
2026-08-28 08:05:55,257.00,257.00,257.00,257.00,257.00,257.00,257.00,257.00,257.00,257.00
2026-08-28 08:16:04,257.00,257.00,257.00,257.00,257.00,257.00,257.00,257.00,257.00,257.00
2026-08-28 08:26:02,257.00,257.00,257.00,257.00,257.00,257.00,257.00,257.00,257.00,257.00
2026-08-28 08:36:04,257.00,257.00,257.00,257.00,257.00,257.00,257.00,257.00,257.00,257.00
2026-08-28 08:46:06,257.00,257.00,257.00,257.00,257.00,257.00,257.00,257.00,257.00,257.00
2026-08-28 08:56:08,257.00,257.00,257.00,257.00,257.00,257.00,257.00,257.00,257.00,257.00
2026-08-28 09:06:08,257.00,257.00,257.00,257.00,257.00,257.00,257.00,257.00,257.00,257.00
2026-08-28 09:16:04,257.00,257.00,257.00,257.00,257.00,257.00,257.00,257.00,257.00,257.00
2026-08-28 09:26:08,257.00,257.00,257.00,257.00,257.00,257.00,257.00,257.00,257.00,257.00
2026-08-28 09:36:10,257.00,257.00,257.00,257.00,257.00,257.00,257.00,257.00,257.00,257.00
2026-08-28 09:46:05,257.00,257.00,257.00,257.00,257.00,257.00,257.00,257.00,257.00,257.00
2026-08-28 09:56:14,257.00,257.00,257.00,257.00,257.00,257.00,257.00,257.00,257.00,257.00
2026-08-28 10:06:07,257.00,257.00,257.00,257.00,257.00,257.00,257.00,257.00,257.00,257.00
2026-08-28 10:16:08,257.00,257.00,257.00,257.00,257.00,257.00,257.00,257.00,257.00,257.00
2026-08-28 10:26:08,257.00,257.00,257.00,257.00,257.00,257.00,257.00,257.00,257.00,257.00
2026-08-28 10:36:08,257.00,257.00,257.00,257.00,257.00,257.00,257.00,257.00,257.00,257.00
2026-08-28 10:45:57,257.00,257.00,257.00,257.00,257.00,257.00,257.00,257.00,257.00,257.00
2026-08-28 10:56:10,257.00,257.00,257.00,257.00,257.00,257.00,257.00,257.00,257.00,257.00
2026-08-28 11:05:59,257.00,257.00,257.00,257.00,257.00,257.00,257.00,257.00,257.00,257.00
2026-08-28 11:16:09,257.00,257.00,257.00,257.00,257.00,257.00,257.00,257.00,257.00,257.00
2026-08-28 11:26:13,257.00,257.00,257.00,257.00,257.00,257.00,257.00,257.00,257.00,257.00
2026-08-28 11:36:13,257.00,257.00,257.00,257.00,257.00,257.00,257.00,257.00,257.00,257.00
2026-08-28 11:46:10,257.00,257.00,257.00,257.00,257.00,257.00,257.00,257.00,257.00,257.00
2026-08-28 11:56:12,257.00,257.00,257.00,257.00,257.00,257.00,257.00,257.00,257.00,257.00
2026-08-28 12:05:56,257.00,257.00,257.00,257.00,257.00,257.00,257.00,257.00,257.00,257.00
2026-08-28 12:16:09,257.00,257.00,257.00,257.00,257.00,257.00,257.00,257.00,257.00,257.00
2026-08-28 12:26:10,257.00,257.00,257.00,257.00,257.00,257.00,257.00,257.00,257.00,257.00
2026-08-28 12:36:03,257.00,257.00,257.00,257.00,292.00,257.00,257.00,257.00,257.00,257.00
2026-08-28 12:46:08,257.00,257.00,257.00,257.00,292.00,257.00,257.00,257.00,257.00,257.00
2026-08-28 12:55:58,257.00,257.00,257.00,257.00,292.00,257.00,257.00,257.00,257.00,257.00
2026-08-28 13:06:14,257.00,257.00,257.00,257.00,292.00,292.00,257.00,257.00,257.00,257.00
2026-08-28 13:16:06,257.00,257.00,257.00,257.00,292.00,292.00,257.00,257.00,257.00,257.00
2026-08-28 13:25:57,257.00,257.00,257.00,257.00,292.00,292.00,257.00,257.00,257.00,257.00
2026-08-28 13:36:09,257.00,257.00,257.00,257.00,292.00,292.00,257.00,257.00,257.00,257.00
2026-08-28 13:46:14,257.00,257.00,257.00,257.00,292.00,292.00,257.00,257.00,257.00,257.00
2026-08-28 13:55:55,257.00,257.00,257.00,257.00,292.00,292.00,257.00,257.00,257.00,257.00
2026-08-28 14:06:03,257.00,257.00,257.00,257.00,292.00,292.00,257.00,257.00,257.00,257.00
2026-08-28 14:15:56,257.00,257.00,257.00,257.00,292.00,292.00,257.00,257.00,257.00,257.00
2026-08-28 14:26:00,257.00,257.00,257.00,257.00,292.00,292.00,257.00,257.00,257.00,257.00
2026-08-28 14:36:07,257.00,257.00,257.00,257.00,330.00,292.00,257.00,257.00,257.00,257.00
2026-08-28 14:46:12,,257.00,,,,,257.00,257.00,,
2026-08-28 14:56:12,257.00,257.00,257.00,257.00,330.00,292.00,257.00,257.00,257.00,257.00
2026-08-28 15:06:11,257.00,257.00,257.00,257.00,330.00,292.00,257.00,257.00,257.00,257.00
2026-08-28 15:16:15,257.00,257.00,257.00,257.00,330.00,292.00,257.00,257.00,257.00,257.00
2026-08-28 15:26:13,257.00,257.00,257.00,257.00,330.00,292.00,257.00,257.00,257.00,257.00
2026-08-28 15:36:13,257.00,257.00,257.00,257.00,330.00,292.00,257.00,257.00,257.00,257.00
2026-08-28 15:46:06,257.00,257.00,257.00,257.00,330.00,292.00,257.00,257.00,257.00,257.00
2026-08-28 15:56:14,257.00,257.00,257.00,257.00,292.00,292.00,257.00,257.00,257.00,257.00
2026-08-28 16:06:15,257.00,257.00,257.00,257.00,292.00,292.00,257.00,257.00,257.00,257.00
2026-08-28 16:16:08,257.00,257.00,257.00,257.00,292.00,292.00,257.00,257.00,257.00,257.00
2026-08-28 16:26:16,257.00,257.00,257.00,257.00,292.00,292.00,257.00,257.00,257.00,257.00
2026-08-28 16:35:58,257.00,257.00,257.00,257.00,292.00,292.00,257.00,257.00,257.00,257.00
2026-08-28 16:46:17,257.00,257.00,257.00,257.00,292.00,292.00,257.00,257.00,257.00,257.00
2026-08-28 16:56:10,257.00,257.00,257.00,257.00,292.00,292.00,257.00,257.00,257.00,257.00
2026-08-28 17:06:10,257.00,257.00,257.00,257.00,292.00,292.00,257.00,257.00,257.00,257.00
2026-08-28 17:16:07,257.00,257.00,257.00,257.00,292.00,292.00,257.00,257.00,257.00,257.00
2026-08-28 17:26:01,257.00,257.00,257.00,257.00,292.00,292.00,257.00,257.00,257.00,257.00
2026-08-28 17:36:10,257.00,257.00,257.00,257.00,292.00,292.00,257.00,257.00,257.00,257.00
2026-08-28 17:46:10,257.00,257.00,257.00,257.00,292.00,292.00,257.00,257.00,257.00,257.00
2026-08-28 17:55:57,257.00,257.00,257.00,257.00,292.00,292.00,257.00,257.00,257.00,257.00
2026-08-28 18:06:09,257.00,257.00,257.00,257.00,292.00,292.00,257.00,257.00,257.00,257.00
2026-08-28 18:16:17,257.00,257.00,257.00,257.00,292.00,292.00,257.00,257.00,257.00,257.00
2026-08-28 18:26:09,257.00,257.00,257.00,257.00,292.00,292.00,257.00,257.00,257.00,257.00
2026-08-28 18:36:14,257.00,257.00,257.00,257.00,292.00,292.00,257.00,257.00,257.00,257.00
2026-08-28 18:46:10,257.00,257.00,257.00,257.00,292.00,292.00,257.00,257.00,257.00,257.00
2026-08-28 18:56:11,257.00,257.00,257.00,257.00,292.00,292.00,257.00,257.00,257.00,257.00
2026-08-28 19:06:11,257.00,257.00,257.00,257.00,292.00,292.00,257.00,257.00,257.00,257.00
2026-08-28 19:16:09,257.00,257.00,257.00,257.00,292.00,292.00,257.00,257.00,257.00,257.00
2026-08-28 19:25:58,257.00,257.00,257.00,257.00,292.00,292.00,257.00,257.00,257.00,257.00
2026-08-28 19:36:00,257.00,257.00,257.00,257.00,292.00,292.00,257.00,257.00,257.00,257.00
2026-08-28 19:46:10,257.00,257.00,257.00,257.00,292.00,292.00,257.00,257.00,257.00,257.00
2026-08-28 19:56:12,257.00,257.00,257.00,257.00,292.00,292.00,257.00,257.00,257.00,257.00
2026-08-28 20:06:16,257.00,257.00,257.00,257.00,292.00,292.00,257.00,257.00,257.00,257.00
2026-08-28 20:16:10,257.00,257.00,257.00,257.00,292.00,292.00,257.00,257.00,257.00,257.00
2026-08-28 20:26:19,257.00,257.00,257.00,257.00,292.00,292.00,257.00,257.00,257.00,257.00
2026-08-28 20:36:17,257.00,257.00,257.00,257.00,292.00,292.00,257.00,257.00,257.00,257.00
2026-08-28 20:46:17,257.00,257.00,257.00,257.00,292.00,292.00,257.00,257.00,257.00,257.00
2026-08-28 20:56:22,257.00,257.00,257.00,257.00,292.00,292.00,257.00,257.00,257.00,257.00
2026-08-28 21:06:18,257.00,257.00,257.00,257.00,292.00,292.00,257.00,257.00,257.00,257.00
2026-08-28 21:16:08,257.00,257.00,257.00,257.00,292.00,292.00,257.00,257.00,257.00,257.00
2026-08-28 21:25:56,257.00,257.00,257.00,257.00,292.00,292.00,257.00,257.00,257.00,257.00
2026-08-28 21:36:08,257.00,257.00,257.00,257.00,292.00,292.00,257.00,257.00,257.00,257.00
2026-08-28 21:46:15,257.00,257.00,257.00,257.00,292.00,292.00,257.00,257.00,257.00,257.00
2026-08-28 21:56:07,257.00,257.00,257.00,257.00,292.00,292.00,257.00,257.00,257.00,257.00
2026-08-28 22:06:11,257.00,257.00,257.00,257.00,292.00,292.00,257.00,257.00,257.00,257.00
2026-08-28 22:16:18,257.00,257.00,257.00,257.00,292.00,292.00,257.00,257.00,257.00,257.00
2026-08-28 22:26:09,257.00,257.00,257.00,257.00,292.00,292.00,257.00,257.00,257.00,257.00
2026-08-28 22:35:59,257.00,257.00,257.00,257.00,292.00,292.00,257.00,257.00,257.00,257.00
2026-08-28 22:46:00,257.00,257.00,257.00,257.00,292.00,292.00,257.00,257.00,257.00,257.00
2026-08-28 22:56:07,257.00,257.00,257.00,257.00,292.00,292.00,257.00,257.00,257.00,257.00
2026-08-28 23:06:04,257.00,257.00,257.00,257.00,292.00,292.00,257.00,257.00,257.00,257.00
2026-08-28 23:16:14,257.00,257.00,257.00,257.00,292.00,292.00,257.00,257.00,257.00,257.00
2026-08-28 23:27:11,257.00,257.00,257.00,257.00,292.00,292.00,257.00,257.00,257.00,257.00
2026-08-28 23:36:12,257.00,257.00,257.00,257.00,292.00,292.00,257.00,257.00,257.00,257.00
2026-08-28 23:46:14,257.00,257.00,257.00,257.00,292.00,292.00,257.00,257.00,257.00,257.00
2026-08-28 23:56:08,257.00,257.00,257.00,257.00,292.00,292.00,257.00,257.00,257.00,257.00
2026-08-29 00:06:20,257.00,257.00,257.00,257.00,292.00,292.00,257.00,257.00,257.00,257.00
2026-08-29 00:16:01,257.00,257.00,257.00,257.00,292.00,292.00,257.00,257.00,257.00,257.00
2026-08-29 00:26:11,257.00,257.00,257.00,257.00,292.00,292.00,257.00,257.00,257.00,257.00
2026-08-29 00:36:13,257.00,257.00,257.00,257.00,292.00,292.00,257.00,257.00,257.00,257.00
2026-08-29 00:46:16,257.00,257.00,257.00,257.00,292.00,292.00,257.00,257.00,257.00,257.00
2026-08-29 00:56:07,257.00,257.00,257.00,257.00,292.00,292.00,257.00,257.00,257.00,257.00
2026-08-29 01:06:11,257.00,257.00,257.00,257.00,292.00,292.00,257.00,257.00,257.00,257.00
2026-08-29 01:16:05,,257.00,,,,,257.00,257.00,,
2026-08-29 01:26:17,257.00,257.00,257.00,257.00,292.00,292.00,257.00,257.00,257.00,257.00
2026-08-29 01:36:10,257.00,257.00,257.00,257.00,292.00,292.00,257.00,257.00,257.00,257.00
2026-08-29 01:46:05,257.00,257.00,257.00,257.00,292.00,292.00,257.00,257.00,257.00,257.00
2026-08-29 01:56:03,257.00,257.00,257.00,257.00,292.00,292.00,257.00,257.00,257.00,257.00
2026-08-29 02:05:57,257.00,257.00,257.00,257.00,292.00,292.00,257.00,257.00,257.00,257.00
2026-08-29 02:16:12,257.00,257.00,257.00,257.00,292.00,292.00,257.00,257.00,257.00,257.00
2026-08-29 02:26:14,257.00,257.00,257.00,257.00,292.00,292.00,257.00,257.00,257.00,257.00
2026-08-29 02:35:56,257.00,257.00,257.00,257.00,292.00,292.00,257.00,257.00,257.00,257.00
2026-08-29 02:46:10,257.00,257.00,257.00,257.00,292.00,292.00,257.00,257.00,257.00,257.00
2026-08-29 02:56:09,257.00,257.00,257.00,257.00,292.00,292.00,257.00,257.00,257.00,257.00
2026-08-29 03:06:00,257.00,257.00,257.00,257.00,292.00,292.00,257.00,257.00,257.00,257.00
2026-08-29 03:16:13,257.00,257.00,257.00,257.00,292.00,292.00,257.00,257.00,257.00,257.00
2026-08-29 03:26:11,257.00,257.00,257.00,257.00,292.00,292.00,257.00,257.00,257.00,257.00
2026-08-29 03:36:06,257.00,257.00,257.00,257.00,292.00,292.00,257.00,257.00,257.00,257.00
2026-08-29 03:46:11,257.00,257.00,257.00,257.00,292.00,292.00,257.00,257.00,257.00,257.00
2026-08-29 03:56:11,257.00,257.00,257.00,257.00,292.00,292.00,257.00,257.00,257.00,257.00
2026-08-29 04:06:12,257.00,257.00,257.00,257.00,292.00,292.00,257.00,257.00,257.00,257.00
2026-08-29 04:16:08,257.00,257.00,257.00,257.00,292.00,292.00,257.00,257.00,257.00,257.00
2026-08-29 04:26:14,257.00,257.00,257.00,257.00,292.00,292.00,257.00,257.00,257.00,257.00
2026-08-29 04:36:22,257.00,257.00,257.00,257.00,292.00,292.00,257.00,257.00,257.00,257.00
2026-08-29 04:46:10,257.00,257.00,257.00,257.00,292.00,292.00,257.00,257.00,257.00,257.00
2026-08-29 04:56:08,257.00,257.00,257.00,257.00,292.00,292.00,257.00,257.00,257.00,257.00
2026-08-29 05:06:09,257.00,257.00,257.00,257.00,292.00,292.00,257.00,257.00,257.00,257.00
2026-08-29 05:16:16,257.00,257.00,257.00,257.00,292.00,292.00,257.00,257.00,257.00,257.00
2026-08-29 05:25:59,257.00,257.00,257.00,257.00,292.00,292.00,257.00,257.00,257.00,257.00
2026-08-29 05:36:11,257.00,257.00,257.00,257.00,292.00,292.00,257.00,257.00,257.00,257.00
2026-08-29 05:46:14,257.00,257.00,257.00,257.00,292.00,292.00,257.00,257.00,257.00,257.00
2026-08-29 05:56:10,257.00,257.00,257.00,257.00,292.00,292.00,257.00,257.00,257.00,257.00
2026-08-29 06:06:09,257.00,257.00,257.00,257.00,292.00,292.00,257.00,257.00,257.00,257.00
2026-08-29 06:16:09,257.00,257.00,257.00,257.00,292.00,292.00,257.00,257.00,257.00,257.00
2026-08-29 06:25:56,257.00,257.00,257.00,257.00,292.00,292.00,257.00,257.00,257.00,257.00
2026-08-29 06:36:06,257.00,257.00,257.00,257.00,292.00,292.00,257.00,257.00,257.00,257.00
2026-08-29 06:46:09,257.00,257.00,257.00,257.00,292.00,292.00,257.00,257.00,257.00,257.00
2026-08-29 06:56:06,257.00,257.00,257.00,257.00,292.00,292.00,257.00,257.00,257.00,257.00
2026-08-29 07:06:12,257.00,257.00,257.00,257.00,292.00,292.00,257.00,257.00,257.00,257.00
2026-08-29 07:16:17,257.00,257.00,257.00,257.00,292.00,292.00,257.00,257.00,257.00,257.00
2026-08-29 07:26:16,257.00,257.00,257.00,257.00,292.00,292.00,257.00,257.00,257.00,257.00
2026-08-29 07:36:07,257.00,257.00,257.00,257.00,292.00,292.00,257.00,257.00,257.00,257.00
2026-08-29 07:45:56,257.00,257.00,257.00,257.00,292.00,292.00,257.00,257.00,257.00,257.00
2026-08-29 07:56:09,257.00,257.00,257.00,257.00,292.00,292.00,257.00,257.00,257.00,257.00
2026-08-29 08:06:11,257.00,257.00,257.00,257.00,292.00,292.00,257.00,257.00,257.00,257.00
2026-08-29 08:15:58,257.00,257.00,257.00,257.00,292.00,292.00,257.00,257.00,257.00,257.00
2026-08-29 08:26:19,257.00,257.00,257.00,257.00,292.00,292.00,257.00,257.00,257.00,257.00
2026-08-29 08:36:12,257.00,257.00,257.00,257.00,292.00,292.00,257.00,257.00,257.00,257.00
2026-08-29 08:46:12,257.00,257.00,257.00,257.00,292.00,292.00,257.00,257.00,257.00,257.00
2026-08-29 08:56:07,257.00,257.00,257.00,257.00,292.00,292.00,257.00,257.00,257.00,257.00
2026-08-29 09:06:11,257.00,257.00,257.00,257.00,292.00,292.00,257.00,257.00,257.00,257.00
2026-08-29 09:16:05,257.00,257.00,257.00,257.00,292.00,292.00,257.00,257.00,257.00,257.00
2026-08-29 09:26:13,257.00,257.00,257.00,257.00,292.00,292.00,257.00,257.00,257.00,257.00
2026-08-29 09:36:08,257.00,257.00,257.00,257.00,292.00,292.00,257.00,257.00,257.00,257.00
2026-08-29 09:46:11,257.00,257.00,257.00,257.00,292.00,292.00,257.00,257.00,257.00,257.00
2026-08-29 09:56:14,257.00,257.00,257.00,257.00,292.00,292.00,257.00,257.00,257.00,257.00
2026-08-29 10:06:10,257.00,257.00,257.00,257.00,292.00,292.00,257.00,257.00,257.00,257.00
2026-08-29 10:16:01,257.00,257.00,257.00,257.00,292.00,292.00,257.00,257.00,257.00,257.00
2026-08-29 10:26:05,257.00,257.00,257.00,257.00,292.00,292.00,257.00,257.00,257.00,257.00
2026-08-29 10:36:14,257.00,257.00,257.00,257.00,292.00,292.00,257.00,257.00,257.00,257.00
2026-08-29 10:46:09,257.00,257.00,257.00,257.00,292.00,292.00,257.00,257.00,257.00,257.00
2026-08-29 10:56:13,257.00,257.00,257.00,257.00,292.00,292.00,257.00,257.00,257.00,257.00
2026-08-29 11:06:15,257.00,257.00,257.00,257.00,292.00,292.00,257.00,257.00,257.00,257.00
2026-08-29 11:16:13,257.00,257.00,257.00,257.00,292.00,292.00,257.00,257.00,257.00,257.00
2026-08-29 11:26:09,257.00,257.00,257.00,257.00,292.00,292.00,257.00,257.00,257.00,257.00
2026-08-29 11:36:17,257.00,257.00,257.00,257.00,292.00,292.00,257.00,257.00,257.00,257.00
2026-08-29 11:46:22,257.00,257.00,257.00,257.00,292.00,292.00,257.00,257.00,257.00,257.00
2026-08-29 11:56:14,257.00,257.00,257.00,257.00,292.00,292.00,257.00,257.00,257.00,257.00
2026-08-29 12:06:02,257.00,257.00,257.00,257.00,292.00,257.00,257.00,257.00,257.00,257.00
2026-08-29 12:16:13,257.00,257.00,257.00,257.00,292.00,257.00,257.00,257.00,257.00,257.00
2026-08-29 12:26:03,257.00,257.00,257.00,257.00,292.00,257.00,257.00,257.00,257.00,257.00
2026-08-29 12:36:16,,257.00,,,,,257.00,257.00,,
2026-08-29 12:46:13,257.00,257.00,257.00,257.00,292.00,257.00,257.00,257.00,257.00,257.00
2026-08-29 12:56:09,257.00,257.00,257.00,257.00,292.00,257.00,257.00,257.00,257.00,257.00
2026-08-29 13:06:05,257.00,257.00,257.00,257.00,292.00,257.00,257.00,257.00,257.00,257.00
2026-08-29 13:16:08,257.00,257.00,257.00,257.00,292.00,257.00,257.00,257.00,257.00,257.00
2026-08-29 13:26:03,257.00,257.00,257.00,257.00,292.00,257.00,257.00,257.00,257.00,257.00
2026-08-29 13:36:03,257.00,257.00,257.00,257.00,292.00,257.00,257.00,257.00,257.00,257.00
2026-08-29 13:46:13,257.00,257.00,257.00,257.00,292.00,257.00,257.00,257.00,257.00,257.00
2026-08-29 13:56:17,257.00,257.00,257.00,257.00,292.00,257.00,257.00,257.00,257.00,257.00
2026-08-29 14:06:14,257.00,257.00,257.00,257.00,292.00,257.00,257.00,257.00,257.00,257.00
2026-08-29 14:16:13,257.00,257.00,257.00,257.00,292.00,257.00,257.00,257.00,257.00,257.00
2026-08-29 14:26:16,257.00,257.00,257.00,257.00,292.00,257.00,257.00,257.00,257.00,257.00
2026-08-29 14:36:14,257.00,257.00,257.00,257.00,292.00,257.00,257.00,257.00,257.00,257.00
2026-08-29 14:45:55,257.00,257.00,257.00,257.00,292.00,257.00,257.00,257.00,257.00,257.00
2026-08-29 14:56:17,257.00,257.00,257.00,257.00,292.00,257.00,257.00,257.00,257.00,257.00
2026-08-29 15:05:59,257.00,257.00,257.00,257.00,292.00,257.00,257.00,257.00,257.00,257.00
2026-08-29 15:16:17,,257.00,,,,,257.00,257.00,,
2026-08-29 15:26:13,257.00,257.00,257.00,257.00,292.00,257.00,257.00,257.00,257.00,257.00
2026-08-29 15:36:04,257.00,257.00,257.00,257.00,292.00,257.00,257.00,257.00,257.00,257.00
2026-08-29 15:46:18,257.00,257.00,257.00,257.00,292.00,257.00,257.00,257.00,257.00,257.00
2026-08-29 15:56:15,257.00,257.00,257.00,257.00,292.00,257.00,257.00,257.00,257.00,257.00
2026-08-29 16:06:15,257.00,257.00,257.00,257.00,292.00,257.00,257.00,257.00,257.00,257.00
2026-08-29 16:16:15,257.00,257.00,257.00,257.00,292.00,257.00,257.00,257.00,257.00,257.00
2026-08-29 16:26:17,257.00,257.00,257.00,257.00,292.00,257.00,257.00,257.00,257.00,257.00
2026-08-29 16:36:14,257.00,257.00,257.00,257.00,292.00,257.00,257.00,257.00,257.00,257.00
2026-08-29 16:46:16,257.00,257.00,257.00,257.00,292.00,257.00,257.00,257.00,257.00,257.00
2026-08-29 16:56:25,257.00,257.00,257.00,257.00,292.00,257.00,257.00,257.00,257.00,257.00
2026-08-29 17:06:18,257.00,257.00,257.00,257.00,292.00,257.00,257.00,257.00,257.00,257.00
2026-08-29 17:16:31,257.00,257.00,257.00,257.00,292.00,257.00,257.00,257.00,257.00,257.00
2026-08-29 17:26:12,257.00,257.00,257.00,257.00,292.00,257.00,257.00,257.00,257.00,257.00
2026-08-29 17:36:19,257.00,257.00,257.00,257.00,292.00,257.00,257.00,257.00,257.00,257.00
2026-08-29 17:45:56,257.00,257.00,257.00,257.00,292.00,257.00,257.00,257.00,257.00,257.00
2026-08-29 17:55:52,257.00,257.00,257.00,257.00,292.00,257.00,257.00,257.00,257.00,257.00
2026-08-29 18:06:21,257.00,257.00,257.00,257.00,292.00,257.00,257.00,257.00,257.00,257.00
2026-08-29 18:16:13,257.00,257.00,257.00,257.00,292.00,257.00,257.00,257.00,257.00,257.00
2026-08-29 18:26:13,257.00,257.00,257.00,257.00,292.00,257.00,257.00,257.00,257.00,257.00
2026-08-29 18:36:02,257.00,257.00,257.00,257.00,292.00,257.00,257.00,257.00,257.00,257.00
2026-08-29 18:46:09,257.00,257.00,257.00,257.00,292.00,257.00,257.00,257.00,257.00,257.00
2026-08-29 18:56:16,257.00,257.00,257.00,257.00,292.00,257.00,257.00,257.00,257.00,257.00
2026-08-29 19:06:17,257.00,257.00,257.00,257.00,292.00,257.00,257.00,257.00,257.00,257.00
2026-08-29 19:16:13,257.00,257.00,257.00,257.00,292.00,257.00,257.00,257.00,257.00,257.00
2026-08-29 19:26:13,257.00,257.00,257.00,257.00,292.00,257.00,257.00,257.00,257.00,257.00
2026-08-29 19:36:29,257.00,257.00,257.00,257.00,292.00,257.00,257.00,257.00,257.00,257.00
2026-08-29 19:46:15,257.00,257.00,257.00,257.00,292.00,257.00,257.00,257.00,257.00,257.00
2026-08-29 19:56:12,257.00,257.00,257.00,257.00,292.00,257.00,257.00,257.00,257.00,257.00
2026-08-29 20:06:09,257.00,257.00,257.00,257.00,292.00,257.00,257.00,257.00,257.00,257.00
2026-08-29 20:16:08,257.00,257.00,257.00,257.00,292.00,257.00,257.00,257.00,257.00,257.00
2026-08-29 20:26:19,257.00,257.00,257.00,257.00,292.00,257.00,257.00,257.00,257.00,257.00
2026-08-29 20:36:17,257.00,257.00,257.00,257.00,292.00,257.00,257.00,257.00,257.00,257.00
2026-08-29 20:46:14,257.00,257.00,257.00,257.00,292.00,257.00,257.00,257.00,257.00,257.00
2026-08-29 20:56:24,257.00,257.00,257.00,257.00,292.00,257.00,257.00,257.00,257.00,257.00
2026-08-29 21:06:21,257.00,257.00,257.00,257.00,292.00,257.00,257.00,257.00,257.00,257.00
2026-08-29 21:16:20,257.00,257.00,257.00,257.00,292.00,257.00,257.00,257.00,257.00,257.00
2026-08-29 21:26:12,257.00,257.00,257.00,257.00,292.00,257.00,257.00,257.00,257.00,257.00
2026-08-29 21:36:23,257.00,257.00,257.00,257.00,292.00,257.00,257.00,257.00,257.00,257.00
2026-08-29 21:46:19,257.00,257.00,257.00,257.00,292.00,257.00,257.00,257.00,257.00,257.00
2026-08-29 21:56:18,257.00,257.00,257.00,257.00,292.00,257.00,257.00,257.00,257.00,257.00
2026-08-29 22:06:16,257.00,257.00,257.00,257.00,292.00,257.00,257.00,257.00,257.00,257.00
2026-08-29 22:16:18,257.00,257.00,257.00,257.00,292.00,257.00,257.00,257.00,257.00,257.00
2026-08-29 22:26:15,257.00,257.00,257.00,257.00,292.00,257.00,257.00,257.00,257.00,257.00
2026-08-29 22:36:18,257.00,257.00,257.00,257.00,292.00,257.00,257.00,257.00,257.00,257.00
2026-08-29 22:46:22,,257.00,,,,,257.00,257.00,,
2026-08-29 22:56:16,257.00,257.00,257.00,257.00,292.00,257.00,257.00,257.00,257.00,257.00
2026-08-29 23:06:21,257.00,257.00,257.00,257.00,292.00,257.00,257.00,257.00,257.00,257.00
2026-08-29 23:16:16,257.00,257.00,257.00,257.00,292.00,257.00,257.00,257.00,257.00,257.00
2026-08-29 23:26:04,257.00,257.00,257.00,257.00,292.00,257.00,257.00,257.00,257.00,257.00
2026-08-29 23:36:13,257.00,257.00,257.00,257.00,292.00,257.00,257.00,257.00,257.00,257.00
2026-08-29 23:46:14,257.00,257.00,257.00,257.00,292.00,257.00,257.00,257.00,257.00,257.00
2026-08-29 23:56:17,257.00,257.00,257.00,257.00,292.00,257.00,257.00,257.00,257.00,257.00
2026-08-30 00:06:20,257.00,257.00,257.00,257.00,292.00,257.00,257.00,257.00,257.00,257.00
2026-08-30 00:16:16,257.00,257.00,257.00,257.00,292.00,257.00,257.00,257.00,257.00,257.00
2026-08-30 00:26:06,257.00,257.00,257.00,257.00,292.00,257.00,257.00,257.00,257.00,257.00
2026-08-30 00:36:18,257.00,257.00,257.00,257.00,292.00,257.00,257.00,257.00,257.00,257.00
2026-08-30 00:46:09,257.00,257.00,257.00,257.00,292.00,257.00,257.00,257.00,257.00,257.00
2026-08-30 00:56:04,257.00,257.00,257.00,257.00,292.00,257.00,257.00,257.00,257.00,257.00
2026-08-30 01:06:16,257.00,257.00,257.00,257.00,292.00,257.00,257.00,257.00,257.00,257.00
2026-08-30 01:16:05,257.00,257.00,257.00,257.00,292.00,257.00,257.00,257.00,257.00,257.00
2026-08-30 01:26:16,257.00,257.00,257.00,257.00,292.00,257.00,257.00,257.00,257.00,257.00
2026-08-30 01:36:16,257.00,257.00,257.00,257.00,292.00,257.00,257.00,257.00,257.00,257.00
2026-08-30 01:46:14,257.00,257.00,257.00,257.00,292.00,257.00,257.00,257.00,257.00,257.00
2026-08-30 01:56:04,257.00,257.00,257.00,257.00,292.00,257.00,257.00,257.00,257.00,257.00
2026-08-30 02:06:08,257.00,257.00,257.00,257.00,292.00,257.00,257.00,257.00,257.00,257.00
2026-08-30 02:16:17,257.00,257.00,257.00,257.00,292.00,257.00,257.00,257.00,257.00,257.00
2026-08-30 02:26:13,257.00,257.00,257.00,257.00,292.00,257.00,257.00,257.00,257.00,257.00
2026-08-30 02:36:16,257.00,257.00,257.00,257.00,292.00,257.00,257.00,257.00,257.00,257.00
2026-08-30 02:46:18,257.00,257.00,257.00,257.00,292.00,257.00,257.00,257.00,257.00,257.00
2026-08-30 02:56:17,257.00,257.00,257.00,257.00,292.00,257.00,257.00,257.00,257.00,257.00
2026-08-30 03:06:04,257.00,257.00,257.00,257.00,292.00,257.00,257.00,257.00,257.00,257.00
2026-08-30 03:16:20,257.00,257.00,257.00,257.00,292.00,257.00,257.00,257.00,257.00,257.00
2026-08-30 03:26:16,257.00,257.00,257.00,257.00,292.00,257.00,257.00,257.00,257.00,257.00
2026-08-30 03:36:19,257.00,257.00,257.00,257.00,292.00,257.00,257.00,257.00,257.00,257.00
2026-08-30 03:46:20,257.00,257.00,257.00,257.00,292.00,257.00,257.00,257.00,257.00,257.00
2026-08-30 03:56:19,257.00,257.00,257.00,257.00,292.00,257.00,257.00,257.00,257.00,257.00
2026-08-30 04:06:18,257.00,257.00,257.00,257.00,292.00,257.00,257.00,257.00,257.00,257.00
2026-08-30 04:16:19,257.00,257.00,257.00,257.00,292.00,257.00,257.00,257.00,257.00,257.00
2026-08-30 04:26:18,257.00,257.00,257.00,257.00,292.00,257.00,257.00,257.00,257.00,257.00
2026-08-30 04:36:03,257.00,257.00,257.00,257.00,292.00,257.00,257.00,257.00,257.00,257.00
2026-08-30 04:46:00,257.00,257.00,257.00,257.00,292.00,257.00,257.00,257.00,257.00,257.00
2026-08-30 04:56:21,257.00,257.00,257.00,257.00,292.00,257.00,257.00,257.00,257.00,257.00
2026-08-30 05:06:16,257.00,257.00,257.00,257.00,292.00,257.00,257.00,257.00,257.00,257.00
2026-08-30 05:16:07,257.00,257.00,257.00,257.00,292.00,257.00,257.00,257.00,257.00,257.00
2026-08-30 05:26:11,257.00,257.00,257.00,257.00,292.00,257.00,257.00,257.00,257.00,257.00
2026-08-30 05:36:12,257.00,257.00,257.00,257.00,292.00,257.00,257.00,257.00,257.00,257.00
2026-08-30 05:45:58,257.00,257.00,257.00,257.00,292.00,257.00,257.00,257.00,257.00,257.00
2026-08-30 05:56:22,257.00,257.00,257.00,257.00,292.00,257.00,257.00,257.00,257.00,257.00
2026-08-30 06:06:16,257.00,257.00,257.00,257.00,292.00,257.00,257.00,257.00,257.00,257.00
2026-08-30 06:16:02,257.00,257.00,257.00,257.00,292.00,257.00,257.00,257.00,257.00,257.00
2026-08-30 06:26:17,257.00,257.00,257.00,257.00,292.00,257.00,257.00,257.00,257.00,257.00
2026-08-30 06:36:15,257.00,257.00,257.00,257.00,292.00,257.00,257.00,257.00,257.00,257.00
2026-08-30 06:46:16,257.00,257.00,257.00,257.00,292.00,257.00,257.00,257.00,257.00,257.00
2026-08-30 06:56:21,257.00,257.00,257.00,257.00,292.00,257.00,257.00,257.00,257.00,257.00
2026-08-30 07:06:14,257.00,257.00,257.00,257.00,292.00,257.00,257.00,257.00,257.00,257.00
2026-08-30 07:16:11,257.00,257.00,257.00,257.00,292.00,257.00,257.00,257.00,257.00,257.00
2026-08-30 07:26:21,257.00,257.00,257.00,257.00,292.00,257.00,257.00,257.00,257.00,257.00
2026-08-30 07:36:16,257.00,257.00,257.00,257.00,292.00,257.00,257.00,257.00,257.00,257.00
2026-08-30 07:45:53,257.00,257.00,257.00,257.00,292.00,257.00,257.00,257.00,257.00,257.00
2026-08-30 07:56:13,257.00,257.00,257.00,257.00,292.00,257.00,257.00,257.00,257.00,257.00
2026-08-30 08:06:13,257.00,257.00,257.00,257.00,292.00,257.00,257.00,257.00,257.00,257.00
2026-08-30 08:16:15,257.00,257.00,257.00,257.00,292.00,257.00,257.00,257.00,257.00,257.00
2026-08-30 08:26:16,257.00,257.00,257.00,257.00,292.00,257.00,257.00,257.00,257.00,257.00
2026-08-30 08:36:11,257.00,257.00,257.00,257.00,292.00,257.00,257.00,257.00,257.00,257.00
2026-08-30 08:46:16,257.00,257.00,257.00,257.00,292.00,257.00,257.00,257.00,257.00,257.00
2026-08-30 08:56:16,257.00,257.00,257.00,257.00,292.00,257.00,257.00,257.00,257.00,257.00
2026-08-30 09:06:12,257.00,257.00,257.00,257.00,292.00,257.00,257.00,257.00,257.00,257.00
2026-08-30 09:16:12,257.00,257.00,257.00,257.00,292.00,257.00,257.00,257.00,257.00,257.00
2026-08-30 09:26:16,257.00,257.00,257.00,257.00,292.00,257.00,257.00,257.00,257.00,257.00
2026-08-30 09:36:17,257.00,257.00,257.00,257.00,292.00,257.00,257.00,257.00,257.00,257.00
2026-08-30 09:46:17,257.00,257.00,257.00,257.00,292.00,257.00,257.00,257.00,257.00,257.00
2026-08-30 09:56:04,257.00,257.00,257.00,257.00,292.00,257.00,257.00,257.00,257.00,257.00
2026-08-30 10:06:17,257.00,257.00,257.00,257.00,292.00,257.00,257.00,257.00,257.00,257.00
2026-08-30 10:16:11,257.00,257.00,257.00,257.00,292.00,257.00,257.00,257.00,257.00,257.00
2026-08-30 10:25:56,257.00,257.00,257.00,257.00,292.00,257.00,257.00,257.00,257.00,257.00
2026-08-30 10:36:20,257.00,257.00,257.00,257.00,292.00,257.00,257.00,257.00,257.00,257.00
2026-08-30 10:46:21,257.00,257.00,257.00,257.00,292.00,257.00,257.00,257.00,257.00,257.00
2026-08-30 10:56:18,257.00,257.00,257.00,257.00,292.00,257.00,257.00,257.00,257.00,257.00
2026-08-30 11:06:14,257.00,257.00,257.00,257.00,292.00,257.00,257.00,257.00,257.00,257.00
2026-08-30 11:16:18,257.00,257.00,257.00,257.00,292.00,257.00,257.00,257.00,257.00,257.00
2026-08-30 11:26:20,257.00,257.00,257.00,257.00,292.00,257.00,257.00,257.00,257.00,257.00
2026-08-30 11:36:03,257.00,257.00,257.00,257.00,292.00,257.00,257.00,257.00,257.00,257.00
2026-08-30 11:46:20,257.00,257.00,257.00,257.00,292.00,257.00,257.00,257.00,257.00,257.00
2026-08-30 11:56:19,257.00,257.00,257.00,257.00,292.00,257.00,257.00,257.00,257.00,257.00
2026-08-30 12:06:01,257.00,257.00,257.00,257.00,292.00,257.00,257.00,257.00,257.00,257.00
2026-08-30 12:16:18,257.00,257.00,257.00,257.00,292.00,257.00,257.00,257.00,257.00,257.00
2026-08-30 12:26:19,257.00,257.00,257.00,257.00,292.00,257.00,257.00,257.00,257.00,257.00
2026-08-30 12:36:19,257.00,257.00,257.00,257.00,292.00,257.00,257.00,257.00,257.00,257.00
2026-08-30 12:46:17,257.00,257.00,257.00,257.00,292.00,257.00,257.00,257.00,257.00,257.00
2026-08-30 12:56:19,257.00,257.00,257.00,257.00,292.00,257.00,257.00,257.00,257.00,257.00
2026-08-30 13:06:15,257.00,257.00,257.00,257.00,292.00,257.00,257.00,257.00,257.00,257.00
2026-08-30 13:16:22,257.00,257.00,257.00,257.00,292.00,257.00,257.00,257.00,257.00,257.00
2026-08-30 13:26:24,257.00,257.00,257.00,257.00,292.00,257.00,257.00,257.00,257.00,257.00
2026-08-30 13:36:17,257.00,257.00,257.00,257.00,292.00,257.00,257.00,257.00,257.00,257.00
2026-08-30 13:46:16,257.00,257.00,257.00,257.00,292.00,257.00,257.00,257.00,257.00,257.00
2026-08-30 13:56:18,257.00,257.00,257.00,257.00,292.00,257.00,257.00,257.00,257.00,257.00
2026-08-30 14:06:07,257.00,257.00,257.00,257.00,292.00,257.00,257.00,257.00,257.00,257.00
2026-08-30 14:16:01,257.00,257.00,257.00,257.00,292.00,257.00,257.00,257.00,257.00,257.00
2026-08-30 14:26:26,257.00,257.00,257.00,257.00,292.00,257.00,257.00,257.00,257.00,257.00
2026-08-30 14:36:27,257.00,257.00,257.00,257.00,292.00,257.00,257.00,257.00,257.00,257.00
2026-08-30 14:46:07,257.00,257.00,257.00,257.00,292.00,257.00,257.00,257.00,257.00,257.00
2026-08-30 14:56:16,257.00,257.00,257.00,257.00,292.00,257.00,257.00,257.00,257.00,257.00
2026-08-30 15:06:20,257.00,257.00,257.00,257.00,292.00,257.00,257.00,257.00,257.00,257.00
2026-08-30 15:16:07,257.00,257.00,257.00,257.00,292.00,257.00,257.00,257.00,257.00,257.00
2026-08-30 15:26:00,257.00,257.00,257.00,257.00,292.00,257.00,257.00,257.00,257.00,257.00
2026-08-30 15:36:12,257.00,257.00,257.00,257.00,292.00,257.00,257.00,257.00,257.00,257.00
2026-08-30 15:46:22,257.00,257.00,257.00,257.00,292.00,257.00,257.00,257.00,257.00,257.00
2026-08-30 15:56:25,257.00,257.00,257.00,257.00,292.00,257.00,257.00,257.00,257.00,257.00
2026-08-30 16:06:21,257.00,257.00,257.00,257.00,292.00,257.00,257.00,257.00,257.00,257.00
2026-08-30 16:16:31,257.00,257.00,257.00,257.00,292.00,257.00,257.00,257.00,257.00,257.00
2026-08-30 16:26:26,257.00,257.00,257.00,257.00,292.00,257.00,257.00,257.00,257.00,257.00
2026-08-30 16:36:21,257.00,257.00,257.00,257.00,292.00,257.00,257.00,257.00,257.00,257.00
2026-08-30 16:46:22,257.00,257.00,257.00,257.00,292.00,257.00,257.00,257.00,257.00,257.00
2026-08-30 16:56:09,257.00,257.00,257.00,257.00,292.00,257.00,257.00,257.00,257.00,257.00
2026-08-30 17:06:25,257.00,257.00,257.00,257.00,292.00,257.00,257.00,257.00,257.00,257.00
2026-08-30 17:16:13,257.00,257.00,257.00,257.00,292.00,257.00,257.00,257.00,257.00,257.00
2026-08-30 17:26:22,257.00,257.00,257.00,257.00,257.00,292.00,257.00,257.00,257.00,257.00
2026-08-30 17:36:08,257.00,257.00,257.00,257.00,257.00,292.00,257.00,257.00,257.00,257.00
2026-08-30 17:46:19,257.00,257.00,257.00,257.00,257.00,292.00,257.00,257.00,257.00,257.00
2026-08-30 17:56:09,257.00,257.00,257.00,257.00,257.00,292.00,257.00,257.00,257.00,257.00
2026-08-30 18:06:22,257.00,257.00,257.00,257.00,257.00,292.00,257.00,257.00,257.00,257.00
2026-08-30 18:16:21,257.00,257.00,257.00,257.00,257.00,292.00,257.00,257.00,257.00,257.00
2026-08-30 18:26:24,257.00,257.00,257.00,257.00,257.00,292.00,257.00,257.00,257.00,257.00
2026-08-30 18:36:27,257.00,257.00,257.00,257.00,257.00,292.00,257.00,257.00,257.00,257.00
2026-08-30 18:46:17,257.00,257.00,257.00,257.00,257.00,292.00,257.00,257.00,257.00,257.00
2026-08-30 18:56:19,257.00,257.00,257.00,257.00,257.00,292.00,257.00,257.00,257.00,257.00
2026-08-30 19:06:18,257.00,257.00,257.00,257.00,257.00,292.00,257.00,257.00,257.00,257.00
2026-08-30 19:16:13,257.00,257.00,257.00,257.00,292.00,292.00,257.00,257.00,257.00,257.00
2026-08-30 19:26:21,257.00,257.00,257.00,257.00,292.00,292.00,257.00,257.00,257.00,257.00
2026-08-30 19:36:19,257.00,257.00,257.00,257.00,292.00,292.00,257.00,257.00,257.00,257.00
2026-08-30 19:46:10,257.00,257.00,257.00,257.00,292.00,292.00,257.00,257.00,257.00,257.00
2026-08-30 19:56:24,257.00,257.00,257.00,257.00,292.00,292.00,257.00,257.00,257.00,257.00
2026-08-30 20:06:12,257.00,257.00,257.00,257.00,292.00,292.00,257.00,257.00,257.00,257.00
2026-08-30 20:16:24,257.00,257.00,257.00,257.00,292.00,292.00,257.00,257.00,257.00,257.00
2026-08-30 20:26:19,257.00,257.00,257.00,257.00,292.00,292.00,257.00,257.00,257.00,257.00
2026-08-30 20:36:10,257.00,257.00,257.00,257.00,292.00,292.00,257.00,257.00,257.00,257.00
2026-08-30 20:46:18,257.00,257.00,257.00,257.00,292.00,292.00,257.00,257.00,257.00,257.00
2026-08-30 20:56:20,257.00,257.00,257.00,257.00,292.00,292.00,257.00,257.00,257.00,257.00
2026-08-30 21:06:28,257.00,257.00,257.00,257.00,292.00,292.00,257.00,257.00,257.00,257.00
2026-08-30 21:16:22,257.00,257.00,257.00,257.00,292.00,292.00,257.00,257.00,257.00,257.00
2026-08-30 21:26:26,257.00,257.00,257.00,257.00,292.00,292.00,257.00,257.00,257.00,257.00
2026-08-30 21:36:24,257.00,257.00,257.00,257.00,292.00,292.00,257.00,257.00,257.00,257.00
2026-08-30 21:46:30,257.00,257.00,257.00,257.00,292.00,292.00,257.00,257.00,257.00,257.00
2026-08-30 21:56:22,257.00,257.00,257.00,257.00,292.00,292.00,257.00,257.00,257.00,257.00
2026-08-30 22:06:08,257.00,257.00,257.00,257.00,292.00,292.00,257.00,257.00,257.00,257.00
2026-08-30 22:16:23,257.00,257.00,257.00,257.00,292.00,292.00,257.00,257.00,257.00,257.00
2026-08-30 22:25:57,257.00,257.00,257.00,257.00,292.00,292.00,257.00,257.00,257.00,257.00
2026-08-30 22:36:23,257.00,257.00,257.00,257.00,292.00,292.00,257.00,257.00,257.00,257.00
2026-08-30 22:46:16,257.00,257.00,257.00,257.00,292.00,292.00,257.00,257.00,257.00,257.00
2026-08-30 22:56:25,257.00,257.00,257.00,257.00,292.00,292.00,257.00,257.00,257.00,257.00
2026-08-30 23:06:24,257.00,257.00,257.00,257.00,292.00,292.00,257.00,257.00,257.00,257.00
2026-08-30 23:16:20,257.00,257.00,257.00,257.00,292.00,292.00,257.00,257.00,257.00,257.00
2026-08-30 23:26:07,257.00,257.00,257.00,257.00,292.00,292.00,257.00,257.00,257.00,257.00
2026-08-30 23:36:24,257.00,257.00,257.00,257.00,292.00,292.00,257.00,257.00,257.00,257.00
2026-08-30 23:46:18,257.00,257.00,257.00,257.00,292.00,292.00,257.00,257.00,257.00,257.00
2026-08-30 23:56:03,257.00,257.00,257.00,257.00,292.00,292.00,257.00,257.00,257.00,257.00
2026-08-31 00:06:21,257.00,257.00,257.00,257.00,292.00,292.00,257.00,257.00,257.00,257.00
2026-08-31 00:16:23,257.00,257.00,257.00,257.00,292.00,292.00,257.00,257.00,257.00,257.00
2026-08-31 00:26:22,257.00,257.00,257.00,257.00,292.00,292.00,257.00,257.00,257.00,257.00
2026-08-31 00:36:20,257.00,257.00,257.00,257.00,292.00,292.00,257.00,257.00,257.00,257.00
2026-08-31 00:46:27,257.00,257.00,257.00,257.00,292.00,292.00,257.00,257.00,257.00,257.00
2026-08-31 00:56:20,257.00,257.00,257.00,257.00,292.00,292.00,257.00,257.00,257.00,257.00
2026-08-31 01:06:19,257.00,257.00,257.00,257.00,292.00,292.00,257.00,257.00,257.00,257.00
2026-08-31 01:16:25,,257.00,,,,,257.00,257.00,,
2026-08-31 01:26:23,257.00,257.00,257.00,257.00,292.00,292.00,257.00,257.00,257.00,257.00
2026-08-31 01:36:03,257.00,257.00,257.00,257.00,292.00,292.00,257.00,257.00,257.00,257.00
2026-08-31 01:46:22,257.00,257.00,257.00,257.00,292.00,292.00,257.00,257.00,257.00,257.00
2026-08-31 01:56:11,257.00,257.00,257.00,257.00,292.00,292.00,257.00,257.00,257.00,257.00
2026-08-31 02:06:21,257.00,257.00,257.00,257.00,292.00,292.00,257.00,257.00,257.00,257.00
2026-08-31 02:16:19,257.00,257.00,257.00,257.00,292.00,292.00,257.00,257.00,257.00,257.00
2026-08-31 02:26:10,257.00,257.00,257.00,257.00,292.00,292.00,257.00,257.00,257.00,257.00
2026-08-31 02:36:26,257.00,257.00,257.00,257.00,292.00,292.00,257.00,257.00,257.00,257.00
2026-08-31 02:46:22,257.00,257.00,257.00,257.00,292.00,292.00,257.00,257.00,257.00,257.00
2026-08-31 02:56:21,257.00,257.00,257.00,257.00,292.00,292.00,257.00,257.00,257.00,257.00
2026-08-31 03:06:23,257.00,257.00,257.00,257.00,292.00,292.00,257.00,257.00,257.00,257.00
2026-08-31 03:16:05,257.00,257.00,257.00,257.00,292.00,292.00,257.00,257.00,257.00,257.00
2026-08-31 03:26:22,257.00,257.00,257.00,257.00,292.00,292.00,257.00,257.00,257.00,257.00
2026-08-31 03:36:04,257.00,257.00,257.00,257.00,292.00,292.00,257.00,257.00,257.00,257.00
2026-08-31 03:46:26,257.00,257.00,257.00,257.00,292.00,292.00,257.00,257.00,257.00,257.00
2026-08-31 03:56:24,257.00,257.00,257.00,257.00,292.00,292.00,257.00,257.00,257.00,257.00
2026-08-31 04:06:13,257.00,257.00,257.00,257.00,292.00,292.00,257.00,257.00,257.00,257.00
2026-08-31 04:16:23,257.00,257.00,257.00,257.00,292.00,292.00,257.00,257.00,257.00,257.00
2026-08-31 04:26:22,257.00,257.00,257.00,257.00,292.00,292.00,257.00,257.00,257.00,257.00
2026-08-31 04:36:21,257.00,257.00,257.00,257.00,292.00,292.00,257.00,257.00,257.00,257.00
2026-08-31 04:46:26,257.00,257.00,257.00,257.00,292.00,292.00,257.00,257.00,257.00,257.00
2026-08-31 04:56:02,257.00,257.00,257.00,257.00,292.00,292.00,257.00,257.00,257.00,257.00
2026-08-31 05:06:29,257.00,257.00,257.00,257.00,292.00,292.00,257.00,257.00,257.00,257.00
2026-08-31 05:16:19,257.00,257.00,257.00,257.00,292.00,292.00,257.00,257.00,257.00,257.00
2026-08-31 05:26:23,257.00,257.00,257.00,257.00,292.00,292.00,257.00,257.00,257.00,257.00
2026-08-31 05:36:23,257.00,257.00,257.00,257.00,292.00,292.00,257.00,257.00,257.00,257.00
2026-08-31 05:46:20,257.00,257.00,257.00,257.00,292.00,292.00,257.00,257.00,257.00,257.00
2026-08-31 05:56:25,257.00,257.00,257.00,257.00,292.00,292.00,257.00,257.00,257.00,257.00
2026-08-31 06:06:22,257.00,257.00,257.00,257.00,292.00,292.00,257.00,257.00,257.00,257.00
2026-08-31 06:16:11,257.00,257.00,257.00,257.00,292.00,292.00,257.00,257.00,257.00,257.00
2026-08-31 06:26:06,257.00,257.00,257.00,257.00,292.00,292.00,257.00,257.00,257.00,257.00
2026-08-31 06:36:20,257.00,257.00,257.00,257.00,292.00,292.00,257.00,257.00,257.00,257.00
2026-08-31 06:46:15,257.00,257.00,257.00,257.00,292.00,292.00,257.00,257.00,257.00,257.00
2026-08-31 06:56:23,257.00,257.00,257.00,257.00,292.00,292.00,257.00,257.00,257.00,257.00
2026-08-31 07:06:26,257.00,257.00,257.00,257.00,292.00,292.00,257.00,257.00,257.00,257.00
2026-08-31 07:16:05,257.00,257.00,257.00,257.00,292.00,292.00,257.00,257.00,257.00,257.00
2026-08-31 07:26:25,257.00,257.00,257.00,257.00,292.00,292.00,257.00,257.00,257.00,257.00
2026-08-31 07:36:22,257.00,257.00,257.00,257.00,292.00,292.00,257.00,257.00,257.00,257.00
2026-08-31 07:45:59,257.00,257.00,257.00,257.00,292.00,292.00,257.00,257.00,257.00,257.00
2026-08-31 07:56:18,257.00,257.00,257.00,257.00,292.00,292.00,257.00,257.00,257.00,257.00
2026-08-31 08:06:20,257.00,257.00,257.00,257.00,292.00,292.00,257.00,257.00,257.00,257.00
2026-08-31 08:15:55,257.00,257.00,257.00,257.00,292.00,292.00,257.00,257.00,257.00,257.00
2026-08-31 08:26:19,257.00,257.00,257.00,257.00,292.00,292.00,257.00,257.00,257.00,257.00
2026-08-31 08:36:21,257.00,257.00,257.00,257.00,292.00,292.00,257.00,257.00,257.00,257.00
2026-08-31 08:46:22,257.00,257.00,257.00,257.00,292.00,292.00,257.00,257.00,257.00,257.00
2026-08-31 08:56:27,257.00,257.00,257.00,257.00,292.00,292.00,257.00,257.00,257.00,257.00
2026-08-31 09:06:20,257.00,257.00,257.00,257.00,292.00,292.00,257.00,257.00,257.00,257.00
2026-08-31 09:16:18,257.00,257.00,257.00,257.00,292.00,292.00,257.00,257.00,257.00,257.00
2026-08-31 09:26:27,257.00,257.00,257.00,257.00,292.00,292.00,257.00,257.00,257.00,257.00
2026-08-31 09:36:08,257.00,257.00,257.00,257.00,292.00,292.00,257.00,257.00,257.00,257.00
2026-08-31 09:46:22,257.00,257.00,257.00,257.00,292.00,292.00,257.00,257.00,257.00,257.00
2026-08-31 09:56:07,257.00,257.00,257.00,257.00,292.00,292.00,257.00,257.00,257.00,257.00
2026-08-31 10:06:25,257.00,257.00,257.00,257.00,292.00,292.00,257.00,257.00,257.00,257.00
2026-08-31 10:16:51,257.00,257.00,257.00,257.00,292.00,292.00,257.00,257.00,257.00,257.00
2026-08-31 10:26:40,257.00,257.00,257.00,257.00,292.00,292.00,257.00,257.00,257.00,257.00
2026-08-31 10:36:25,257.00,257.00,257.00,257.00,292.00,292.00,257.00,257.00,257.00,257.00
2026-08-31 10:46:06,257.00,257.00,257.00,257.00,292.00,292.00,257.00,257.00,257.00,257.00
2026-08-31 10:56:22,257.00,257.00,257.00,257.00,292.00,292.00,257.00,257.00,257.00,257.00
2026-08-31 11:06:30,257.00,257.00,257.00,257.00,292.00,292.00,257.00,257.00,257.00,257.00
2026-08-31 11:16:22,257.00,257.00,257.00,257.00,292.00,292.00,257.00,257.00,257.00,257.00
2026-08-31 11:25:58,257.00,257.00,257.00,257.00,292.00,292.00,257.00,257.00,257.00,257.00
2026-08-31 11:36:03,257.00,257.00,257.00,257.00,292.00,292.00,257.00,257.00,257.00,257.00
2026-08-31 11:47:12,257.00,257.00,257.00,257.00,292.00,292.00,257.00,257.00,257.00,257.00
2026-08-31 11:56:24,257.00,257.00,257.00,257.00,292.00,292.00,257.00,257.00,257.00,257.00
2026-08-31 12:06:25,257.00,257.00,257.00,257.00,292.00,292.00,257.00,257.00,257.00,257.00
2026-08-31 12:16:28,257.00,257.00,257.00,257.00,292.00,292.00,257.00,257.00,257.00,257.00
2026-08-31 12:26:24,257.00,257.00,257.00,257.00,292.00,292.00,257.00,257.00,257.00,257.00
2026-08-31 12:36:28,257.00,257.00,257.00,257.00,292.00,292.00,257.00,257.00,257.00,257.00
2026-08-31 12:46:23,257.00,257.00,257.00,257.00,292.00,292.00,257.00,257.00,257.00,257.00
2026-08-31 12:56:25,257.00,257.00,257.00,257.00,292.00,292.00,257.00,257.00,257.00,257.00
2026-08-31 13:06:26,257.00,257.00,257.00,257.00,292.00,257.00,257.00,257.00,257.00,257.00
2026-08-31 13:16:28,257.00,257.00,257.00,257.00,292.00,257.00,257.00,257.00,257.00,257.00
2026-08-31 13:26:30,257.00,257.00,257.00,257.00,292.00,257.00,257.00,257.00,257.00,257.00
2026-08-31 13:36:15,257.00,257.00,257.00,257.00,292.00,257.00,257.00,257.00,257.00,257.00
2026-08-31 13:46:20,257.00,257.00,257.00,257.00,257.00,257.00,257.00,257.00,257.00,257.00
2026-08-31 13:56:30,257.00,257.00,257.00,257.00,257.00,257.00,257.00,257.00,257.00,257.00
2026-08-31 14:06:10,257.00,257.00,257.00,257.00,257.00,257.00,257.00,257.00,257.00,257.00
2026-08-31 14:16:25,257.00,257.00,257.00,257.00,257.00,257.00,257.00,257.00,257.00,257.00
2026-08-31 14:26:17,257.00,257.00,257.00,257.00,257.00,257.00,257.00,257.00,257.00,257.00
2026-08-31 14:36:25,257.00,257.00,257.00,257.00,257.00,257.00,257.00,257.00,257.00,257.00
2026-08-31 14:46:28,257.00,257.00,257.00,257.00,257.00,257.00,257.00,257.00,257.00,257.00
2026-08-31 14:56:16,257.00,257.00,257.00,257.00,257.00,257.00,257.00,257.00,257.00,257.00
2026-08-31 15:06:26,257.00,257.00,257.00,257.00,257.00,257.00,257.00,257.00,257.00,257.00
2026-08-31 15:26:27,257.00,257.00,257.00,257.00,257.00,257.00,257.00,257.00,257.00,257.00
2026-08-31 15:36:58,257.00,257.00,257.00,257.00,257.00,257.00,257.00,257.00,257.00,257.00
2026-08-31 15:46:28,257.00,257.00,257.00,257.00,257.00,257.00,257.00,257.00,257.00,257.00
2026-08-31 15:56:32,257.00,257.00,257.00,257.00,257.00,257.00,257.00,257.00,257.00,257.00
2026-08-31 16:06:29,257.00,257.00,257.00,257.00,257.00,257.00,257.00,257.00,257.00,257.00
2026-08-31 16:16:22,257.00,257.00,257.00,257.00,257.00,257.00,257.00,257.00,257.00,257.00
2026-08-31 16:26:29,257.00,257.00,257.00,257.00,257.00,257.00,257.00,257.00,257.00,257.00
2026-08-31 16:36:22,257.00,257.00,257.00,257.00,257.00,257.00,257.00,257.00,257.00,257.00
2026-08-31 16:46:30,257.00,257.00,257.00,257.00,257.00,257.00,257.00,257.00,257.00,257.00
2026-08-31 16:56:27,257.00,257.00,257.00,257.00,257.00,257.00,257.00,257.00,257.00,257.00
2026-08-31 17:06:29,257.00,257.00,257.00,257.00,257.00,257.00,257.00,257.00,257.00,257.00
2026-08-31 17:16:29,257.00,257.00,257.00,257.00,257.00,257.00,257.00,257.00,257.00,257.00
2026-08-31 17:26:25,257.00,257.00,257.00,257.00,257.00,257.00,257.00,257.00,257.00,257.00
2026-08-31 17:36:12,257.00,257.00,257.00,257.00,257.00,257.00,257.00,257.00,257.00,257.00
2026-08-31 17:46:30,257.00,257.00,257.00,257.00,257.00,257.00,257.00,257.00,257.00,257.00
2026-08-31 17:56:24,257.00,292.00,257.00,292.00,257.00,257.00,292.00,292.00,257.00,257.00
2026-08-31 18:06:26,292.00,292.00,292.00,292.00,292.00,292.00,292.00,292.00,257.00,257.00
2026-08-31 18:16:39,292.00,292.00,292.00,292.00,292.00,292.00,292.00,292.00,257.00,257.00
2026-08-31 18:26:35,292.00,292.00,292.00,292.00,292.00,292.00,292.00,292.00,257.00,257.00
2026-08-31 18:36:12,292.00,292.00,292.00,292.00,292.00,292.00,292.00,292.00,257.00,257.00
2026-08-31 18:46:28,292.00,292.00,292.00,292.00,292.00,292.00,292.00,292.00,257.00,257.00
2026-08-31 18:56:22,292.00,292.00,292.00,292.00,292.00,292.00,292.00,292.00,257.00,257.00
2026-08-31 19:06:17,292.00,292.00,292.00,292.00,292.00,292.00,292.00,292.00,257.00,257.00
2026-08-31 19:16:32,292.00,292.00,292.00,292.00,292.00,292.00,292.00,292.00,257.00,257.00
2026-08-31 19:26:12,292.00,292.00,292.00,292.00,292.00,292.00,292.00,292.00,257.00,257.00
2026-08-31 19:36:36,292.00,292.00,292.00,292.00,292.00,292.00,292.00,292.00,257.00,257.00
2026-08-31 19:46:26,292.00,292.00,292.00,292.00,292.00,292.00,292.00,292.00,257.00,257.00
2026-08-31 19:56:26,292.00,292.00,292.00,292.00,292.00,292.00,292.00,292.00,257.00,257.00
2026-08-31 20:06:30,292.00,292.00,292.00,292.00,292.00,292.00,292.00,292.00,257.00,257.00
2026-08-31 20:16:33,292.00,292.00,292.00,292.00,292.00,292.00,292.00,292.00,257.00,257.00
2026-08-31 20:26:26,292.00,292.00,292.00,292.00,292.00,292.00,292.00,292.00,257.00,257.00
2026-08-31 20:36:23,292.00,292.00,292.00,292.00,292.00,292.00,292.00,292.00,257.00,257.00
2026-08-31 20:46:29,292.00,292.00,292.00,292.00,292.00,292.00,292.00,292.00,257.00,257.00
2026-08-31 20:56:33,292.00,292.00,292.00,292.00,292.00,292.00,292.00,292.00,257.00,257.00
2026-08-31 21:06:24,292.00,292.00,292.00,292.00,292.00,292.00,292.00,292.00,257.00,257.00
2026-08-31 21:16:14,292.00,292.00,292.00,292.00,292.00,292.00,292.00,292.00,257.00,257.00
2026-08-31 21:26:26,292.00,292.00,292.00,292.00,292.00,292.00,292.00,292.00,257.00,257.00
2026-08-31 21:36:27,292.00,292.00,292.00,292.00,292.00,292.00,292.00,292.00,257.00,257.00
2026-08-31 21:46:39,292.00,292.00,292.00,292.00,292.00,292.00,292.00,292.00,257.00,257.00
2026-08-31 21:56:12,292.00,292.00,292.00,292.00,292.00,292.00,292.00,292.00,257.00,257.00
2026-08-31 22:06:33,292.00,292.00,292.00,292.00,292.00,292.00,292.00,292.00,257.00,257.00
2026-08-31 22:18:59,292.00,,292.00,292.00,292.00,292.00,,,257.00,257.00
2026-08-31 22:26:30,292.00,292.00,292.00,292.00,292.00,292.00,292.00,292.00,257.00,257.00
2026-08-31 22:36:29,292.00,292.00,292.00,292.00,292.00,292.00,292.00,292.00,257.00,257.00
2026-08-31 22:46:29,292.00,292.00,292.00,292.00,292.00,292.00,292.00,292.00,257.00,257.00
2026-08-31 22:56:21,292.00,292.00,292.00,292.00,292.00,292.00,292.00,292.00,257.00,257.00
2026-08-31 23:06:33,292.00,292.00,292.00,292.00,292.00,292.00,292.00,292.00,257.00,257.00
2026-08-31 23:16:31,292.00,292.00,292.00,292.00,292.00,292.00,292.00,292.00,257.00,257.00
2026-08-31 23:27:56,,292.00,,,,,292.00,292.00,,
2026-08-31 23:36:33,292.00,292.00,292.00,292.00,292.00,292.00,292.00,292.00,257.00,257.00
2026-08-31 23:46:26,292.00,292.00,292.00,292.00,292.00,292.00,292.00,292.00,257.00,257.00
2026-08-31 23:56:29,292.00,292.00,292.00,292.00,292.00,292.00,292.00,292.00,257.00,257.00
2026-09-01 00:06:30,292.00,292.00,292.00,292.00,292.00,292.00,292.00,292.00,257.00,257.00
2026-09-01 00:16:29,292.00,292.00,292.00,292.00,292.00,292.00,292.00,292.00,257.00,257.00
2026-09-01 00:26:12,292.00,292.00,292.00,292.00,292.00,292.00,292.00,292.00,257.00,257.00
2026-09-01 00:36:30,292.00,292.00,292.00,292.00,292.00,292.00,292.00,292.00,257.00,257.00
2026-09-01 00:46:28,292.00,292.00,292.00,292.00,292.00,292.00,292.00,292.00,257.00,257.00
2026-09-01 00:56:13,292.00,292.00,292.00,292.00,292.00,292.00,292.00,292.00,257.00,257.00
2026-09-01 01:06:31,292.00,,292.00,292.00,292.00,292.00,,,257.00,257.00
2026-09-01 01:16:27,292.00,292.00,292.00,292.00,292.00,292.00,292.00,292.00,257.00,257.00
2026-09-01 01:26:25,292.00,292.00,292.00,292.00,292.00,292.00,292.00,292.00,257.00,257.00
2026-09-01 01:36:35,292.00,292.00,292.00,292.00,292.00,292.00,292.00,292.00,257.00,257.00
2026-09-01 01:46:28,292.00,292.00,292.00,292.00,292.00,292.00,292.00,292.00,257.00,257.00
2026-09-01 01:56:34,292.00,292.00,292.00,292.00,292.00,292.00,292.00,292.00,257.00,257.00
2026-09-01 02:06:30,292.00,292.00,292.00,292.00,292.00,292.00,292.00,292.00,257.00,257.00
2026-09-01 02:16:33,292.00,292.00,292.00,292.00,292.00,292.00,292.00,292.00,257.00,257.00
2026-09-01 02:26:22,292.00,292.00,292.00,292.00,292.00,292.00,292.00,292.00,257.00,257.00
2026-09-01 02:36:29,292.00,292.00,292.00,292.00,292.00,292.00,292.00,292.00,257.00,257.00
2026-09-01 02:46:22,292.00,292.00,292.00,292.00,292.00,292.00,292.00,292.00,257.00,257.00
2026-09-01 02:56:34,292.00,292.00,292.00,292.00,292.00,292.00,292.00,292.00,257.00,257.00
2026-09-01 03:06:24,292.00,292.00,292.00,292.00,292.00,292.00,292.00,292.00,257.00,257.00
2026-09-01 03:16:29,292.00,292.00,292.00,292.00,292.00,292.00,292.00,292.00,257.00,257.00
2026-09-01 03:29:32,292.00,,292.00,292.00,292.00,292.00,,,257.00,257.00
2026-09-01 03:36:26,292.00,292.00,292.00,292.00,292.00,292.00,292.00,292.00,257.00,257.00
2026-09-01 03:46:31,292.00,292.00,292.00,292.00,292.00,292.00,292.00,292.00,257.00,257.00
2026-09-01 03:56:26,292.00,292.00,292.00,292.00,292.00,292.00,292.00,292.00,257.00,257.00
2026-09-01 04:06:18,292.00,292.00,292.00,292.00,292.00,292.00,292.00,292.00,257.00,257.00
2026-09-01 04:16:16,292.00,292.00,292.00,292.00,292.00,292.00,292.00,292.00,257.00,257.00
2026-09-01 04:26:37,292.00,292.00,292.00,292.00,292.00,292.00,292.00,292.00,257.00,257.00
2026-09-01 04:36:18,292.00,292.00,292.00,292.00,292.00,292.00,292.00,292.00,257.00,257.00
2026-09-01 04:46:17,292.00,292.00,292.00,292.00,292.00,292.00,292.00,292.00,257.00,257.00
2026-09-01 04:56:36,292.00,292.00,292.00,292.00,292.00,292.00,292.00,292.00,257.00,257.00
2026-09-01 05:08:42,292.00,292.00,292.00,292.00,292.00,292.00,292.00,292.00,257.00,257.00
2026-09-01 05:38:13,292.00,292.00,292.00,292.00,292.00,292.00,292.00,292.00,257.00,257.00
2026-09-01 05:46:28,292.00,292.00,292.00,292.00,292.00,292.00,292.00,292.00,257.00,257.00
2026-09-01 05:56:15,292.00,292.00,292.00,292.00,292.00,292.00,292.00,292.00,257.00,257.00
2026-09-01 06:06:33,292.00,292.00,292.00,292.00,292.00,292.00,292.00,292.00,257.00,257.00
2026-09-01 06:16:31,292.00,292.00,292.00,292.00,292.00,292.00,292.00,292.00,257.00,257.00
2026-09-01 06:26:23,292.00,292.00,292.00,292.00,292.00,292.00,292.00,292.00,257.00,257.00
2026-09-01 06:36:25,292.00,292.00,292.00,292.00,292.00,292.00,292.00,292.00,257.00,257.00
2026-09-01 06:46:31,292.00,292.00,292.00,292.00,292.00,292.00,292.00,292.00,257.00,257.00
2026-09-01 06:56:30,292.00,292.00,292.00,292.00,292.00,292.00,292.00,292.00,257.00,257.00
2026-09-01 07:06:31,292.00,292.00,292.00,292.00,292.00,292.00,292.00,292.00,257.00,257.00
2026-09-01 07:16:30,292.00,292.00,292.00,292.00,292.00,292.00,292.00,292.00,257.00,257.00
2026-09-01 07:26:24,292.00,292.00,292.00,292.00,292.00,292.00,292.00,292.00,257.00,257.00
2026-09-01 07:36:27,292.00,292.00,292.00,292.00,292.00,292.00,292.00,292.00,257.00,257.00
2026-09-01 07:47:00,292.00,292.00,292.00,292.00,292.00,292.00,292.00,292.00,257.00,257.00
2026-09-01 07:56:28,292.00,292.00,292.00,292.00,292.00,292.00,292.00,292.00,257.00,257.00
2026-09-01 08:06:27,292.00,292.00,292.00,292.00,292.00,292.00,292.00,292.00,257.00,257.00
2026-09-01 08:16:28,292.00,292.00,292.00,292.00,292.00,292.00,292.00,292.00,257.00,257.00
2026-09-01 08:26:30,292.00,292.00,292.00,292.00,292.00,292.00,292.00,292.00,257.00,257.00
2026-09-01 08:36:31,292.00,292.00,292.00,292.00,292.00,292.00,292.00,292.00,257.00,257.00
2026-09-01 08:46:31,292.00,292.00,292.00,292.00,292.00,292.00,292.00,292.00,257.00,257.00
2026-09-01 08:56:30,292.00,292.00,292.00,292.00,292.00,292.00,292.00,292.00,257.00,257.00
2026-09-01 09:06:31,292.00,292.00,292.00,292.00,292.00,292.00,292.00,292.00,257.00,257.00
2026-09-01 09:16:32,292.00,292.00,292.00,292.00,292.00,292.00,292.00,292.00,257.00,257.00
2026-09-01 09:25:56,292.00,292.00,292.00,292.00,292.00,292.00,292.00,292.00,257.00,257.00
2026-09-01 09:36:24,292.00,292.00,292.00,292.00,292.00,292.00,292.00,292.00,257.00,257.00
2026-09-01 09:46:32,292.00,292.00,292.00,292.00,292.00,292.00,292.00,292.00,257.00,257.00
2026-09-01 09:56:29,292.00,292.00,292.00,292.00,292.00,292.00,292.00,292.00,257.00,257.00
2026-09-01 10:06:28,292.00,292.00,292.00,292.00,292.00,292.00,292.00,292.00,257.00,257.00
2026-09-01 10:16:30,292.00,292.00,292.00,292.00,292.00,292.00,292.00,292.00,257.00,257.00
2026-09-01 10:26:58,292.00,292.00,292.00,292.00,292.00,292.00,292.00,292.00,257.00,257.00
2026-09-01 10:36:31,292.00,292.00,292.00,292.00,292.00,292.00,292.00,292.00,257.00,257.00
2026-09-01 10:46:32,292.00,292.00,292.00,292.00,292.00,292.00,292.00,292.00,257.00,257.00
2026-09-01 10:56:07,292.00,292.00,292.00,292.00,292.00,292.00,292.00,292.00,257.00,257.00
2026-09-01 11:06:33,292.00,292.00,292.00,292.00,292.00,292.00,292.00,292.00,257.00,257.00
2026-09-01 11:16:29,292.00,292.00,292.00,292.00,292.00,292.00,292.00,292.00,257.00,257.00
2026-09-01 11:26:25,292.00,292.00,292.00,292.00,292.00,292.00,292.00,292.00,257.00,257.00
2026-09-01 11:36:34,292.00,292.00,292.00,292.00,292.00,292.00,292.00,292.00,257.00,257.00
2026-09-01 11:46:32,292.00,292.00,292.00,292.00,292.00,292.00,292.00,292.00,257.00,257.00
2026-09-01 11:56:28,292.00,292.00,292.00,292.00,292.00,292.00,292.00,292.00,257.00,257.00
2026-09-01 12:06:29,292.00,292.00,292.00,292.00,292.00,292.00,292.00,292.00,257.00,257.00
2026-09-01 12:16:26,292.00,292.00,292.00,292.00,292.00,292.00,292.00,292.00,257.00,257.00
2026-09-01 12:26:34,292.00,292.00,292.00,292.00,292.00,292.00,292.00,292.00,257.00,257.00
2026-09-01 12:36:32,292.00,292.00,292.00,292.00,292.00,292.00,292.00,292.00,257.00,257.00
2026-09-01 12:46:28,292.00,292.00,292.00,292.00,292.00,292.00,292.00,292.00,257.00,257.00
2026-09-01 12:56:38,292.00,292.00,292.00,292.00,292.00,292.00,292.00,292.00,257.00,257.00
2026-09-01 13:06:31,292.00,292.00,292.00,292.00,292.00,292.00,292.00,292.00,257.00,257.00
2026-09-01 13:16:32,292.00,292.00,292.00,292.00,292.00,292.00,292.00,292.00,257.00,257.00
2026-09-01 13:26:31,292.00,292.00,292.00,292.00,292.00,292.00,292.00,292.00,257.00,257.00
2026-09-01 13:36:36,292.00,292.00,292.00,292.00,292.00,292.00,292.00,292.00,257.00,257.00
2026-09-01 13:46:35,292.00,292.00,292.00,292.00,292.00,292.00,292.00,292.00,257.00,257.00
2026-09-01 13:56:39,292.00,292.00,292.00,292.00,292.00,292.00,292.00,292.00,257.00,257.00
2026-09-01 14:07:51,292.00,292.00,292.00,292.00,292.00,292.00,292.00,292.00,257.00,257.00
2026-09-01 14:16:54,292.00,292.00,292.00,292.00,292.00,292.00,292.00,292.00,257.00,257.00
2026-09-01 14:26:30,292.00,292.00,292.00,292.00,292.00,292.00,292.00,292.00,257.00,257.00
2026-09-01 14:36:18,292.00,292.00,292.00,292.00,292.00,292.00,292.00,292.00,257.00,257.00
2026-09-01 14:46:29,292.00,292.00,292.00,292.00,292.00,292.00,292.00,292.00,257.00,257.00
2026-09-01 14:56:28,292.00,292.00,292.00,292.00,292.00,292.00,292.00,292.00,257.00,257.00
2026-09-01 15:06:46,292.00,292.00,292.00,292.00,292.00,292.00,292.00,292.00,257.00,257.00
2026-09-01 15:16:17,292.00,292.00,292.00,292.00,292.00,292.00,292.00,292.00,257.00,257.00
2026-09-01 15:27:59,292.00,292.00,292.00,292.00,292.00,292.00,292.00,292.00,257.00,257.00
2026-09-01 15:36:36,292.00,292.00,292.00,292.00,292.00,292.00,292.00,292.00,257.00,257.00
2026-09-01 15:46:35,292.00,292.00,292.00,292.00,292.00,292.00,292.00,292.00,257.00,257.00
2026-09-01 15:56:32,292.00,292.00,292.00,292.00,292.00,292.00,292.00,292.00,257.00,257.00
2026-09-01 16:06:37,292.00,292.00,292.00,292.00,292.00,292.00,292.00,292.00,257.00,257.00
2026-09-01 16:16:34,292.00,292.00,292.00,292.00,292.00,292.00,292.00,292.00,257.00,257.00
2026-09-01 16:26:25,292.00,292.00,292.00,292.00,292.00,292.00,292.00,292.00,257.00,257.00
2026-09-01 16:36:35,292.00,292.00,292.00,292.00,292.00,292.00,292.00,292.00,257.00,257.00
2026-09-01 16:56:35,292.00,292.00,292.00,292.00,292.00,292.00,292.00,292.00,257.00,257.00
2026-09-01 17:06:33,292.00,292.00,292.00,292.00,292.00,292.00,292.00,292.00,257.00,257.00
2026-09-01 17:16:46,292.00,292.00,292.00,292.00,292.00,292.00,292.00,292.00,257.00,257.00
2026-09-01 17:27:28,292.00,292.00,292.00,292.00,292.00,292.00,292.00,292.00,257.00,257.00
2026-09-01 17:36:35,292.00,292.00,292.00,292.00,292.00,292.00,292.00,292.00,257.00,257.00
2026-09-01 17:46:37,292.00,292.00,292.00,292.00,292.00,292.00,292.00,292.00,257.00,257.00
2026-09-01 17:56:41,292.00,292.00,292.00,292.00,292.00,292.00,292.00,292.00,257.00,257.00
2026-09-01 18:06:18,292.00,292.00,292.00,292.00,292.00,292.00,292.00,292.00,257.00,257.00
2026-09-01 18:16:42,292.00,292.00,292.00,292.00,292.00,292.00,292.00,292.00,257.00,257.00
2026-09-01 18:26:19,292.00,292.00,292.00,292.00,292.00,292.00,292.00,292.00,257.00,257.00
2026-09-01 18:36:35,292.00,292.00,292.00,292.00,292.00,292.00,292.00,292.00,257.00,257.00
2026-09-01 18:46:37,292.00,292.00,292.00,292.00,292.00,292.00,292.00,292.00,257.00,257.00
2026-09-01 18:56:37,292.00,292.00,292.00,292.00,292.00,292.00,292.00,292.00,257.00,257.00
2026-09-01 19:06:33,292.00,292.00,292.00,292.00,292.00,292.00,292.00,292.00,257.00,257.00
2026-09-01 19:16:42,292.00,292.00,292.00,292.00,292.00,292.00,292.00,292.00,257.00,257.00
2026-09-01 19:36:20,292.00,292.00,292.00,292.00,292.00,292.00,292.00,292.00,257.00,257.00
2026-09-01 19:46:27,292.00,292.00,292.00,292.00,292.00,292.00,292.00,292.00,257.00,257.00
2026-09-01 19:56:34,292.00,292.00,292.00,292.00,292.00,292.00,292.00,292.00,257.00,257.00
2026-09-01 20:06:35,292.00,292.00,292.00,292.00,292.00,292.00,292.00,292.00,257.00,257.00
2026-09-01 20:16:31,292.00,292.00,292.00,292.00,292.00,292.00,292.00,292.00,257.00,257.00
2026-09-01 20:26:35,292.00,292.00,292.00,292.00,292.00,292.00,292.00,292.00,257.00,257.00
2026-09-01 20:36:40,292.00,292.00,292.00,292.00,292.00,292.00,292.00,292.00,257.00,257.00
2026-09-01 20:46:33,292.00,292.00,292.00,292.00,292.00,292.00,292.00,292.00,257.00,257.00
2026-09-01 20:56:42,292.00,292.00,292.00,292.00,292.00,292.00,292.00,292.00,257.00,257.00
2026-09-01 21:06:38,292.00,292.00,292.00,292.00,292.00,292.00,292.00,292.00,257.00,257.00
2026-09-01 21:16:38,292.00,292.00,292.00,292.00,292.00,292.00,292.00,292.00,257.00,257.00
2026-09-01 21:29:43,292.00,292.00,292.00,292.00,292.00,292.00,292.00,292.00,257.00,257.00
2026-09-01 21:36:42,292.00,292.00,292.00,292.00,292.00,292.00,292.00,292.00,257.00,257.00
2026-09-01 21:46:39,292.00,292.00,292.00,292.00,292.00,292.00,292.00,292.00,257.00,257.00
2026-09-01 21:56:40,292.00,292.00,292.00,292.00,292.00,292.00,292.00,292.00,257.00,257.00
2026-09-01 22:06:22,292.00,292.00,292.00,292.00,292.00,292.00,292.00,292.00,257.00,257.00
2026-09-01 22:16:29,292.00,292.00,292.00,292.00,292.00,292.00,292.00,292.00,257.00,257.00
2026-09-01 22:26:45,292.00,292.00,292.00,292.00,292.00,292.00,292.00,292.00,257.00,257.00
2026-09-01 22:36:18,292.00,292.00,292.00,292.00,292.00,292.00,292.00,292.00,257.00,257.00
2026-09-01 22:46:37,292.00,292.00,292.00,292.00,292.00,292.00,292.00,292.00,257.00,257.00
2026-09-01 22:56:36,292.00,292.00,292.00,292.00,292.00,292.00,292.00,292.00,257.00,257.00
2026-09-01 23:06:43,292.00,292.00,292.00,292.00,292.00,292.00,292.00,292.00,257.00,257.00
2026-09-01 23:16:48,292.00,292.00,292.00,292.00,292.00,292.00,292.00,292.00,257.00,257.00
2026-09-01 23:26:47,292.00,292.00,292.00,292.00,292.00,292.00,292.00,292.00,257.00,257.00
2026-09-01 23:36:38,292.00,292.00,292.00,292.00,292.00,292.00,292.00,292.00,257.00,257.00
2026-09-01 23:46:39,292.00,292.00,292.00,292.00,292.00,292.00,292.00,292.00,257.00,257.00
2026-09-01 23:56:42,292.00,292.00,292.00,292.00,292.00,292.00,292.00,292.00,257.00,257.00
2026-09-02 00:06:40,292.00,292.00,292.00,292.00,292.00,292.00,292.00,292.00,257.00,257.00
2026-09-02 00:16:22,292.00,292.00,292.00,292.00,292.00,292.00,292.00,292.00,257.00,257.00
2026-09-02 00:26:44,292.00,292.00,292.00,292.00,292.00,292.00,292.00,292.00,257.00,257.00
2026-09-02 00:36:44,292.00,292.00,292.00,292.00,292.00,292.00,292.00,292.00,257.00,257.00
2026-09-02 00:46:43,292.00,292.00,292.00,292.00,292.00,292.00,292.00,292.00,257.00,257.00
2026-09-02 00:56:28,292.00,292.00,292.00,292.00,292.00,292.00,292.00,292.00,257.00,257.00
2026-09-02 01:06:31,292.00,,292.00,292.00,292.00,292.00,,,257.00,257.00
2026-09-02 01:16:41,292.00,292.00,292.00,292.00,292.00,292.00,292.00,292.00,257.00,257.00
2026-09-02 01:26:39,292.00,292.00,292.00,292.00,292.00,292.00,292.00,292.00,257.00,257.00
2026-09-02 01:36:55,292.00,,292.00,292.00,292.00,292.00,,,257.00,257.00
2026-09-02 01:46:48,292.00,292.00,292.00,292.00,292.00,292.00,292.00,292.00,257.00,257.00
2026-09-02 01:56:29,292.00,292.00,292.00,292.00,292.00,292.00,292.00,292.00,257.00,257.00
2026-09-02 02:06:38,292.00,292.00,292.00,292.00,292.00,292.00,292.00,292.00,257.00,257.00
2026-09-02 02:16:51,292.00,292.00,292.00,292.00,292.00,292.00,292.00,292.00,257.00,257.00
2026-09-02 02:26:47,292.00,292.00,292.00,292.00,292.00,292.00,292.00,292.00,257.00,257.00
2026-09-02 02:36:42,292.00,292.00,292.00,292.00,292.00,292.00,292.00,292.00,257.00,257.00
2026-09-02 02:46:45,292.00,292.00,292.00,292.00,292.00,292.00,292.00,292.00,257.00,257.00
2026-09-02 02:56:32,292.00,292.00,292.00,292.00,292.00,292.00,292.00,292.00,257.00,257.00
2026-09-02 03:06:38,292.00,292.00,292.00,292.00,292.00,292.00,292.00,292.00,257.00,257.00
2026-09-02 03:16:39,292.00,292.00,292.00,292.00,292.00,292.00,292.00,292.00,257.00,257.00
2026-09-02 03:26:52,292.00,292.00,292.00,292.00,292.00,292.00,292.00,292.00,257.00,257.00
2026-09-02 03:36:26,292.00,292.00,292.00,292.00,292.00,292.00,292.00,292.00,257.00,257.00
2026-09-02 03:46:19,292.00,292.00,292.00,292.00,292.00,292.00,292.00,292.00,257.00,257.00
2026-09-02 03:56:43,292.00,292.00,292.00,292.00,292.00,292.00,292.00,292.00,257.00,257.00
2026-09-02 04:06:42,292.00,292.00,292.00,292.00,292.00,292.00,292.00,292.00,257.00,257.00
2026-09-02 04:16:36,292.00,292.00,292.00,292.00,292.00,292.00,292.00,292.00,257.00,257.00
2026-09-02 04:26:16,292.00,292.00,292.00,292.00,292.00,292.00,292.00,292.00,257.00,257.00
2026-09-02 04:36:03,292.00,292.00,292.00,292.00,292.00,292.00,292.00,292.00,257.00,257.00
2026-09-02 04:46:32,292.00,292.00,292.00,292.00,292.00,292.00,292.00,292.00,257.00,257.00
2026-09-02 04:56:27,292.00,292.00,292.00,292.00,292.00,292.00,292.00,292.00,257.00,257.00
2026-09-02 05:06:16,292.00,292.00,292.00,292.00,292.00,292.00,292.00,292.00,257.00,257.00
2026-09-02 05:16:18,292.00,292.00,292.00,292.00,292.00,292.00,292.00,292.00,257.00,257.00
2026-09-02 05:26:21,292.00,292.00,292.00,292.00,292.00,292.00,292.00,292.00,257.00,257.00
2026-09-02 05:36:18,292.00,292.00,292.00,292.00,292.00,292.00,292.00,292.00,257.00,257.00
2026-09-02 05:46:33,292.00,292.00,292.00,292.00,292.00,292.00,292.00,292.00,257.00,257.00
2026-09-02 05:56:29,292.00,292.00,292.00,292.00,292.00,292.00,292.00,292.00,257.00,257.00
2026-09-02 06:06:39,292.00,292.00,292.00,292.00,292.00,292.00,292.00,292.00,257.00,257.00
2026-09-02 06:16:21,292.00,292.00,292.00,292.00,292.00,292.00,292.00,292.00,257.00,257.00
2026-09-02 06:26:34,292.00,292.00,292.00,292.00,292.00,292.00,292.00,292.00,257.00,257.00
2026-09-02 06:36:17,292.00,292.00,292.00,292.00,292.00,292.00,292.00,292.00,257.00,257.00
2026-09-02 06:46:36,292.00,292.00,292.00,292.00,292.00,292.00,292.00,292.00,257.00,257.00
2026-09-02 06:56:35,292.00,292.00,292.00,292.00,292.00,292.00,292.00,292.00,257.00,257.00
2026-09-02 07:06:36,292.00,292.00,292.00,292.00,292.00,292.00,292.00,292.00,257.00,257.00
2026-09-02 07:16:39,292.00,292.00,292.00,292.00,292.00,292.00,292.00,292.00,257.00,257.00
2026-09-02 07:26:03,292.00,292.00,292.00,292.00,292.00,292.00,292.00,292.00,257.00,257.00
2026-09-02 07:36:39,292.00,292.00,292.00,292.00,292.00,292.00,292.00,292.00,257.00,257.00
2026-09-02 07:46:29,292.00,292.00,292.00,292.00,292.00,292.00,292.00,292.00,257.00,257.00
2026-09-02 07:56:26,292.00,292.00,292.00,292.00,292.00,292.00,292.00,292.00,257.00,257.00
2026-09-02 08:06:35,292.00,292.00,292.00,292.00,292.00,292.00,292.00,292.00,257.00,257.00
2026-09-02 08:16:32,292.00,292.00,292.00,292.00,292.00,292.00,292.00,292.00,257.00,257.00
2026-09-02 08:26:34,292.00,292.00,292.00,292.00,292.00,292.00,292.00,292.00,257.00,257.00
2026-09-02 08:36:32,292.00,292.00,292.00,292.00,292.00,292.00,292.00,292.00,257.00,257.00
2026-09-02 08:46:40,292.00,292.00,292.00,292.00,292.00,292.00,292.00,292.00,257.00,257.00
2026-09-02 08:56:23,292.00,292.00,292.00,292.00,292.00,292.00,292.00,292.00,257.00,257.00
2026-09-02 09:06:22,292.00,292.00,292.00,292.00,292.00,292.00,292.00,292.00,257.00,257.00
2026-09-02 09:16:40,292.00,292.00,292.00,292.00,292.00,292.00,292.00,292.00,257.00,257.00
2026-09-02 09:26:37,292.00,292.00,292.00,292.00,292.00,292.00,292.00,292.00,257.00,257.00
2026-09-02 09:36:36,292.00,292.00,292.00,292.00,292.00,292.00,292.00,292.00,257.00,257.00
2026-09-02 09:46:39,292.00,292.00,292.00,292.00,292.00,292.00,292.00,292.00,257.00,257.00
2026-09-02 09:56:23,292.00,292.00,292.00,292.00,292.00,292.00,292.00,292.00,257.00,257.00
2026-09-02 10:06:38,292.00,292.00,292.00,292.00,292.00,292.00,292.00,292.00,257.00,257.00
2026-09-02 10:16:52,292.00,,292.00,292.00,292.00,292.00,,,257.00,257.00
2026-09-02 10:26:27,292.00,292.00,292.00,292.00,292.00,292.00,292.00,292.00,257.00,257.00
2026-09-02 10:36:24,292.00,292.00,292.00,292.00,292.00,292.00,292.00,292.00,257.00,257.00
2026-09-02 10:46:35,292.00,292.00,292.00,292.00,292.00,292.00,292.00,292.00,257.00,257.00
2026-09-02 10:56:35,292.00,292.00,292.00,292.00,292.00,292.00,292.00,292.00,257.00,257.00
2026-09-02 11:06:43,292.00,292.00,292.00,292.00,292.00,292.00,292.00,292.00,257.00,257.00
2026-09-02 11:16:04,292.00,292.00,292.00,292.00,292.00,292.00,292.00,292.00,257.00,257.00
2026-09-02 11:26:37,292.00,292.00,292.00,292.00,292.00,292.00,292.00,292.00,257.00,257.00
2026-09-02 11:36:38,292.00,292.00,292.00,292.00,292.00,292.00,292.00,292.00,257.00,257.00
2026-09-02 11:46:42,292.00,292.00,292.00,292.00,292.00,292.00,292.00,292.00,257.00,257.00
2026-09-02 11:56:36,292.00,292.00,292.00,292.00,292.00,292.00,292.00,292.00,257.00,257.00
2026-09-02 12:06:28,292.00,292.00,292.00,292.00,292.00,292.00,292.00,292.00,257.00,257.00
2026-09-02 12:16:34,292.00,292.00,292.00,292.00,292.00,292.00,292.00,292.00,257.00,257.00
2026-09-02 12:26:12,292.00,292.00,292.00,292.00,292.00,292.00,292.00,292.00,257.00,257.00
2026-09-02 12:36:41,292.00,292.00,292.00,292.00,292.00,292.00,292.00,292.00,257.00,257.00
2026-09-02 12:46:37,292.00,292.00,292.00,292.00,292.00,292.00,292.00,292.00,257.00,257.00
2026-09-02 12:56:51,292.00,,292.00,292.00,292.00,292.00,,,257.00,257.00
2026-09-02 13:06:03,292.00,292.00,292.00,292.00,292.00,292.00,292.00,292.00,257.00,257.00
2026-09-02 13:16:44,292.00,292.00,292.00,292.00,292.00,292.00,292.00,292.00,257.00,257.00
2026-09-02 13:26:39,292.00,292.00,292.00,292.00,292.00,292.00,292.00,292.00,257.00,257.00
2026-09-02 13:36:42,292.00,292.00,292.00,292.00,292.00,292.00,292.00,292.00,257.00,257.00
2026-09-02 13:56:41,292.00,292.00,292.00,292.00,292.00,292.00,292.00,292.00,257.00,257.00
2026-09-02 14:06:51,292.00,292.00,292.00,292.00,292.00,292.00,292.00,292.00,257.00,257.00
2026-09-02 14:16:34,292.00,292.00,292.00,292.00,292.00,292.00,292.00,292.00,257.00,257.00
2026-09-02 14:26:41,292.00,292.00,292.00,292.00,292.00,292.00,292.00,292.00,257.00,257.00
2026-09-02 14:36:39,292.00,292.00,292.00,292.00,292.00,292.00,292.00,292.00,257.00,257.00
2026-09-02 14:46:35,292.00,292.00,292.00,292.00,292.00,292.00,292.00,292.00,257.00,257.00
2026-09-02 14:56:39,292.00,292.00,292.00,292.00,292.00,292.00,292.00,292.00,257.00,257.00
2026-09-02 15:06:28,292.00,292.00,292.00,292.00,292.00,292.00,292.00,292.00,257.00,257.00
2026-09-02 15:16:47,292.00,292.00,292.00,292.00,292.00,292.00,292.00,292.00,257.00,257.00
2026-09-02 15:27:26,292.00,292.00,292.00,292.00,292.00,292.00,292.00,292.00,257.00,257.00
2026-09-02 15:36:42,292.00,292.00,292.00,292.00,292.00,292.00,292.00,292.00,257.00,257.00
2026-09-02 15:46:42,292.00,292.00,292.00,292.00,292.00,292.00,292.00,292.00,257.00,257.00
2026-09-02 15:56:41,292.00,292.00,292.00,292.00,292.00,292.00,292.00,292.00,257.00,257.00
2026-09-02 16:06:40,292.00,292.00,292.00,292.00,292.00,292.00,292.00,292.00,257.00,257.00
2026-09-02 16:16:43,292.00,292.00,292.00,292.00,292.00,292.00,292.00,292.00,257.00,257.00
2026-09-02 16:26:25,292.00,292.00,292.00,292.00,292.00,292.00,292.00,292.00,257.00,257.00
2026-09-02 16:36:43,292.00,292.00,292.00,292.00,292.00,292.00,292.00,292.00,257.00,257.00
2026-09-02 16:46:17,292.00,292.00,292.00,292.00,292.00,292.00,292.00,292.00,257.00,257.00
2026-09-02 16:56:40,292.00,292.00,292.00,292.00,292.00,292.00,292.00,292.00,257.00,257.00
2026-09-02 17:06:13,292.00,292.00,292.00,292.00,292.00,292.00,292.00,292.00,257.00,257.00
2026-09-02 17:16:40,292.00,292.00,292.00,292.00,292.00,292.00,292.00,292.00,257.00,257.00
2026-09-02 17:29:58,292.00,,292.00,292.00,292.00,292.00,,,257.00,257.00
2026-09-02 17:36:36,292.00,292.00,292.00,292.00,292.00,292.00,292.00,292.00,257.00,257.00
2026-09-02 17:46:35,292.00,292.00,292.00,292.00,292.00,292.00,292.00,292.00,257.00,257.00
2026-09-02 17:56:20,292.00,292.00,292.00,292.00,292.00,292.00,292.00,292.00,257.00,257.00
2026-09-02 18:06:40,292.00,292.00,292.00,292.00,292.00,292.00,292.00,292.00,257.00,257.00
2026-09-02 18:16:23,292.00,292.00,292.00,292.00,292.00,292.00,292.00,292.00,257.00,257.00
2026-09-02 18:26:46,292.00,292.00,292.00,292.00,292.00,292.00,292.00,292.00,257.00,257.00
2026-09-02 18:36:42,292.00,292.00,292.00,292.00,292.00,292.00,292.00,292.00,257.00,257.00
2026-09-02 18:46:18,292.00,292.00,292.00,292.00,292.00,292.00,292.00,292.00,257.00,257.00
2026-09-02 18:56:45,292.00,292.00,292.00,292.00,292.00,292.00,292.00,292.00,257.00,257.00
2026-09-02 19:06:28,292.00,292.00,292.00,292.00,292.00,292.00,292.00,292.00,257.00,257.00
2026-09-02 19:16:48,292.00,292.00,292.00,292.00,292.00,292.00,292.00,292.00,257.00,257.00
2026-09-02 19:26:36,292.00,292.00,292.00,292.00,292.00,292.00,292.00,292.00,257.00,257.00
2026-09-02 19:36:52,292.00,292.00,292.00,292.00,292.00,292.00,292.00,292.00,257.00,257.00
2026-09-02 19:46:44,292.00,292.00,292.00,292.00,292.00,292.00,292.00,292.00,257.00,257.00
2026-09-02 19:56:37,292.00,292.00,292.00,292.00,292.00,292.00,292.00,292.00,257.00,257.00
2026-09-02 20:06:26,292.00,292.00,292.00,292.00,292.00,292.00,292.00,292.00,257.00,257.00
2026-09-02 20:16:43,292.00,292.00,292.00,292.00,292.00,292.00,292.00,292.00,257.00,257.00
2026-09-02 20:26:39,292.00,292.00,292.00,292.00,292.00,292.00,292.00,292.00,257.00,257.00
2026-09-02 20:36:39,292.00,292.00,292.00,292.00,292.00,292.00,292.00,292.00,257.00,257.00
2026-09-02 20:46:22,292.00,292.00,292.00,292.00,292.00,292.00,292.00,292.00,257.00,257.00
2026-09-02 20:56:43,292.00,292.00,292.00,292.00,292.00,292.00,292.00,292.00,257.00,257.00
2026-09-03 18:06:48,494.00,494.00,494.00,494.00,494.00,494.00,494.00,494.00,257.00,257.00
2026-09-03 18:16:40,494.00,494.00,494.00,494.00,494.00,494.00,494.00,494.00,257.00,257.00
2026-09-03 18:26:45,494.00,494.00,494.00,494.00,494.00,494.00,494.00,494.00,257.00,257.00
2026-09-03 18:36:49,494.00,494.00,494.00,494.00,494.00,494.00,494.00,494.00,257.00,257.00
2026-09-03 18:46:44,494.00,494.00,494.00,494.00,494.00,494.00,494.00,494.00,257.00,257.00
2026-09-03 18:56:43,494.00,494.00,494.00,494.00,494.00,494.00,494.00,494.00,257.00,257.00
2026-09-03 19:06:39,494.00,494.00,494.00,494.00,494.00,494.00,494.00,494.00,257.00,257.00
2026-09-03 19:16:32,494.00,494.00,494.00,494.00,494.00,494.00,494.00,494.00,257.00,257.00
2026-09-03 19:26:44,494.00,494.00,494.00,494.00,494.00,494.00,494.00,494.00,257.00,257.00
2026-09-03 19:36:47,494.00,494.00,494.00,494.00,494.00,494.00,494.00,494.00,257.00,257.00
2026-09-03 19:46:47,494.00,494.00,494.00,494.00,494.00,494.00,494.00,494.00,257.00,257.00
2026-09-03 19:56:40,494.00,494.00,494.00,494.00,494.00,494.00,494.00,494.00,257.00,257.00
2026-09-03 20:06:39,494.00,494.00,494.00,494.00,494.00,494.00,494.00,494.00,257.00,257.00
2026-09-03 20:16:47,494.00,494.00,494.00,494.00,494.00,494.00,494.00,494.00,257.00,257.00
2026-09-03 20:26:41,494.00,494.00,494.00,494.00,494.00,494.00,494.00,494.00,257.00,257.00
2026-09-03 20:36:14,494.00,494.00,494.00,494.00,494.00,494.00,494.00,494.00,257.00,257.00
2026-09-03 20:46:45,494.00,494.00,494.00,494.00,494.00,494.00,494.00,494.00,257.00,257.00
2026-09-03 20:56:30,494.00,494.00,494.00,494.00,494.00,494.00,494.00,494.00,257.00,257.00
2026-09-03 21:06:39,494.00,494.00,494.00,494.00,494.00,494.00,494.00,494.00,257.00,257.00
2026-09-03 21:16:50,494.00,494.00,494.00,494.00,494.00,494.00,494.00,494.00,257.00,257.00
2026-09-03 21:31:10,494.00,494.00,494.00,494.00,494.00,494.00,494.00,494.00,257.00,257.00
2026-09-03 21:36:46,494.00,494.00,494.00,494.00,494.00,494.00,494.00,494.00,257.00,257.00
2026-09-03 21:46:51,494.00,494.00,494.00,494.00,494.00,494.00,494.00,494.00,257.00,257.00
2026-09-03 21:56:31,494.00,494.00,494.00,494.00,494.00,494.00,494.00,494.00,257.00,257.00
2026-09-03 22:06:41,494.00,494.00,494.00,494.00,494.00,494.00,494.00,494.00,257.00,257.00
2026-09-03 22:16:43,494.00,494.00,494.00,494.00,494.00,494.00,494.00,494.00,257.00,257.00
2026-09-03 22:26:40,494.00,494.00,494.00,494.00,494.00,494.00,494.00,494.00,257.00,257.00
2026-09-03 22:36:42,494.00,494.00,494.00,494.00,494.00,494.00,494.00,494.00,257.00,257.00
2026-09-03 22:46:37,494.00,494.00,494.00,494.00,494.00,494.00,494.00,494.00,257.00,257.00
2026-09-03 22:56:47,494.00,494.00,494.00,494.00,494.00,494.00,494.00,494.00,257.00,257.00
2026-09-03 23:06:51,494.00,494.00,494.00,494.00,494.00,494.00,494.00,494.00,257.00,257.00
2026-09-03 23:16:44,494.00,494.00,494.00,494.00,494.00,494.00,494.00,494.00,257.00,257.00
2026-09-03 23:26:41,494.00,494.00,494.00,494.00,494.00,494.00,494.00,494.00,257.00,257.00
2026-09-03 23:37:24,494.00,494.00,494.00,494.00,494.00,494.00,494.00,494.00,257.00,257.00
2026-09-03 23:46:48,494.00,494.00,494.00,494.00,494.00,494.00,494.00,494.00,257.00,257.00
2026-09-03 23:56:39,494.00,494.00,494.00,494.00,494.00,494.00,494.00,494.00,257.00,257.00
2026-09-04 00:06:47,494.00,494.00,494.00,494.00,494.00,494.00,494.00,494.00,257.00,257.00
2026-09-04 00:17:18,494.00,494.00,494.00,494.00,494.00,494.00,494.00,494.00,257.00,257.00
2026-09-04 00:26:39,494.00,494.00,494.00,494.00,494.00,494.00,494.00,494.00,257.00,257.00
2026-09-04 00:36:40,494.00,494.00,494.00,494.00,494.00,494.00,494.00,494.00,257.00,257.00
2026-09-04 00:46:40,494.00,494.00,494.00,494.00,494.00,494.00,494.00,494.00,257.00,257.00
2026-09-04 00:56:10,494.00,494.00,494.00,494.00,494.00,494.00,494.00,494.00,257.00,257.00
2026-09-04 01:06:38,494.00,494.00,494.00,494.00,494.00,494.00,494.00,494.00,257.00,257.00
2026-09-04 01:16:48,494.00,494.00,494.00,494.00,494.00,494.00,494.00,494.00,257.00,257.00
2026-09-04 01:26:44,494.00,494.00,494.00,494.00,494.00,494.00,494.00,494.00,257.00,257.00
2026-09-04 01:36:55,494.00,,494.00,494.00,494.00,494.00,,,257.00,257.00
2026-09-04 01:46:43,494.00,494.00,494.00,494.00,494.00,494.00,494.00,494.00,257.00,257.00
2026-09-04 01:56:43,494.00,494.00,494.00,494.00,494.00,494.00,494.00,494.00,257.00,257.00
2026-09-04 02:06:08,494.00,494.00,494.00,494.00,494.00,494.00,494.00,494.00,257.00,257.00
2026-09-04 02:16:45,494.00,494.00,494.00,494.00,494.00,494.00,494.00,494.00,257.00,257.00
2026-09-04 02:26:35,494.00,494.00,494.00,494.00,494.00,494.00,494.00,494.00,257.00,257.00
2026-09-04 02:36:41,494.00,494.00,494.00,494.00,494.00,494.00,494.00,494.00,257.00,257.00
2026-09-04 02:46:35,494.00,494.00,494.00,494.00,494.00,494.00,494.00,494.00,257.00,257.00
2026-09-04 02:56:42,494.00,494.00,494.00,494.00,494.00,494.00,494.00,494.00,257.00,257.00
2026-09-04 03:06:15,494.00,494.00,494.00,494.00,494.00,494.00,494.00,494.00,257.00,257.00
2026-09-04 03:16:46,494.00,494.00,494.00,494.00,494.00,494.00,494.00,494.00,257.00,257.00
2026-09-04 03:26:43,494.00,494.00,494.00,494.00,494.00,494.00,494.00,494.00,257.00,257.00
2026-09-04 03:36:41,494.00,494.00,494.00,494.00,494.00,494.00,494.00,494.00,257.00,257.00
2026-09-04 03:46:41,494.00,494.00,494.00,494.00,494.00,494.00,494.00,494.00,257.00,257.00
2026-09-04 03:56:41,494.00,494.00,494.00,494.00,494.00,494.00,494.00,494.00,257.00,257.00
2026-09-04 04:06:34,494.00,494.00,494.00,494.00,494.00,494.00,494.00,494.00,257.00,257.00
2026-09-04 04:16:37,494.00,494.00,494.00,494.00,494.00,494.00,494.00,494.00,257.00,257.00
2026-09-04 04:26:36,494.00,494.00,494.00,494.00,494.00,494.00,494.00,494.00,257.00,257.00
2026-09-04 04:36:38,494.00,494.00,494.00,494.00,494.00,494.00,494.00,494.00,257.00,257.00
2026-09-04 04:46:38,494.00,494.00,494.00,494.00,494.00,494.00,494.00,494.00,257.00,257.00
2026-09-04 04:56:40,494.00,494.00,494.00,494.00,494.00,494.00,494.00,494.00,257.00,257.00
2026-09-04 05:06:36,494.00,494.00,494.00,494.00,494.00,494.00,494.00,494.00,257.00,257.00
2026-09-04 05:16:46,494.00,494.00,494.00,494.00,494.00,494.00,494.00,494.00,257.00,257.00
2026-09-04 05:26:40,494.00,494.00,494.00,494.00,494.00,494.00,494.00,494.00,257.00,257.00
2026-09-04 05:36:59,494.00,494.00,494.00,494.00,494.00,494.00,494.00,494.00,257.00,257.00
2026-09-04 05:46:37,494.00,494.00,494.00,494.00,494.00,494.00,494.00,494.00,257.00,257.00
2026-09-04 05:56:37,494.00,494.00,494.00,494.00,494.00,494.00,494.00,494.00,257.00,257.00
2026-09-04 06:06:42,494.00,494.00,494.00,494.00,494.00,494.00,494.00,494.00,257.00,257.00
2026-09-04 06:16:47,494.00,494.00,494.00,494.00,494.00,494.00,494.00,494.00,257.00,257.00
2026-09-04 06:26:40,494.00,494.00,494.00,494.00,494.00,494.00,494.00,494.00,257.00,257.00
2026-09-04 06:36:38,494.00,494.00,494.00,494.00,494.00,494.00,494.00,494.00,257.00,257.00
2026-09-04 06:46:28,494.00,494.00,494.00,494.00,494.00,494.00,494.00,494.00,257.00,257.00
2026-09-04 06:56:43,494.00,494.00,494.00,494.00,494.00,494.00,494.00,494.00,257.00,257.00
2026-09-04 07:06:40,494.00,494.00,494.00,494.00,494.00,494.00,494.00,494.00,257.00,257.00
2026-09-04 07:16:19,494.00,494.00,494.00,494.00,494.00,494.00,494.00,494.00,257.00,257.00
2026-09-04 07:29:35,494.00,494.00,494.00,494.00,494.00,494.00,494.00,494.00,257.00,257.00
2026-09-04 07:36:40,494.00,494.00,494.00,494.00,494.00,494.00,494.00,494.00,257.00,257.00
2026-09-04 07:46:39,494.00,494.00,494.00,494.00,494.00,494.00,494.00,494.00,257.00,257.00
2026-09-04 07:56:42,494.00,494.00,494.00,494.00,494.00,494.00,494.00,494.00,257.00,257.00
2026-09-04 08:06:36,494.00,494.00,494.00,494.00,494.00,494.00,494.00,494.00,257.00,257.00
2026-09-04 08:16:35,494.00,494.00,494.00,494.00,494.00,494.00,494.00,494.00,257.00,257.00
2026-09-04 08:26:29,494.00,494.00,494.00,494.00,494.00,494.00,494.00,494.00,257.00,257.00
2026-09-04 08:36:36,494.00,494.00,494.00,494.00,494.00,494.00,494.00,494.00,257.00,257.00
2026-09-04 08:46:36,494.00,494.00,494.00,494.00,494.00,494.00,494.00,494.00,257.00,257.00
2026-09-04 08:56:09,494.00,494.00,494.00,494.00,494.00,494.00,494.00,494.00,257.00,257.00
2026-09-04 09:06:39,494.00,494.00,494.00,494.00,494.00,494.00,494.00,494.00,257.00,257.00
2026-09-04 09:17:16,494.00,494.00,494.00,494.00,494.00,494.00,494.00,494.00,257.00,257.00
2026-09-04 09:26:13,494.00,494.00,494.00,494.00,494.00,494.00,494.00,494.00,257.00,257.00
2026-09-04 09:36:40,494.00,494.00,494.00,494.00,494.00,494.00,494.00,494.00,257.00,257.00
2026-09-04 09:46:39,494.00,494.00,494.00,494.00,494.00,494.00,494.00,494.00,257.00,257.00
2026-09-04 09:56:45,494.00,494.00,494.00,494.00,494.00,494.00,494.00,494.00,257.00,257.00
2026-09-04 10:06:45,494.00,494.00,494.00,494.00,494.00,494.00,494.00,494.00,257.00,257.00
2026-09-04 10:16:44,494.00,494.00,494.00,494.00,494.00,494.00,494.00,494.00,257.00,257.00
2026-09-04 10:26:31,494.00,494.00,494.00,494.00,494.00,494.00,494.00,494.00,257.00,257.00
2026-09-04 10:36:42,494.00,494.00,494.00,494.00,494.00,494.00,494.00,494.00,257.00,257.00
2026-09-04 10:46:42,494.00,494.00,494.00,494.00,494.00,494.00,494.00,494.00,257.00,257.00
2026-09-04 10:56:37,494.00,494.00,494.00,494.00,494.00,494.00,494.00,494.00,257.00,257.00
2026-09-04 11:06:37,494.00,494.00,494.00,494.00,494.00,494.00,494.00,494.00,257.00,257.00
2026-09-04 11:16:44,494.00,494.00,494.00,494.00,494.00,494.00,494.00,494.00,257.00,257.00
2026-09-04 11:36:34,494.00,494.00,494.00,494.00,494.00,494.00,494.00,494.00,257.00,257.00
2026-09-04 11:46:46,494.00,494.00,494.00,494.00,494.00,494.00,494.00,494.00,257.00,257.00
2026-09-04 11:56:52,494.00,494.00,494.00,494.00,494.00,494.00,494.00,494.00,257.00,257.00
2026-09-04 12:06:41,494.00,494.00,494.00,494.00,494.00,494.00,494.00,494.00,257.00,257.00
2026-09-04 12:16:39,494.00,494.00,494.00,494.00,494.00,494.00,494.00,494.00,257.00,257.00
2026-09-04 12:26:24,494.00,494.00,494.00,494.00,494.00,494.00,494.00,494.00,257.00,257.00
2026-09-04 12:36:39,494.00,494.00,494.00,494.00,494.00,494.00,494.00,494.00,257.00,257.00
2026-09-04 12:46:45,494.00,494.00,494.00,494.00,494.00,494.00,494.00,494.00,257.00,257.00
2026-09-04 12:56:51,494.00,494.00,494.00,494.00,494.00,494.00,494.00,494.00,257.00,257.00
2026-09-04 13:06:42,494.00,494.00,494.00,494.00,494.00,494.00,494.00,494.00,257.00,257.00
2026-09-04 13:16:44,494.00,494.00,494.00,494.00,494.00,494.00,494.00,494.00,257.00,257.00
2026-09-04 13:29:29,494.00,494.00,494.00,494.00,494.00,494.00,494.00,494.00,257.00,257.00
2026-09-04 13:36:45,494.00,494.00,494.00,494.00,494.00,494.00,494.00,494.00,257.00,257.00
2026-09-04 13:46:47,494.00,494.00,494.00,494.00,494.00,494.00,494.00,494.00,257.00,257.00
2026-09-04 13:56:45,494.00,494.00,494.00,494.00,494.00,494.00,494.00,494.00,257.00,257.00
2026-09-04 14:06:47,494.00,494.00,494.00,494.00,494.00,494.00,494.00,494.00,257.00,257.00
2026-09-04 14:16:18,494.00,494.00,494.00,494.00,494.00,494.00,494.00,494.00,257.00,257.00
2026-09-04 14:26:39,494.00,494.00,494.00,494.00,494.00,494.00,494.00,494.00,257.00,257.00
2026-09-04 14:36:44,494.00,494.00,494.00,494.00,494.00,494.00,494.00,494.00,257.00,257.00
2026-09-04 14:46:20,494.00,494.00,494.00,494.00,494.00,494.00,494.00,494.00,257.00,257.00
2026-09-04 14:56:43,494.00,494.00,494.00,494.00,494.00,494.00,494.00,494.00,257.00,257.00
2026-09-04 15:06:44,257.00,257.00,257.00,257.00,494.00,257.00,257.00,257.00,257.00,257.00
2026-09-04 15:16:56,257.00,257.00,257.00,257.00,494.00,257.00,257.00,257.00,257.00,257.00
2026-09-04 15:26:42,257.00,257.00,257.00,257.00,494.00,257.00,257.00,257.00,257.00,257.00
2026-09-04 15:36:25,257.00,257.00,257.00,257.00,494.00,257.00,257.00,257.00,257.00,257.00
2026-09-04 15:46:46,257.00,257.00,257.00,257.00,494.00,257.00,257.00,257.00,257.00,257.00
2026-09-04 15:56:44,257.00,257.00,257.00,257.00,494.00,257.00,257.00,257.00,257.00,257.00
2026-09-04 16:06:48,257.00,257.00,257.00,257.00,292.00,257.00,257.00,257.00,257.00,257.00
2026-09-04 16:17:03,257.00,,257.00,257.00,292.00,257.00,,,257.00,257.00
2026-09-04 16:26:47,257.00,257.00,257.00,257.00,292.00,257.00,257.00,257.00,257.00,257.00
2026-09-04 16:36:41,257.00,257.00,257.00,257.00,292.00,257.00,257.00,257.00,257.00,257.00
2026-09-04 16:46:41,257.00,257.00,257.00,257.00,292.00,257.00,257.00,257.00,257.00,257.00
2026-09-04 16:56:45,257.00,257.00,257.00,257.00,292.00,257.00,257.00,257.00,257.00,257.00
2026-09-04 17:06:29,257.00,257.00,257.00,257.00,292.00,257.00,257.00,257.00,257.00,257.00
2026-09-04 17:16:50,257.00,257.00,257.00,257.00,292.00,257.00,257.00,257.00,257.00,257.00
2026-09-04 17:29:08,257.00,,257.00,257.00,292.00,257.00,,,257.00,257.00
2026-09-04 17:36:46,257.00,257.00,257.00,257.00,292.00,257.00,257.00,257.00,257.00,257.00
2026-09-04 17:46:49,257.00,257.00,257.00,257.00,292.00,257.00,257.00,257.00,257.00,257.00
2026-09-04 17:56:44,257.00,257.00,257.00,257.00,292.00,257.00,257.00,257.00,257.00,257.00
2026-09-04 18:06:43,257.00,257.00,257.00,257.00,292.00,257.00,257.00,257.00,257.00,257.00
2026-09-04 18:16:48,257.00,257.00,257.00,257.00,292.00,257.00,257.00,257.00,257.00,257.00
2026-09-04 18:26:46,257.00,257.00,257.00,257.00,292.00,257.00,257.00,257.00,257.00,257.00
2026-09-04 18:36:44,257.00,257.00,257.00,257.00,292.00,257.00,257.00,257.00,257.00,257.00
2026-09-04 18:46:04,,257.00,,,,,257.00,257.00,,
2026-09-04 18:56:40,257.00,257.00,257.00,257.00,292.00,257.00,257.00,257.00,257.00,257.00
2026-09-04 19:06:38,257.00,257.00,257.00,257.00,292.00,257.00,257.00,257.00,257.00,257.00
2026-09-04 19:16:45,257.00,257.00,257.00,257.00,292.00,257.00,257.00,257.00,257.00,257.00
2026-09-04 19:27:27,,257.00,,,,,257.00,257.00,,
2026-09-04 19:36:48,257.00,257.00,257.00,257.00,292.00,257.00,257.00,257.00,257.00,257.00
2026-09-04 19:46:34,257.00,257.00,257.00,257.00,292.00,257.00,257.00,257.00,257.00,257.00
2026-09-04 19:56:45,257.00,257.00,257.00,257.00,292.00,257.00,257.00,257.00,257.00,257.00
2026-09-04 20:06:55,257.00,257.00,257.00,257.00,292.00,257.00,257.00,257.00,257.00,257.00
2026-09-04 20:16:48,257.00,257.00,257.00,257.00,292.00,257.00,257.00,257.00,257.00,257.00
2026-09-04 20:26:44,257.00,257.00,257.00,257.00,292.00,257.00,257.00,257.00,257.00,257.00
2026-09-04 20:36:43,257.00,257.00,257.00,257.00,292.00,257.00,257.00,257.00,257.00,257.00
2026-09-04 20:46:47,257.00,257.00,257.00,257.00,292.00,257.00,257.00,257.00,267.00,267.00
2026-09-04 20:56:54,,257.00,,,,,257.00,257.00,,
2026-09-04 21:06:41,257.00,257.00,257.00,257.00,292.00,257.00,257.00,257.00,267.00,267.00
2026-09-04 21:16:35,257.00,257.00,257.00,257.00,292.00,257.00,257.00,257.00,267.00,267.00
2026-09-04 21:28:41,257.00,257.00,257.00,257.00,292.00,257.00,257.00,257.00,267.00,267.00
2026-09-04 21:36:40,257.00,257.00,257.00,257.00,292.00,257.00,257.00,257.00,267.00,267.00
2026-09-04 21:46:34,257.00,257.00,257.00,257.00,292.00,257.00,257.00,257.00,267.00,267.00
2026-09-04 21:56:44,257.00,257.00,257.00,257.00,292.00,257.00,257.00,257.00,267.00,267.00
2026-09-04 22:06:44,257.00,257.00,257.00,257.00,292.00,257.00,257.00,257.00,267.00,267.00
2026-09-04 22:16:44,257.00,257.00,257.00,257.00,292.00,257.00,257.00,257.00,267.00,267.00
2026-09-04 22:26:27,257.00,257.00,257.00,257.00,292.00,257.00,257.00,257.00,267.00,267.00
2026-09-04 22:36:47,257.00,257.00,257.00,257.00,292.00,257.00,257.00,257.00,267.00,267.00
2026-09-04 22:46:47,257.00,257.00,257.00,257.00,292.00,257.00,257.00,257.00,267.00,267.00
2026-09-04 22:56:41,257.00,257.00,257.00,257.00,292.00,257.00,257.00,257.00,267.00,267.00
2026-09-04 23:06:41,257.00,257.00,257.00,257.00,292.00,257.00,257.00,257.00,267.00,267.00
2026-09-04 23:16:44,257.00,257.00,257.00,257.00,292.00,257.00,257.00,257.00,267.00,267.00
2026-09-04 23:28:31,257.00,257.00,257.00,257.00,292.00,257.00,257.00,257.00,267.00,267.00
2026-09-04 23:36:29,257.00,257.00,257.00,257.00,292.00,257.00,257.00,257.00,267.00,267.00
2026-09-04 23:46:48,257.00,257.00,257.00,257.00,292.00,257.00,257.00,257.00,267.00,267.00
2026-09-05 00:06:46,257.00,257.00,257.00,257.00,292.00,257.00,257.00,257.00,267.00,267.00
2026-09-05 00:16:30,257.00,257.00,257.00,257.00,292.00,257.00,257.00,257.00,267.00,267.00
2026-09-05 00:26:29,257.00,257.00,257.00,257.00,292.00,257.00,257.00,257.00,267.00,267.00
2026-09-05 00:36:25,257.00,257.00,257.00,257.00,292.00,257.00,257.00,257.00,267.00,267.00
2026-09-05 00:46:20,257.00,257.00,257.00,257.00,292.00,257.00,257.00,257.00,267.00,267.00
2026-09-05 00:56:40,257.00,257.00,257.00,257.00,292.00,257.00,257.00,257.00,267.00,267.00
2026-09-05 01:06:45,257.00,257.00,257.00,257.00,292.00,257.00,257.00,257.00,267.00,267.00
2026-09-05 01:16:36,257.00,257.00,257.00,257.00,292.00,257.00,257.00,257.00,267.00,267.00
2026-09-05 01:26:45,257.00,257.00,257.00,257.00,292.00,257.00,257.00,257.00,267.00,267.00
2026-09-05 01:36:26,257.00,257.00,257.00,257.00,292.00,257.00,257.00,257.00,267.00,267.00
2026-09-05 01:46:23,257.00,257.00,257.00,257.00,292.00,257.00,257.00,257.00,267.00,267.00
2026-09-05 01:56:44,257.00,257.00,257.00,257.00,292.00,257.00,257.00,257.00,267.00,267.00
2026-09-05 02:06:47,257.00,257.00,257.00,257.00,292.00,257.00,257.00,257.00,267.00,267.00
2026-09-05 02:16:44,257.00,257.00,257.00,257.00,292.00,257.00,257.00,257.00,267.00,267.00
2026-09-05 02:26:48,257.00,257.00,257.00,257.00,292.00,257.00,257.00,257.00,267.00,267.00
2026-09-05 02:36:25,257.00,257.00,257.00,257.00,292.00,257.00,257.00,257.00,267.00,267.00
2026-09-05 02:46:47,257.00,257.00,257.00,257.00,292.00,257.00,257.00,257.00,267.00,267.00
2026-09-05 02:56:23,257.00,257.00,257.00,257.00,292.00,257.00,257.00,257.00,267.00,267.00
2026-09-05 03:06:41,257.00,257.00,257.00,257.00,292.00,257.00,257.00,257.00,267.00,267.00
2026-09-05 03:16:25,257.00,257.00,257.00,257.00,292.00,257.00,257.00,257.00,267.00,267.00
2026-09-05 03:26:45,257.00,257.00,257.00,257.00,292.00,257.00,257.00,257.00,267.00,267.00
2026-09-05 03:36:43,257.00,257.00,257.00,257.00,292.00,257.00,257.00,257.00,267.00,267.00
2026-09-05 03:46:46,257.00,257.00,257.00,257.00,292.00,257.00,257.00,257.00,267.00,267.00
2026-09-05 03:56:45,257.00,257.00,257.00,257.00,292.00,257.00,257.00,257.00,267.00,267.00
2026-09-05 04:06:47,257.00,257.00,257.00,257.00,292.00,257.00,257.00,257.00,267.00,267.00
2026-09-05 04:16:39,257.00,257.00,257.00,257.00,292.00,257.00,257.00,257.00,267.00,267.00
2026-09-05 04:26:41,257.00,257.00,257.00,257.00,292.00,257.00,257.00,257.00,267.00,267.00
2026-09-05 04:36:46,257.00,257.00,257.00,257.00,292.00,257.00,257.00,257.00,267.00,267.00
2026-09-05 04:46:49,257.00,257.00,257.00,257.00,292.00,257.00,257.00,257.00,267.00,267.00
2026-09-05 04:56:41,257.00,257.00,257.00,257.00,292.00,257.00,257.00,257.00,267.00,267.00
2026-09-05 05:06:43,257.00,257.00,257.00,257.00,292.00,257.00,257.00,257.00,267.00,267.00
2026-09-05 05:16:49,257.00,257.00,257.00,257.00,292.00,257.00,257.00,257.00,267.00,267.00
2026-09-05 05:26:22,257.00,257.00,257.00,257.00,292.00,257.00,257.00,257.00,267.00,267.00
2026-09-05 05:36:47,257.00,257.00,257.00,257.00,292.00,257.00,257.00,257.00,267.00,267.00
