checked_at,AA1263,AA1264,AA1427,AA2223,AA2723,AA2941,AA3128,AA392,AA855,AA903,DL1642,DL2240,DL2251,DL2633,DL2767,DL2917,DL2985,UA1258,UA1310,UA1437,UA1657,UA1682,UA2092,UA2342,UA2389,UA2635,UA529,UA623,UA669
2026-08-18 16:04:22,134.00,134.00,134.00,134.00,134.00,134.00,134.00,134.00,134.00,134.00,124.00,149.00,124.00,124.00,124.00,124.00,124.00,124.00,124.00,124.00,124.00,124.00,124.00,124.00,124.00,124.00,124.00,124.00,124.00
2026-08-18 16:13:57,134.00,134.00,134.00,134.00,134.00,134.00,134.00,134.00,134.00,134.00,124.00,149.00,124.00,124.00,124.00,124.00,124.00,124.00,124.00,124.00,124.00,124.00,124.00,124.00,124.00,124.00,124.00,124.00,124.00
2026-08-18 16:24:00,134.00,134.00,134.00,134.00,134.00,134.00,134.00,134.00,134.00,134.00,124.00,149.00,124.00,124.00,124.00,124.00,124.00,124.00,124.00,124.00,124.00,124.00,124.00,124.00,124.00,124.00,124.00,124.00,124.00
2026-08-18 16:32:15,134.00,134.00,134.00,134.00,134.00,134.00,134.00,134.00,134.00,134.00,124.00,149.00,124.00,124.00,124.00,124.00,124.00,124.00,124.00,124.00,124.00,124.00,124.00,124.00,124.00,124.00,124.00,124.00,124.00
2026-08-18 16:38:25,134.00,134.00,134.00,134.00,134.00,134.00,134.00,134.00,134.00,134.00,124.00,149.00,124.00,124.00,124.00,124.00,124.00,124.00,124.00,124.00,124.00,124.00,124.00,124.00,124.00,124.00,124.00,124.00,124.00
2026-08-18 16:44:44,134.00,134.00,134.00,134.00,134.00,134.00,134.00,134.00,134.00,134.00,124.00,149.00,124.00,124.00,124.00,124.00,124.00,124.00,124.00,124.00,124.00,124.00,124.00,124.00,124.00,124.00,124.00,124.00,124.00
2026-08-18 16:54:16,134.00,134.00,134.00,134.00,134.00,134.00,134.00,134.00,134.00,134.00,124.00,149.00,124.00,124.00,124.00,124.00,124.00,124.00,124.00,124.00,124.00,124.00,124.00,124.00,124.00,124.00,124.00,124.00,124.00
2026-08-18 17:02:33,134.00,134.00,134.00,134.00,134.00,134.00,134.00,134.00,134.00,134.00,124.00,149.00,124.00,124.00,124.00,124.00,124.00,124.00,124.00,124.00,124.00,124.00,124.00,124.00,124.00,124.00,124.00,124.00,124.00
2026-08-18 17:08:26,134.00,134.00,134.00,134.00,134.00,134.00,134.00,134.00,134.00,134.00,124.00,149.00,124.00,124.00,124.00,124.00,124.00,124.00,124.00,124.00,124.00,124.00,124.00,124.00,124.00,124.00,124.00,124.00,124.00
2026-08-18 17:14:33,134.00,134.00,134.00,134.00,134.00,134.00,134.00,134.00,134.00,134.00,124.00,149.00,124.00,124.00,124.00,124.00,124.00,124.00,124.00,124.00,124.00,124.00,124.00,124.00,124.00,124.00,124.00,124.00,124.00
2026-08-18 17:24:08,134.00,134.00,134.00,134.00,134.00,134.00,134.00,134.00,134.00,134.00,124.00,149.00,134.00,124.00,124.00,124.00,124.00,124.00,124.00,124.00,124.00,124.00,124.00,124.00,124.00,124.00,124.00,124.00,124.00
2026-08-18 17:34:00,134.00,134.00,134.00,134.00,134.00,134.00,134.00,134.00,134.00,134.00,124.00,149.00,124.00,124.00,124.00,124.00,124.00,124.00,124.00,124.00,124.00,124.00,124.00,124.00,124.00,124.00,124.00,124.00,124.00
2026-08-18 17:44:06,134.00,134.00,134.00,134.00,134.00,134.00,134.00,134.00,134.00,134.00,124.00,149.00,124.00,124.00,124.00,124.00,124.00,124.00,124.00,124.00,124.00,124.00,124.00,124.00,124.00,124.00,124.00,124.00,124.00
2026-08-18 17:53:50,134.00,134.00,134.00,134.00,134.00,134.00,134.00,134.00,134.00,134.00,134.00,149.00,124.00,134.00,134.00,124.00,124.00,124.00,124.00,124.00,124.00,124.00,124.00,124.00,124.00,124.00,124.00,124.00,124.00
2026-08-18 18:04:13,134.00,134.00,134.00,134.00,134.00,134.00,134.00,134.00,134.00,134.00,134.00,159.00,134.00,134.00,134.00,134.00,134.00,124.00,124.00,124.00,124.00,124.00,124.00,124.00,124.00,124.00,124.00,124.00,124.00
2026-08-18 18:14:04,134.00,134.00,134.00,134.00,134.00,134.00,134.00,134.00,134.00,134.00,134.00,159.00,134.00,134.00,134.00,134.00,134.00,124.00,124.00,124.00,124.00,124.00,124.00,124.00,124.00,124.00,124.00,124.00,124.00
2026-08-18 18:24:00,134.00,134.00,134.00,134.00,134.00,134.00,134.00,134.00,134.00,134.00,134.00,159.00,134.00,134.00,134.00,134.00,134.00,124.00,124.00,124.00,124.00,124.00,124.00,124.00,124.00,124.00,124.00,124.00,124.00
2026-08-18 18:34:08,134.00,134.00,134.00,134.00,134.00,134.00,134.00,134.00,134.00,134.00,134.00,134.00,134.00,134.00,134.00,134.00,134.00,124.00,124.00,124.00,124.00,124.00,124.00,124.00,124.00,124.00,124.00,124.00,124.00
2026-08-18 18:44:13,134.00,134.00,134.00,134.00,134.00,134.00,134.00,134.00,134.00,134.00,134.00,134.00,134.00,134.00,134.00,134.00,134.00,124.00,124.00,124.00,124.00,124.00,124.00,124.00,124.00,124.00,124.00,124.00,124.00
2026-08-18 18:54:08,134.00,134.00,134.00,134.00,134.00,134.00,134.00,134.00,134.00,134.00,134.00,134.00,134.00,134.00,134.00,134.00,134.00,124.00,124.00,124.00,124.00,124.00,124.00,124.00,124.00,124.00,124.00,124.00,124.00
2026-08-18 19:04:10,134.00,134.00,134.00,134.00,134.00,134.00,134.00,134.00,134.00,134.00,134.00,134.00,134.00,134.00,134.00,134.00,134.00,124.00,124.00,124.00,124.00,124.00,124.00,124.00,124.00,124.00,124.00,124.00,124.00
2026-08-18 19:14:09,134.00,134.00,134.00,134.00,134.00,134.00,134.00,134.00,134.00,134.00,134.00,134.00,134.00,134.00,134.00,134.00,134.00,124.00,124.00,124.00,124.00,124.00,124.00,124.00,124.00,124.00,124.00,124.00,124.00
2026-08-18 19:24:17,134.00,134.00,134.00,134.00,134.00,134.00,134.00,134.00,134.00,134.00,134.00,134.00,134.00,134.00,134.00,134.00,134.00,124.00,124.00,124.00,124.00,124.00,124.00,124.00,124.00,124.00,124.00,124.00,124.00
2026-08-18 19:34:17,134.00,134.00,134.00,134.00,134.00,134.00,134.00,134.00,134.00,134.00,134.00,134.00,134.00,134.00,134.00,134.00,134.00,124.00,124.00,124.00,124.00,124.00,124.00,124.00,124.00,124.00,124.00,124.00,124.00
2026-08-18 19:44:08,134.00,134.00,134.00,134.00,134.00,134.00,134.00,134.00,134.00,134.00,134.00,134.00,134.00,134.00,134.00,134.00,134.00,124.00,124.00,124.00,124.00,124.00,124.00,124.00,124.00,124.00,124.00,124.00,124.00
2026-08-18 19:54:09,134.00,134.00,134.00,134.00,134.00,134.00,134.00,134.00,134.00,134.00,134.00,134.00,134.00,134.00,134.00,134.00,134.00,124.00,124.00,124.00,124.00,124.00,124.00,124.00,124.00,124.00,124.00,124.00,124.00
2026-08-18 20:04:18,134.00,134.00,134.00,134.00,134.00,134.00,134.00,134.00,134.00,134.00,134.00,134.00,134.00,134.00,134.00,134.00,134.00,124.00,124.00,124.00,124.00,124.00,124.00,124.00,124.00,124.00,124.00,124.00,124.00
2026-08-18 20:14:22,134.00,134.00,134.00,134.00,134.00,134.00,134.00,134.00,134.00,134.00,134.00,134.00,134.00,134.00,134.00,134.00,134.00,124.00,124.00,124.00,124.00,124.00,124.00,124.00,124.00,124.00,124.00,124.00,124.00
2026-08-18 20:24:28,134.00,,134.00,134.00,,,,134.00,134.00,,,134.00,134.00,,,134.00,269.00,,124.00,124.00,,,,124.00,124.00,124.00,,124.00,
2026-08-18 20:34:23,134.00,134.00,134.00,134.00,134.00,134.00,134.00,134.00,134.00,134.00,134.00,134.00,134.00,134.00,134.00,134.00,134.00,124.00,124.00,124.00,124.00,124.00,124.00,124.00,124.00,124.00,124.00,124.00,124.00
2026-08-18 20:44:09,134.00,134.00,134.00,134.00,134.00,134.00,134.00,134.00,134.00,134.00,134.00,134.00,134.00,134.00,134.00,134.00,134.00,134.00,134.00,134.00,134.00,134.00,134.00,134.00,134.00,134.00,134.00,134.00,134.00
2026-08-18 20:53:58,134.00,134.00,134.00,134.00,134.00,134.00,134.00,134.00,134.00,134.00,134.00,134.00,134.00,134.00,134.00,134.00,134.00,134.00,134.00,134.00,134.00,134.00,134.00,134.00,134.00,134.00,134.00,134.00,134.00
2026-08-18 21:04:31,134.00,134.00,134.00,134.00,134.00,134.00,134.00,134.00,134.00,134.00,134.00,134.00,134.00,134.00,134.00,134.00,134.00,134.00,134.00,134.00,134.00,134.00,134.00,134.00,134.00,134.00,134.00,134.00,134.00
2026-08-18 21:13:59,134.00,134.00,134.00,134.00,134.00,134.00,134.00,134.00,134.00,134.00,134.00,134.00,134.00,134.00,134.00,134.00,134.00,134.00,134.00,134.00,134.00,134.00,134.00,134.00,134.00,134.00,134.00,134.00,134.00
2026-08-18 21:24:03,134.00,134.00,134.00,134.00,134.00,134.00,134.00,134.00,134.00,134.00,134.00,134.00,134.00,134.00,134.00,134.00,134.00,134.00,134.00,134.00,134.00,134.00,134.00,134.00,134.00,134.00,134.00,134.00,134.00
2026-08-18 21:34:22,134.00,134.00,134.00,134.00,134.00,134.00,134.00,134.00,134.00,134.00,134.00,134.00,134.00,134.00,134.00,134.00,134.00,134.00,134.00,134.00,134.00,134.00,134.00,134.00,134.00,134.00,134.00,134.00,134.00
2026-08-18 21:44:13,134.00,134.00,134.00,134.00,134.00,134.00,134.00,134.00,134.00,134.00,134.00,134.00,134.00,134.00,134.00,134.00,134.00,134.00,134.00,134.00,134.00,134.00,134.00,134.00,134.00,134.00,134.00,134.00,134.00
2026-08-18 21:54:08,134.00,134.00,134.00,134.00,134.00,134.00,134.00,134.00,134.00,134.00,134.00,134.00,134.00,134.00,134.00,134.00,134.00,134.00,134.00,134.00,134.00,134.00,134.00,134.00,134.00,134.00,134.00,134.00,134.00
2026-08-18 22:04:14,134.00,134.00,134.00,134.00,134.00,134.00,134.00,134.00,134.00,134.00,134.00,134.00,134.00,134.00,134.00,134.00,134.00,134.00,134.00,134.00,134.00,134.00,134.00,134.00,134.00,134.00,134.00,134.00,134.00
2026-08-18 22:14:06,134.00,134.00,134.00,134.00,134.00,134.00,134.00,134.00,134.00,134.00,134.00,134.00,134.00,134.00,134.00,134.00,134.00,134.00,134.00,134.00,134.00,134.00,134.00,134.00,134.00,134.00,134.00,134.00,134.00
2026-08-18 22:24:01,134.00,134.00,134.00,134.00,134.00,134.00,134.00,134.00,134.00,134.00,134.00,134.00,134.00,134.00,134.00,134.00,134.00,134.00,134.00,134.00,134.00,134.00,134.00,134.00,134.00,134.00,134.00,134.00,134.00
2026-08-18 22:34:09,134.00,134.00,134.00,134.00,134.00,134.00,134.00,134.00,134.00,134.00,134.00,134.00,134.00,134.00,134.00,134.00,134.00,134.00,134.00,134.00,134.00,134.00,134.00,134.00,134.00,134.00,134.00,134.00,134.00
2026-08-18 22:44:32,134.00,134.00,134.00,134.00,134.00,134.00,134.00,134.00,134.00,134.00,134.00,134.00,134.00,134.00,134.00,134.00,134.00,134.00,134.00,134.00,134.00,134.00,134.00,134.00,134.00,134.00,134.00,134.00,134.00
2026-08-18 22:54:07,134.00,134.00,134.00,134.00,134.00,134.00,134.00,134.00,134.00,134.00,134.00,134.00,134.00,134.00,134.00,134.00,134.00,134.00,134.00,134.00,134.00,134.00,134.00,134.00,134.00,134.00,134.00,134.00,134.00
2026-08-18 23:04:16,134.00,134.00,134.00,134.00,134.00,134.00,134.00,134.00,134.00,134.00,134.00,134.00,134.00,134.00,134.00,134.00,134.00,134.00,134.00,134.00,134.00,134.00,134.00,134.00,134.00,134.00,134.00,134.00,134.00
2026-08-18 23:14:00,134.00,134.00,134.00,134.00,134.00,134.00,134.00,134.00,134.00,134.00,134.00,134.00,134.00,134.00,134.00,134.00,134.00,134.00,134.00,134.00,134.00,134.00,134.00,134.00,134.00,134.00,134.00,134.00,134.00
2026-08-18 23:24:48,134.00,134.00,134.00,134.00,134.00,134.00,134.00,134.00,134.00,134.00,134.00,159.00,134.00,134.00,134.00,134.00,134.00,134.00,134.00,134.00,134.00,134.00,134.00,134.00,134.00,134.00,134.00,134.00,134.00
2026-08-18 23:34:21,134.00,134.00,134.00,134.00,134.00,134.00,134.00,134.00,134.00,134.00,134.00,159.00,134.00,134.00,134.00,134.00,134.00,134.00,134.00,134.00,134.00,134.00,134.00,134.00,134.00,134.00,134.00,134.00,134.00
2026-08-18 23:44:17,134.00,134.00,134.00,134.00,134.00,134.00,134.00,134.00,134.00,134.00,134.00,159.00,134.00,134.00,134.00,134.00,134.00,134.00,134.00,134.00,134.00,134.00,134.00,134.00,134.00,134.00,134.00,134.00,134.00
2026-08-18 23:54:12,134.00,134.00,134.00,134.00,134.00,134.00,134.00,134.00,134.00,134.00,134.00,159.00,134.00,134.00,134.00,134.00,134.00,134.00,134.00,134.00,134.00,134.00,134.00,134.00,134.00,134.00,134.00,134.00,134.00
2026-08-19 00:04:14,134.00,134.00,134.00,134.00,134.00,134.00,134.00,134.00,134.00,134.00,134.00,159.00,134.00,134.00,134.00,134.00,134.00,134.00,134.00,134.00,134.00,134.00,134.00,134.00,134.00,134.00,134.00,134.00,134.00
2026-08-19 00:14:09,134.00,134.00,134.00,134.00,134.00,134.00,134.00,134.00,134.00,134.00,134.00,159.00,134.00,134.00,134.00,134.00,134.00,134.00,134.00,134.00,134.00,134.00,134.00,134.00,134.00,134.00,134.00,134.00,134.00
2026-08-19 00:24:08,134.00,134.00,134.00,134.00,134.00,134.00,134.00,134.00,134.00,134.00,134.00,159.00,134.00,134.00,134.00,134.00,134.00,134.00,134.00,134.00,134.00,134.00,134.00,134.00,134.00,134.00,134.00,134.00,134.00
2026-08-19 00:34:15,134.00,134.00,134.00,134.00,134.00,134.00,134.00,134.00,134.00,134.00,134.00,159.00,134.00,134.00,134.00,134.00,134.00,134.00,134.00,134.00,134.00,134.00,134.00,134.00,134.00,134.00,134.00,134.00,134.00
2026-08-19 00:44:06,134.00,134.00,134.00,134.00,134.00,134.00,134.00,134.00,134.00,134.00,134.00,159.00,134.00,134.00,134.00,134.00,134.00,134.00,134.00,134.00,134.00,134.00,134.00,134.00,134.00,134.00,134.00,134.00,134.00
2026-08-19 00:54:13,134.00,134.00,134.00,134.00,134.00,134.00,134.00,134.00,134.00,134.00,134.00,159.00,134.00,134.00,134.00,134.00,134.00,134.00,134.00,134.00,134.00,134.00,134.00,134.00,134.00,134.00,134.00,134.00,134.00
2026-08-19 01:04:28,134.00,134.00,134.00,134.00,134.00,134.00,134.00,134.00,134.00,134.00,134.00,159.00,134.00,134.00,134.00,134.00,134.00,134.00,134.00,134.00,134.00,134.00,134.00,134.00,134.00,134.00,134.00,134.00,134.00
2026-08-19 01:14:06,134.00,134.00,134.00,134.00,134.00,134.00,134.00,134.00,134.00,134.00,134.00,159.00,134.00,134.00,134.00,134.00,134.00,134.00,134.00,134.00,134.00,134.00,134.00,134.00,134.00,134.00,134.00,134.00,134.00
2026-08-19 01:24:16,134.00,134.00,134.00,134.00,134.00,134.00,134.00,134.00,134.00,134.00,134.00,159.00,134.00,134.00,134.00,134.00,134.00,134.00,134.00,134.00,134.00,134.00,134.00,134.00,134.00,134.00,134.00,134.00,134.00
2026-08-19 01:34:36,,134.00,,,134.00,134.00,134.00,,,134.00,134.00,,,134.00,134.00,134.00,134.00,134.00,,,134.00,134.00,134.00,,,,134.00,,134.00
2026-08-19 01:44:07,134.00,134.00,134.00,134.00,134.00,134.00,134.00,134.00,134.00,134.00,134.00,159.00,134.00,134.00,134.00,134.00,134.00,134.00,134.00,134.00,134.00,134.00,134.00,134.00,134.00,134.00,134.00,134.00,134.00
2026-08-19 01:54:16,134.00,134.00,134.00,134.00,134.00,134.00,134.00,134.00,134.00,134.00,134.00,159.00,134.00,134.00,134.00,134.00,134.00,134.00,134.00,134.00,134.00,134.00,134.00,134.00,134.00,134.00,134.00,134.00,134.00
2026-08-19 02:04:24,134.00,134.00,134.00,134.00,134.00,134.00,134.00,134.00,134.00,134.00,134.00,159.00,134.00,134.00,134.00,134.00,134.00,134.00,134.00,134.00,134.00,134.00,134.00,134.00,134.00,134.00,134.00,134.00,134.00
2026-08-19 02:14:34,134.00,134.00,134.00,134.00,134.00,134.00,134.00,134.00,134.00,134.00,134.00,159.00,134.00,134.00,134.00,134.00,134.00,134.00,134.00,134.00,134.00,134.00,134.00,134.00,134.00,134.00,134.00,134.00,134.00
2026-08-19 02:24:38,134.00,134.00,134.00,134.00,134.00,134.00,134.00,134.00,134.00,134.00,134.00,159.00,134.00,134.00,134.00,134.00,134.00,134.00,134.00,134.00,134.00,134.00,134.00,134.00,134.00,134.00,134.00,134.00,134.00
2026-08-19 02:34:15,134.00,134.00,134.00,134.00,134.00,134.00,134.00,134.00,134.00,134.00,134.00,159.00,134.00,134.00,134.00,134.00,134.00,134.00,134.00,134.00,134.00,134.00,134.00,134.00,134.00,134.00,134.00,134.00,134.00
2026-08-19 02:44:39,134.00,134.00,134.00,134.00,134.00,134.00,134.00,134.00,134.00,134.00,134.00,159.00,134.00,134.00,134.00,134.00,134.00,134.00,134.00,134.00,134.00,134.00,134.00,134.00,134.00,134.00,134.00,134.00,134.00
2026-08-19 02:54:34,134.00,134.00,134.00,134.00,134.00,134.00,134.00,134.00,134.00,134.00,134.00,159.00,134.00,134.00,134.00,134.00,134.00,134.00,134.00,134.00,134.00,134.00,134.00,134.00,134.00,134.00,134.00,134.00,134.00
2026-08-19 03:04:25,134.00,134.00,134.00,134.00,134.00,134.00,134.00,134.00,134.00,134.00,134.00,159.00,134.00,134.00,134.00,134.00,134.00,134.00,134.00,134.00,134.00,134.00,134.00,134.00,134.00,134.00,134.00,134.00,134.00
2026-08-19 03:14:21,134.00,134.00,134.00,134.00,134.00,134.00,134.00,134.00,134.00,134.00,134.00,159.00,134.00,134.00,134.00,134.00,134.00,134.00,134.00,134.00,134.00,134.00,134.00,134.00,134.00,134.00,134.00,134.00,134.00
2026-08-19 03:24:20,134.00,134.00,134.00,134.00,134.00,134.00,134.00,134.00,134.00,134.00,134.00,159.00,134.00,134.00,134.00,134.00,134.00,134.00,134.00,134.00,134.00,134.00,134.00,134.00,134.00,134.00,134.00,134.00,134.00
2026-08-19 03:34:32,134.00,134.00,134.00,134.00,134.00,134.00,134.00,134.00,134.00,134.00,134.00,159.00,134.00,134.00,134.00,134.00,134.00,134.00,134.00,134.00,134.00,134.00,134.00,134.00,134.00,134.00,134.00,134.00,134.00
2026-08-19 03:44:36,,134.00,,,134.00,134.00,134.00,,,134.00,134.00,,,134.00,134.00,134.00,134.00,134.00,,,134.00,134.00,134.00,,,,134.00,,134.00
2026-08-19 03:54:17,134.00,134.00,134.00,134.00,134.00,134.00,134.00,134.00,134.00,134.00,134.00,159.00,134.00,134.00,134.00,134.00,134.00,134.00,134.00,134.00,134.00,134.00,134.00,134.00,134.00,134.00,134.00,134.00,134.00
2026-08-19 04:04:25,134.00,134.00,134.00,134.00,134.00,134.00,134.00,134.00,134.00,134.00,134.00,159.00,134.00,134.00,134.00,134.00,134.00,134.00,134.00,134.00,134.00,134.00,134.00,134.00,134.00,134.00,134.00,134.00,134.00
2026-08-19 04:14:19,134.00,134.00,134.00,134.00,134.00,134.00,134.00,134.00,134.00,134.00,134.00,159.00,134.00,134.00,134.00,134.00,134.00,134.00,134.00,134.00,134.00,134.00,134.00,134.00,134.00,134.00,134.00,134.00,134.00
2026-08-19 04:24:25,134.00,134.00,134.00,134.00,134.00,134.00,134.00,134.00,134.00,134.00,134.00,159.00,134.00,134.00,134.00,134.00,134.00,134.00,134.00,134.00,134.00,134.00,134.00,134.00,134.00,134.00,134.00,134.00,134.00
2026-08-19 04:34:32,134.00,134.00,134.00,134.00,134.00,134.00,134.00,134.00,134.00,134.00,134.00,159.00,134.00,134.00,134.00,134.00,134.00,134.00,134.00,134.00,134.00,134.00,134.00,134.00,134.00,134.00,134.00,134.00,134.00
2026-08-19 04:44:11,134.00,134.00,134.00,134.00,134.00,134.00,134.00,134.00,134.00,134.00,134.00,159.00,134.00,134.00,134.00,134.00,134.00,134.00,134.00,134.00,134.00,134.00,134.00,134.00,134.00,134.00,134.00,134.00,134.00
2026-08-19 04:54:25,134.00,134.00,134.00,134.00,134.00,134.00,134.00,134.00,134.00,134.00,134.00,159.00,134.00,134.00,134.00,134.00,134.00,134.00,134.00,134.00,134.00,134.00,134.00,134.00,134.00,134.00,134.00,134.00,134.00
2026-08-19 05:04:18,134.00,134.00,134.00,134.00,134.00,134.00,134.00,134.00,134.00,134.00,134.00,159.00,134.00,134.00,134.00,134.00,134.00,134.00,134.00,134.00,134.00,134.00,134.00,134.00,134.00,134.00,134.00,134.00,134.00
2026-08-19 05:14:17,134.00,134.00,134.00,134.00,134.00,134.00,134.00,134.00,134.00,134.00,134.00,159.00,134.00,134.00,134.00,134.00,134.00,134.00,134.00,134.00,134.00,134.00,134.00,134.00,134.00,134.00,134.00,134.00,134.00
2026-08-19 05:24:10,134.00,134.00,134.00,134.00,134.00,134.00,134.00,134.00,134.00,134.00,134.00,159.00,134.00,134.00,134.00,134.00,134.00,134.00,134.00,134.00,134.00,134.00,134.00,134.00,134.00,134.00,134.00,134.00,134.00
2026-08-19 05:34:20,134.00,134.00,134.00,134.00,134.00,134.00,134.00,134.00,134.00,134.00,134.00,159.00,134.00,134.00,134.00,134.00,134.00,134.00,134.00,134.00,134.00,134.00,134.00,134.00,134.00,134.00,134.00,134.00,134.00
2026-08-19 05:44:08,134.00,134.00,134.00,134.00,134.00,134.00,134.00,134.00,134.00,134.00,134.00,159.00,134.00,134.00,134.00,134.00,134.00,134.00,134.00,134.00,134.00,134.00,134.00,134.00,134.00,134.00,134.00,134.00,134.00
2026-08-19 05:54:19,134.00,134.00,134.00,134.00,134.00,134.00,134.00,134.00,134.00,134.00,134.00,159.00,134.00,134.00,134.00,134.00,134.00,134.00,134.00,134.00,134.00,134.00,134.00,134.00,134.00,134.00,134.00,134.00,134.00
2026-08-19 06:04:15,134.00,134.00,134.00,134.00,134.00,134.00,134.00,134.00,134.00,134.00,134.00,159.00,134.00,134.00,134.00,134.00,134.00,134.00,134.00,134.00,134.00,134.00,134.00,134.00,134.00,134.00,134.00,134.00,134.00
2026-08-19 06:14:13,134.00,134.00,134.00,134.00,134.00,134.00,134.00,134.00,134.00,134.00,134.00,159.00,134.00,134.00,134.00,134.00,134.00,134.00,134.00,134.00,134.00,134.00,134.00,134.00,134.00,134.00,134.00,134.00,134.00
2026-08-19 06:24:12,134.00,134.00,134.00,134.00,134.00,134.00,134.00,134.00,134.00,134.00,134.00,159.00,134.00,134.00,134.00,134.00,134.00,134.00,134.00,134.00,134.00,134.00,134.00,134.00,134.00,134.00,134.00,134.00,134.00
2026-08-19 06:34:20,134.00,134.00,134.00,134.00,134.00,134.00,134.00,134.00,134.00,134.00,134.00,159.00,134.00,134.00,134.00,134.00,134.00,134.00,134.00,134.00,134.00,134.00,134.00,134.00,134.00,134.00,134.00,134.00,134.00
2026-08-19 06:44:12,134.00,134.00,134.00,134.00,134.00,134.00,134.00,134.00,134.00,134.00,134.00,159.00,134.00,134.00,134.00,134.00,134.00,134.00,134.00,134.00,134.00,134.00,134.00,134.00,134.00,134.00,134.00,134.00,134.00
2026-08-19 06:54:19,134.00,134.00,134.00,134.00,134.00,134.00,134.00,134.00,134.00,134.00,134.00,159.00,134.00,134.00,134.00,134.00,134.00,134.00,134.00,134.00,134.00,134.00,134.00,134.00,134.00,134.00,134.00,134.00,134.00
2026-08-19 07:04:21,134.00,134.00,134.00,134.00,134.00,134.00,134.00,134.00,134.00,134.00,134.00,159.00,134.00,134.00,134.00,134.00,134.00,134.00,134.00,134.00,134.00,134.00,134.00,134.00,134.00,134.00,134.00,134.00,134.00
2026-08-19 07:14:25,134.00,134.00,134.00,134.00,134.00,134.00,134.00,134.00,134.00,134.00,134.00,159.00,134.00,134.00,134.00,134.00,134.00,134.00,134.00,134.00,134.00,134.00,134.00,134.00,134.00,134.00,134.00,134.00,134.00
2026-08-19 07:24:27,134.00,134.00,134.00,134.00,134.00,134.00,134.00,134.00,134.00,134.00,134.00,159.00,134.00,134.00,134.00,134.00,134.00,134.00,134.00,134.00,134.00,134.00,134.00,134.00,134.00,134.00,134.00,134.00,134.00
2026-08-19 07:34:25,134.00,134.00,134.00,134.00,134.00,134.00,134.00,134.00,134.00,134.00,134.00,159.00,134.00,134.00,134.00,134.00,134.00,134.00,134.00,134.00,134.00,134.00,134.00,134.00,134.00,134.00,134.00,134.00,134.00
2026-08-19 07:44:14,134.00,134.00,134.00,134.00,134.00,134.00,134.00,134.00,134.00,134.00,134.00,159.00,134.00,134.00,134.00,134.00,134.00,134.00,134.00,134.00,134.00,134.00,134.00,134.00,134.00,134.00,134.00,134.00,134.00
2026-08-19 07:54:22,134.00,134.00,134.00,134.00,134.00,134.00,134.00,134.00,134.00,134.00,134.00,159.00,134.00,134.00,134.00,134.00,134.00,134.00,134.00,134.00,134.00,134.00,134.00,134.00,134.00,134.00,134.00,134.00,134.00
2026-08-19 08:04:26,134.00,134.00,134.00,134.00,134.00,134.00,134.00,134.00,134.00,134.00,134.00,159.00,134.00,134.00,134.00,134.00,134.00,134.00,134.00,134.00,134.00,134.00,134.00,134.00,134.00,134.00,134.00,134.00,134.00
2026-08-19 08:14:21,134.00,134.00,134.00,134.00,134.00,134.00,134.00,134.00,134.00,134.00,134.00,159.00,134.00,134.00,134.00,134.00,134.00,134.00,134.00,134.00,134.00,134.00,134.00,134.00,134.00,134.00,134.00,134.00,134.00
2026-08-19 08:24:11,134.00,134.00,134.00,134.00,134.00,134.00,134.00,134.00,134.00,134.00,134.00,159.00,134.00,134.00,134.00,134.00,134.00,134.00,134.00,134.00,134.00,134.00,134.00,134.00,134.00,134.00,134.00,134.00,134.00
2026-08-19 08:34:27,134.00,134.00,134.00,134.00,134.00,134.00,134.00,134.00,134.00,134.00,134.00,159.00,134.00,134.00,134.00,134.00,134.00,134.00,134.00,134.00,134.00,134.00,134.00,134.00,134.00,134.00,134.00,134.00,134.00
2026-08-19 08:44:17,134.00,134.00,134.00,134.00,134.00,134.00,134.00,134.00,134.00,134.00,134.00,159.00,134.00,134.00,134.00,134.00,134.00,134.00,134.00,134.00,134.00,134.00,134.00,134.00,134.00,134.00,134.00,134.00,134.00
2026-08-19 08:54:19,134.00,134.00,134.00,134.00,134.00,134.00,134.00,134.00,134.00,134.00,134.00,159.00,134.00,134.00,134.00,134.00,134.00,134.00,134.00,134.00,134.00,134.00,134.00,134.00,134.00,134.00,134.00,134.00,134.00
2026-08-19 09:04:27,134.00,134.00,134.00,134.00,134.00,134.00,134.00,134.00,134.00,134.00,134.00,159.00,134.00,134.00,134.00,134.00,134.00,134.00,134.00,134.00,134.00,134.00,134.00,134.00,134.00,134.00,134.00,134.00,134.00
2026-08-19 09:14:14,134.00,134.00,134.00,134.00,134.00,134.00,134.00,134.00,134.00,134.00,134.00,159.00,134.00,134.00,134.00,134.00,134.00,134.00,134.00,134.00,134.00,134.00,134.00,134.00,134.00,134.00,134.00,134.00,134.00
2026-08-19 09:24:18,134.00,134.00,134.00,134.00,134.00,134.00,134.00,134.00,134.00,134.00,134.00,159.00,134.00,134.00,134.00,134.00,134.00,134.00,134.00,134.00,134.00,134.00,134.00,134.00,134.00,134.00,134.00,134.00,134.00
2026-08-19 09:34:20,134.00,134.00,134.00,134.00,134.00,134.00,134.00,134.00,134.00,134.00,134.00,159.00,134.00,134.00,134.00,134.00,134.00,134.00,134.00,134.00,134.00,134.00,134.00,134.00,134.00,134.00,134.00,134.00,134.00
2026-08-19 09:44:14,134.00,134.00,134.00,134.00,134.00,134.00,134.00,134.00,134.00,134.00,134.00,159.00,134.00,134.00,134.00,134.00,134.00,134.00,134.00,134.00,134.00,134.00,134.00,134.00,134.00,134.00,134.00,134.00,134.00
2026-08-19 09:54:15,134.00,134.00,134.00,134.00,134.00,134.00,134.00,134.00,134.00,134.00,134.00,159.00,134.00,134.00,134.00,134.00,134.00,134.00,134.00,134.00,134.00,134.00,134.00,134.00,134.00,134.00,134.00,134.00,134.00
2026-08-19 10:04:22,134.00,134.00,134.00,134.00,134.00,134.00,134.00,134.00,134.00,134.00,134.00,159.00,134.00,134.00,134.00,134.00,134.00,134.00,134.00,134.00,134.00,134.00,134.00,134.00,134.00,134.00,134.00,134.00,134.00
2026-08-19 10:14:16,134.00,134.00,134.00,134.00,134.00,134.00,134.00,134.00,134.00,134.00,134.00,159.00,134.00,134.00,134.00,134.00,134.00,134.00,134.00,134.00,134.00,134.00,134.00,134.00,134.00,134.00,134.00,134.00,134.00
2026-08-19 10:24:10,134.00,134.00,134.00,134.00,134.00,134.00,134.00,134.00,134.00,134.00,134.00,159.00,134.00,134.00,134.00,134.00,134.00,134.00,134.00,134.00,134.00,134.00,134.00,134.00,134.00,134.00,134.00,134.00,134.00
2026-08-19 10:34:13,134.00,134.00,134.00,134.00,134.00,134.00,134.00,134.00,134.00,134.00,134.00,159.00,134.00,134.00,134.00,134.00,134.00,134.00,134.00,134.00,134.00,134.00,134.00,134.00,134.00,134.00,134.00,134.00,134.00
2026-08-19 10:44:17,134.00,134.00,134.00,134.00,134.00,134.00,134.00,134.00,134.00,134.00,134.00,159.00,134.00,134.00,134.00,134.00,134.00,134.00,134.00,134.00,134.00,134.00,134.00,134.00,134.00,134.00,134.00,134.00,134.00
2026-08-19 10:54:10,134.00,134.00,134.00,134.00,134.00,134.00,134.00,134.00,134.00,134.00,134.00,159.00,134.00,134.00,134.00,134.00,134.00,134.00,134.00,134.00,134.00,134.00,134.00,134.00,134.00,134.00,134.00,134.00,134.00
2026-08-19 11:04:20,134.00,134.00,134.00,134.00,134.00,134.00,134.00,134.00,134.00,134.00,134.00,159.00,134.00,134.00,134.00,134.00,134.00,134.00,134.00,134.00,134.00,134.00,134.00,134.00,134.00,134.00,134.00,134.00,134.00
2026-08-19 11:14:14,134.00,134.00,134.00,134.00,134.00,134.00,134.00,134.00,134.00,134.00,134.00,159.00,134.00,134.00,134.00,134.00,134.00,134.00,134.00,134.00,134.00,134.00,134.00,134.00,134.00,134.00,134.00,134.00,134.00
2026-08-19 11:24:26,134.00,134.00,134.00,134.00,134.00,134.00,134.00,134.00,134.00,134.00,134.00,159.00,134.00,134.00,134.00,134.00,134.00,134.00,134.00,134.00,134.00,134.00,134.00,134.00,134.00,134.00,134.00,134.00,134.00
2026-08-19 11:34:13,134.00,134.00,134.00,134.00,134.00,134.00,134.00,134.00,134.00,134.00,134.00,159.00,134.00,134.00,134.00,134.00,134.00,134.00,134.00,134.00,134.00,134.00,134.00,134.00,134.00,134.00,134.00,134.00,134.00
2026-08-19 11:44:09,134.00,134.00,134.00,134.00,134.00,134.00,134.00,134.00,134.00,134.00,134.00,159.00,134.00,134.00,134.00,134.00,134.00,134.00,134.00,134.00,134.00,134.00,134.00,134.00,134.00,134.00,134.00,134.00,134.00
2026-08-19 11:54:28,134.00,134.00,134.00,134.00,134.00,134.00,134.00,134.00,134.00,134.00,134.00,159.00,134.00,134.00,134.00,134.00,134.00,134.00,134.00,134.00,134.00,134.00,134.00,134.00,134.00,134.00,134.00,134.00,134.00
2026-08-19 12:04:17,134.00,134.00,134.00,134.00,134.00,134.00,134.00,134.00,134.00,134.00,134.00,159.00,134.00,134.00,134.00,134.00,134.00,134.00,134.00,134.00,134.00,134.00,134.00,134.00,134.00,134.00,134.00,134.00,134.00
2026-08-19 12:14:18,134.00,134.00,134.00,134.00,134.00,134.00,134.00,134.00,134.00,134.00,134.00,159.00,134.00,134.00,134.00,134.00,134.00,134.00,134.00,134.00,134.00,134.00,134.00,134.00,134.00,134.00,134.00,134.00,134.00
2026-08-19 12:24:32,134.00,134.00,134.00,134.00,134.00,134.00,134.00,134.00,134.00,134.00,134.00,159.00,134.00,134.00,134.00,134.00,134.00,134.00,134.00,134.00,134.00,134.00,134.00,134.00,134.00,134.00,134.00,134.00,134.00
2026-08-19 12:34:37,134.00,134.00,134.00,134.00,134.00,134.00,134.00,134.00,134.00,134.00,134.00,159.00,134.00,134.00,134.00,134.00,134.00,134.00,134.00,134.00,134.00,134.00,134.00,134.00,134.00,134.00,134.00,134.00,134.00
2026-08-19 12:44:27,134.00,134.00,134.00,134.00,134.00,134.00,134.00,134.00,134.00,134.00,134.00,159.00,134.00,134.00,134.00,134.00,134.00,134.00,134.00,134.00,134.00,134.00,134.00,134.00,134.00,134.00,134.00,134.00,134.00
2026-08-19 12:54:11,134.00,134.00,134.00,134.00,134.00,134.00,134.00,134.00,134.00,134.00,134.00,159.00,134.00,134.00,134.00,134.00,134.00,134.00,134.00,134.00,134.00,134.00,134.00,134.00,134.00,134.00,134.00,134.00,134.00
2026-08-19 13:04:22,134.00,134.00,134.00,134.00,134.00,134.00,134.00,134.00,134.00,134.00,134.00,159.00,134.00,134.00,134.00,134.00,134.00,134.00,134.00,134.00,134.00,134.00,134.00,134.00,134.00,134.00,134.00,134.00,134.00
2026-08-19 13:14:24,134.00,134.00,134.00,134.00,134.00,134.00,134.00,134.00,134.00,134.00,134.00,159.00,134.00,134.00,134.00,134.00,134.00,134.00,134.00,134.00,134.00,134.00,134.00,134.00,134.00,134.00,134.00,134.00,134.00
2026-08-19 13:24:23,134.00,134.00,134.00,134.00,134.00,134.00,134.00,134.00,134.00,134.00,134.00,159.00,134.00,134.00,134.00,134.00,134.00,134.00,134.00,134.00,134.00,134.00,134.00,134.00,134.00,134.00,134.00,134.00,134.00
2026-08-19 13:34:29,134.00,134.00,134.00,134.00,134.00,134.00,134.00,134.00,134.00,134.00,134.00,159.00,134.00,134.00,134.00,134.00,134.00,134.00,134.00,134.00,134.00,134.00,134.00,134.00,134.00,134.00,134.00,134.00,134.00
2026-08-19 13:44:27,134.00,134.00,134.00,134.00,134.00,134.00,134.00,134.00,134.00,134.00,134.00,159.00,134.00,134.00,134.00,134.00,134.00,134.00,134.00,134.00,134.00,134.00,134.00,134.00,134.00,134.00,134.00,134.00,134.00
2026-08-19 13:54:24,134.00,134.00,134.00,134.00,134.00,134.00,134.00,134.00,134.00,134.00,134.00,159.00,134.00,134.00,134.00,134.00,134.00,134.00,134.00,134.00,134.00,134.00,134.00,134.00,134.00,134.00,134.00,134.00,134.00
2026-08-19 14:04:34,134.00,134.00,134.00,134.00,134.00,134.00,134.00,134.00,134.00,134.00,134.00,159.00,134.00,134.00,134.00,134.00,134.00,134.00,134.00,134.00,134.00,134.00,134.00,134.00,134.00,134.00,134.00,134.00,134.00
2026-08-19 14:14:25,134.00,134.00,134.00,134.00,134.00,134.00,134.00,134.00,134.00,134.00,134.00,159.00,134.00,134.00,134.00,134.00,134.00,134.00,134.00,134.00,134.00,134.00,134.00,134.00,134.00,134.00,134.00,134.00,134.00
2026-08-19 14:24:30,134.00,134.00,134.00,134.00,134.00,134.00,134.00,134.00,134.00,134.00,134.00,159.00,134.00,134.00,134.00,134.00,134.00,134.00,134.00,134.00,134.00,134.00,134.00,134.00,134.00,134.00,134.00,134.00,134.00
2026-08-19 14:34:23,134.00,134.00,134.00,134.00,134.00,134.00,134.00,134.00,134.00,134.00,134.00,204.00,134.00,134.00,134.00,134.00,134.00,134.00,134.00,134.00,134.00,134.00,134.00,134.00,134.00,134.00,134.00,134.00,134.00
2026-08-19 14:44:27,134.00,134.00,134.00,134.00,134.00,134.00,134.00,134.00,134.00,134.00,134.00,159.00,134.00,134.00,134.00,134.00,134.00,134.00,134.00,134.00,134.00,134.00,134.00,134.00,134.00,134.00,134.00,134.00,134.00
2026-08-19 14:54:17,134.00,134.00,134.00,134.00,134.00,134.00,134.00,134.00,134.00,134.00,134.00,204.00,134.00,134.00,134.00,134.00,134.00,134.00,134.00,134.00,134.00,134.00,134.00,134.00,134.00,134.00,134.00,134.00,134.00
2026-08-19 15:04:35,134.00,134.00,134.00,134.00,134.00,134.00,134.00,134.00,134.00,134.00,134.00,204.00,134.00,134.00,134.00,134.00,134.00,134.00,134.00,134.00,134.00,134.00,134.00,134.00,134.00,134.00,134.00,134.00,134.00
2026-08-19 15:14:27,134.00,134.00,134.00,134.00,134.00,134.00,134.00,134.00,134.00,134.00,134.00,204.00,134.00,134.00,134.00,134.00,134.00,134.00,134.00,134.00,134.00,134.00,134.00,134.00,134.00,134.00,134.00,134.00,134.00
2026-08-19 15:24:23,134.00,134.00,134.00,134.00,134.00,134.00,134.00,134.00,134.00,134.00,134.00,204.00,134.00,134.00,134.00,134.00,134.00,134.00,134.00,134.00,134.00,134.00,134.00,134.00,134.00,134.00,134.00,134.00,134.00
2026-08-19 15:34:56,134.00,134.00,134.00,134.00,134.00,134.00,134.00,134.00,134.00,134.00,134.00,204.00,134.00,134.00,134.00,134.00,134.00,134.00,134.00,134.00,134.00,134.00,134.00,134.00,134.00,134.00,134.00,134.00,134.00
2026-08-19 15:44:42,134.00,134.00,134.00,134.00,134.00,134.00,134.00,134.00,134.00,134.00,134.00,204.00,134.00,134.00,134.00,134.00,134.00,134.00,134.00,134.00,134.00,134.00,134.00,134.00,134.00,134.00,134.00,134.00,134.00
2026-08-19 15:54:30,134.00,134.00,134.00,134.00,134.00,134.00,134.00,134.00,134.00,134.00,134.00,204.00,134.00,134.00,134.00,134.00,134.00,134.00,134.00,134.00,134.00,134.00,134.00,134.00,134.00,134.00,134.00,134.00,134.00
2026-08-19 16:04:35,134.00,134.00,134.00,134.00,134.00,134.00,134.00,134.00,134.00,134.00,134.00,204.00,134.00,134.00,134.00,134.00,134.00,134.00,134.00,134.00,134.00,134.00,134.00,134.00,134.00,134.00,134.00,134.00,134.00
2026-08-19 16:14:26,134.00,134.00,134.00,134.00,134.00,134.00,134.00,134.00,134.00,134.00,134.00,204.00,134.00,134.00,134.00,134.00,134.00,134.00,134.00,134.00,134.00,134.00,134.00,134.00,134.00,134.00,134.00,134.00,134.00
2026-08-19 16:24:30,134.00,134.00,134.00,134.00,134.00,134.00,134.00,134.00,134.00,134.00,134.00,204.00,134.00,134.00,134.00,134.00,134.00,134.00,134.00,134.00,134.00,134.00,134.00,134.00,134.00,134.00,134.00,134.00,134.00
2026-08-19 16:34:32,134.00,134.00,134.00,134.00,134.00,134.00,134.00,134.00,134.00,134.00,134.00,204.00,134.00,134.00,134.00,134.00,134.00,134.00,134.00,134.00,134.00,134.00,134.00,134.00,134.00,134.00,134.00,134.00,134.00
2026-08-19 16:44:28,134.00,134.00,134.00,134.00,134.00,134.00,134.00,134.00,134.00,134.00,134.00,204.00,134.00,134.00,134.00,134.00,134.00,134.00,134.00,134.00,134.00,134.00,134.00,134.00,134.00,134.00,134.00,134.00,134.00
2026-08-19 16:54:51,134.00,134.00,134.00,134.00,134.00,134.00,134.00,134.00,134.00,134.00,134.00,204.00,134.00,134.00,134.00,134.00,134.00,134.00,134.00,134.00,134.00,134.00,134.00,134.00,134.00,134.00,134.00,134.00,134.00
2026-08-19 17:04:37,134.00,134.00,134.00,134.00,134.00,134.00,134.00,134.00,134.00,134.00,134.00,204.00,134.00,134.00,134.00,134.00,134.00,134.00,134.00,134.00,134.00,134.00,134.00,134.00,134.00,134.00,134.00,134.00,134.00
2026-08-19 17:14:24,134.00,134.00,134.00,134.00,134.00,134.00,134.00,134.00,134.00,134.00,134.00,204.00,134.00,134.00,134.00,134.00,134.00,134.00,134.00,134.00,134.00,134.00,134.00,134.00,134.00,134.00,134.00,134.00,134.00
2026-08-19 17:24:29,134.00,134.00,134.00,134.00,134.00,134.00,134.00,134.00,134.00,134.00,134.00,194.00,134.00,134.00,134.00,134.00,134.00,134.00,134.00,134.00,134.00,134.00,134.00,134.00,134.00,134.00,134.00,134.00,134.00
2026-08-19 17:34:35,134.00,134.00,134.00,134.00,134.00,134.00,134.00,134.00,134.00,134.00,124.00,194.00,124.00,124.00,124.00,124.00,124.00,124.00,124.00,124.00,124.00,124.00,124.00,124.00,124.00,124.00,124.00,124.00,124.00
2026-08-19 17:44:30,134.00,134.00,134.00,134.00,134.00,134.00,134.00,134.00,134.00,134.00,124.00,194.00,124.00,124.00,124.00,124.00,124.00,124.00,124.00,124.00,124.00,124.00,124.00,124.00,124.00,124.00,124.00,124.00,124.00
2026-08-19 17:54:25,134.00,134.00,134.00,134.00,134.00,134.00,134.00,134.00,134.00,134.00,124.00,194.00,124.00,124.00,124.00,124.00,124.00,124.00,124.00,124.00,124.00,124.00,124.00,124.00,124.00,124.00,124.00,124.00,124.00
2026-08-19 18:04:31,134.00,134.00,134.00,134.00,134.00,134.00,134.00,134.00,134.00,134.00,124.00,194.00,124.00,124.00,124.00,124.00,124.00,124.00,124.00,124.00,124.00,124.00,124.00,124.00,124.00,124.00,124.00,124.00,124.00
2026-08-19 18:14:29,134.00,134.00,134.00,134.00,134.00,134.00,134.00,134.00,134.00,134.00,124.00,194.00,124.00,124.00,124.00,124.00,124.00,124.00,124.00,124.00,124.00,124.00,124.00,124.00,124.00,124.00,124.00,124.00,124.00
2026-08-19 18:24:32,134.00,134.00,134.00,134.00,134.00,134.00,134.00,134.00,134.00,134.00,124.00,194.00,124.00,124.00,124.00,124.00,124.00,124.00,124.00,124.00,124.00,124.00,124.00,124.00,124.00,124.00,124.00,124.00,124.00
2026-08-19 18:34:31,134.00,134.00,134.00,134.00,134.00,134.00,134.00,134.00,134.00,134.00,124.00,194.00,124.00,124.00,124.00,124.00,124.00,124.00,124.00,124.00,124.00,124.00,124.00,124.00,124.00,124.00,124.00,124.00,124.00
2026-08-19 18:44:30,134.00,134.00,134.00,134.00,134.00,134.00,134.00,134.00,134.00,134.00,124.00,124.00,124.00,124.00,124.00,124.00,124.00,124.00,124.00,124.00,124.00,124.00,124.00,124.00,124.00,124.00,124.00,124.00,124.00
2026-08-19 18:54:25,134.00,134.00,134.00,134.00,134.00,134.00,134.00,134.00,134.00,134.00,124.00,124.00,124.00,124.00,124.00,124.00,124.00,124.00,124.00,124.00,124.00,124.00,124.00,124.00,124.00,124.00,124.00,124.00,124.00
2026-08-19 19:04:30,134.00,134.00,134.00,134.00,134.00,134.00,134.00,134.00,134.00,134.00,124.00,124.00,124.00,124.00,124.00,124.00,124.00,124.00,124.00,124.00,124.00,124.00,124.00,124.00,124.00,124.00,124.00,124.00,124.00
2026-08-19 19:14:28,134.00,134.00,134.00,134.00,134.00,134.00,134.00,134.00,134.00,134.00,124.00,124.00,124.00,124.00,124.00,124.00,124.00,124.00,124.00,124.00,124.00,124.00,124.00,124.00,124.00,124.00,124.00,124.00,124.00
2026-08-19 19:24:31,134.00,134.00,134.00,134.00,134.00,134.00,134.00,134.00,134.00,134.00,124.00,124.00,124.00,124.00,124.00,124.00,124.00,124.00,124.00,124.00,124.00,124.00,124.00,124.00,124.00,124.00,124.00,124.00,124.00
2026-08-19 19:34:42,134.00,134.00,134.00,134.00,134.00,134.00,134.00,134.00,134.00,134.00,124.00,124.00,124.00,124.00,124.00,124.00,124.00,124.00,124.00,124.00,124.00,124.00,124.00,124.00,124.00,124.00,124.00,124.00,124.00
2026-08-19 19:44:22,134.00,134.00,134.00,134.00,134.00,134.00,134.00,134.00,134.00,134.00,124.00,124.00,124.00,124.00,124.00,124.00,124.00,124.00,124.00,124.00,124.00,124.00,124.00,124.00,124.00,124.00,124.00,124.00,124.00
2026-08-19 19:54:25,134.00,134.00,134.00,134.00,134.00,134.00,134.00,134.00,134.00,134.00,124.00,124.00,124.00,124.00,124.00,124.00,124.00,124.00,124.00,124.00,124.00,124.00,124.00,124.00,124.00,124.00,124.00,124.00,124.00
2026-08-19 20:04:33,134.00,134.00,134.00,134.00,134.00,134.00,134.00,134.00,134.00,134.00,124.00,124.00,124.00,124.00,124.00,124.00,124.00,124.00,124.00,124.00,124.00,124.00,124.00,124.00,124.00,124.00,124.00,124.00,124.00
2026-08-19 20:14:39,134.00,134.00,134.00,134.00,134.00,134.00,134.00,134.00,134.00,134.00,124.00,124.00,124.00,124.00,124.00,124.00,124.00,124.00,124.00,124.00,124.00,124.00,124.00,124.00,124.00,124.00,124.00,124.00,124.00
2026-08-19 20:24:26,134.00,134.00,134.00,134.00,134.00,134.00,134.00,134.00,134.00,134.00,124.00,124.00,124.00,124.00,124.00,124.00,124.00,124.00,124.00,124.00,124.00,124.00,124.00,124.00,124.00,124.00,124.00,124.00,124.00
2026-08-19 20:34:40,134.00,134.00,134.00,134.00,134.00,134.00,134.00,134.00,134.00,134.00,124.00,124.00,124.00,124.00,124.00,124.00,124.00,124.00,124.00,124.00,124.00,124.00,124.00,124.00,124.00,124.00,124.00,124.00,124.00
2026-08-19 20:44:39,134.00,134.00,134.00,134.00,134.00,134.00,134.00,134.00,134.00,134.00,124.00,124.00,124.00,124.00,124.00,124.00,124.00,124.00,124.00,124.00,124.00,124.00,124.00,124.00,124.00,124.00,124.00,124.00,124.00
2026-08-19 20:54:41,134.00,134.00,134.00,134.00,134.00,134.00,134.00,134.00,134.00,134.00,124.00,124.00,124.00,124.00,124.00,124.00,124.00,124.00,124.00,124.00,124.00,124.00,124.00,124.00,124.00,124.00,124.00,124.00,124.00
2026-08-19 21:04:43,134.00,134.00,134.00,134.00,134.00,134.00,134.00,134.00,134.00,134.00,124.00,124.00,124.00,124.00,124.00,124.00,124.00,124.00,124.00,124.00,124.00,124.00,124.00,124.00,124.00,124.00,124.00,124.00,124.00
2026-08-19 21:14:23,134.00,134.00,134.00,134.00,134.00,134.00,134.00,134.00,134.00,134.00,124.00,124.00,124.00,124.00,124.00,124.00,124.00,124.00,124.00,124.00,124.00,124.00,124.00,124.00,124.00,124.00,124.00,124.00,124.00
2026-08-19 21:24:21,134.00,134.00,134.00,134.00,134.00,134.00,134.00,134.00,134.00,134.00,124.00,124.00,124.00,124.00,124.00,124.00,124.00,124.00,124.00,124.00,124.00,124.00,124.00,124.00,124.00,124.00,124.00,124.00,124.00
2026-08-19 21:34:35,134.00,134.00,134.00,134.00,134.00,134.00,134.00,134.00,134.00,134.00,124.00,124.00,124.00,124.00,124.00,124.00,124.00,124.00,124.00,124.00,124.00,124.00,124.00,124.00,124.00,124.00,124.00,124.00,124.00
2026-08-19 21:44:37,134.00,134.00,134.00,134.00,134.00,134.00,134.00,134.00,134.00,134.00,124.00,124.00,124.00,124.00,124.00,124.00,124.00,124.00,124.00,124.00,124.00,124.00,124.00,124.00,124.00,124.00,124.00,124.00,124.00
2026-08-19 21:54:27,134.00,134.00,134.00,134.00,134.00,134.00,134.00,134.00,134.00,134.00,124.00,124.00,124.00,124.00,124.00,124.00,124.00,124.00,124.00,124.00,124.00,124.00,124.00,124.00,124.00,124.00,124.00,124.00,124.00
2026-08-19 22:04:45,134.00,134.00,134.00,134.00,134.00,134.00,134.00,134.00,134.00,134.00,124.00,124.00,124.00,124.00,124.00,124.00,124.00,124.00,124.00,124.00,124.00,124.00,124.00,124.00,124.00,124.00,124.00,124.00,124.00
2026-08-19 22:14:25,134.00,134.00,134.00,134.00,134.00,134.00,134.00,134.00,134.00,134.00,124.00,124.00,124.00,124.00,124.00,124.00,124.00,124.00,124.00,124.00,124.00,124.00,124.00,124.00,124.00,124.00,124.00,124.00,124.00
2026-08-19 22:24:29,134.00,134.00,134.00,134.00,134.00,134.00,134.00,134.00,134.00,134.00,124.00,124.00,124.00,124.00,124.00,124.00,124.00,124.00,124.00,124.00,124.00,124.00,124.00,124.00,124.00,124.00,124.00,124.00,124.00
2026-08-19 22:34:40,134.00,134.00,134.00,134.00,134.00,134.00,134.00,134.00,134.00,134.00,124.00,124.00,124.00,124.00,124.00,124.00,124.00,124.00,124.00,124.00,124.00,124.00,124.00,124.00,124.00,124.00,124.00,124.00,124.00
2026-08-19 22:44:25,134.00,134.00,134.00,134.00,134.00,134.00,134.00,134.00,134.00,134.00,124.00,124.00,124.00,124.00,124.00,124.00,124.00,124.00,124.00,124.00,124.00,124.00,124.00,124.00,124.00,124.00,124.00,124.00,124.00
2026-08-19 22:54:27,134.00,134.00,134.00,134.00,134.00,134.00,134.00,134.00,134.00,134.00,124.00,124.00,124.00,124.00,124.00,124.00,124.00,124.00,124.00,124.00,124.00,124.00,124.00,124.00,124.00,124.00,124.00,124.00,124.00
2026-08-19 23:04:30,134.00,134.00,134.00,134.00,134.00,134.00,134.00,134.00,134.00,134.00,124.00,124.00,124.00,124.00,124.00,124.00,124.00,124.00,124.00,124.00,124.00,124.00,124.00,124.00,124.00,124.00,124.00,124.00,124.00
2026-08-19 23:14:43,134.00,134.00,134.00,134.00,134.00,134.00,134.00,134.00,134.00,134.00,124.00,124.00,124.00,124.00,124.00,124.00,124.00,124.00,124.00,124.00,124.00,124.00,124.00,124.00,124.00,124.00,124.00,124.00,124.00
2026-08-19 23:24:21,134.00,134.00,134.00,134.00,134.00,134.00,134.00,134.00,134.00,134.00,124.00,124.00,124.00,124.00,124.00,124.00,124.00,124.00,124.00,124.00,124.00,124.00,124.00,124.00,124.00,124.00,124.00,124.00,124.00
2026-08-19 23:34:37,134.00,134.00,134.00,134.00,134.00,134.00,134.00,134.00,134.00,134.00,124.00,124.00,124.00,124.00,124.00,124.00,124.00,124.00,124.00,124.00,124.00,124.00,124.00,124.00,124.00,124.00,124.00,124.00,124.00
2026-08-19 23:44:23,134.00,134.00,134.00,134.00,134.00,134.00,134.00,134.00,134.00,134.00,124.00,124.00,124.00,124.00,124.00,124.00,124.00,124.00,124.00,124.00,124.00,124.00,124.00,124.00,124.00,124.00,124.00,124.00,124.00
2026-08-19 23:54:29,134.00,134.00,134.00,134.00,134.00,134.00,134.00,134.00,134.00,134.00,124.00,124.00,124.00,124.00,124.00,124.00,124.00,124.00,124.00,124.00,124.00,124.00,124.00,124.00,124.00,124.00,124.00,124.00,124.00
2026-08-20 00:04:56,134.00,134.00,134.00,134.00,134.00,134.00,134.00,134.00,134.00,134.00,124.00,124.00,124.00,124.00,124.00,124.00,124.00,124.00,124.00,124.00,124.00,124.00,124.00,124.00,124.00,124.00,124.00,124.00,124.00
2026-08-20 00:14:27,134.00,134.00,134.00,134.00,134.00,134.00,134.00,134.00,134.00,134.00,124.00,124.00,124.00,124.00,124.00,124.00,124.00,124.00,124.00,124.00,124.00,124.00,124.00,124.00,124.00,124.00,124.00,124.00,124.00
2026-08-20 00:24:41,134.00,134.00,134.00,134.00,134.00,134.00,134.00,134.00,134.00,134.00,124.00,124.00,124.00,124.00,124.00,124.00,124.00,124.00,124.00,124.00,124.00,124.00,124.00,124.00,124.00,124.00,124.00,124.00,124.00
2026-08-20 00:34:30,134.00,134.00,134.00,134.00,134.00,134.00,134.00,134.00,134.00,134.00,124.00,124.00,124.00,124.00,124.00,124.00,124.00,124.00,124.00,124.00,124.00,124.00,124.00,124.00,124.00,124.00,124.00,124.00,124.00
2026-08-20 00:44:27,134.00,134.00,134.00,134.00,134.00,134.00,134.00,134.00,134.00,134.00,124.00,124.00,124.00,124.00,124.00,124.00,124.00,124.00,124.00,124.00,124.00,124.00,124.00,124.00,124.00,124.00,124.00,124.00,124.00
2026-08-20 00:54:31,134.00,134.00,134.00,134.00,134.00,134.00,134.00,134.00,134.00,134.00,124.00,124.00,124.00,124.00,124.00,124.00,124.00,124.00,124.00,124.00,124.00,124.00,124.00,124.00,124.00,124.00,124.00,124.00,124.00
2026-08-20 01:04:47,134.00,134.00,134.00,134.00,134.00,134.00,134.00,134.00,134.00,134.00,124.00,124.00,124.00,124.00,124.00,124.00,124.00,124.00,124.00,124.00,124.00,124.00,124.00,124.00,124.00,124.00,124.00,124.00,124.00
2026-08-20 01:14:49,134.00,134.00,134.00,134.00,134.00,134.00,134.00,134.00,134.00,134.00,124.00,124.00,124.00,124.00,124.00,124.00,124.00,124.00,124.00,124.00,124.00,124.00,124.00,124.00,124.00,124.00,124.00,124.00,124.00
2026-08-20 01:24:36,134.00,134.00,134.00,134.00,134.00,134.00,134.00,134.00,134.00,134.00,124.00,124.00,124.00,124.00,124.00,124.00,124.00,124.00,124.00,124.00,124.00,124.00,124.00,124.00,124.00,124.00,124.00,124.00,124.00
2026-08-20 01:34:26,134.00,134.00,134.00,134.00,134.00,134.00,134.00,134.00,134.00,134.00,124.00,124.00,124.00,124.00,124.00,124.00,124.00,124.00,124.00,124.00,124.00,124.00,124.00,124.00,124.00,124.00,124.00,124.00,124.00
2026-08-20 01:44:26,134.00,134.00,134.00,134.00,134.00,134.00,134.00,134.00,134.00,134.00,124.00,124.00,124.00,124.00,124.00,124.00,124.00,124.00,124.00,124.00,124.00,124.00,124.00,124.00,124.00,124.00,124.00,124.00,124.00
2026-08-20 01:54:48,,134.00,,,134.00,134.00,134.00,,,134.00,124.00,,,124.00,124.00,124.00,124.00,124.00,,,124.00,124.00,124.00,,,,124.00,,124.00
2026-08-20 02:04:53,134.00,134.00,134.00,134.00,134.00,134.00,134.00,134.00,134.00,134.00,124.00,124.00,124.00,124.00,124.00,124.00,124.00,124.00,124.00,124.00,124.00,124.00,124.00,124.00,124.00,124.00,124.00,124.00,124.00
2026-08-20 02:14:49,134.00,134.00,134.00,134.00,134.00,134.00,134.00,134.00,134.00,134.00,124.00,124.00,124.00,124.00,124.00,124.00,124.00,124.00,124.00,124.00,124.00,124.00,124.00,124.00,124.00,124.00,124.00,124.00,124.00
2026-08-20 02:24:39,134.00,,134.00,134.00,,,,134.00,134.00,,,124.00,124.00,,,124.00,279.00,,124.00,124.00,,,,124.00,124.00,124.00,,124.00,
2026-08-20 02:34:43,134.00,134.00,134.00,134.00,134.00,134.00,134.00,134.00,134.00,134.00,124.00,124.00,124.00,124.00,124.00,124.00,124.00,124.00,124.00,124.00,124.00,124.00,124.00,124.00,124.00,124.00,124.00,124.00,124.00
2026-08-20 02:44:39,134.00,134.00,134.00,134.00,134.00,134.00,134.00,134.00,134.00,134.00,124.00,124.00,124.00,124.00,124.00,124.00,124.00,124.00,124.00,124.00,124.00,124.00,124.00,124.00,124.00,124.00,124.00,124.00,124.00
2026-08-20 02:54:29,134.00,134.00,134.00,134.00,134.00,134.00,134.00,134.00,134.00,134.00,124.00,124.00,124.00,124.00,124.00,124.00,124.00,124.00,124.00,124.00,124.00,124.00,124.00,124.00,124.00,124.00,124.00,124.00,124.00
2026-08-20 03:04:38,134.00,134.00,134.00,134.00,134.00,134.00,134.00,134.00,134.00,134.00,124.00,124.00,124.00,124.00,124.00,124.00,124.00,124.00,124.00,124.00,124.00,124.00,124.00,124.00,124.00,124.00,124.00,124.00,124.00
2026-08-20 03:14:33,134.00,134.00,134.00,134.00,134.00,134.00,134.00,134.00,134.00,134.00,124.00,124.00,124.00,124.00,124.00,124.00,124.00,124.00,124.00,124.00,124.00,124.00,124.00,124.00,124.00,124.00,124.00,124.00,124.00
2026-08-20 03:24:26,134.00,134.00,134.00,134.00,134.00,134.00,134.00,134.00,134.00,134.00,124.00,124.00,124.00,124.00,124.00,124.00,124.00,124.00,124.00,124.00,124.00,124.00,124.00,124.00,124.00,124.00,124.00,124.00,124.00
2026-08-20 03:34:42,134.00,134.00,134.00,134.00,134.00,134.00,134.00,134.00,134.00,134.00,124.00,124.00,124.00,124.00,124.00,124.00,124.00,124.00,124.00,124.00,124.00,124.00,124.00,124.00,124.00,124.00,124.00,124.00,124.00
2026-08-20 03:44:35,134.00,134.00,134.00,134.00,134.00,134.00,134.00,134.00,134.00,134.00,124.00,124.00,124.00,124.00,124.00,124.00,124.00,124.00,124.00,124.00,124.00,124.00,124.00,124.00,124.00,124.00,124.00,124.00,124.00
2026-08-20 03:54:29,134.00,134.00,134.00,134.00,134.00,134.00,134.00,134.00,134.00,134.00,124.00,124.00,124.00,124.00,124.00,124.00,124.00,124.00,124.00,124.00,124.00,124.00,124.00,124.00,124.00,124.00,124.00,124.00,124.00
2026-08-20 04:04:46,134.00,134.00,134.00,134.00,134.00,134.00,134.00,134.00,134.00,134.00,124.00,124.00,124.00,124.00,124.00,124.00,124.00,124.00,124.00,124.00,124.00,124.00,124.00,124.00,124.00,124.00,124.00,124.00,124.00
2026-08-20 04:14:32,134.00,134.00,134.00,134.00,134.00,134.00,134.00,134.00,134.00,134.00,124.00,124.00,124.00,124.00,124.00,124.00,124.00,124.00,124.00,124.00,124.00,124.00,124.00,124.00,124.00,124.00,124.00,124.00,124.00
2026-08-20 04:24:39,134.00,134.00,134.00,134.00,134.00,134.00,134.00,134.00,134.00,134.00,124.00,124.00,124.00,124.00,124.00,124.00,124.00,124.00,124.00,124.00,124.00,124.00,124.00,124.00,124.00,124.00,124.00,124.00,124.00
2026-08-20 04:34:29,134.00,134.00,134.00,134.00,134.00,134.00,134.00,134.00,134.00,134.00,124.00,124.00,124.00,124.00,124.00,124.00,124.00,124.00,124.00,124.00,124.00,124.00,124.00,124.00,124.00,124.00,124.00,124.00,124.00
2026-08-20 04:44:30,134.00,134.00,134.00,134.00,134.00,134.00,134.00,134.00,134.00,134.00,124.00,124.00,124.00,124.00,124.00,124.00,124.00,124.00,124.00,124.00,124.00,124.00,124.00,124.00,124.00,124.00,124.00,124.00,124.00
2026-08-20 04:54:27,134.00,134.00,134.00,134.00,134.00,134.00,134.00,134.00,134.00,134.00,124.00,124.00,124.00,124.00,124.00,124.00,124.00,124.00,124.00,124.00,124.00,124.00,124.00,124.00,124.00,124.00,124.00,124.00,124.00
2026-08-20 05:04:31,134.00,134.00,134.00,134.00,134.00,134.00,134.00,134.00,134.00,134.00,124.00,124.00,124.00,124.00,124.00,124.00,124.00,124.00,124.00,124.00,124.00,124.00,124.00,124.00,124.00,124.00,124.00,124.00,124.00
2026-08-20 05:14:30,134.00,134.00,134.00,134.00,134.00,134.00,134.00,134.00,134.00,134.00,124.00,124.00,124.00,124.00,124.00,124.00,124.00,124.00,124.00,124.00,124.00,124.00,124.00,124.00,124.00,124.00,124.00,124.00,124.00
2026-08-20 05:24:33,134.00,134.00,134.00,134.00,134.00,134.00,134.00,134.00,134.00,134.00,124.00,124.00,124.00,124.00,124.00,124.00,124.00,124.00,124.00,124.00,124.00,124.00,124.00,124.00,124.00,124.00,124.00,124.00,124.00
2026-08-20 05:34:36,134.00,134.00,134.00,134.00,134.00,134.00,134.00,134.00,134.00,134.00,124.00,124.00,124.00,124.00,124.00,124.00,124.00,124.00,124.00,124.00,124.00,124.00,124.00,124.00,124.00,124.00,124.00,124.00,124.00
2026-08-20 05:44:31,134.00,134.00,134.00,134.00,134.00,134.00,134.00,134.00,134.00,134.00,124.00,124.00,124.00,124.00,124.00,124.00,124.00,124.00,124.00,124.00,124.00,124.00,124.00,124.00,124.00,124.00,124.00,124.00,124.00
2026-08-20 05:54:22,134.00,134.00,134.00,134.00,134.00,134.00,134.00,134.00,134.00,134.00,124.00,124.00,124.00,124.00,124.00,124.00,124.00,124.00,124.00,124.00,124.00,124.00,124.00,124.00,124.00,124.00,124.00,124.00,124.00
2026-08-20 06:04:48,134.00,134.00,134.00,134.00,134.00,134.00,134.00,134.00,134.00,134.00,124.00,124.00,124.00,124.00,124.00,124.00,124.00,124.00,124.00,124.00,124.00,124.00,124.00,124.00,124.00,124.00,124.00,124.00,124.00
2026-08-20 06:14:25,134.00,134.00,134.00,134.00,134.00,134.00,134.00,134.00,134.00,134.00,124.00,124.00,124.00,124.00,124.00,124.00,124.00,124.00,124.00,124.00,124.00,124.00,124.00,124.00,124.00,124.00,124.00,124.00,124.00
2026-08-20 06:24:21,134.00,134.00,134.00,134.00,134.00,134.00,134.00,134.00,134.00,134.00,124.00,124.00,124.00,124.00,124.00,124.00,124.00,124.00,124.00,124.00,124.00,124.00,124.00,124.00,124.00,124.00,124.00,124.00,124.00
2026-08-20 06:34:32,134.00,134.00,134.00,134.00,134.00,134.00,134.00,134.00,134.00,134.00,124.00,124.00,124.00,124.00,124.00,124.00,124.00,124.00,124.00,124.00,124.00,124.00,124.00,124.00,124.00,124.00,124.00,124.00,124.00
2026-08-20 06:44:27,134.00,134.00,134.00,134.00,134.00,134.00,134.00,134.00,134.00,134.00,124.00,124.00,124.00,124.00,124.00,124.00,124.00,124.00,124.00,124.00,124.00,124.00,124.00,124.00,124.00,124.00,124.00,124.00,124.00
2026-08-20 06:54:25,134.00,134.00,134.00,134.00,134.00,134.00,134.00,134.00,134.00,134.00,124.00,124.00,124.00,124.00,124.00,124.00,124.00,124.00,124.00,124.00,124.00,124.00,124.00,124.00,124.00,124.00,124.00,124.00,124.00
2026-08-20 07:04:38,134.00,134.00,134.00,134.00,134.00,134.00,134.00,134.00,134.00,134.00,124.00,124.00,124.00,124.00,124.00,124.00,124.00,124.00,124.00,124.00,124.00,124.00,124.00,124.00,124.00,124.00,124.00,124.00,124.00
2026-08-20 07:14:33,134.00,134.00,134.00,134.00,134.00,134.00,134.00,134.00,134.00,134.00,124.00,124.00,124.00,124.00,124.00,124.00,124.00,124.00,124.00,124.00,124.00,124.00,124.00,124.00,124.00,124.00,124.00,124.00,124.00
2026-08-20 07:24:24,134.00,134.00,134.00,134.00,134.00,134.00,134.00,134.00,134.00,134.00,124.00,124.00,124.00,124.00,124.00,124.00,124.00,124.00,124.00,124.00,124.00,124.00,124.00,124.00,124.00,124.00,124.00,124.00,124.00
2026-08-20 07:34:37,134.00,134.00,134.00,134.00,134.00,134.00,134.00,134.00,134.00,134.00,124.00,124.00,124.00,124.00,124.00,124.00,124.00,124.00,124.00,124.00,124.00,124.00,124.00,124.00,124.00,124.00,124.00,124.00,124.00
2026-08-20 07:44:32,134.00,134.00,134.00,134.00,134.00,134.00,134.00,134.00,134.00,134.00,124.00,124.00,124.00,124.00,124.00,124.00,124.00,124.00,124.00,124.00,124.00,124.00,124.00,124.00,124.00,124.00,124.00,124.00,124.00
2026-08-20 07:54:28,134.00,134.00,134.00,134.00,134.00,134.00,134.00,134.00,134.00,134.00,124.00,124.00,124.00,124.00,124.00,124.00,124.00,124.00,124.00,124.00,124.00,124.00,124.00,124.00,124.00,124.00,124.00,124.00,124.00
2026-08-20 08:04:33,134.00,134.00,134.00,134.00,134.00,134.00,134.00,134.00,134.00,134.00,124.00,124.00,124.00,124.00,124.00,124.00,124.00,124.00,124.00,124.00,124.00,124.00,124.00,124.00,124.00,124.00,124.00,124.00,124.00
2026-08-20 08:14:26,134.00,134.00,134.00,134.00,134.00,134.00,134.00,134.00,134.00,134.00,124.00,124.00,124.00,124.00,124.00,124.00,124.00,124.00,124.00,124.00,124.00,124.00,124.00,124.00,124.00,124.00,124.00,124.00,124.00
2026-08-20 08:24:31,134.00,134.00,134.00,134.00,134.00,134.00,134.00,134.00,134.00,134.00,124.00,124.00,124.00,124.00,124.00,124.00,124.00,124.00,124.00,124.00,124.00,124.00,124.00,124.00,124.00,124.00,124.00,124.00,124.00
2026-08-20 08:34:34,134.00,134.00,134.00,134.00,134.00,134.00,134.00,134.00,134.00,134.00,124.00,124.00,124.00,124.00,124.00,124.00,124.00,124.00,124.00,124.00,124.00,124.00,124.00,124.00,124.00,124.00,124.00,124.00,124.00
2026-08-20 08:44:27,134.00,134.00,134.00,134.00,134.00,134.00,134.00,134.00,134.00,134.00,124.00,124.00,124.00,124.00,124.00,124.00,124.00,124.00,124.00,124.00,124.00,124.00,124.00,124.00,124.00,124.00,124.00,124.00,124.00
2026-08-20 08:54:31,134.00,134.00,134.00,134.00,134.00,134.00,134.00,134.00,134.00,134.00,124.00,124.00,124.00,124.00,124.00,124.00,124.00,124.00,124.00,124.00,124.00,124.00,124.00,124.00,124.00,124.00,124.00,124.00,124.00
2026-08-20 09:04:36,134.00,134.00,134.00,134.00,134.00,134.00,134.00,134.00,134.00,134.00,124.00,124.00,124.00,124.00,124.00,124.00,124.00,124.00,124.00,124.00,124.00,124.00,124.00,124.00,124.00,124.00,124.00,124.00,124.00
2026-08-20 09:14:30,134.00,134.00,134.00,134.00,134.00,134.00,134.00,134.00,134.00,134.00,124.00,124.00,124.00,124.00,124.00,124.00,124.00,124.00,124.00,124.00,124.00,124.00,124.00,124.00,124.00,124.00,124.00,124.00,124.00
2026-08-20 09:24:23,134.00,134.00,134.00,134.00,134.00,134.00,134.00,134.00,134.00,134.00,124.00,124.00,124.00,124.00,124.00,124.00,124.00,124.00,124.00,124.00,124.00,124.00,124.00,124.00,124.00,124.00,124.00,124.00,124.00
2026-08-20 09:34:32,134.00,134.00,134.00,134.00,134.00,134.00,134.00,134.00,134.00,134.00,124.00,124.00,124.00,124.00,124.00,124.00,124.00,124.00,124.00,124.00,124.00,124.00,124.00,124.00,124.00,124.00,124.00,124.00,124.00
2026-08-20 09:44:20,134.00,134.00,134.00,134.00,134.00,134.00,134.00,134.00,134.00,134.00,124.00,124.00,124.00,124.00,124.00,124.00,124.00,124.00,124.00,124.00,124.00,124.00,124.00,124.00,124.00,124.00,124.00,124.00,124.00
2026-08-20 09:54:39,134.00,134.00,134.00,134.00,134.00,134.00,134.00,134.00,134.00,134.00,124.00,124.00,124.00,124.00,124.00,124.00,124.00,124.00,124.00,124.00,124.00,124.00,124.00,124.00,124.00,124.00,124.00,124.00,124.00
2026-08-20 10:04:33,134.00,134.00,134.00,134.00,134.00,134.00,134.00,134.00,134.00,134.00,124.00,124.00,124.00,124.00,124.00,124.00,124.00,124.00,124.00,124.00,124.00,124.00,124.00,124.00,124.00,124.00,124.00,124.00,124.00
2026-08-20 10:14:16,134.00,134.00,134.00,134.00,134.00,134.00,134.00,134.00,134.00,134.00,124.00,124.00,124.00,124.00,124.00,124.00,124.00,124.00,124.00,124.00,124.00,124.00,124.00,124.00,124.00,124.00,124.00,124.00,124.00
2026-08-20 10:24:30,134.00,134.00,134.00,134.00,134.00,134.00,134.00,134.00,134.00,134.00,124.00,124.00,124.00,124.00,124.00,124.00,124.00,124.00,124.00,124.00,124.00,124.00,124.00,124.00,124.00,124.00,124.00,124.00,124.00
2026-08-20 10:34:44,134.00,134.00,134.00,134.00,134.00,134.00,134.00,134.00,134.00,134.00,124.00,124.00,124.00,124.00,124.00,124.00,124.00,124.00,124.00,124.00,124.00,124.00,124.00,124.00,124.00,124.00,124.00,124.00,124.00
2026-08-20 10:44:38,134.00,134.00,134.00,134.00,134.00,134.00,134.00,134.00,134.00,134.00,124.00,124.00,124.00,124.00,124.00,124.00,124.00,124.00,124.00,124.00,124.00,124.00,124.00,124.00,124.00,124.00,124.00,124.00,124.00
2026-08-20 10:54:36,134.00,134.00,134.00,134.00,134.00,134.00,134.00,134.00,134.00,134.00,124.00,124.00,124.00,124.00,124.00,124.00,124.00,124.00,124.00,124.00,124.00,124.00,124.00,124.00,124.00,124.00,124.00,124.00,124.00
2026-08-20 11:04:52,134.00,134.00,134.00,134.00,134.00,134.00,134.00,134.00,134.00,134.00,124.00,124.00,124.00,124.00,124.00,124.00,124.00,124.00,124.00,124.00,124.00,124.00,124.00,124.00,124.00,124.00,124.00,124.00,124.00
2026-08-20 11:14:32,134.00,134.00,134.00,134.00,134.00,134.00,134.00,134.00,134.00,134.00,124.00,124.00,124.00,124.00,124.00,124.00,124.00,124.00,124.00,124.00,124.00,124.00,124.00,124.00,124.00,124.00,124.00,124.00,124.00
2026-08-20 11:24:40,134.00,134.00,134.00,134.00,134.00,134.00,134.00,134.00,134.00,134.00,124.00,124.00,124.00,124.00,124.00,124.00,124.00,124.00,124.00,124.00,124.00,124.00,124.00,124.00,124.00,124.00,124.00,124.00,124.00
2026-08-20 11:34:43,134.00,134.00,134.00,134.00,134.00,134.00,134.00,134.00,134.00,134.00,124.00,124.00,124.00,124.00,124.00,124.00,124.00,124.00,124.00,124.00,124.00,124.00,124.00,124.00,124.00,124.00,124.00,124.00,124.00
2026-08-20 11:44:48,134.00,134.00,134.00,134.00,134.00,134.00,134.00,134.00,134.00,134.00,124.00,124.00,124.00,124.00,124.00,124.00,124.00,124.00,124.00,124.00,124.00,124.00,124.00,124.00,124.00,124.00,124.00,124.00,124.00
2026-08-20 11:54:49,134.00,134.00,134.00,134.00,134.00,134.00,134.00,134.00,134.00,134.00,124.00,124.00,124.00,124.00,124.00,124.00,124.00,124.00,124.00,124.00,124.00,124.00,124.00,124.00,124.00,124.00,124.00,124.00,124.00
2026-08-20 12:04:57,134.00,134.00,134.00,134.00,134.00,134.00,134.00,134.00,134.00,134.00,124.00,124.00,124.00,124.00,124.00,124.00,124.00,124.00,124.00,124.00,124.00,124.00,124.00,124.00,124.00,124.00,124.00,124.00,124.00
2026-08-20 12:14:34,134.00,134.00,134.00,134.00,134.00,134.00,134.00,134.00,134.00,134.00,124.00,124.00,124.00,124.00,124.00,124.00,124.00,124.00,124.00,124.00,124.00,124.00,124.00,124.00,124.00,124.00,124.00,124.00,124.00
2026-08-20 12:24:37,134.00,134.00,134.00,134.00,134.00,134.00,134.00,134.00,134.00,134.00,124.00,124.00,124.00,124.00,124.00,124.00,124.00,124.00,124.00,124.00,124.00,124.00,124.00,124.00,124.00,124.00,124.00,124.00,124.00
2026-08-20 12:34:39,134.00,134.00,134.00,134.00,134.00,134.00,134.00,134.00,134.00,134.00,124.00,124.00,124.00,124.00,124.00,124.00,124.00,124.00,124.00,124.00,124.00,124.00,124.00,124.00,124.00,124.00,124.00,124.00,124.00
2026-08-20 12:44:47,134.00,134.00,134.00,134.00,134.00,134.00,134.00,134.00,134.00,134.00,124.00,124.00,124.00,124.00,124.00,124.00,124.00,124.00,124.00,124.00,124.00,124.00,124.00,124.00,124.00,124.00,124.00,124.00,124.00
2026-08-20 12:54:38,134.00,134.00,134.00,134.00,134.00,134.00,134.00,134.00,134.00,134.00,124.00,124.00,124.00,124.00,124.00,124.00,124.00,124.00,124.00,124.00,124.00,124.00,124.00,124.00,124.00,124.00,124.00,124.00,124.00
2026-08-20 13:05:14,134.00,134.00,134.00,134.00,134.00,134.00,134.00,134.00,134.00,134.00,124.00,124.00,124.00,124.00,124.00,124.00,124.00,124.00,124.00,124.00,124.00,124.00,124.00,124.00,124.00,124.00,124.00,124.00,124.00
2026-08-20 13:14:45,134.00,134.00,134.00,134.00,134.00,134.00,134.00,134.00,134.00,134.00,124.00,124.00,124.00,124.00,124.00,124.00,124.00,124.00,124.00,124.00,124.00,124.00,124.00,124.00,124.00,124.00,124.00,124.00,124.00
2026-08-20 13:24:35,134.00,134.00,134.00,134.00,134.00,134.00,134.00,134.00,134.00,134.00,124.00,124.00,124.00,124.00,124.00,124.00,124.00,124.00,124.00,124.00,124.00,124.00,124.00,124.00,124.00,124.00,124.00,124.00,124.00
2026-08-20 13:34:43,134.00,134.00,134.00,134.00,134.00,134.00,134.00,134.00,134.00,134.00,124.00,124.00,124.00,124.00,124.00,124.00,124.00,124.00,124.00,124.00,124.00,124.00,124.00,124.00,124.00,124.00,124.00,124.00,124.00
2026-08-20 13:44:35,134.00,134.00,134.00,134.00,134.00,134.00,134.00,134.00,134.00,134.00,124.00,124.00,124.00,124.00,124.00,124.00,124.00,124.00,124.00,124.00,124.00,124.00,124.00,124.00,124.00,124.00,124.00,124.00,124.00
2026-08-20 13:54:52,134.00,134.00,134.00,134.00,134.00,134.00,134.00,134.00,134.00,134.00,124.00,124.00,124.00,124.00,124.00,124.00,124.00,124.00,124.00,124.00,124.00,124.00,124.00,124.00,124.00,124.00,124.00,124.00,124.00
2026-08-20 14:04:54,134.00,134.00,134.00,134.00,134.00,134.00,134.00,134.00,134.00,134.00,124.00,124.00,124.00,124.00,124.00,124.00,124.00,124.00,124.00,124.00,124.00,124.00,124.00,124.00,124.00,124.00,124.00,124.00,124.00
2026-08-20 14:14:39,134.00,134.00,134.00,134.00,134.00,134.00,134.00,134.00,134.00,134.00,124.00,124.00,124.00,124.00,124.00,124.00,124.00,124.00,124.00,124.00,124.00,124.00,124.00,124.00,124.00,124.00,124.00,124.00,124.00
2026-08-20 14:24:40,134.00,134.00,134.00,134.00,134.00,134.00,134.00,134.00,134.00,134.00,124.00,124.00,124.00,124.00,124.00,124.00,124.00,124.00,124.00,124.00,124.00,124.00,124.00,124.00,124.00,124.00,124.00,124.00,124.00
2026-08-20 14:34:41,124.00,124.00,124.00,124.00,124.00,124.00,124.00,124.00,124.00,124.00,124.00,124.00,124.00,124.00,124.00,124.00,124.00,124.00,124.00,124.00,124.00,124.00,124.00,124.00,124.00,124.00,124.00,124.00,124.00
2026-08-20 14:44:47,124.00,124.00,124.00,124.00,124.00,124.00,124.00,124.00,124.00,124.00,124.00,124.00,124.00,124.00,124.00,124.00,124.00,124.00,124.00,124.00,124.00,124.00,124.00,124.00,124.00,124.00,124.00,124.00,124.00
2026-08-20 14:55:02,124.00,124.00,124.00,124.00,124.00,124.00,124.00,124.00,124.00,124.00,124.00,124.00,124.00,124.00,124.00,124.00,124.00,124.00,124.00,124.00,124.00,124.00,124.00,124.00,124.00,124.00,124.00,124.00,124.00
2026-08-20 15:04:42,124.00,124.00,124.00,124.00,124.00,124.00,124.00,124.00,124.00,124.00,124.00,124.00,124.00,124.00,124.00,124.00,124.00,124.00,124.00,124.00,124.00,124.00,124.00,124.00,124.00,124.00,124.00,124.00,124.00
2026-08-20 15:14:41,124.00,124.00,124.00,124.00,124.00,124.00,124.00,124.00,124.00,124.00,124.00,124.00,124.00,124.00,124.00,124.00,124.00,124.00,124.00,124.00,124.00,124.00,124.00,124.00,124.00,124.00,124.00,124.00,124.00
2026-08-20 15:24:49,124.00,124.00,124.00,124.00,124.00,124.00,124.00,124.00,124.00,124.00,124.00,124.00,124.00,124.00,124.00,124.00,124.00,124.00,124.00,124.00,124.00,124.00,124.00,124.00,124.00,124.00,124.00,124.00,124.00
2026-08-20 15:35:10,124.00,124.00,124.00,124.00,124.00,124.00,124.00,124.00,124.00,124.00,124.00,124.00,124.00,124.00,124.00,124.00,124.00,124.00,124.00,124.00,124.00,124.00,124.00,124.00,124.00,124.00,124.00,124.00,124.00
2026-08-20 15:44:37,124.00,124.00,124.00,124.00,124.00,124.00,124.00,124.00,124.00,124.00,124.00,124.00,124.00,124.00,124.00,124.00,124.00,124.00,124.00,124.00,124.00,124.00,124.00,124.00,124.00,124.00,124.00,124.00,124.00
2026-08-20 15:54:46,124.00,124.00,124.00,124.00,124.00,124.00,124.00,124.00,124.00,124.00,124.00,124.00,124.00,124.00,124.00,124.00,124.00,124.00,124.00,124.00,124.00,124.00,124.00,124.00,124.00,124.00,124.00,124.00,124.00
2026-08-20 16:04:37,124.00,124.00,124.00,124.00,124.00,124.00,124.00,124.00,124.00,124.00,124.00,124.00,124.00,124.00,124.00,124.00,124.00,124.00,124.00,124.00,124.00,124.00,124.00,124.00,124.00,124.00,124.00,124.00,124.00
2026-08-20 16:14:49,124.00,124.00,124.00,124.00,124.00,124.00,124.00,124.00,124.00,124.00,124.00,124.00,124.00,124.00,124.00,124.00,124.00,124.00,124.00,124.00,124.00,124.00,124.00,124.00,124.00,124.00,124.00,124.00,124.00
2026-08-20 16:24:50,124.00,124.00,124.00,124.00,124.00,124.00,124.00,124.00,124.00,124.00,124.00,124.00,124.00,124.00,124.00,124.00,124.00,124.00,124.00,124.00,124.00,124.00,124.00,124.00,124.00,124.00,124.00,124.00,124.00
2026-08-20 16:34:50,124.00,124.00,124.00,124.00,124.00,124.00,124.00,124.00,124.00,124.00,124.00,124.00,124.00,124.00,124.00,124.00,124.00,124.00,124.00,124.00,124.00,124.00,124.00,124.00,124.00,124.00,124.00,124.00,124.00
2026-08-20 16:45:00,124.00,124.00,124.00,124.00,124.00,124.00,124.00,124.00,124.00,124.00,124.00,124.00,124.00,124.00,124.00,124.00,124.00,124.00,124.00,124.00,124.00,124.00,124.00,124.00,124.00,124.00,124.00,124.00,124.00
2026-08-20 16:54:46,124.00,124.00,124.00,124.00,124.00,124.00,124.00,124.00,124.00,124.00,124.00,124.00,124.00,124.00,124.00,124.00,124.00,124.00,124.00,124.00,124.00,124.00,124.00,124.00,124.00,124.00,124.00,124.00,124.00
2026-08-20 17:04:52,124.00,124.00,124.00,124.00,124.00,124.00,124.00,124.00,124.00,124.00,124.00,124.00,124.00,124.00,124.00,124.00,124.00,124.00,124.00,124.00,124.00,124.00,124.00,124.00,124.00,124.00,124.00,124.00,124.00
2026-08-20 17:19:53,124.00,124.00,124.00,124.00,124.00,124.00,124.00,124.00,124.00,124.00,124.00,124.00,124.00,124.00,124.00,124.00,124.00,124.00,124.00,124.00,124.00,124.00,124.00,124.00,124.00,124.00,124.00,124.00,124.00
2026-08-20 17:26:51,124.00,124.00,124.00,124.00,124.00,124.00,124.00,124.00,124.00,124.00,124.00,124.00,124.00,124.00,124.00,124.00,124.00,124.00,124.00,124.00,124.00,124.00,124.00,124.00,124.00,124.00,124.00,124.00,124.00
2026-08-20 17:34:40,124.00,124.00,124.00,124.00,134.00,124.00,124.00,124.00,124.00,124.00,124.00,149.00,124.00,124.00,124.00,124.00,124.00,124.00,124.00,124.00,124.00,124.00,124.00,124.00,124.00,124.00,124.00,124.00,124.00
2026-08-20 17:44:53,134.00,134.00,134.00,134.00,134.00,134.00,134.00,134.00,134.00,134.00,124.00,149.00,124.00,124.00,124.00,124.00,124.00,124.00,124.00,124.00,124.00,124.00,124.00,124.00,124.00,124.00,124.00,124.00,124.00
2026-08-20 17:54:48,134.00,134.00,134.00,134.00,134.00,134.00,134.00,134.00,134.00,134.00,124.00,149.00,124.00,124.00,124.00,124.00,124.00,124.00,124.00,124.00,124.00,124.00,124.00,124.00,124.00,124.00,124.00,124.00,124.00
2026-08-20 18:04:58,134.00,134.00,134.00,134.00,134.00,134.00,134.00,134.00,134.00,134.00,124.00,149.00,124.00,124.00,124.00,124.00,124.00,124.00,124.00,124.00,124.00,124.00,124.00,124.00,124.00,124.00,124.00,124.00,124.00
2026-08-20 18:14:36,134.00,134.00,134.00,134.00,134.00,134.00,134.00,134.00,134.00,134.00,124.00,149.00,124.00,124.00,124.00,124.00,124.00,124.00,124.00,124.00,124.00,124.00,124.00,124.00,124.00,124.00,124.00,124.00,124.00
2026-08-20 18:24:47,134.00,134.00,134.00,134.00,134.00,134.00,134.00,134.00,134.00,134.00,124.00,149.00,124.00,124.00,124.00,124.00,124.00,124.00,124.00,124.00,124.00,124.00,124.00,124.00,124.00,124.00,124.00,124.00,124.00
2026-08-20 18:34:52,134.00,134.00,134.00,134.00,134.00,134.00,134.00,134.00,134.00,134.00,124.00,149.00,124.00,124.00,124.00,124.00,124.00,124.00,124.00,124.00,124.00,124.00,124.00,124.00,124.00,124.00,124.00,124.00,124.00
2026-08-20 18:44:50,134.00,134.00,134.00,134.00,134.00,134.00,134.00,134.00,134.00,134.00,124.00,149.00,124.00,124.00,124.00,124.00,124.00,124.00,124.00,124.00,124.00,124.00,124.00,124.00,124.00,124.00,124.00,124.00,124.00
2026-08-20 18:54:52,134.00,134.00,134.00,134.00,134.00,134.00,134.00,134.00,134.00,134.00,124.00,149.00,124.00,124.00,124.00,124.00,124.00,124.00,124.00,124.00,124.00,124.00,124.00,124.00,124.00,124.00,124.00,124.00,124.00
2026-08-20 19:05:11,134.00,134.00,134.00,134.00,134.00,134.00,134.00,134.00,134.00,134.00,124.00,149.00,124.00,124.00,124.00,124.00,124.00,124.00,124.00,124.00,124.00,124.00,124.00,124.00,124.00,124.00,124.00,124.00,124.00
2026-08-20 19:14:52,134.00,134.00,134.00,134.00,134.00,134.00,134.00,134.00,134.00,134.00,124.00,149.00,124.00,124.00,124.00,124.00,124.00,124.00,124.00,124.00,124.00,124.00,124.00,124.00,124.00,124.00,124.00,124.00,124.00
2026-08-20 19:24:56,134.00,134.00,134.00,134.00,134.00,134.00,134.00,134.00,134.00,134.00,124.00,149.00,124.00,124.00,124.00,124.00,124.00,124.00,124.00,124.00,124.00,124.00,124.00,124.00,124.00,124.00,124.00,124.00,124.00
2026-08-20 19:35:00,134.00,134.00,134.00,134.00,134.00,134.00,134.00,134.00,134.00,134.00,124.00,149.00,124.00,124.00,124.00,124.00,124.00,124.00,124.00,124.00,124.00,124.00,124.00,124.00,124.00,124.00,124.00,124.00,124.00
2026-08-20 19:44:59,134.00,134.00,134.00,134.00,134.00,134.00,134.00,134.00,134.00,134.00,124.00,149.00,124.00,124.00,124.00,124.00,124.00,124.00,124.00,124.00,124.00,124.00,124.00,124.00,124.00,124.00,124.00,124.00,124.00
2026-08-20 19:54:53,134.00,134.00,134.00,134.00,134.00,134.00,134.00,134.00,134.00,134.00,124.00,149.00,124.00,124.00,124.00,124.00,124.00,124.00,124.00,124.00,124.00,124.00,124.00,124.00,124.00,124.00,124.00,124.00,124.00
2026-08-20 20:05:00,134.00,134.00,134.00,134.00,134.00,134.00,134.00,134.00,134.00,134.00,124.00,149.00,124.00,124.00,124.00,124.00,124.00,124.00,124.00,124.00,124.00,124.00,124.00,124.00,124.00,124.00,124.00,124.00,124.00
2026-08-20 20:14:50,134.00,134.00,134.00,134.00,134.00,134.00,134.00,134.00,134.00,134.00,124.00,149.00,124.00,124.00,124.00,124.00,124.00,124.00,124.00,124.00,124.00,124.00,124.00,124.00,124.00,124.00,124.00,124.00,124.00
2026-08-20 20:24:32,134.00,134.00,134.00,134.00,134.00,134.00,134.00,134.00,134.00,134.00,124.00,149.00,124.00,124.00,124.00,124.00,124.00,124.00,124.00,124.00,124.00,124.00,124.00,124.00,124.00,124.00,124.00,124.00,124.00
2026-08-20 20:34:50,134.00,134.00,134.00,134.00,134.00,134.00,134.00,134.00,134.00,134.00,124.00,149.00,124.00,124.00,124.00,124.00,124.00,124.00,124.00,124.00,124.00,124.00,124.00,124.00,124.00,124.00,124.00,124.00,124.00
2026-08-20 20:44:54,134.00,134.00,134.00,134.00,134.00,134.00,134.00,134.00,134.00,134.00,124.00,149.00,124.00,124.00,124.00,124.00,124.00,124.00,124.00,124.00,124.00,124.00,124.00,124.00,124.00,124.00,124.00,124.00,124.00
2026-08-20 20:54:51,134.00,134.00,134.00,134.00,134.00,134.00,134.00,134.00,134.00,134.00,124.00,149.00,124.00,124.00,124.00,124.00,124.00,124.00,124.00,124.00,124.00,124.00,124.00,124.00,124.00,124.00,124.00,124.00,124.00
2026-08-20 21:04:54,134.00,134.00,134.00,134.00,134.00,134.00,134.00,134.00,134.00,134.00,124.00,149.00,124.00,124.00,124.00,124.00,124.00,124.00,124.00,124.00,124.00,124.00,124.00,124.00,124.00,124.00,124.00,124.00,124.00
2026-08-20 21:14:47,134.00,134.00,134.00,134.00,134.00,134.00,134.00,134.00,134.00,134.00,124.00,149.00,124.00,124.00,124.00,124.00,124.00,124.00,124.00,124.00,124.00,124.00,124.00,124.00,124.00,124.00,124.00,124.00,124.00
2026-08-20 21:25:02,134.00,134.00,134.00,134.00,134.00,134.00,134.00,134.00,134.00,134.00,124.00,149.00,124.00,124.00,124.00,124.00,124.00,124.00,124.00,124.00,124.00,124.00,124.00,124.00,124.00,124.00,124.00,124.00,124.00
2026-08-20 21:34:50,134.00,134.00,134.00,134.00,134.00,134.00,134.00,134.00,134.00,134.00,124.00,149.00,124.00,124.00,124.00,124.00,124.00,124.00,124.00,124.00,124.00,124.00,124.00,124.00,124.00,124.00,124.00,124.00,124.00
2026-08-20 21:44:54,134.00,134.00,134.00,134.00,134.00,134.00,134.00,134.00,134.00,134.00,124.00,149.00,124.00,124.00,134.00,124.00,124.00,124.00,124.00,124.00,124.00,124.00,124.00,124.00,124.00,124.00,124.00,124.00,124.00
2026-08-20 21:54:48,134.00,134.00,134.00,134.00,134.00,134.00,134.00,134.00,134.00,134.00,124.00,149.00,124.00,124.00,134.00,124.00,124.00,124.00,124.00,124.00,124.00,124.00,124.00,124.00,124.00,124.00,124.00,124.00,124.00
2026-08-20 22:04:52,134.00,134.00,134.00,134.00,134.00,134.00,134.00,134.00,134.00,134.00,124.00,149.00,124.00,124.00,124.00,124.00,124.00,124.00,124.00,124.00,124.00,124.00,124.00,124.00,124.00,124.00,124.00,124.00,124.00
2026-08-20 22:14:55,134.00,134.00,134.00,134.00,134.00,134.00,134.00,134.00,134.00,134.00,134.00,159.00,134.00,134.00,134.00,134.00,134.00,124.00,124.00,124.00,124.00,124.00,124.00,124.00,124.00,124.00,124.00,124.00,124.00
2026-08-20 22:24:59,134.00,134.00,134.00,134.00,134.00,134.00,134.00,134.00,134.00,134.00,134.00,159.00,134.00,134.00,134.00,134.00,134.00,124.00,124.00,124.00,124.00,124.00,124.00,124.00,124.00,124.00,124.00,124.00,124.00
2026-08-20 22:35:04,134.00,134.00,134.00,134.00,134.00,134.00,134.00,134.00,134.00,134.00,134.00,159.00,134.00,134.00,134.00,134.00,134.00,124.00,124.00,124.00,124.00,124.00,124.00,124.00,124.00,124.00,124.00,124.00,124.00
2026-08-20 22:44:43,134.00,134.00,134.00,134.00,134.00,134.00,134.00,134.00,134.00,134.00,134.00,159.00,134.00,134.00,134.00,134.00,134.00,124.00,124.00,124.00,124.00,124.00,124.00,124.00,124.00,124.00,124.00,124.00,124.00
2026-08-20 22:54:38,134.00,134.00,134.00,134.00,134.00,134.00,134.00,134.00,134.00,134.00,134.00,159.00,134.00,134.00,134.00,134.00,134.00,124.00,124.00,124.00,124.00,124.00,124.00,124.00,124.00,124.00,124.00,124.00,124.00
2026-08-20 23:05:05,134.00,134.00,134.00,134.00,134.00,134.00,134.00,134.00,134.00,134.00,134.00,159.00,134.00,134.00,134.00,134.00,134.00,124.00,124.00,124.00,124.00,124.00,124.00,124.00,124.00,124.00,124.00,124.00,124.00
2026-08-20 23:14:50,134.00,134.00,134.00,134.00,134.00,134.00,134.00,134.00,134.00,134.00,134.00,159.00,134.00,134.00,134.00,134.00,134.00,124.00,124.00,124.00,124.00,124.00,124.00,124.00,124.00,124.00,124.00,124.00,124.00
2026-08-20 23:24:45,134.00,134.00,134.00,134.00,134.00,134.00,134.00,134.00,134.00,134.00,134.00,159.00,134.00,134.00,134.00,134.00,134.00,124.00,124.00,124.00,124.00,124.00,124.00,124.00,124.00,124.00,124.00,124.00,124.00
2026-08-20 23:35:00,134.00,134.00,134.00,134.00,134.00,134.00,134.00,134.00,134.00,134.00,134.00,159.00,134.00,134.00,134.00,134.00,134.00,124.00,124.00,124.00,124.00,124.00,124.00,124.00,124.00,124.00,124.00,124.00,124.00
2026-08-20 23:44:59,134.00,134.00,134.00,134.00,134.00,134.00,134.00,134.00,134.00,134.00,134.00,159.00,134.00,134.00,134.00,134.00,134.00,124.00,124.00,124.00,124.00,124.00,124.00,124.00,124.00,124.00,124.00,124.00,124.00
2026-08-20 23:54:50,134.00,134.00,134.00,134.00,134.00,134.00,134.00,134.00,134.00,134.00,134.00,159.00,134.00,134.00,134.00,134.00,134.00,124.00,124.00,124.00,124.00,124.00,124.00,124.00,124.00,124.00,124.00,124.00,124.00
2026-08-21 00:05:25,134.00,134.00,134.00,134.00,134.00,134.00,134.00,134.00,134.00,134.00,134.00,159.00,134.00,134.00,134.00,134.00,134.00,124.00,124.00,124.00,124.00,124.00,124.00,124.00,124.00,124.00,124.00,124.00,124.00
2026-08-21 00:14:58,134.00,134.00,134.00,134.00,134.00,134.00,134.00,134.00,134.00,134.00,134.00,159.00,134.00,134.00,134.00,134.00,134.00,124.00,124.00,124.00,124.00,124.00,124.00,124.00,124.00,124.00,124.00,124.00,124.00
2026-08-21 00:25:19,134.00,134.00,134.00,134.00,134.00,134.00,134.00,134.00,134.00,134.00,134.00,159.00,134.00,134.00,134.00,134.00,134.00,124.00,124.00,124.00,124.00,124.00,124.00,124.00,124.00,124.00,124.00,124.00,124.00
2026-08-21 00:35:27,,134.00,,,134.00,134.00,134.00,,,134.00,134.00,,,134.00,134.00,134.00,134.00,124.00,,,124.00,124.00,124.00,,,,124.00,,124.00
2026-08-21 00:55:04,134.00,134.00,134.00,134.00,134.00,134.00,134.00,134.00,134.00,134.00,134.00,159.00,134.00,134.00,134.00,134.00,134.00,124.00,124.00,124.00,124.00,124.00,124.00,124.00,124.00,124.00,124.00,124.00,124.00
2026-08-21 01:05:06,134.00,134.00,134.00,134.00,134.00,134.00,134.00,134.00,134.00,134.00,134.00,159.00,134.00,134.00,134.00,134.00,134.00,124.00,124.00,124.00,124.00,124.00,124.00,124.00,124.00,124.00,124.00,124.00,124.00
2026-08-21 01:15:06,134.00,134.00,134.00,134.00,134.00,134.00,134.00,134.00,134.00,134.00,134.00,159.00,134.00,134.00,134.00,134.00,134.00,124.00,124.00,124.00,124.00,124.00,124.00,124.00,124.00,124.00,124.00,124.00,124.00
2026-08-21 01:24:45,134.00,134.00,134.00,134.00,134.00,134.00,134.00,134.00,134.00,134.00,134.00,159.00,134.00,134.00,134.00,134.00,134.00,124.00,124.00,124.00,124.00,124.00,124.00,124.00,124.00,124.00,124.00,124.00,124.00
2026-08-21 01:35:01,134.00,134.00,134.00,134.00,134.00,134.00,134.00,134.00,134.00,134.00,134.00,159.00,134.00,134.00,134.00,134.00,134.00,124.00,124.00,124.00,124.00,124.00,124.00,124.00,124.00,124.00,124.00,124.00,124.00
2026-08-21 01:44:45,134.00,134.00,134.00,134.00,134.00,134.00,134.00,134.00,134.00,134.00,134.00,159.00,134.00,134.00,134.00,134.00,134.00,124.00,124.00,124.00,124.00,124.00,124.00,124.00,124.00,124.00,124.00,124.00,124.00
2026-08-21 01:54:54,134.00,134.00,134.00,134.00,134.00,134.00,134.00,134.00,134.00,134.00,134.00,159.00,134.00,134.00,134.00,134.00,134.00,124.00,124.00,124.00,124.00,124.00,124.00,124.00,124.00,124.00,124.00,124.00,124.00
2026-08-21 02:05:00,134.00,134.00,134.00,134.00,134.00,134.00,134.00,134.00,134.00,134.00,134.00,159.00,134.00,134.00,134.00,134.00,134.00,124.00,124.00,124.00,124.00,124.00,124.00,124.00,124.00,124.00,124.00,124.00,124.00
2026-08-21 02:14:46,134.00,134.00,134.00,134.00,134.00,134.00,134.00,134.00,134.00,134.00,134.00,159.00,134.00,134.00,134.00,134.00,134.00,124.00,124.00,124.00,124.00,124.00,124.00,124.00,124.00,124.00,124.00,124.00,124.00
2026-08-21 02:25:08,134.00,134.00,134.00,134.00,134.00,134.00,134.00,134.00,134.00,134.00,134.00,159.00,134.00,134.00,134.00,134.00,134.00,124.00,124.00,124.00,124.00,124.00,124.00,124.00,124.00,124.00,124.00,124.00,124.00
2026-08-21 02:35:11,134.00,134.00,134.00,134.00,134.00,134.00,134.00,134.00,134.00,134.00,134.00,159.00,134.00,134.00,134.00,134.00,134.00,124.00,124.00,124.00,124.00,124.00,124.00,124.00,124.00,124.00,124.00,124.00,124.00
2026-08-21 02:45:15,134.00,134.00,134.00,134.00,134.00,134.00,134.00,134.00,134.00,134.00,134.00,159.00,134.00,134.00,134.00,134.00,134.00,124.00,124.00,124.00,124.00,124.00,124.00,124.00,124.00,124.00,124.00,124.00,124.00
2026-08-21 02:55:08,134.00,134.00,134.00,134.00,134.00,134.00,134.00,134.00,134.00,134.00,134.00,159.00,134.00,134.00,134.00,134.00,134.00,124.00,124.00,124.00,124.00,124.00,124.00,124.00,124.00,124.00,124.00,124.00,124.00
2026-08-21 03:05:08,134.00,134.00,134.00,134.00,134.00,134.00,134.00,134.00,134.00,134.00,134.00,159.00,134.00,134.00,134.00,134.00,134.00,124.00,124.00,124.00,124.00,124.00,124.00,124.00,124.00,124.00,124.00,124.00,124.00
2026-08-21 03:15:01,134.00,134.00,134.00,134.00,134.00,134.00,134.00,134.00,134.00,134.00,134.00,159.00,134.00,134.00,134.00,134.00,134.00,124.00,124.00,124.00,124.00,124.00,124.00,124.00,124.00,124.00,124.00,124.00,124.00
2026-08-21 03:24:58,134.00,134.00,134.00,134.00,134.00,134.00,134.00,134.00,134.00,134.00,134.00,159.00,134.00,134.00,134.00,134.00,134.00,124.00,124.00,124.00,124.00,124.00,124.00,124.00,124.00,124.00,124.00,124.00,124.00
2026-08-21 03:34:53,134.00,134.00,134.00,134.00,134.00,134.00,134.00,134.00,134.00,134.00,134.00,159.00,134.00,134.00,134.00,134.00,134.00,124.00,124.00,124.00,124.00,124.00,124.00,124.00,124.00,124.00,124.00,124.00,124.00
2026-08-21 03:44:58,134.00,134.00,134.00,134.00,134.00,134.00,134.00,134.00,134.00,134.00,134.00,159.00,134.00,134.00,134.00,134.00,134.00,124.00,124.00,124.00,124.00,124.00,124.00,124.00,124.00,124.00,124.00,124.00,124.00
2026-08-21 03:54:55,134.00,134.00,134.00,134.00,134.00,134.00,134.00,134.00,134.00,134.00,134.00,159.00,134.00,134.00,134.00,134.00,134.00,124.00,124.00,124.00,124.00,124.00,124.00,124.00,124.00,124.00,124.00,124.00,124.00
2026-08-21 04:05:12,134.00,134.00,134.00,134.00,134.00,134.00,134.00,134.00,134.00,134.00,134.00,159.00,134.00,134.00,134.00,134.00,134.00,124.00,124.00,124.00,124.00,124.00,124.00,124.00,124.00,124.00,124.00,124.00,124.00
2026-08-21 04:14:48,134.00,134.00,134.00,134.00,134.00,134.00,134.00,134.00,134.00,134.00,134.00,159.00,134.00,134.00,134.00,134.00,134.00,124.00,124.00,124.00,124.00,124.00,124.00,124.00,124.00,124.00,124.00,124.00,124.00
2026-08-21 04:24:47,134.00,134.00,134.00,134.00,134.00,134.00,134.00,134.00,134.00,134.00,134.00,159.00,134.00,134.00,134.00,134.00,134.00,124.00,124.00,124.00,124.00,124.00,124.00,124.00,124.00,124.00,124.00,124.00,124.00
2026-08-21 04:34:42,134.00,134.00,134.00,134.00,134.00,134.00,134.00,134.00,134.00,134.00,134.00,159.00,134.00,134.00,134.00,134.00,134.00,124.00,124.00,124.00,124.00,124.00,124.00,124.00,124.00,124.00,124.00,124.00,124.00
2026-08-21 04:44:57,134.00,134.00,134.00,134.00,134.00,134.00,134.00,134.00,134.00,134.00,134.00,159.00,134.00,134.00,134.00,134.00,134.00,124.00,124.00,124.00,124.00,124.00,124.00,124.00,124.00,124.00,124.00,124.00,124.00
2026-08-21 04:54:58,134.00,134.00,134.00,134.00,134.00,134.00,134.00,134.00,134.00,134.00,134.00,159.00,134.00,134.00,134.00,134.00,134.00,124.00,124.00,124.00,124.00,124.00,124.00,124.00,124.00,124.00,124.00,124.00,124.00
2026-08-21 05:05:07,134.00,134.00,134.00,134.00,134.00,134.00,134.00,134.00,134.00,134.00,134.00,159.00,134.00,134.00,134.00,134.00,134.00,124.00,124.00,124.00,124.00,124.00,124.00,124.00,124.00,124.00,124.00,124.00,124.00
2026-08-21 05:14:55,134.00,134.00,134.00,134.00,134.00,134.00,134.00,134.00,134.00,134.00,134.00,159.00,134.00,134.00,134.00,134.00,134.00,124.00,124.00,124.00,124.00,124.00,124.00,124.00,124.00,124.00,124.00,124.00,124.00
2026-08-21 05:25:00,134.00,134.00,134.00,134.00,134.00,134.00,134.00,134.00,134.00,134.00,134.00,159.00,134.00,134.00,134.00,134.00,134.00,124.00,124.00,124.00,124.00,124.00,124.00,124.00,124.00,124.00,124.00,124.00,124.00
2026-08-21 05:34:50,134.00,134.00,134.00,134.00,134.00,134.00,134.00,134.00,134.00,134.00,134.00,159.00,134.00,134.00,134.00,134.00,134.00,124.00,124.00,124.00,124.00,124.00,124.00,124.00,124.00,124.00,124.00,124.00,124.00
2026-08-21 05:44:47,134.00,134.00,134.00,134.00,134.00,134.00,134.00,134.00,134.00,134.00,134.00,159.00,134.00,134.00,134.00,134.00,134.00,124.00,124.00,124.00,124.00,124.00,124.00,124.00,124.00,124.00,124.00,124.00,124.00
2026-08-21 05:54:56,134.00,134.00,134.00,134.00,134.00,134.00,134.00,134.00,134.00,134.00,134.00,159.00,134.00,134.00,134.00,134.00,134.00,124.00,124.00,124.00,124.00,124.00,124.00,124.00,124.00,124.00,124.00,124.00,124.00
2026-08-21 06:04:41,134.00,134.00,134.00,134.00,134.00,134.00,134.00,134.00,134.00,134.00,134.00,159.00,134.00,134.00,134.00,134.00,134.00,124.00,124.00,124.00,124.00,124.00,124.00,124.00,124.00,124.00,124.00,124.00,124.00
2026-08-21 06:14:59,134.00,134.00,134.00,134.00,134.00,134.00,134.00,134.00,134.00,134.00,134.00,159.00,134.00,134.00,134.00,134.00,134.00,124.00,124.00,124.00,124.00,124.00,124.00,124.00,124.00,124.00,124.00,124.00,124.00
2026-08-21 06:24:44,134.00,134.00,134.00,134.00,134.00,134.00,134.00,134.00,134.00,134.00,134.00,159.00,134.00,134.00,134.00,134.00,134.00,124.00,124.00,124.00,124.00,124.00,124.00,124.00,124.00,124.00,124.00,124.00,124.00
2026-08-21 06:35:00,134.00,134.00,134.00,134.00,134.00,134.00,134.00,134.00,134.00,134.00,134.00,159.00,134.00,134.00,134.00,134.00,134.00,124.00,124.00,124.00,124.00,124.00,124.00,124.00,124.00,124.00,124.00,124.00,124.00
2026-08-21 06:44:49,134.00,134.00,134.00,134.00,134.00,134.00,134.00,134.00,134.00,134.00,134.00,159.00,134.00,134.00,134.00,134.00,134.00,124.00,124.00,124.00,124.00,124.00,124.00,124.00,124.00,124.00,124.00,124.00,124.00
2026-08-21 06:54:52,134.00,134.00,134.00,134.00,134.00,134.00,134.00,134.00,134.00,134.00,134.00,159.00,134.00,134.00,134.00,134.00,134.00,124.00,124.00,124.00,124.00,124.00,124.00,124.00,124.00,124.00,124.00,124.00,124.00
2026-08-21 07:05:15,134.00,134.00,134.00,134.00,134.00,134.00,134.00,134.00,134.00,134.00,134.00,159.00,134.00,134.00,134.00,134.00,134.00,124.00,124.00,124.00,124.00,124.00,124.00,124.00,124.00,124.00,124.00,124.00,124.00
2026-08-21 07:15:00,134.00,134.00,134.00,134.00,134.00,134.00,134.00,134.00,134.00,134.00,134.00,159.00,134.00,134.00,134.00,134.00,134.00,124.00,124.00,124.00,124.00,124.00,124.00,124.00,124.00,124.00,124.00,124.00,124.00
2026-08-21 07:25:01,134.00,134.00,134.00,134.00,134.00,134.00,134.00,134.00,134.00,134.00,134.00,159.00,134.00,134.00,134.00,134.00,134.00,124.00,124.00,124.00,124.00,124.00,124.00,124.00,124.00,124.00,124.00,124.00,124.00
2026-08-21 07:34:56,134.00,134.00,134.00,134.00,134.00,134.00,134.00,134.00,134.00,134.00,134.00,159.00,134.00,134.00,134.00,134.00,134.00,124.00,124.00,124.00,124.00,124.00,124.00,124.00,124.00,124.00,124.00,124.00,124.00
2026-08-21 07:44:36,134.00,134.00,134.00,134.00,134.00,134.00,134.00,134.00,134.00,134.00,134.00,159.00,134.00,134.00,134.00,134.00,134.00,124.00,124.00,124.00,124.00,124.00,124.00,124.00,124.00,124.00,124.00,124.00,124.00
2026-08-21 07:54:51,134.00,134.00,134.00,134.00,134.00,134.00,134.00,134.00,134.00,134.00,134.00,159.00,134.00,134.00,134.00,134.00,134.00,124.00,124.00,124.00,124.00,124.00,124.00,124.00,124.00,124.00,124.00,124.00,124.00
2026-08-21 08:04:56,134.00,134.00,134.00,134.00,134.00,134.00,134.00,134.00,134.00,134.00,134.00,159.00,134.00,134.00,134.00,134.00,134.00,124.00,124.00,124.00,124.00,124.00,124.00,124.00,124.00,124.00,124.00,124.00,124.00
2026-08-21 08:14:56,134.00,134.00,134.00,134.00,134.00,134.00,134.00,134.00,134.00,134.00,134.00,159.00,134.00,134.00,134.00,134.00,134.00,124.00,124.00,124.00,124.00,124.00,124.00,124.00,124.00,124.00,124.00,124.00,124.00
2026-08-21 08:24:54,134.00,134.00,134.00,134.00,134.00,134.00,134.00,134.00,134.00,134.00,134.00,159.00,134.00,134.00,134.00,134.00,134.00,124.00,124.00,124.00,124.00,124.00,124.00,124.00,124.00,124.00,124.00,124.00,124.00
2026-08-21 08:34:57,134.00,134.00,134.00,134.00,134.00,134.00,134.00,134.00,134.00,134.00,134.00,159.00,134.00,134.00,134.00,134.00,134.00,124.00,124.00,124.00,124.00,124.00,124.00,124.00,124.00,124.00,124.00,124.00,124.00
2026-08-21 08:44:50,134.00,134.00,134.00,134.00,134.00,134.00,134.00,134.00,134.00,134.00,134.00,159.00,134.00,134.00,134.00,134.00,134.00,124.00,124.00,124.00,124.00,124.00,124.00,124.00,124.00,124.00,124.00,124.00,124.00
2026-08-21 08:54:51,134.00,134.00,134.00,134.00,134.00,134.00,134.00,134.00,134.00,134.00,134.00,159.00,134.00,134.00,134.00,134.00,134.00,124.00,124.00,124.00,124.00,124.00,124.00,124.00,124.00,124.00,124.00,124.00,124.00
2026-08-21 09:04:50,134.00,134.00,134.00,134.00,134.00,134.00,134.00,134.00,134.00,134.00,134.00,159.00,134.00,134.00,134.00,134.00,134.00,124.00,124.00,124.00,124.00,124.00,124.00,124.00,124.00,124.00,124.00,124.00,124.00
2026-08-21 09:14:57,134.00,134.00,134.00,134.00,134.00,134.00,134.00,134.00,134.00,134.00,134.00,159.00,134.00,134.00,134.00,134.00,134.00,124.00,124.00,124.00,124.00,124.00,124.00,124.00,124.00,124.00,124.00,124.00,124.00
2026-08-21 09:24:59,134.00,134.00,134.00,134.00,134.00,134.00,134.00,134.00,134.00,134.00,134.00,159.00,134.00,134.00,134.00,134.00,134.00,124.00,124.00,124.00,124.00,124.00,124.00,124.00,124.00,124.00,124.00,124.00,124.00
2026-08-21 09:34:57,134.00,134.00,134.00,134.00,134.00,134.00,134.00,134.00,134.00,134.00,134.00,159.00,134.00,134.00,134.00,134.00,134.00,124.00,124.00,124.00,124.00,124.00,124.00,124.00,124.00,124.00,124.00,124.00,124.00
2026-08-21 09:44:56,134.00,134.00,134.00,134.00,134.00,134.00,134.00,134.00,134.00,134.00,134.00,159.00,134.00,134.00,134.00,134.00,134.00,124.00,124.00,124.00,124.00,124.00,124.00,124.00,124.00,124.00,124.00,124.00,124.00
2026-08-21 09:54:52,,134.00,,,134.00,134.00,134.00,,,134.00,134.00,,,134.00,134.00,134.00,134.00,124.00,,,124.00,124.00,124.00,,,,124.00,,124.00
2026-08-21 10:05:00,134.00,134.00,134.00,134.00,134.00,134.00,134.00,134.00,134.00,134.00,134.00,159.00,134.00,134.00,134.00,134.00,134.00,124.00,124.00,124.00,124.00,124.00,124.00,124.00,124.00,124.00,124.00,124.00,124.00
2026-08-21 10:14:55,134.00,134.00,134.00,134.00,134.00,134.00,134.00,134.00,134.00,134.00,134.00,159.00,134.00,134.00,134.00,134.00,134.00,124.00,124.00,124.00,124.00,124.00,124.00,124.00,124.00,124.00,124.00,124.00,124.00
2026-08-21 10:24:57,134.00,134.00,134.00,134.00,134.00,134.00,134.00,134.00,134.00,134.00,134.00,159.00,134.00,134.00,134.00,134.00,134.00,124.00,124.00,124.00,124.00,124.00,124.00,124.00,124.00,124.00,124.00,124.00,124.00
2026-08-21 10:35:07,134.00,134.00,134.00,134.00,134.00,134.00,134.00,134.00,134.00,134.00,134.00,159.00,134.00,134.00,134.00,134.00,134.00,124.00,124.00,124.00,124.00,124.00,124.00,124.00,124.00,124.00,124.00,124.00,124.00
2026-08-21 10:44:56,134.00,134.00,134.00,134.00,134.00,134.00,134.00,134.00,134.00,134.00,134.00,159.00,134.00,134.00,134.00,134.00,134.00,124.00,124.00,124.00,124.00,124.00,124.00,124.00,124.00,124.00,124.00,124.00,124.00
2026-08-21 10:55:31,134.00,134.00,134.00,134.00,134.00,134.00,134.00,134.00,134.00,134.00,134.00,159.00,134.00,134.00,134.00,134.00,134.00,124.00,124.00,124.00,124.00,124.00,124.00,124.00,124.00,124.00,124.00,124.00,124.00
2026-08-21 11:05:25,134.00,134.00,134.00,134.00,134.00,134.00,134.00,134.00,134.00,134.00,134.00,159.00,134.00,134.00,134.00,134.00,134.00,124.00,124.00,124.00,124.00,124.00,124.00,124.00,124.00,124.00,124.00,124.00,124.00
2026-08-21 11:14:50,134.00,134.00,134.00,134.00,175.00,134.00,134.00,134.00,134.00,134.00,134.00,159.00,134.00,134.00,134.00,134.00,134.00,124.00,124.00,124.00,124.00,124.00,124.00,124.00,124.00,124.00,124.00,124.00,124.00
2026-08-21 11:24:55,134.00,134.00,134.00,134.00,175.00,134.00,134.00,134.00,134.00,134.00,134.00,159.00,134.00,134.00,134.00,134.00,134.00,124.00,124.00,124.00,124.00,124.00,124.00,124.00,124.00,124.00,124.00,124.00,124.00
2026-08-21 11:34:47,134.00,134.00,134.00,134.00,175.00,134.00,134.00,134.00,134.00,134.00,134.00,159.00,134.00,134.00,134.00,134.00,134.00,124.00,124.00,124.00,124.00,124.00,124.00,124.00,124.00,124.00,124.00,124.00,124.00
2026-08-21 11:45:03,134.00,134.00,134.00,134.00,175.00,134.00,134.00,134.00,134.00,134.00,134.00,159.00,134.00,134.00,134.00,134.00,134.00,124.00,124.00,124.00,124.00,124.00,124.00,124.00,124.00,124.00,124.00,124.00,124.00
2026-08-21 11:54:49,134.00,134.00,134.00,134.00,175.00,134.00,134.00,134.00,134.00,134.00,134.00,159.00,134.00,134.00,134.00,134.00,134.00,124.00,124.00,124.00,124.00,124.00,124.00,124.00,124.00,124.00,124.00,124.00,124.00
2026-08-21 12:05:11,134.00,134.00,134.00,134.00,175.00,134.00,134.00,134.00,134.00,134.00,134.00,159.00,134.00,134.00,134.00,134.00,134.00,124.00,124.00,124.00,124.00,124.00,124.00,124.00,124.00,124.00,124.00,124.00,124.00
2026-08-21 12:15:04,134.00,134.00,134.00,134.00,175.00,134.00,134.00,134.00,134.00,134.00,134.00,159.00,134.00,134.00,134.00,134.00,134.00,124.00,124.00,124.00,124.00,124.00,124.00,124.00,124.00,124.00,124.00,124.00,124.00
2026-08-21 12:24:53,134.00,134.00,134.00,134.00,175.00,134.00,134.00,134.00,134.00,134.00,134.00,159.00,134.00,134.00,134.00,134.00,134.00,124.00,124.00,124.00,124.00,124.00,124.00,124.00,124.00,124.00,124.00,124.00,124.00
2026-08-21 12:34:44,134.00,134.00,134.00,134.00,175.00,134.00,134.00,134.00,134.00,134.00,134.00,159.00,134.00,134.00,134.00,134.00,134.00,124.00,124.00,124.00,124.00,124.00,124.00,124.00,124.00,124.00,124.00,124.00,124.00
2026-08-21 12:45:10,134.00,134.00,134.00,134.00,175.00,134.00,134.00,134.00,134.00,134.00,134.00,159.00,134.00,134.00,134.00,134.00,134.00,124.00,124.00,124.00,124.00,124.00,124.00,124.00,124.00,124.00,124.00,124.00,124.00
2026-08-21 12:54:37,134.00,134.00,134.00,134.00,175.00,134.00,134.00,134.00,134.00,134.00,134.00,159.00,134.00,134.00,134.00,134.00,134.00,124.00,124.00,124.00,124.00,124.00,124.00,124.00,124.00,124.00,124.00,124.00,124.00
2026-08-21 13:05:00,134.00,134.00,134.00,134.00,175.00,134.00,134.00,134.00,134.00,134.00,134.00,159.00,134.00,134.00,134.00,134.00,134.00,124.00,124.00,124.00,124.00,124.00,124.00,124.00,124.00,124.00,124.00,124.00,124.00
2026-08-21 13:14:53,134.00,134.00,134.00,134.00,175.00,134.00,134.00,134.00,134.00,134.00,134.00,159.00,134.00,134.00,134.00,134.00,134.00,124.00,124.00,124.00,124.00,124.00,124.00,124.00,124.00,124.00,124.00,124.00,124.00
2026-08-21 13:24:52,134.00,134.00,134.00,134.00,175.00,134.00,134.00,134.00,134.00,134.00,134.00,159.00,134.00,134.00,134.00,134.00,134.00,124.00,124.00,124.00,124.00,124.00,124.00,124.00,124.00,124.00,124.00,124.00,124.00
2026-08-21 13:35:04,134.00,134.00,134.00,134.00,175.00,134.00,134.00,134.00,134.00,134.00,134.00,159.00,134.00,134.00,134.00,134.00,134.00,124.00,124.00,124.00,124.00,124.00,124.00,124.00,124.00,124.00,124.00,124.00,124.00
2026-08-21 13:45:01,134.00,134.00,134.00,134.00,175.00,134.00,134.00,134.00,134.00,134.00,134.00,159.00,134.00,134.00,134.00,134.00,134.00,124.00,124.00,124.00,124.00,124.00,124.00,124.00,124.00,124.00,124.00,124.00,124.00
2026-08-21 13:55:04,134.00,134.00,134.00,134.00,175.00,134.00,134.00,134.00,134.00,134.00,134.00,159.00,134.00,134.00,134.00,134.00,134.00,124.00,124.00,124.00,124.00,124.00,124.00,124.00,124.00,124.00,124.00,124.00,124.00
2026-08-21 14:05:08,134.00,134.00,134.00,134.00,175.00,134.00,134.00,134.00,134.00,134.00,134.00,159.00,134.00,134.00,134.00,134.00,134.00,124.00,124.00,124.00,124.00,124.00,124.00,124.00,124.00,124.00,124.00,124.00,124.00
2026-08-21 14:14:56,134.00,134.00,134.00,134.00,175.00,134.00,134.00,134.00,134.00,134.00,134.00,159.00,134.00,134.00,134.00,134.00,134.00,124.00,124.00,124.00,124.00,124.00,124.00,124.00,124.00,124.00,124.00,124.00,124.00
2026-08-21 14:25:05,134.00,134.00,134.00,134.00,175.00,134.00,134.00,134.00,134.00,134.00,134.00,159.00,134.00,134.00,134.00,134.00,134.00,124.00,124.00,124.00,124.00,124.00,124.00,124.00,124.00,124.00,124.00,124.00,124.00
2026-08-21 14:34:58,134.00,134.00,134.00,134.00,175.00,134.00,134.00,134.00,134.00,134.00,134.00,159.00,134.00,134.00,134.00,134.00,134.00,124.00,124.00,124.00,124.00,124.00,124.00,124.00,124.00,124.00,124.00,124.00,124.00
2026-08-21 14:45:08,134.00,134.00,134.00,134.00,175.00,134.00,134.00,134.00,134.00,134.00,134.00,159.00,134.00,134.00,134.00,134.00,134.00,124.00,124.00,124.00,124.00,124.00,124.00,124.00,124.00,124.00,124.00,124.00,124.00
2026-08-21 14:54:43,134.00,134.00,134.00,134.00,175.00,134.00,134.00,134.00,134.00,134.00,134.00,159.00,134.00,134.00,134.00,134.00,134.00,124.00,124.00,124.00,124.00,124.00,124.00,124.00,124.00,124.00,124.00,124.00,124.00
2026-08-21 15:04:44,134.00,134.00,134.00,134.00,175.00,134.00,134.00,134.00,134.00,134.00,134.00,159.00,134.00,134.00,134.00,134.00,134.00,124.00,124.00,124.00,124.00,124.00,124.00,124.00,124.00,124.00,124.00,124.00,124.00
2026-08-21 15:14:46,134.00,134.00,134.00,134.00,175.00,134.00,134.00,134.00,134.00,134.00,134.00,159.00,134.00,134.00,134.00,134.00,134.00,124.00,124.00,124.00,124.00,124.00,124.00,124.00,124.00,124.00,124.00,124.00,124.00
2026-08-21 15:25:02,134.00,134.00,134.00,134.00,175.00,134.00,134.00,134.00,134.00,134.00,134.00,159.00,134.00,134.00,134.00,134.00,134.00,124.00,124.00,124.00,124.00,124.00,124.00,124.00,124.00,124.00,124.00,124.00,124.00
2026-08-21 15:34:59,134.00,134.00,134.00,134.00,175.00,134.00,134.00,134.00,134.00,134.00,134.00,159.00,134.00,134.00,134.00,134.00,134.00,124.00,124.00,124.00,124.00,124.00,124.00,124.00,124.00,124.00,124.00,124.00,124.00
2026-08-21 15:45:14,134.00,134.00,134.00,134.00,175.00,134.00,134.00,134.00,134.00,134.00,134.00,159.00,134.00,134.00,134.00,134.00,134.00,124.00,124.00,124.00,124.00,124.00,124.00,124.00,124.00,124.00,124.00,124.00,124.00
2026-08-21 15:55:05,134.00,134.00,134.00,134.00,175.00,134.00,134.00,134.00,134.00,134.00,134.00,159.00,134.00,134.00,134.00,134.00,134.00,124.00,124.00,124.00,124.00,124.00,124.00,124.00,124.00,124.00,124.00,124.00,124.00
2026-08-21 16:05:11,134.00,134.00,134.00,134.00,175.00,134.00,134.00,134.00,134.00,134.00,134.00,159.00,134.00,134.00,134.00,134.00,134.00,124.00,124.00,124.00,124.00,124.00,124.00,124.00,124.00,124.00,124.00,124.00,124.00
2026-08-21 16:15:12,134.00,134.00,134.00,134.00,175.00,134.00,134.00,134.00,134.00,134.00,134.00,159.00,134.00,134.00,134.00,134.00,134.00,124.00,124.00,124.00,124.00,124.00,124.00,124.00,124.00,124.00,124.00,124.00,124.00
2026-08-21 16:24:39,134.00,134.00,134.00,134.00,175.00,134.00,134.00,134.00,134.00,134.00,134.00,159.00,134.00,134.00,134.00,134.00,134.00,124.00,124.00,124.00,124.00,124.00,124.00,124.00,124.00,124.00,124.00,124.00,124.00
2026-08-21 16:35:01,134.00,134.00,134.00,134.00,175.00,134.00,134.00,134.00,134.00,134.00,134.00,159.00,134.00,134.00,134.00,134.00,134.00,124.00,124.00,124.00,124.00,124.00,124.00,124.00,124.00,124.00,124.00,124.00,124.00
2026-08-21 16:45:02,134.00,134.00,134.00,134.00,175.00,134.00,134.00,134.00,134.00,134.00,134.00,159.00,134.00,134.00,134.00,134.00,134.00,124.00,124.00,124.00,124.00,124.00,124.00,124.00,124.00,124.00,124.00,124.00,124.00
2026-08-21 16:54:54,134.00,134.00,134.00,134.00,175.00,134.00,134.00,134.00,134.00,134.00,134.00,159.00,134.00,134.00,134.00,134.00,134.00,124.00,124.00,124.00,124.00,124.00,124.00,124.00,124.00,124.00,124.00,124.00,124.00
2026-08-21 17:04:37,134.00,134.00,134.00,134.00,175.00,134.00,134.00,134.00,134.00,134.00,134.00,159.00,134.00,134.00,134.00,134.00,134.00,124.00,124.00,124.00,124.00,124.00,124.00,124.00,124.00,124.00,124.00,124.00,124.00
2026-08-21 17:15:00,134.00,134.00,134.00,134.00,175.00,134.00,134.00,134.00,134.00,134.00,134.00,159.00,134.00,134.00,134.00,134.00,134.00,124.00,124.00,124.00,124.00,124.00,124.00,124.00,124.00,124.00,124.00,124.00,124.00
2026-08-21 17:24:54,134.00,134.00,134.00,134.00,175.00,134.00,134.00,134.00,134.00,134.00,134.00,159.00,134.00,134.00,134.00,134.00,134.00,124.00,124.00,124.00,124.00,124.00,124.00,124.00,124.00,124.00,124.00,124.00,124.00
2026-08-21 17:35:13,134.00,134.00,134.00,134.00,175.00,134.00,134.00,134.00,134.00,134.00,134.00,159.00,134.00,134.00,134.00,134.00,134.00,124.00,124.00,124.00,124.00,124.00,124.00,124.00,124.00,124.00,124.00,124.00,124.00
2026-08-21 17:44:48,134.00,134.00,134.00,134.00,175.00,134.00,134.00,134.00,134.00,134.00,134.00,159.00,134.00,134.00,134.00,134.00,134.00,124.00,124.00,124.00,124.00,124.00,124.00,124.00,124.00,124.00,124.00,124.00,124.00
2026-08-21 17:55:20,134.00,134.00,134.00,134.00,175.00,134.00,134.00,134.00,134.00,134.00,134.00,159.00,134.00,134.00,134.00,134.00,134.00,124.00,124.00,124.00,124.00,124.00,124.00,124.00,124.00,124.00,124.00,124.00,124.00
2026-08-21 18:05:20,134.00,134.00,134.00,134.00,175.00,134.00,134.00,134.00,134.00,134.00,134.00,159.00,134.00,134.00,134.00,134.00,134.00,124.00,124.00,124.00,124.00,124.00,124.00,124.00,124.00,124.00,124.00,124.00,124.00
2026-08-21 18:15:06,134.00,134.00,134.00,134.00,175.00,134.00,134.00,134.00,134.00,134.00,134.00,159.00,134.00,134.00,134.00,134.00,134.00,124.00,124.00,124.00,124.00,124.00,124.00,124.00,124.00,124.00,124.00,124.00,124.00
2026-08-21 18:25:03,134.00,134.00,134.00,134.00,175.00,134.00,134.00,134.00,134.00,134.00,134.00,159.00,134.00,134.00,134.00,134.00,134.00,124.00,124.00,124.00,124.00,124.00,124.00,124.00,124.00,124.00,124.00,124.00,124.00
2026-08-21 18:35:06,134.00,134.00,134.00,134.00,175.00,134.00,134.00,134.00,134.00,134.00,134.00,159.00,134.00,134.00,134.00,134.00,134.00,124.00,124.00,124.00,124.00,124.00,124.00,124.00,124.00,124.00,124.00,124.00,124.00
2026-08-21 18:45:03,134.00,134.00,134.00,134.00,175.00,134.00,134.00,134.00,134.00,134.00,134.00,159.00,134.00,134.00,134.00,134.00,134.00,124.00,124.00,124.00,124.00,124.00,124.00,124.00,124.00,124.00,124.00,124.00,124.00
2026-08-21 18:55:08,134.00,134.00,134.00,134.00,175.00,134.00,134.00,134.00,134.00,134.00,134.00,159.00,134.00,134.00,134.00,134.00,134.00,124.00,124.00,124.00,124.00,124.00,124.00,124.00,124.00,124.00,124.00,124.00,124.00
2026-08-21 19:04:54,134.00,134.00,134.00,134.00,175.00,134.00,134.00,134.00,134.00,134.00,134.00,159.00,134.00,134.00,134.00,134.00,134.00,124.00,124.00,124.00,124.00,124.00,124.00,124.00,124.00,124.00,124.00,124.00,124.00
2026-08-21 19:14:59,134.00,134.00,134.00,134.00,175.00,134.00,134.00,134.00,134.00,134.00,134.00,159.00,134.00,134.00,134.00,134.00,134.00,124.00,124.00,124.00,124.00,124.00,124.00,124.00,124.00,124.00,124.00,124.00,124.00
2026-08-21 19:24:53,134.00,134.00,134.00,134.00,175.00,134.00,134.00,134.00,134.00,134.00,134.00,159.00,134.00,134.00,134.00,134.00,134.00,124.00,124.00,124.00,124.00,124.00,124.00,124.00,124.00,124.00,124.00,124.00,124.00
2026-08-21 19:35:00,134.00,134.00,134.00,134.00,175.00,134.00,134.00,134.00,134.00,134.00,134.00,159.00,134.00,134.00,134.00,134.00,134.00,124.00,124.00,124.00,124.00,124.00,124.00,124.00,124.00,124.00,124.00,124.00,124.00
2026-08-21 19:45:01,134.00,134.00,134.00,134.00,175.00,134.00,134.00,134.00,134.00,134.00,134.00,159.00,134.00,134.00,134.00,134.00,134.00,124.00,124.00,124.00,124.00,124.00,124.00,124.00,124.00,124.00,124.00,124.00,124.00
2026-08-21 19:55:00,134.00,134.00,134.00,134.00,175.00,134.00,134.00,134.00,134.00,134.00,134.00,159.00,134.00,134.00,134.00,134.00,134.00,124.00,124.00,124.00,124.00,124.00,124.00,124.00,124.00,124.00,124.00,124.00,124.00
2026-08-21 20:05:10,134.00,134.00,134.00,134.00,175.00,134.00,134.00,134.00,134.00,134.00,134.00,159.00,134.00,134.00,134.00,134.00,134.00,124.00,124.00,124.00,124.00,124.00,124.00,124.00,124.00,124.00,124.00,124.00,124.00
2026-08-21 20:14:34,134.00,134.00,134.00,134.00,175.00,134.00,134.00,134.00,134.00,134.00,134.00,159.00,134.00,134.00,134.00,134.00,134.00,124.00,124.00,124.00,124.00,124.00,124.00,124.00,124.00,124.00,124.00,124.00,124.00
2026-08-21 20:25:08,134.00,134.00,134.00,134.00,175.00,134.00,134.00,134.00,134.00,134.00,134.00,159.00,134.00,134.00,134.00,134.00,134.00,124.00,124.00,124.00,124.00,124.00,124.00,124.00,124.00,124.00,124.00,124.00,124.00
2026-08-21 20:35:08,124.00,124.00,124.00,124.00,175.00,124.00,124.00,124.00,124.00,124.00,124.00,154.00,124.00,124.00,124.00,124.00,124.00,124.00,124.00,124.00,124.00,124.00,124.00,124.00,124.00,124.00,124.00,124.00,124.00
2026-08-21 20:45:08,124.00,124.00,124.00,124.00,175.00,124.00,124.00,124.00,124.00,124.00,124.00,154.00,124.00,124.00,124.00,124.00,124.00,124.00,124.00,124.00,124.00,124.00,124.00,124.00,124.00,124.00,124.00,124.00,124.00
2026-08-21 20:55:01,124.00,124.00,124.00,124.00,189.00,124.00,124.00,124.00,124.00,124.00,124.00,154.00,124.00,124.00,124.00,124.00,124.00,124.00,124.00,124.00,124.00,124.00,124.00,124.00,124.00,124.00,124.00,124.00,124.00
2026-08-21 21:05:16,124.00,124.00,124.00,124.00,189.00,124.00,124.00,124.00,124.00,124.00,124.00,154.00,124.00,124.00,124.00,124.00,124.00,124.00,124.00,124.00,124.00,124.00,124.00,124.00,124.00,124.00,124.00,124.00,124.00
2026-08-21 21:15:11,124.00,124.00,124.00,124.00,189.00,124.00,124.00,124.00,124.00,124.00,124.00,154.00,124.00,124.00,124.00,124.00,124.00,124.00,124.00,124.00,124.00,124.00,124.00,124.00,124.00,124.00,124.00,124.00,124.00
2026-08-21 21:24:56,124.00,124.00,124.00,124.00,189.00,124.00,124.00,124.00,124.00,124.00,124.00,154.00,124.00,124.00,124.00,124.00,124.00,124.00,124.00,124.00,124.00,124.00,124.00,124.00,124.00,124.00,124.00,124.00,124.00
2026-08-21 21:35:07,124.00,124.00,124.00,124.00,189.00,124.00,124.00,124.00,124.00,124.00,124.00,154.00,124.00,124.00,124.00,124.00,124.00,124.00,124.00,124.00,124.00,124.00,124.00,124.00,124.00,124.00,124.00,124.00,124.00
2026-08-21 21:45:07,124.00,124.00,124.00,124.00,189.00,124.00,124.00,124.00,124.00,124.00,124.00,154.00,124.00,124.00,124.00,124.00,124.00,124.00,124.00,124.00,124.00,124.00,124.00,124.00,124.00,124.00,124.00,124.00,124.00
2026-08-21 21:55:07,124.00,124.00,124.00,124.00,189.00,124.00,124.00,124.00,124.00,124.00,124.00,154.00,124.00,124.00,124.00,124.00,124.00,124.00,124.00,124.00,124.00,124.00,124.00,124.00,124.00,124.00,124.00,124.00,124.00
2026-08-21 22:05:26,124.00,124.00,124.00,124.00,189.00,124.00,124.00,124.00,124.00,124.00,124.00,154.00,124.00,124.00,124.00,124.00,124.00,124.00,124.00,124.00,124.00,124.00,124.00,124.00,124.00,124.00,124.00,124.00,124.00
2026-08-21 22:14:54,124.00,124.00,124.00,124.00,189.00,124.00,124.00,124.00,124.00,124.00,124.00,154.00,124.00,124.00,124.00,124.00,124.00,124.00,124.00,124.00,124.00,124.00,124.00,124.00,124.00,124.00,124.00,124.00,124.00
2026-08-21 22:25:07,124.00,124.00,124.00,124.00,189.00,124.00,124.00,124.00,124.00,124.00,124.00,154.00,124.00,124.00,124.00,124.00,124.00,124.00,124.00,124.00,124.00,124.00,124.00,124.00,124.00,124.00,124.00,124.00,124.00
2026-08-21 22:34:51,124.00,124.00,124.00,124.00,189.00,124.00,124.00,124.00,124.00,124.00,124.00,154.00,124.00,124.00,124.00,124.00,124.00,124.00,124.00,124.00,124.00,124.00,124.00,124.00,124.00,124.00,124.00,124.00,124.00
2026-08-21 22:45:12,124.00,124.00,124.00,124.00,189.00,124.00,124.00,124.00,124.00,124.00,124.00,154.00,124.00,124.00,124.00,124.00,124.00,124.00,124.00,124.00,124.00,124.00,124.00,124.00,124.00,124.00,124.00,124.00,124.00
2026-08-21 22:55:00,124.00,124.00,124.00,124.00,189.00,124.00,124.00,124.00,124.00,124.00,124.00,154.00,124.00,124.00,124.00,124.00,124.00,124.00,124.00,124.00,124.00,124.00,124.00,124.00,124.00,124.00,124.00,124.00,124.00
2026-08-21 23:05:24,124.00,124.00,124.00,124.00,189.00,124.00,124.00,124.00,124.00,124.00,124.00,154.00,124.00,124.00,124.00,124.00,124.00,124.00,124.00,124.00,124.00,124.00,124.00,124.00,124.00,124.00,124.00,124.00,124.00
2026-08-21 23:15:00,124.00,124.00,124.00,124.00,189.00,124.00,124.00,124.00,124.00,124.00,124.00,154.00,124.00,124.00,124.00,124.00,124.00,124.00,124.00,124.00,124.00,124.00,124.00,124.00,124.00,124.00,124.00,124.00,124.00
2026-08-21 23:25:00,124.00,124.00,124.00,124.00,189.00,124.00,124.00,124.00,124.00,124.00,124.00,154.00,124.00,124.00,124.00,124.00,124.00,124.00,124.00,124.00,124.00,124.00,124.00,124.00,124.00,124.00,124.00,124.00,124.00
2026-08-21 23:35:03,124.00,124.00,124.00,124.00,189.00,124.00,124.00,124.00,124.00,124.00,124.00,154.00,124.00,124.00,124.00,124.00,124.00,124.00,124.00,124.00,124.00,124.00,124.00,124.00,124.00,124.00,124.00,124.00,124.00
2026-08-21 23:45:01,124.00,124.00,124.00,124.00,189.00,124.00,124.00,124.00,124.00,124.00,124.00,154.00,124.00,124.00,124.00,124.00,124.00,124.00,124.00,124.00,124.00,124.00,124.00,124.00,124.00,124.00,124.00,124.00,124.00
2026-08-21 23:55:00,124.00,124.00,124.00,124.00,189.00,124.00,124.00,124.00,124.00,124.00,124.00,154.00,124.00,124.00,124.00,124.00,124.00,124.00,124.00,124.00,124.00,124.00,124.00,124.00,124.00,124.00,124.00,124.00,124.00
2026-08-22 00:05:20,124.00,124.00,124.00,124.00,189.00,124.00,124.00,124.00,124.00,124.00,124.00,154.00,124.00,124.00,124.00,124.00,124.00,124.00,124.00,124.00,124.00,124.00,124.00,124.00,124.00,124.00,124.00,124.00,124.00
2026-08-22 00:14:30,124.00,124.00,124.00,124.00,189.00,124.00,124.00,124.00,124.00,124.00,124.00,154.00,124.00,124.00,124.00,124.00,124.00,124.00,124.00,124.00,124.00,124.00,124.00,124.00,124.00,124.00,124.00,124.00,124.00
2026-08-22 00:25:05,124.00,124.00,124.00,124.00,189.00,124.00,124.00,124.00,124.00,124.00,124.00,154.00,124.00,124.00,124.00,124.00,124.00,124.00,124.00,124.00,124.00,124.00,124.00,124.00,124.00,124.00,124.00,124.00,124.00
2026-08-22 00:35:15,124.00,124.00,124.00,124.00,189.00,124.00,124.00,124.00,124.00,124.00,124.00,154.00,124.00,124.00,124.00,124.00,124.00,124.00,124.00,124.00,124.00,124.00,124.00,124.00,124.00,124.00,124.00,124.00,124.00
2026-08-22 00:45:04,124.00,124.00,124.00,124.00,189.00,124.00,124.00,124.00,124.00,124.00,124.00,154.00,124.00,124.00,124.00,124.00,124.00,124.00,124.00,124.00,124.00,124.00,124.00,124.00,124.00,124.00,124.00,124.00,124.00
2026-08-22 00:54:50,124.00,124.00,124.00,124.00,189.00,124.00,124.00,124.00,124.00,124.00,124.00,154.00,124.00,124.00,124.00,124.00,124.00,124.00,124.00,124.00,124.00,124.00,124.00,124.00,124.00,124.00,124.00,124.00,124.00
2026-08-22 01:05:03,124.00,124.00,124.00,124.00,189.00,124.00,124.00,124.00,124.00,124.00,124.00,154.00,124.00,124.00,124.00,124.00,124.00,124.00,124.00,124.00,124.00,124.00,124.00,124.00,124.00,124.00,124.00,124.00,124.00
2026-08-22 01:15:01,124.00,124.00,124.00,124.00,189.00,124.00,124.00,124.00,124.00,124.00,124.00,154.00,124.00,124.00,124.00,124.00,124.00,124.00,124.00,124.00,124.00,124.00,124.00,124.00,124.00,124.00,124.00,124.00,124.00
2026-08-22 01:25:14,124.00,124.00,124.00,124.00,189.00,124.00,124.00,124.00,124.00,124.00,124.00,154.00,124.00,124.00,124.00,124.00,124.00,124.00,124.00,124.00,124.00,124.00,124.00,124.00,124.00,124.00,124.00,124.00,124.00
2026-08-22 01:35:07,124.00,124.00,124.00,124.00,189.00,124.00,124.00,124.00,124.00,124.00,124.00,154.00,124.00,124.00,124.00,124.00,124.00,124.00,124.00,124.00,124.00,124.00,124.00,124.00,124.00,124.00,124.00,124.00,124.00
2026-08-22 01:45:14,124.00,124.00,124.00,124.00,189.00,124.00,124.00,124.00,124.00,124.00,124.00,154.00,124.00,124.00,124.00,124.00,124.00,124.00,124.00,124.00,124.00,124.00,124.00,124.00,124.00,124.00,124.00,124.00,124.00
2026-08-22 01:55:11,124.00,124.00,124.00,124.00,189.00,124.00,124.00,124.00,124.00,124.00,124.00,154.00,124.00,124.00,124.00,124.00,124.00,124.00,124.00,124.00,124.00,124.00,124.00,124.00,124.00,124.00,124.00,124.00,124.00
2026-08-22 02:05:08,124.00,124.00,124.00,124.00,189.00,124.00,124.00,124.00,124.00,124.00,124.00,154.00,124.00,124.00,124.00,124.00,124.00,124.00,124.00,124.00,124.00,124.00,124.00,124.00,124.00,124.00,124.00,124.00,124.00
2026-08-22 02:15:00,124.00,124.00,124.00,124.00,189.00,124.00,124.00,124.00,124.00,124.00,124.00,154.00,124.00,124.00,124.00,124.00,124.00,124.00,124.00,124.00,124.00,124.00,124.00,124.00,124.00,124.00,124.00,124.00,124.00
2026-08-22 02:25:05,124.00,124.00,124.00,124.00,189.00,124.00,124.00,124.00,124.00,124.00,124.00,154.00,124.00,124.00,124.00,124.00,124.00,124.00,124.00,124.00,124.00,124.00,124.00,124.00,124.00,124.00,124.00,124.00,124.00
2026-08-22 02:35:16,124.00,124.00,124.00,124.00,189.00,124.00,124.00,124.00,124.00,124.00,124.00,154.00,124.00,124.00,124.00,124.00,124.00,124.00,124.00,124.00,124.00,124.00,124.00,124.00,124.00,124.00,124.00,124.00,124.00
2026-08-22 02:45:07,124.00,124.00,124.00,124.00,189.00,124.00,124.00,124.00,124.00,124.00,124.00,154.00,124.00,124.00,124.00,124.00,124.00,124.00,124.00,124.00,124.00,124.00,124.00,124.00,124.00,124.00,124.00,124.00,124.00
2026-08-22 02:54:57,124.00,124.00,124.00,124.00,189.00,124.00,124.00,124.00,124.00,124.00,124.00,154.00,124.00,124.00,124.00,124.00,124.00,124.00,124.00,124.00,124.00,124.00,124.00,124.00,124.00,124.00,124.00,124.00,124.00
2026-08-22 03:04:59,124.00,124.00,124.00,124.00,189.00,124.00,124.00,124.00,124.00,124.00,124.00,154.00,124.00,124.00,124.00,124.00,124.00,124.00,124.00,124.00,124.00,124.00,124.00,124.00,124.00,124.00,124.00,124.00,124.00
2026-08-22 03:15:14,124.00,124.00,124.00,124.00,189.00,124.00,124.00,124.00,124.00,124.00,124.00,154.00,124.00,124.00,124.00,124.00,124.00,124.00,124.00,124.00,124.00,124.00,124.00,124.00,124.00,124.00,124.00,124.00,124.00
2026-08-22 03:25:14,124.00,124.00,124.00,124.00,189.00,124.00,124.00,124.00,124.00,124.00,124.00,154.00,124.00,124.00,124.00,124.00,124.00,124.00,124.00,124.00,124.00,124.00,124.00,124.00,124.00,124.00,124.00,124.00,124.00
2026-08-22 03:35:12,124.00,124.00,124.00,124.00,189.00,124.00,124.00,124.00,124.00,124.00,124.00,154.00,124.00,124.00,124.00,124.00,124.00,124.00,124.00,124.00,124.00,124.00,124.00,124.00,124.00,124.00,124.00,124.00,124.00
2026-08-22 03:45:00,124.00,124.00,124.00,124.00,189.00,124.00,124.00,124.00,124.00,124.00,124.00,154.00,124.00,124.00,124.00,124.00,124.00,124.00,124.00,124.00,124.00,124.00,124.00,124.00,124.00,124.00,124.00,124.00,124.00
2026-08-22 03:55:12,124.00,124.00,124.00,124.00,189.00,124.00,124.00,124.00,124.00,124.00,124.00,154.00,124.00,124.00,124.00,124.00,124.00,124.00,124.00,124.00,124.00,124.00,124.00,124.00,124.00,124.00,124.00,124.00,124.00
2026-08-22 04:05:13,124.00,124.00,124.00,124.00,189.00,124.00,124.00,124.00,124.00,124.00,124.00,154.00,124.00,124.00,124.00,124.00,124.00,124.00,124.00,124.00,124.00,124.00,124.00,124.00,124.00,124.00,124.00,124.00,124.00
2026-08-22 04:15:14,124.00,124.00,124.00,124.00,189.00,124.00,124.00,124.00,124.00,124.00,124.00,154.00,124.00,124.00,124.00,124.00,124.00,124.00,124.00,124.00,124.00,124.00,124.00,124.00,124.00,124.00,124.00,124.00,124.00
2026-08-22 04:25:08,124.00,124.00,124.00,124.00,189.00,124.00,124.00,124.00,124.00,124.00,124.00,154.00,124.00,124.00,124.00,124.00,124.00,124.00,,,124.00,124.00,124.00,,,,124.00,,124.00
2026-08-22 04:35:10,124.00,124.00,124.00,124.00,189.00,124.00,124.00,124.00,124.00,124.00,124.00,154.00,124.00,124.00,124.00,124.00,124.00,124.00,,,124.00,124.00,124.00,,,,124.00,,124.00
2026-08-22 04:45:08,124.00,124.00,124.00,124.00,189.00,124.00,124.00,124.00,124.00,124.00,124.00,154.00,124.00,124.00,124.00,124.00,124.00,124.00,,,124.00,124.00,124.00,,,,124.00,,124.00
2026-08-22 04:55:06,124.00,124.00,124.00,124.00,189.00,124.00,124.00,124.00,124.00,124.00,124.00,154.00,124.00,124.00,124.00,124.00,124.00,124.00,,,124.00,124.00,124.00,,,,124.00,,124.00
2026-08-22 05:05:13,124.00,124.00,124.00,124.00,189.00,124.00,124.00,124.00,124.00,124.00,124.00,154.00,124.00,124.00,124.00,124.00,124.00,124.00,124.00,124.00,124.00,124.00,124.00,124.00,124.00,124.00,124.00,124.00,124.00
2026-08-22 05:15:13,124.00,124.00,124.00,124.00,189.00,124.00,124.00,124.00,124.00,124.00,124.00,154.00,124.00,124.00,124.00,124.00,124.00,124.00,124.00,124.00,124.00,124.00,124.00,124.00,124.00,124.00,124.00,124.00,124.00
2026-08-22 05:25:20,124.00,124.00,124.00,124.00,189.00,124.00,124.00,124.00,124.00,124.00,124.00,154.00,124.00,124.00,124.00,124.00,124.00,124.00,124.00,124.00,124.00,124.00,124.00,124.00,124.00,124.00,124.00,124.00,124.00
2026-08-22 05:34:33,124.00,124.00,124.00,124.00,189.00,124.00,124.00,124.00,124.00,124.00,124.00,154.00,124.00,124.00,124.00,124.00,124.00,124.00,124.00,124.00,124.00,124.00,124.00,124.00,124.00,124.00,124.00,124.00,124.00
2026-08-22 05:45:19,124.00,124.00,124.00,124.00,189.00,124.00,124.00,124.00,124.00,124.00,124.00,154.00,124.00,124.00,124.00,124.00,124.00,124.00,124.00,124.00,124.00,124.00,124.00,124.00,124.00,124.00,124.00,124.00,124.00
2026-08-22 05:54:45,124.00,124.00,124.00,124.00,189.00,124.00,124.00,124.00,124.00,124.00,124.00,154.00,124.00,124.00,124.00,124.00,124.00,124.00,124.00,124.00,124.00,124.00,124.00,124.00,124.00,124.00,124.00,124.00,124.00
2026-08-22 06:05:08,124.00,124.00,124.00,124.00,189.00,124.00,124.00,124.00,124.00,124.00,124.00,154.00,124.00,124.00,124.00,124.00,124.00,124.00,124.00,124.00,124.00,124.00,124.00,124.00,124.00,124.00,124.00,124.00,124.00
2026-08-22 06:15:26,124.00,124.00,124.00,124.00,189.00,124.00,124.00,124.00,124.00,124.00,124.00,154.00,124.00,124.00,124.00,124.00,124.00,124.00,124.00,124.00,124.00,124.00,124.00,124.00,124.00,124.00,124.00,124.00,124.00
2026-08-22 06:25:17,124.00,124.00,124.00,124.00,189.00,124.00,124.00,124.00,124.00,124.00,124.00,154.00,124.00,124.00,124.00,124.00,124.00,124.00,124.00,124.00,124.00,124.00,124.00,124.00,124.00,124.00,124.00,124.00,124.00
2026-08-22 06:35:18,124.00,124.00,124.00,124.00,189.00,124.00,124.00,124.00,124.00,124.00,124.00,154.00,124.00,124.00,124.00,124.00,124.00,124.00,124.00,124.00,124.00,124.00,124.00,124.00,124.00,124.00,124.00,124.00,124.00
2026-08-22 06:45:02,124.00,124.00,124.00,124.00,189.00,124.00,124.00,124.00,124.00,124.00,124.00,154.00,124.00,124.00,124.00,124.00,124.00,124.00,124.00,124.00,124.00,124.00,124.00,124.00,124.00,124.00,124.00,124.00,124.00
2026-08-22 06:54:36,124.00,124.00,124.00,124.00,189.00,124.00,124.00,124.00,124.00,124.00,124.00,154.00,124.00,124.00,124.00,124.00,124.00,124.00,124.00,124.00,124.00,124.00,124.00,124.00,124.00,124.00,124.00,124.00,124.00
2026-08-22 07:05:16,124.00,124.00,124.00,124.00,189.00,124.00,124.00,124.00,124.00,124.00,124.00,154.00,124.00,124.00,124.00,124.00,124.00,124.00,124.00,124.00,124.00,124.00,124.00,124.00,124.00,124.00,124.00,124.00,124.00
2026-08-22 07:15:12,124.00,124.00,124.00,124.00,189.00,124.00,124.00,124.00,124.00,124.00,124.00,154.00,124.00,124.00,124.00,124.00,124.00,124.00,124.00,124.00,124.00,124.00,124.00,124.00,124.00,124.00,124.00,124.00,124.00
2026-08-22 07:25:15,124.00,124.00,124.00,124.00,189.00,124.00,124.00,124.00,124.00,124.00,124.00,154.00,124.00,124.00,124.00,124.00,124.00,124.00,124.00,124.00,124.00,124.00,124.00,124.00,124.00,124.00,124.00,124.00,124.00
2026-08-22 07:35:20,124.00,124.00,124.00,124.00,189.00,124.00,124.00,124.00,124.00,124.00,124.00,154.00,124.00,124.00,124.00,124.00,124.00,124.00,124.00,124.00,124.00,124.00,124.00,124.00,124.00,124.00,124.00,124.00,124.00
2026-08-22 07:45:24,124.00,124.00,124.00,124.00,189.00,124.00,124.00,124.00,124.00,124.00,124.00,154.00,124.00,124.00,124.00,124.00,124.00,124.00,124.00,124.00,124.00,124.00,124.00,124.00,124.00,124.00,124.00,124.00,124.00
2026-08-22 07:55:15,124.00,124.00,124.00,124.00,189.00,124.00,124.00,124.00,124.00,124.00,124.00,154.00,124.00,124.00,124.00,124.00,124.00,124.00,124.00,124.00,124.00,124.00,124.00,124.00,124.00,124.00,124.00,124.00,124.00
2026-08-22 08:05:19,124.00,124.00,124.00,124.00,189.00,124.00,124.00,124.00,124.00,124.00,124.00,154.00,124.00,124.00,124.00,124.00,124.00,124.00,124.00,124.00,124.00,124.00,124.00,124.00,124.00,124.00,124.00,124.00,124.00
2026-08-22 08:15:15,124.00,124.00,124.00,124.00,189.00,124.00,124.00,124.00,124.00,124.00,124.00,154.00,124.00,124.00,124.00,124.00,124.00,124.00,124.00,124.00,124.00,124.00,124.00,124.00,124.00,124.00,124.00,124.00,124.00
2026-08-22 08:25:24,124.00,124.00,124.00,124.00,189.00,124.00,124.00,124.00,124.00,124.00,124.00,154.00,124.00,124.00,124.00,124.00,124.00,124.00,124.00,124.00,124.00,124.00,124.00,124.00,124.00,124.00,124.00,124.00,124.00
2026-08-22 08:35:21,124.00,124.00,124.00,124.00,189.00,124.00,124.00,124.00,124.00,124.00,124.00,154.00,124.00,124.00,124.00,124.00,124.00,124.00,124.00,124.00,124.00,124.00,124.00,124.00,124.00,124.00,124.00,124.00,124.00
2026-08-22 08:45:16,124.00,124.00,124.00,124.00,189.00,124.00,124.00,124.00,124.00,124.00,124.00,154.00,124.00,124.00,124.00,124.00,124.00,124.00,124.00,124.00,124.00,124.00,124.00,124.00,124.00,124.00,124.00,124.00,124.00
2026-08-22 08:54:51,124.00,124.00,124.00,124.00,189.00,124.00,124.00,124.00,124.00,124.00,124.00,154.00,124.00,124.00,124.00,124.00,124.00,124.00,124.00,124.00,124.00,124.00,124.00,124.00,124.00,124.00,124.00,124.00,124.00
2026-08-22 09:05:25,124.00,124.00,124.00,124.00,189.00,124.00,124.00,124.00,124.00,124.00,124.00,154.00,124.00,124.00,124.00,124.00,124.00,124.00,124.00,124.00,124.00,124.00,124.00,124.00,124.00,124.00,124.00,124.00,124.00
2026-08-22 09:14:56,124.00,124.00,124.00,124.00,189.00,124.00,124.00,124.00,124.00,124.00,124.00,154.00,124.00,124.00,124.00,124.00,124.00,124.00,124.00,124.00,124.00,124.00,124.00,124.00,124.00,124.00,124.00,124.00,124.00
2026-08-22 09:25:18,124.00,124.00,124.00,124.00,189.00,124.00,124.00,124.00,124.00,124.00,124.00,154.00,124.00,124.00,124.00,124.00,124.00,124.00,124.00,124.00,124.00,124.00,124.00,124.00,124.00,124.00,124.00,124.00,124.00
2026-08-22 09:35:13,124.00,124.00,124.00,124.00,189.00,124.00,124.00,124.00,124.00,124.00,124.00,154.00,124.00,124.00,124.00,124.00,124.00,124.00,124.00,124.00,124.00,124.00,124.00,124.00,124.00,124.00,124.00,124.00,124.00
2026-08-22 09:45:17,124.00,124.00,124.00,124.00,189.00,124.00,124.00,124.00,124.00,124.00,124.00,154.00,124.00,124.00,124.00,124.00,124.00,124.00,124.00,124.00,124.00,124.00,124.00,124.00,124.00,124.00,124.00,124.00,124.00
2026-08-22 09:54:45,124.00,124.00,124.00,124.00,189.00,124.00,124.00,124.00,124.00,124.00,124.00,154.00,124.00,124.00,124.00,124.00,124.00,124.00,124.00,124.00,124.00,124.00,124.00,124.00,124.00,124.00,124.00,124.00,124.00
2026-08-22 10:05:12,124.00,124.00,124.00,124.00,189.00,124.00,124.00,124.00,124.00,124.00,124.00,154.00,124.00,124.00,124.00,124.00,124.00,124.00,124.00,124.00,124.00,124.00,124.00,124.00,124.00,124.00,124.00,124.00,124.00
2026-08-22 10:25:10,124.00,124.00,124.00,124.00,189.00,124.00,124.00,124.00,124.00,124.00,124.00,154.00,124.00,124.00,124.00,124.00,124.00,124.00,124.00,124.00,124.00,124.00,124.00,124.00,124.00,124.00,124.00,124.00,124.00
2026-08-22 10:35:22,124.00,124.00,124.00,124.00,189.00,124.00,124.00,124.00,124.00,124.00,124.00,154.00,124.00,124.00,124.00,124.00,124.00,124.00,124.00,124.00,124.00,124.00,124.00,124.00,124.00,124.00,124.00,124.00,124.00
2026-08-22 10:45:23,124.00,124.00,124.00,124.00,189.00,124.00,124.00,124.00,124.00,124.00,124.00,154.00,124.00,124.00,124.00,124.00,124.00,124.00,124.00,124.00,124.00,124.00,124.00,124.00,124.00,124.00,124.00,124.00,124.00
2026-08-22 10:55:13,124.00,124.00,124.00,124.00,189.00,124.00,124.00,124.00,124.00,124.00,124.00,154.00,124.00,124.00,124.00,124.00,124.00,124.00,124.00,124.00,124.00,124.00,124.00,124.00,124.00,124.00,124.00,124.00,124.00
2026-08-22 11:05:12,124.00,124.00,124.00,124.00,189.00,124.00,124.00,124.00,124.00,124.00,124.00,154.00,124.00,124.00,124.00,124.00,124.00,124.00,124.00,124.00,124.00,124.00,124.00,124.00,124.00,124.00,124.00,124.00,124.00
2026-08-22 11:15:16,124.00,124.00,124.00,124.00,189.00,124.00,124.00,124.00,124.00,124.00,124.00,154.00,124.00,124.00,124.00,124.00,124.00,124.00,124.00,124.00,124.00,124.00,124.00,124.00,124.00,124.00,124.00,124.00,124.00
2026-08-22 11:25:08,124.00,124.00,124.00,124.00,189.00,124.00,124.00,124.00,124.00,124.00,124.00,154.00,124.00,124.00,124.00,124.00,124.00,124.00,124.00,124.00,124.00,124.00,124.00,124.00,124.00,124.00,124.00,124.00,124.00
2026-08-22 11:35:21,124.00,124.00,124.00,124.00,189.00,124.00,124.00,124.00,124.00,124.00,124.00,154.00,124.00,124.00,124.00,124.00,124.00,124.00,124.00,124.00,124.00,124.00,124.00,124.00,124.00,124.00,124.00,124.00,124.00
2026-08-22 11:45:18,124.00,124.00,124.00,124.00,189.00,124.00,124.00,124.00,124.00,124.00,124.00,154.00,124.00,124.00,124.00,124.00,124.00,124.00,124.00,124.00,124.00,124.00,124.00,124.00,124.00,124.00,124.00,124.00,124.00
2026-08-22 11:55:11,124.00,124.00,124.00,124.00,189.00,124.00,124.00,124.00,124.00,124.00,124.00,154.00,124.00,124.00,124.00,124.00,124.00,124.00,124.00,124.00,124.00,124.00,124.00,124.00,124.00,124.00,124.00,124.00,124.00
2026-08-22 12:05:22,124.00,124.00,124.00,124.00,189.00,124.00,124.00,124.00,124.00,124.00,124.00,154.00,124.00,124.00,124.00,124.00,124.00,124.00,124.00,124.00,124.00,124.00,124.00,124.00,124.00,124.00,124.00,124.00,124.00
2026-08-22 12:14:51,124.00,124.00,124.00,124.00,189.00,124.00,124.00,124.00,124.00,124.00,124.00,154.00,124.00,124.00,124.00,124.00,124.00,124.00,124.00,124.00,124.00,124.00,124.00,124.00,124.00,124.00,124.00,124.00,124.00
2026-08-22 12:24:51,124.00,124.00,124.00,124.00,189.00,124.00,124.00,124.00,124.00,124.00,124.00,154.00,124.00,124.00,124.00,124.00,124.00,124.00,124.00,124.00,124.00,124.00,124.00,124.00,124.00,124.00,124.00,124.00,124.00
2026-08-22 12:35:25,124.00,124.00,124.00,124.00,189.00,124.00,124.00,124.00,124.00,124.00,124.00,154.00,124.00,124.00,124.00,124.00,124.00,124.00,124.00,124.00,124.00,124.00,124.00,124.00,124.00,124.00,124.00,124.00,124.00
2026-08-22 12:45:11,124.00,124.00,124.00,124.00,189.00,124.00,124.00,124.00,124.00,124.00,124.00,154.00,124.00,124.00,124.00,124.00,124.00,124.00,124.00,124.00,124.00,124.00,124.00,124.00,124.00,124.00,124.00,124.00,124.00
2026-08-22 12:55:23,124.00,124.00,124.00,124.00,189.00,124.00,124.00,124.00,124.00,124.00,124.00,154.00,124.00,124.00,124.00,124.00,124.00,124.00,124.00,124.00,124.00,124.00,124.00,124.00,124.00,124.00,124.00,124.00,124.00
2026-08-22 13:05:12,124.00,124.00,124.00,124.00,189.00,124.00,124.00,124.00,124.00,124.00,124.00,154.00,124.00,124.00,124.00,124.00,124.00,124.00,124.00,124.00,124.00,124.00,124.00,124.00,124.00,124.00,124.00,124.00,124.00
2026-08-22 13:15:02,124.00,124.00,124.00,124.00,189.00,124.00,124.00,124.00,124.00,124.00,124.00,154.00,124.00,124.00,124.00,124.00,124.00,124.00,124.00,124.00,124.00,124.00,124.00,124.00,124.00,124.00,124.00,124.00,124.00
2026-08-22 13:25:15,124.00,124.00,124.00,124.00,189.00,124.00,124.00,124.00,124.00,124.00,124.00,154.00,124.00,124.00,124.00,124.00,124.00,124.00,124.00,124.00,124.00,124.00,124.00,124.00,124.00,124.00,124.00,124.00,124.00
2026-08-22 13:35:19,124.00,124.00,124.00,124.00,189.00,124.00,124.00,124.00,124.00,124.00,124.00,154.00,124.00,124.00,124.00,124.00,124.00,124.00,124.00,124.00,124.00,124.00,124.00,124.00,124.00,124.00,124.00,124.00,124.00
2026-08-22 13:44:51,124.00,124.00,124.00,124.00,189.00,124.00,124.00,124.00,124.00,124.00,124.00,154.00,124.00,124.00,124.00,124.00,124.00,124.00,124.00,124.00,124.00,124.00,124.00,124.00,124.00,124.00,124.00,124.00,124.00
2026-08-22 13:55:09,124.00,124.00,124.00,124.00,189.00,124.00,124.00,124.00,124.00,124.00,124.00,154.00,124.00,124.00,124.00,124.00,124.00,124.00,124.00,124.00,124.00,124.00,124.00,124.00,124.00,124.00,124.00,124.00,124.00
2026-08-22 14:05:20,124.00,124.00,124.00,124.00,189.00,124.00,124.00,124.00,124.00,124.00,124.00,154.00,124.00,124.00,124.00,124.00,124.00,124.00,124.00,124.00,124.00,124.00,124.00,124.00,124.00,124.00,124.00,124.00,124.00
2026-08-22 14:15:14,124.00,124.00,124.00,124.00,189.00,124.00,124.00,124.00,124.00,124.00,124.00,154.00,124.00,124.00,124.00,124.00,124.00,124.00,124.00,124.00,124.00,124.00,124.00,124.00,124.00,124.00,124.00,124.00,124.00
2026-08-22 14:25:13,124.00,124.00,124.00,124.00,189.00,124.00,124.00,124.00,124.00,124.00,124.00,154.00,124.00,124.00,124.00,124.00,124.00,124.00,124.00,124.00,124.00,124.00,124.00,124.00,124.00,124.00,124.00,124.00,124.00
2026-08-22 14:35:21,124.00,124.00,124.00,124.00,189.00,124.00,124.00,124.00,124.00,124.00,124.00,154.00,124.00,124.00,124.00,124.00,124.00,124.00,124.00,124.00,124.00,124.00,124.00,124.00,124.00,124.00,124.00,124.00,124.00
2026-08-22 14:45:14,124.00,124.00,124.00,124.00,189.00,124.00,124.00,124.00,124.00,124.00,124.00,154.00,124.00,124.00,124.00,124.00,124.00,124.00,124.00,124.00,124.00,124.00,124.00,124.00,124.00,124.00,124.00,124.00,124.00
2026-08-22 14:55:19,124.00,124.00,124.00,124.00,189.00,124.00,124.00,124.00,124.00,124.00,124.00,154.00,124.00,124.00,124.00,124.00,124.00,124.00,124.00,124.00,124.00,124.00,124.00,124.00,124.00,124.00,124.00,124.00,124.00
2026-08-22 15:05:09,124.00,124.00,124.00,124.00,189.00,124.00,124.00,124.00,124.00,124.00,124.00,154.00,124.00,124.00,124.00,124.00,124.00,124.00,124.00,124.00,124.00,124.00,124.00,124.00,124.00,124.00,124.00,124.00,124.00
2026-08-22 15:15:05,124.00,124.00,124.00,124.00,189.00,124.00,124.00,124.00,124.00,124.00,124.00,154.00,124.00,124.00,124.00,124.00,124.00,124.00,124.00,124.00,124.00,124.00,124.00,124.00,124.00,124.00,124.00,124.00,124.00
2026-08-22 15:25:32,124.00,124.00,124.00,124.00,189.00,124.00,124.00,124.00,124.00,124.00,124.00,154.00,124.00,124.00,124.00,124.00,124.00,124.00,124.00,124.00,124.00,124.00,124.00,124.00,124.00,124.00,124.00,124.00,124.00
2026-08-22 15:35:16,124.00,124.00,124.00,124.00,189.00,124.00,124.00,124.00,124.00,124.00,124.00,154.00,124.00,124.00,124.00,124.00,124.00,124.00,124.00,124.00,124.00,124.00,124.00,124.00,124.00,124.00,124.00,124.00,124.00
2026-08-22 15:45:32,124.00,124.00,124.00,124.00,189.00,124.00,124.00,124.00,124.00,124.00,124.00,154.00,124.00,124.00,124.00,124.00,124.00,124.00,,,124.00,124.00,124.00,,,,124.00,,124.00
2026-08-22 15:55:10,124.00,124.00,124.00,124.00,189.00,124.00,124.00,124.00,124.00,124.00,124.00,154.00,124.00,124.00,124.00,124.00,124.00,124.00,124.00,124.00,124.00,124.00,124.00,124.00,124.00,124.00,124.00,124.00,124.00
2026-08-22 16:05:20,124.00,124.00,124.00,124.00,189.00,124.00,124.00,124.00,124.00,124.00,124.00,154.00,124.00,124.00,124.00,124.00,124.00,124.00,124.00,124.00,124.00,124.00,124.00,124.00,124.00,124.00,124.00,124.00,124.00
2026-08-22 16:15:06,124.00,124.00,124.00,124.00,189.00,124.00,124.00,124.00,124.00,124.00,124.00,154.00,124.00,124.00,124.00,124.00,124.00,124.00,124.00,124.00,124.00,124.00,124.00,124.00,124.00,124.00,124.00,124.00,124.00
2026-08-22 16:25:07,124.00,124.00,124.00,124.00,189.00,124.00,124.00,124.00,124.00,124.00,124.00,154.00,124.00,124.00,124.00,124.00,124.00,124.00,124.00,124.00,124.00,124.00,124.00,124.00,124.00,124.00,124.00,124.00,124.00
2026-08-22 16:35:28,124.00,124.00,124.00,124.00,189.00,124.00,124.00,124.00,124.00,124.00,124.00,154.00,124.00,124.00,124.00,124.00,124.00,124.00,124.00,124.00,124.00,124.00,124.00,124.00,124.00,124.00,124.00,124.00,124.00
2026-08-22 16:44:34,124.00,124.00,124.00,124.00,189.00,124.00,124.00,124.00,124.00,124.00,124.00,154.00,124.00,124.00,124.00,124.00,124.00,124.00,124.00,124.00,124.00,124.00,124.00,124.00,124.00,124.00,124.00,124.00,124.00
2026-08-22 16:54:51,124.00,124.00,124.00,124.00,189.00,124.00,124.00,124.00,124.00,124.00,124.00,154.00,124.00,124.00,124.00,124.00,124.00,124.00,124.00,124.00,124.00,124.00,124.00,124.00,124.00,124.00,124.00,124.00,124.00
2026-08-22 17:14:59,124.00,124.00,124.00,124.00,189.00,124.00,124.00,124.00,124.00,124.00,124.00,154.00,124.00,124.00,124.00,124.00,124.00,124.00,124.00,124.00,124.00,124.00,124.00,124.00,124.00,124.00,124.00,124.00,124.00
2026-08-22 17:25:23,124.00,124.00,124.00,124.00,189.00,124.00,124.00,124.00,124.00,124.00,124.00,154.00,124.00,124.00,124.00,124.00,124.00,124.00,,,124.00,124.00,124.00,,,,124.00,,124.00
2026-08-22 17:35:19,124.00,124.00,124.00,124.00,189.00,124.00,124.00,124.00,124.00,124.00,124.00,154.00,124.00,124.00,124.00,124.00,124.00,124.00,,,124.00,124.00,124.00,,,,124.00,,124.00
2026-08-22 17:45:26,,124.00,,,189.00,124.00,124.00,,,124.00,124.00,,,124.00,124.00,124.00,124.00,124.00,,,124.00,124.00,124.00,,,,124.00,,124.00
2026-08-22 17:55:28,124.00,124.00,124.00,124.00,189.00,124.00,124.00,124.00,124.00,124.00,124.00,154.00,124.00,124.00,124.00,124.00,124.00,124.00,124.00,124.00,124.00,124.00,124.00,124.00,124.00,124.00,124.00,124.00,124.00
2026-08-22 18:05:30,124.00,124.00,124.00,124.00,189.00,124.00,124.00,124.00,124.00,124.00,124.00,154.00,124.00,124.00,124.00,124.00,124.00,124.00,124.00,124.00,124.00,124.00,124.00,124.00,124.00,124.00,124.00,124.00,124.00
2026-08-22 18:15:30,124.00,124.00,124.00,124.00,189.00,124.00,124.00,124.00,124.00,124.00,124.00,154.00,124.00,124.00,124.00,124.00,124.00,124.00,124.00,124.00,124.00,124.00,124.00,124.00,124.00,124.00,124.00,124.00,124.00
2026-08-22 18:25:18,124.00,124.00,124.00,124.00,189.00,124.00,124.00,124.00,124.00,124.00,124.00,154.00,124.00,124.00,124.00,124.00,124.00,124.00,124.00,124.00,124.00,124.00,124.00,124.00,124.00,124.00,124.00,124.00,124.00
2026-08-22 18:35:21,124.00,124.00,124.00,124.00,189.00,124.00,124.00,124.00,124.00,124.00,124.00,154.00,124.00,124.00,124.00,124.00,124.00,124.00,124.00,124.00,124.00,124.00,124.00,124.00,124.00,124.00,124.00,124.00,124.00
2026-08-22 18:45:23,124.00,124.00,124.00,124.00,189.00,124.00,124.00,124.00,124.00,124.00,124.00,154.00,124.00,124.00,124.00,124.00,124.00,124.00,124.00,124.00,124.00,124.00,124.00,124.00,124.00,124.00,124.00,124.00,124.00
2026-08-22 18:55:20,124.00,124.00,124.00,124.00,189.00,124.00,124.00,124.00,124.00,124.00,124.00,154.00,124.00,124.00,124.00,124.00,124.00,124.00,124.00,124.00,124.00,124.00,124.00,124.00,124.00,124.00,124.00,124.00,124.00
2026-08-22 19:05:20,124.00,124.00,124.00,124.00,189.00,124.00,124.00,124.00,124.00,124.00,124.00,154.00,124.00,124.00,124.00,124.00,124.00,124.00,124.00,124.00,124.00,124.00,124.00,124.00,124.00,124.00,124.00,124.00,124.00
2026-08-22 19:15:27,124.00,124.00,124.00,124.00,189.00,124.00,124.00,124.00,124.00,124.00,124.00,154.00,124.00,124.00,124.00,124.00,124.00,124.00,124.00,124.00,124.00,124.00,124.00,124.00,124.00,124.00,124.00,124.00,124.00
2026-08-22 19:25:27,,124.00,,,189.00,124.00,124.00,,,124.00,124.00,,,124.00,124.00,124.00,124.00,124.00,,,124.00,124.00,124.00,,,,124.00,,124.00
2026-08-22 19:35:28,124.00,124.00,124.00,124.00,189.00,124.00,124.00,124.00,124.00,124.00,124.00,154.00,124.00,124.00,124.00,124.00,124.00,124.00,124.00,124.00,124.00,124.00,124.00,124.00,124.00,124.00,124.00,124.00,124.00
2026-08-22 19:45:19,124.00,124.00,124.00,124.00,189.00,124.00,124.00,124.00,124.00,124.00,124.00,154.00,124.00,124.00,124.00,124.00,124.00,124.00,124.00,124.00,124.00,124.00,124.00,124.00,124.00,124.00,124.00,124.00,124.00
2026-08-22 19:55:14,124.00,124.00,124.00,124.00,189.00,124.00,124.00,124.00,124.00,124.00,124.00,154.00,124.00,124.00,124.00,124.00,124.00,124.00,124.00,124.00,124.00,124.00,124.00,124.00,124.00,124.00,124.00,124.00,124.00
2026-08-22 20:05:26,124.00,124.00,124.00,124.00,189.00,124.00,124.00,124.00,124.00,124.00,124.00,154.00,124.00,124.00,124.00,124.00,124.00,124.00,124.00,124.00,124.00,124.00,124.00,124.00,124.00,124.00,124.00,124.00,124.00
2026-08-22 20:15:23,124.00,124.00,124.00,124.00,189.00,124.00,124.00,124.00,124.00,124.00,124.00,154.00,124.00,124.00,124.00,124.00,124.00,124.00,124.00,124.00,124.00,124.00,124.00,124.00,124.00,124.00,124.00,124.00,124.00
2026-08-22 20:25:37,124.00,124.00,124.00,124.00,189.00,124.00,124.00,124.00,124.00,124.00,124.00,154.00,124.00,124.00,124.00,124.00,124.00,124.00,124.00,124.00,124.00,124.00,124.00,124.00,124.00,124.00,124.00,124.00,124.00
2026-08-22 20:35:35,,124.00,,,189.00,124.00,124.00,,,124.00,124.00,,,124.00,124.00,124.00,124.00,124.00,,,124.00,124.00,124.00,,,,124.00,,124.00
2026-08-22 20:45:08,124.00,124.00,124.00,124.00,189.00,124.00,124.00,124.00,124.00,124.00,124.00,154.00,124.00,124.00,124.00,124.00,124.00,124.00,124.00,124.00,124.00,124.00,124.00,124.00,124.00,124.00,124.00,124.00,124.00
2026-08-22 20:55:26,124.00,124.00,124.00,124.00,189.00,124.00,124.00,124.00,124.00,124.00,124.00,154.00,124.00,124.00,124.00,124.00,124.00,124.00,124.00,124.00,124.00,124.00,124.00,124.00,124.00,124.00,124.00,124.00,124.00
2026-08-22 21:05:26,124.00,,124.00,124.00,,,,124.00,124.00,,,154.00,124.00,,,124.00,220.00,,124.00,124.00,,,,124.00,124.00,124.00,,124.00,
2026-08-22 21:15:21,,124.00,,,189.00,124.00,124.00,,,124.00,124.00,,,124.00,124.00,124.00,124.00,124.00,,,124.00,124.00,124.00,,,,124.00,,124.00
2026-08-22 21:24:56,124.00,124.00,124.00,124.00,189.00,124.00,124.00,124.00,124.00,124.00,124.00,154.00,124.00,124.00,124.00,124.00,124.00,124.00,124.00,124.00,124.00,124.00,124.00,124.00,124.00,124.00,124.00,124.00,124.00
2026-08-22 21:45:11,124.00,124.00,124.00,124.00,189.00,124.00,124.00,124.00,124.00,124.00,124.00,154.00,124.00,124.00,124.00,124.00,124.00,124.00,124.00,124.00,124.00,124.00,124.00,124.00,124.00,124.00,124.00,124.00,124.00
2026-08-22 21:55:10,124.00,124.00,124.00,124.00,189.00,124.00,124.00,124.00,124.00,124.00,124.00,154.00,124.00,124.00,124.00,124.00,124.00,124.00,124.00,124.00,124.00,124.00,124.00,124.00,124.00,124.00,124.00,124.00,124.00
2026-08-22 22:05:17,124.00,,124.00,124.00,,,,124.00,124.00,,,154.00,124.00,,,124.00,250.00,,124.00,124.00,,,,124.00,124.00,124.00,,124.00,
2026-08-22 22:15:12,124.00,,124.00,124.00,,,,124.00,124.00,,,154.00,124.00,,,124.00,250.00,,124.00,124.00,,,,124.00,124.00,124.00,,124.00,
2026-08-22 22:25:28,124.00,124.00,124.00,124.00,189.00,124.00,124.00,124.00,124.00,124.00,124.00,154.00,124.00,124.00,124.00,124.00,124.00,124.00,124.00,124.00,124.00,124.00,124.00,124.00,124.00,124.00,124.00,124.00,124.00
2026-08-22 22:35:15,124.00,124.00,124.00,124.00,189.00,124.00,124.00,124.00,124.00,124.00,124.00,154.00,124.00,124.00,124.00,124.00,124.00,124.00,124.00,124.00,124.00,124.00,124.00,124.00,124.00,124.00,124.00,124.00,124.00
2026-08-22 22:45:06,124.00,124.00,124.00,124.00,189.00,124.00,124.00,124.00,124.00,124.00,124.00,154.00,124.00,124.00,124.00,124.00,124.00,124.00,124.00,124.00,124.00,124.00,124.00,124.00,124.00,124.00,124.00,124.00,124.00
2026-08-22 22:54:51,124.00,124.00,124.00,124.00,189.00,124.00,124.00,124.00,124.00,124.00,124.00,154.00,124.00,124.00,124.00,124.00,124.00,124.00,124.00,124.00,124.00,124.00,124.00,124.00,124.00,124.00,124.00,124.00,124.00
2026-08-22 23:05:12,,124.00,,,189.00,124.00,124.00,,,124.00,124.00,,,124.00,124.00,124.00,124.00,124.00,,,124.00,124.00,124.00,,,,124.00,,124.00
2026-08-22 23:15:06,124.00,124.00,124.00,124.00,189.00,124.00,124.00,124.00,124.00,124.00,124.00,154.00,124.00,124.00,124.00,124.00,124.00,124.00,124.00,124.00,124.00,124.00,124.00,124.00,124.00,124.00,124.00,124.00,124.00
2026-08-22 23:25:32,124.00,124.00,124.00,124.00,189.00,124.00,124.00,124.00,124.00,124.00,124.00,154.00,124.00,124.00,124.00,124.00,124.00,124.00,124.00,124.00,124.00,124.00,124.00,124.00,124.00,124.00,124.00,124.00,124.00
2026-08-22 23:35:22,124.00,124.00,124.00,124.00,189.00,124.00,124.00,124.00,124.00,124.00,124.00,154.00,124.00,124.00,124.00,124.00,124.00,124.00,124.00,124.00,124.00,124.00,124.00,124.00,124.00,124.00,124.00,124.00,124.00
2026-08-22 23:45:27,124.00,124.00,124.00,124.00,189.00,124.00,124.00,124.00,124.00,124.00,124.00,154.00,124.00,124.00,124.00,124.00,124.00,124.00,124.00,124.00,124.00,124.00,124.00,124.00,124.00,124.00,124.00,124.00,124.00
2026-08-22 23:54:53,124.00,124.00,124.00,124.00,189.00,124.00,124.00,124.00,124.00,124.00,124.00,154.00,124.00,124.00,124.00,124.00,124.00,124.00,124.00,124.00,124.00,124.00,124.00,124.00,124.00,124.00,124.00,124.00,124.00
2026-08-23 00:05:27,124.00,124.00,124.00,124.00,189.00,124.00,124.00,124.00,124.00,124.00,124.00,154.00,124.00,124.00,124.00,124.00,124.00,124.00,124.00,124.00,124.00,124.00,124.00,124.00,124.00,124.00,124.00,124.00,124.00
2026-08-23 00:15:24,124.00,124.00,124.00,124.00,189.00,124.00,124.00,124.00,124.00,124.00,124.00,154.00,124.00,124.00,124.00,124.00,124.00,124.00,124.00,124.00,124.00,124.00,124.00,124.00,124.00,124.00,124.00,124.00,124.00
2026-08-23 00:25:17,124.00,124.00,124.00,124.00,189.00,124.00,124.00,124.00,124.00,124.00,124.00,154.00,124.00,124.00,124.00,124.00,124.00,124.00,124.00,124.00,124.00,124.00,124.00,124.00,124.00,124.00,124.00,124.00,124.00
2026-08-23 00:35:05,124.00,124.00,124.00,124.00,189.00,124.00,124.00,124.00,124.00,124.00,124.00,154.00,124.00,124.00,124.00,124.00,124.00,124.00,124.00,124.00,124.00,124.00,124.00,124.00,124.00,124.00,124.00,124.00,124.00
2026-08-23 00:45:28,124.00,124.00,124.00,124.00,189.00,124.00,124.00,124.00,124.00,124.00,124.00,154.00,124.00,124.00,124.00,124.00,124.00,124.00,124.00,124.00,124.00,124.00,124.00,124.00,124.00,124.00,124.00,124.00,124.00
2026-08-23 01:05:44,124.00,,124.00,124.00,,,,124.00,124.00,,,154.00,124.00,,,124.00,250.00,,124.00,124.00,,,,124.00,124.00,124.00,,124.00,
2026-08-23 01:15:24,124.00,124.00,124.00,124.00,189.00,124.00,124.00,124.00,124.00,124.00,124.00,154.00,124.00,124.00,124.00,124.00,124.00,124.00,124.00,124.00,124.00,124.00,124.00,124.00,124.00,124.00,124.00,124.00,124.00
2026-08-23 01:25:45,124.00,124.00,124.00,124.00,189.00,124.00,124.00,124.00,124.00,124.00,124.00,154.00,124.00,124.00,124.00,124.00,124.00,124.00,124.00,124.00,124.00,124.00,124.00,124.00,124.00,124.00,124.00,124.00,124.00
2026-08-23 01:35:41,124.00,124.00,124.00,124.00,189.00,124.00,124.00,124.00,124.00,124.00,124.00,154.00,124.00,124.00,124.00,124.00,124.00,124.00,124.00,124.00,124.00,124.00,124.00,124.00,124.00,124.00,124.00,124.00,124.00
2026-08-23 01:45:20,124.00,124.00,124.00,124.00,189.00,124.00,124.00,124.00,124.00,124.00,124.00,154.00,124.00,124.00,124.00,124.00,124.00,124.00,124.00,124.00,124.00,124.00,124.00,124.00,124.00,124.00,124.00,124.00,124.00
2026-08-23 01:55:36,124.00,124.00,124.00,124.00,189.00,124.00,124.00,124.00,124.00,124.00,124.00,154.00,124.00,124.00,124.00,124.00,124.00,124.00,124.00,124.00,124.00,124.00,124.00,124.00,124.00,124.00,124.00,124.00,124.00
2026-08-23 02:05:42,124.00,124.00,124.00,124.00,189.00,124.00,124.00,124.00,124.00,124.00,124.00,154.00,124.00,124.00,124.00,124.00,124.00,124.00,124.00,124.00,124.00,124.00,124.00,124.00,124.00,124.00,124.00,124.00,124.00
2026-08-23 02:14:47,124.00,124.00,124.00,124.00,189.00,124.00,124.00,124.00,124.00,124.00,124.00,154.00,124.00,124.00,124.00,124.00,124.00,124.00,124.00,124.00,124.00,124.00,124.00,124.00,124.00,124.00,124.00,124.00,124.00
2026-08-23 02:25:14,124.00,124.00,124.00,124.00,189.00,124.00,124.00,124.00,124.00,124.00,124.00,154.00,124.00,124.00,124.00,124.00,124.00,124.00,124.00,124.00,124.00,124.00,124.00,124.00,124.00,124.00,124.00,124.00,124.00
2026-08-23 02:35:40,124.00,124.00,124.00,124.00,189.00,124.00,124.00,124.00,124.00,124.00,124.00,154.00,124.00,124.00,124.00,124.00,124.00,124.00,124.00,124.00,124.00,124.00,124.00,124.00,124.00,124.00,124.00,124.00,124.00
2026-08-23 02:45:24,124.00,124.00,124.00,124.00,189.00,124.00,124.00,124.00,124.00,124.00,124.00,154.00,124.00,124.00,124.00,124.00,124.00,124.00,124.00,124.00,124.00,124.00,124.00,124.00,124.00,124.00,124.00,124.00,124.00
2026-08-23 02:55:07,124.00,124.00,124.00,124.00,189.00,124.00,124.00,124.00,124.00,124.00,124.00,154.00,124.00,124.00,124.00,124.00,124.00,124.00,124.00,124.00,124.00,124.00,124.00,124.00,124.00,124.00,124.00,124.00,124.00
2026-08-23 03:05:42,124.00,124.00,124.00,124.00,189.00,124.00,124.00,124.00,124.00,124.00,124.00,154.00,124.00,124.00,124.00,124.00,124.00,124.00,124.00,124.00,124.00,124.00,124.00,124.00,124.00,124.00,124.00,124.00,124.00
2026-08-23 03:15:32,124.00,124.00,124.00,124.00,189.00,124.00,124.00,124.00,124.00,124.00,124.00,154.00,124.00,124.00,124.00,124.00,124.00,124.00,124.00,124.00,124.00,124.00,124.00,124.00,124.00,124.00,124.00,124.00,124.00
2026-08-23 03:25:32,124.00,124.00,124.00,124.00,189.00,124.00,124.00,124.00,124.00,124.00,124.00,154.00,124.00,124.00,124.00,124.00,124.00,124.00,124.00,124.00,124.00,124.00,124.00,124.00,124.00,124.00,124.00,124.00,124.00
2026-08-23 03:35:18,124.00,124.00,124.00,124.00,189.00,124.00,124.00,124.00,124.00,124.00,124.00,154.00,124.00,124.00,124.00,124.00,124.00,124.00,124.00,124.00,124.00,124.00,124.00,124.00,124.00,124.00,124.00,124.00,124.00
2026-08-23 03:45:00,124.00,124.00,124.00,124.00,189.00,124.00,124.00,124.00,124.00,124.00,124.00,154.00,124.00,124.00,124.00,124.00,124.00,124.00,124.00,124.00,124.00,124.00,124.00,124.00,124.00,124.00,124.00,124.00,124.00
2026-08-23 03:55:29,124.00,124.00,124.00,124.00,189.00,124.00,124.00,124.00,124.00,124.00,124.00,154.00,124.00,124.00,124.00,124.00,124.00,124.00,124.00,124.00,124.00,124.00,124.00,124.00,124.00,124.00,124.00,124.00,124.00
2026-08-23 04:05:33,124.00,124.00,124.00,124.00,189.00,124.00,124.00,124.00,124.00,124.00,124.00,154.00,124.00,124.00,124.00,124.00,124.00,124.00,124.00,124.00,124.00,124.00,124.00,124.00,124.00,124.00,124.00,124.00,124.00
2026-08-23 04:15:30,124.00,124.00,124.00,124.00,189.00,124.00,124.00,124.00,124.00,124.00,124.00,154.00,124.00,124.00,124.00,124.00,124.00,124.00,124.00,124.00,124.00,124.00,124.00,124.00,124.00,124.00,124.00,124.00,124.00
2026-08-23 04:25:10,124.00,124.00,124.00,124.00,189.00,124.00,124.00,124.00,124.00,124.00,124.00,154.00,124.00,124.00,124.00,124.00,124.00,124.00,124.00,124.00,124.00,124.00,124.00,124.00,124.00,124.00,124.00,124.00,124.00
2026-08-23 04:35:39,124.00,124.00,124.00,124.00,189.00,124.00,124.00,124.00,124.00,124.00,124.00,154.00,124.00,124.00,124.00,124.00,124.00,124.00,124.00,124.00,124.00,124.00,124.00,124.00,124.00,124.00,124.00,124.00,124.00
2026-08-23 04:44:50,124.00,124.00,124.00,124.00,189.00,124.00,124.00,124.00,124.00,124.00,124.00,154.00,124.00,124.00,124.00,124.00,124.00,124.00,124.00,124.00,124.00,124.00,124.00,124.00,124.00,124.00,124.00,124.00,124.00
2026-08-23 04:55:20,124.00,124.00,124.00,124.00,189.00,124.00,124.00,124.00,124.00,124.00,124.00,154.00,124.00,124.00,124.00,124.00,124.00,124.00,124.00,124.00,124.00,124.00,124.00,124.00,124.00,124.00,124.00,124.00,124.00
2026-08-23 05:05:34,124.00,,124.00,124.00,,,,124.00,124.00,,,154.00,124.00,,,124.00,250.00,,124.00,124.00,,,,124.00,124.00,124.00,,124.00,
2026-08-23 05:15:38,124.00,124.00,124.00,124.00,189.00,124.00,124.00,124.00,124.00,124.00,124.00,154.00,124.00,124.00,124.00,124.00,124.00,124.00,124.00,124.00,124.00,124.00,124.00,124.00,124.00,124.00,124.00,124.00,124.00
2026-08-23 05:25:22,124.00,124.00,124.00,124.00,189.00,124.00,124.00,124.00,124.00,124.00,124.00,154.00,124.00,124.00,124.00,124.00,124.00,124.00,124.00,124.00,124.00,124.00,124.00,124.00,124.00,124.00,124.00,124.00,124.00
2026-08-23 05:35:38,124.00,124.00,124.00,124.00,189.00,124.00,124.00,124.00,124.00,124.00,124.00,154.00,124.00,124.00,124.00,124.00,124.00,124.00,124.00,124.00,124.00,124.00,124.00,124.00,124.00,124.00,124.00,124.00,124.00
2026-08-23 05:45:41,124.00,124.00,124.00,124.00,189.00,124.00,124.00,124.00,124.00,124.00,124.00,154.00,124.00,124.00,124.00,124.00,124.00,124.00,124.00,124.00,124.00,124.00,124.00,124.00,124.00,124.00,124.00,124.00,124.00
2026-08-23 05:55:33,124.00,124.00,124.00,124.00,189.00,124.00,124.00,124.00,124.00,124.00,124.00,154.00,124.00,124.00,124.00,124.00,124.00,124.00,124.00,124.00,124.00,124.00,124.00,124.00,124.00,124.00,124.00,124.00,124.00
2026-08-23 06:05:41,124.00,124.00,124.00,124.00,189.00,124.00,124.00,124.00,124.00,124.00,124.00,154.00,124.00,124.00,124.00,124.00,124.00,124.00,124.00,124.00,124.00,124.00,124.00,124.00,124.00,124.00,124.00,124.00,124.00
2026-08-23 06:15:28,124.00,124.00,124.00,124.00,189.00,124.00,124.00,124.00,124.00,124.00,124.00,154.00,124.00,124.00,124.00,124.00,124.00,124.00,124.00,124.00,124.00,124.00,124.00,124.00,124.00,124.00,124.00,124.00,124.00
2026-08-23 06:26:03,124.00,124.00,124.00,124.00,189.00,124.00,124.00,124.00,124.00,124.00,124.00,154.00,124.00,124.00,124.00,124.00,124.00,124.00,124.00,124.00,124.00,124.00,124.00,124.00,124.00,124.00,124.00,124.00,124.00
2026-08-23 06:35:26,124.00,124.00,124.00,124.00,189.00,124.00,124.00,124.00,124.00,124.00,124.00,154.00,124.00,124.00,124.00,124.00,124.00,124.00,124.00,124.00,124.00,124.00,124.00,124.00,124.00,124.00,124.00,124.00,124.00
2026-08-23 06:45:26,124.00,124.00,124.00,124.00,189.00,124.00,124.00,124.00,124.00,124.00,124.00,154.00,124.00,124.00,124.00,124.00,124.00,124.00,124.00,124.00,124.00,124.00,124.00,124.00,124.00,124.00,124.00,124.00,124.00
2026-08-23 06:55:29,124.00,124.00,124.00,124.00,189.00,124.00,124.00,124.00,124.00,124.00,124.00,154.00,124.00,124.00,124.00,124.00,124.00,124.00,124.00,124.00,124.00,124.00,124.00,124.00,124.00,124.00,124.00,124.00,124.00
2026-08-23 07:05:45,124.00,124.00,124.00,124.00,189.00,124.00,124.00,124.00,124.00,124.00,124.00,154.00,124.00,124.00,124.00,124.00,124.00,124.00,124.00,124.00,124.00,124.00,124.00,124.00,124.00,124.00,124.00,124.00,124.00
2026-08-23 07:15:36,124.00,124.00,124.00,124.00,189.00,124.00,124.00,124.00,124.00,124.00,124.00,154.00,124.00,124.00,124.00,124.00,124.00,124.00,124.00,124.00,124.00,124.00,124.00,124.00,124.00,124.00,124.00,124.00,124.00
2026-08-23 07:25:34,124.00,124.00,124.00,124.00,189.00,124.00,124.00,124.00,124.00,124.00,124.00,154.00,124.00,124.00,124.00,124.00,124.00,124.00,124.00,124.00,124.00,124.00,124.00,124.00,124.00,124.00,124.00,124.00,124.00
2026-08-23 07:35:17,124.00,124.00,124.00,124.00,189.00,124.00,124.00,124.00,124.00,124.00,124.00,154.00,124.00,124.00,124.00,124.00,124.00,124.00,124.00,124.00,124.00,124.00,124.00,124.00,124.00,124.00,124.00,124.00,124.00
2026-08-23 07:46:00,124.00,124.00,124.00,124.00,189.00,124.00,124.00,124.00,124.00,124.00,124.00,154.00,124.00,124.00,124.00,124.00,124.00,124.00,124.00,124.00,124.00,124.00,124.00,124.00,124.00,124.00,124.00,124.00,124.00
2026-08-23 07:54:57,124.00,124.00,124.00,124.00,189.00,124.00,124.00,124.00,124.00,124.00,124.00,154.00,124.00,124.00,124.00,124.00,124.00,124.00,124.00,124.00,124.00,124.00,124.00,124.00,124.00,124.00,124.00,124.00,124.00
2026-08-23 08:05:47,124.00,124.00,124.00,124.00,189.00,124.00,124.00,124.00,124.00,124.00,124.00,154.00,124.00,124.00,124.00,124.00,124.00,124.00,124.00,124.00,124.00,124.00,124.00,124.00,124.00,124.00,124.00,124.00,124.00
2026-08-23 08:15:50,124.00,124.00,124.00,124.00,189.00,124.00,124.00,124.00,124.00,124.00,124.00,154.00,124.00,124.00,124.00,124.00,124.00,124.00,124.00,124.00,124.00,124.00,124.00,124.00,124.00,124.00,124.00,124.00,124.00
2026-08-23 08:25:15,124.00,124.00,124.00,124.00,189.00,124.00,124.00,124.00,124.00,124.00,124.00,154.00,124.00,124.00,124.00,124.00,124.00,124.00,124.00,124.00,124.00,124.00,124.00,124.00,124.00,124.00,124.00,124.00,124.00
2026-08-23 08:35:34,124.00,124.00,124.00,124.00,189.00,124.00,124.00,124.00,124.00,124.00,124.00,154.00,124.00,124.00,124.00,124.00,124.00,124.00,124.00,124.00,124.00,124.00,124.00,124.00,124.00,124.00,124.00,124.00,124.00
2026-08-23 08:45:04,124.00,124.00,124.00,124.00,189.00,124.00,124.00,124.00,124.00,124.00,124.00,154.00,124.00,124.00,124.00,124.00,124.00,124.00,124.00,124.00,124.00,124.00,124.00,124.00,124.00,124.00,124.00,124.00,124.00
2026-08-23 08:55:32,124.00,124.00,124.00,124.00,189.00,124.00,124.00,124.00,124.00,124.00,124.00,154.00,124.00,124.00,124.00,124.00,124.00,124.00,124.00,124.00,124.00,124.00,124.00,124.00,124.00,124.00,124.00,124.00,124.00
2026-08-23 09:05:47,124.00,124.00,124.00,124.00,189.00,124.00,124.00,124.00,124.00,124.00,124.00,154.00,124.00,124.00,124.00,124.00,124.00,124.00,124.00,124.00,124.00,124.00,124.00,124.00,124.00,124.00,124.00,124.00,124.00
2026-08-23 09:15:35,124.00,124.00,124.00,124.00,189.00,124.00,124.00,124.00,124.00,124.00,124.00,154.00,124.00,124.00,124.00,124.00,124.00,124.00,124.00,124.00,124.00,124.00,124.00,124.00,124.00,124.00,124.00,124.00,124.00
2026-08-23 09:25:32,124.00,124.00,124.00,124.00,189.00,124.00,124.00,124.00,124.00,124.00,124.00,154.00,124.00,124.00,124.00,124.00,124.00,124.00,124.00,124.00,124.00,124.00,124.00,124.00,124.00,124.00,124.00,124.00,124.00
2026-08-23 09:34:54,124.00,124.00,124.00,124.00,189.00,124.00,124.00,124.00,124.00,124.00,124.00,154.00,124.00,124.00,124.00,124.00,124.00,124.00,124.00,124.00,124.00,124.00,124.00,124.00,124.00,124.00,124.00,124.00,124.00
2026-08-23 09:45:40,124.00,124.00,124.00,124.00,189.00,124.00,124.00,124.00,124.00,124.00,124.00,154.00,124.00,124.00,124.00,124.00,124.00,124.00,124.00,124.00,124.00,124.00,124.00,124.00,124.00,124.00,124.00,124.00,124.00
2026-08-23 09:54:58,124.00,124.00,124.00,124.00,189.00,124.00,124.00,124.00,124.00,124.00,124.00,154.00,124.00,124.00,124.00,124.00,124.00,124.00,124.00,124.00,124.00,124.00,124.00,124.00,124.00,124.00,124.00,124.00,124.00
2026-08-23 10:05:53,124.00,124.00,124.00,124.00,189.00,124.00,124.00,124.00,124.00,124.00,124.00,154.00,124.00,124.00,124.00,124.00,124.00,124.00,124.00,124.00,124.00,124.00,124.00,124.00,124.00,124.00,124.00,124.00,124.00
2026-08-23 10:15:48,124.00,124.00,124.00,124.00,189.00,124.00,124.00,124.00,124.00,124.00,124.00,154.00,124.00,124.00,124.00,124.00,124.00,124.00,124.00,124.00,124.00,124.00,124.00,124.00,124.00,124.00,124.00,124.00,124.00
2026-08-23 10:25:40,124.00,124.00,124.00,124.00,189.00,124.00,124.00,124.00,124.00,124.00,124.00,154.00,124.00,124.00,124.00,124.00,124.00,124.00,124.00,124.00,124.00,124.00,124.00,124.00,124.00,124.00,124.00,124.00,124.00
2026-08-23 10:35:50,124.00,124.00,124.00,124.00,189.00,124.00,124.00,124.00,124.00,124.00,124.00,154.00,124.00,124.00,124.00,124.00,124.00,124.00,124.00,124.00,124.00,124.00,124.00,124.00,124.00,124.00,124.00,124.00,124.00
2026-08-23 10:45:41,124.00,124.00,124.00,124.00,189.00,124.00,124.00,124.00,124.00,124.00,124.00,154.00,124.00,124.00,124.00,124.00,124.00,124.00,124.00,124.00,124.00,124.00,124.00,124.00,124.00,124.00,124.00,124.00,124.00
2026-08-23 10:55:41,124.00,124.00,124.00,124.00,189.00,124.00,124.00,124.00,124.00,124.00,124.00,154.00,124.00,124.00,124.00,124.00,124.00,124.00,124.00,124.00,124.00,124.00,124.00,124.00,124.00,124.00,124.00,124.00,124.00
2026-08-23 11:05:08,124.00,124.00,124.00,124.00,189.00,124.00,124.00,124.00,124.00,124.00,124.00,154.00,124.00,124.00,124.00,124.00,124.00,124.00,124.00,124.00,124.00,124.00,124.00,124.00,124.00,124.00,124.00,124.00,124.00
2026-08-23 11:15:36,124.00,124.00,124.00,124.00,189.00,124.00,124.00,124.00,124.00,124.00,124.00,154.00,124.00,124.00,124.00,124.00,124.00,124.00,124.00,124.00,124.00,124.00,124.00,124.00,124.00,124.00,124.00,124.00,124.00
2026-08-23 11:25:26,124.00,124.00,124.00,124.00,189.00,124.00,124.00,124.00,124.00,124.00,124.00,154.00,124.00,124.00,124.00,124.00,124.00,124.00,124.00,124.00,124.00,124.00,124.00,124.00,124.00,124.00,124.00,124.00,124.00
2026-08-23 11:36:02,124.00,124.00,124.00,124.00,189.00,124.00,124.00,124.00,124.00,124.00,124.00,154.00,124.00,124.00,124.00,124.00,124.00,124.00,124.00,124.00,124.00,124.00,124.00,124.00,124.00,124.00,124.00,124.00,124.00
2026-08-23 11:45:30,124.00,124.00,124.00,124.00,189.00,124.00,124.00,124.00,124.00,124.00,124.00,154.00,124.00,124.00,124.00,124.00,124.00,124.00,124.00,124.00,124.00,124.00,124.00,124.00,124.00,124.00,124.00,124.00,124.00
2026-08-23 11:55:20,124.00,124.00,124.00,124.00,189.00,124.00,124.00,124.00,124.00,124.00,124.00,154.00,124.00,124.00,124.00,124.00,124.00,124.00,124.00,124.00,124.00,124.00,124.00,124.00,124.00,124.00,124.00,124.00,124.00
2026-08-23 12:05:42,124.00,124.00,124.00,124.00,189.00,124.00,124.00,124.00,124.00,124.00,124.00,154.00,124.00,124.00,124.00,124.00,124.00,124.00,124.00,124.00,124.00,124.00,124.00,124.00,124.00,124.00,124.00,124.00,124.00
2026-08-23 12:15:49,124.00,124.00,124.00,124.00,189.00,124.00,124.00,124.00,124.00,124.00,124.00,154.00,124.00,124.00,124.00,124.00,124.00,124.00,124.00,124.00,124.00,124.00,124.00,124.00,124.00,124.00,124.00,124.00,124.00
2026-08-23 12:25:24,124.00,124.00,124.00,124.00,189.00,124.00,124.00,124.00,124.00,124.00,124.00,154.00,124.00,124.00,124.00,124.00,124.00,124.00,124.00,124.00,124.00,124.00,124.00,124.00,124.00,124.00,124.00,124.00,124.00
2026-08-23 12:35:04,124.00,124.00,124.00,124.00,189.00,124.00,124.00,124.00,124.00,124.00,124.00,154.00,124.00,124.00,124.00,124.00,124.00,124.00,124.00,124.00,124.00,124.00,124.00,124.00,124.00,124.00,124.00,124.00,124.00
2026-08-23 12:45:40,124.00,124.00,124.00,124.00,189.00,124.00,124.00,124.00,124.00,124.00,124.00,154.00,124.00,124.00,124.00,124.00,124.00,124.00,124.00,124.00,124.00,124.00,124.00,124.00,124.00,124.00,124.00,124.00,124.00
2026-08-23 12:56:00,,124.00,,,189.00,124.00,124.00,,,124.00,124.00,,,124.00,124.00,124.00,124.00,124.00,,,124.00,124.00,124.00,,,,124.00,,124.00
2026-08-23 13:05:13,124.00,124.00,124.00,124.00,189.00,124.00,124.00,124.00,124.00,124.00,124.00,154.00,124.00,124.00,124.00,124.00,124.00,124.00,124.00,124.00,124.00,124.00,124.00,124.00,124.00,124.00,124.00,124.00,124.00
2026-08-23 13:15:42,124.00,124.00,124.00,124.00,189.00,124.00,124.00,124.00,124.00,124.00,124.00,154.00,124.00,124.00,124.00,124.00,124.00,124.00,124.00,124.00,124.00,124.00,124.00,124.00,124.00,124.00,124.00,124.00,124.00
2026-08-23 13:25:09,124.00,124.00,124.00,124.00,189.00,124.00,124.00,124.00,124.00,124.00,124.00,154.00,124.00,124.00,124.00,124.00,124.00,124.00,124.00,124.00,124.00,124.00,124.00,124.00,124.00,124.00,124.00,124.00,124.00
2026-08-23 13:35:36,124.00,124.00,124.00,124.00,189.00,124.00,124.00,124.00,124.00,124.00,124.00,154.00,124.00,124.00,124.00,124.00,124.00,124.00,124.00,124.00,124.00,124.00,124.00,124.00,124.00,124.00,124.00,124.00,124.00
2026-08-23 13:45:44,124.00,124.00,124.00,124.00,189.00,124.00,124.00,124.00,124.00,124.00,124.00,154.00,124.00,124.00,124.00,124.00,124.00,124.00,124.00,124.00,124.00,124.00,124.00,124.00,124.00,124.00,124.00,124.00,124.00
2026-08-23 13:55:46,124.00,124.00,124.00,124.00,189.00,124.00,124.00,124.00,124.00,124.00,124.00,154.00,124.00,124.00,124.00,124.00,124.00,124.00,124.00,124.00,124.00,124.00,124.00,124.00,124.00,124.00,124.00,124.00,124.00
2026-08-23 14:05:34,124.00,124.00,124.00,124.00,189.00,124.00,124.00,124.00,124.00,124.00,124.00,154.00,124.00,124.00,124.00,124.00,124.00,124.00,124.00,124.00,124.00,124.00,124.00,124.00,124.00,124.00,124.00,124.00,124.00
2026-08-23 14:14:55,124.00,124.00,124.00,124.00,189.00,124.00,124.00,124.00,124.00,124.00,124.00,154.00,124.00,124.00,124.00,124.00,124.00,124.00,124.00,124.00,124.00,124.00,124.00,124.00,124.00,124.00,124.00,124.00,124.00
2026-08-23 14:35:24,124.00,124.00,124.00,124.00,189.00,124.00,124.00,124.00,124.00,124.00,124.00,154.00,124.00,124.00,124.00,124.00,124.00,124.00,124.00,124.00,124.00,124.00,124.00,124.00,124.00,124.00,124.00,124.00,124.00
2026-08-23 14:45:34,124.00,124.00,124.00,124.00,189.00,124.00,124.00,124.00,124.00,124.00,124.00,154.00,124.00,124.00,124.00,124.00,124.00,124.00,124.00,124.00,124.00,124.00,124.00,124.00,124.00,124.00,124.00,124.00,124.00
2026-08-23 14:55:29,124.00,124.00,124.00,124.00,189.00,124.00,124.00,124.00,124.00,124.00,124.00,154.00,124.00,124.00,124.00,124.00,124.00,124.00,124.00,124.00,124.00,124.00,124.00,124.00,124.00,124.00,124.00,124.00,124.00
2026-08-23 15:05:27,124.00,124.00,124.00,124.00,189.00,124.00,124.00,124.00,124.00,124.00,124.00,154.00,124.00,124.00,124.00,124.00,124.00,124.00,124.00,124.00,124.00,124.00,124.00,124.00,124.00,124.00,124.00,124.00,124.00
2026-08-23 15:15:16,124.00,124.00,124.00,124.00,189.00,124.00,124.00,124.00,124.00,124.00,124.00,154.00,124.00,124.00,124.00,124.00,124.00,124.00,124.00,124.00,124.00,124.00,124.00,124.00,124.00,124.00,124.00,124.00,124.00
2026-08-23 15:25:29,124.00,124.00,124.00,124.00,189.00,124.00,124.00,124.00,124.00,124.00,124.00,154.00,124.00,124.00,124.00,124.00,124.00,124.00,124.00,124.00,124.00,124.00,124.00,124.00,124.00,124.00,124.00,124.00,124.00
2026-08-23 15:34:56,124.00,124.00,124.00,124.00,189.00,124.00,124.00,124.00,124.00,124.00,124.00,154.00,124.00,124.00,124.00,124.00,124.00,124.00,124.00,124.00,124.00,124.00,124.00,124.00,124.00,124.00,124.00,124.00,124.00
2026-08-23 15:45:21,124.00,124.00,124.00,124.00,189.00,124.00,124.00,124.00,124.00,124.00,124.00,154.00,124.00,124.00,124.00,124.00,124.00,124.00,124.00,124.00,124.00,124.00,124.00,124.00,124.00,124.00,124.00,124.00,124.00
2026-08-23 15:55:14,124.00,124.00,124.00,124.00,189.00,124.00,124.00,124.00,124.00,124.00,124.00,154.00,124.00,124.00,124.00,124.00,124.00,124.00,124.00,124.00,124.00,124.00,124.00,124.00,124.00,124.00,124.00,124.00,124.00
2026-08-23 16:05:32,124.00,124.00,124.00,124.00,189.00,124.00,124.00,124.00,124.00,124.00,124.00,154.00,124.00,124.00,124.00,124.00,124.00,124.00,124.00,124.00,124.00,124.00,124.00,124.00,124.00,124.00,124.00,124.00,124.00
2026-08-23 16:15:28,124.00,124.00,124.00,124.00,189.00,124.00,124.00,124.00,124.00,124.00,124.00,154.00,124.00,124.00,124.00,124.00,124.00,124.00,124.00,124.00,124.00,124.00,124.00,124.00,124.00,124.00,124.00,124.00,124.00
2026-08-23 16:26:11,124.00,124.00,124.00,124.00,189.00,124.00,124.00,124.00,124.00,124.00,124.00,154.00,124.00,124.00,124.00,124.00,124.00,124.00,124.00,124.00,124.00,124.00,124.00,124.00,124.00,124.00,124.00,124.00,124.00
2026-08-23 16:34:50,124.00,124.00,124.00,124.00,189.00,124.00,124.00,124.00,124.00,124.00,124.00,154.00,124.00,124.00,124.00,124.00,124.00,124.00,124.00,124.00,124.00,124.00,124.00,124.00,124.00,124.00,124.00,124.00,124.00
2026-08-23 16:46:07,124.00,124.00,124.00,124.00,189.00,124.00,124.00,124.00,124.00,124.00,124.00,154.00,124.00,124.00,124.00,124.00,124.00,124.00,124.00,124.00,124.00,124.00,124.00,124.00,124.00,124.00,124.00,124.00,124.00
2026-08-23 16:56:12,124.00,124.00,124.00,124.00,189.00,124.00,124.00,124.00,124.00,124.00,124.00,154.00,124.00,124.00,124.00,124.00,124.00,124.00,124.00,124.00,124.00,124.00,124.00,124.00,124.00,124.00,124.00,124.00,124.00
2026-08-23 17:05:57,124.00,124.00,124.00,124.00,189.00,124.00,124.00,124.00,124.00,124.00,124.00,154.00,124.00,124.00,124.00,124.00,124.00,124.00,124.00,124.00,124.00,124.00,124.00,124.00,124.00,124.00,124.00,124.00,124.00
2026-08-23 17:16:39,124.00,124.00,124.00,124.00,189.00,124.00,124.00,124.00,124.00,124.00,124.00,154.00,124.00,124.00,124.00,124.00,124.00,124.00,124.00,124.00,124.00,124.00,124.00,124.00,124.00,124.00,124.00,124.00,124.00
2026-08-23 17:25:51,124.00,124.00,124.00,124.00,189.00,124.00,124.00,124.00,124.00,124.00,124.00,154.00,124.00,124.00,124.00,124.00,124.00,124.00,124.00,124.00,124.00,124.00,124.00,124.00,124.00,124.00,124.00,124.00,124.00
2026-08-23 17:36:10,124.00,124.00,124.00,124.00,189.00,124.00,124.00,124.00,124.00,124.00,124.00,154.00,124.00,124.00,124.00,124.00,124.00,124.00,124.00,124.00,124.00,124.00,124.00,124.00,124.00,124.00,124.00,124.00,124.00
2026-08-23 17:45:34,124.00,124.00,124.00,124.00,189.00,124.00,124.00,124.00,124.00,124.00,124.00,154.00,124.00,124.00,124.00,124.00,124.00,124.00,124.00,124.00,124.00,124.00,124.00,124.00,124.00,124.00,124.00,124.00,124.00
2026-08-23 17:56:11,124.00,124.00,124.00,124.00,189.00,124.00,124.00,124.00,124.00,124.00,124.00,154.00,124.00,124.00,124.00,124.00,124.00,124.00,124.00,124.00,124.00,124.00,124.00,124.00,124.00,124.00,124.00,124.00,124.00
2026-08-23 18:06:11,124.00,124.00,124.00,124.00,189.00,124.00,124.00,124.00,124.00,124.00,124.00,154.00,124.00,124.00,124.00,124.00,124.00,124.00,124.00,124.00,124.00,124.00,124.00,124.00,124.00,124.00,124.00,124.00,124.00
2026-08-23 18:15:45,124.00,124.00,124.00,124.00,189.00,124.00,124.00,124.00,124.00,124.00,124.00,154.00,124.00,124.00,124.00,124.00,124.00,124.00,124.00,124.00,124.00,124.00,124.00,124.00,124.00,124.00,124.00,124.00,124.00
2026-08-23 18:25:42,124.00,124.00,124.00,124.00,189.00,124.00,124.00,124.00,124.00,124.00,124.00,154.00,124.00,124.00,124.00,124.00,124.00,124.00,124.00,124.00,124.00,124.00,124.00,124.00,124.00,124.00,124.00,124.00,124.00
2026-08-23 18:36:08,124.00,124.00,124.00,124.00,189.00,124.00,124.00,124.00,124.00,124.00,124.00,154.00,124.00,124.00,124.00,124.00,124.00,124.00,124.00,124.00,124.00,124.00,124.00,124.00,124.00,124.00,124.00,124.00,124.00
2026-08-23 18:45:59,124.00,124.00,124.00,124.00,189.00,124.00,124.00,124.00,124.00,124.00,124.00,154.00,124.00,124.00,124.00,124.00,124.00,124.00,124.00,124.00,124.00,124.00,124.00,124.00,124.00,124.00,124.00,124.00,124.00
2026-08-23 18:56:13,124.00,124.00,124.00,124.00,189.00,124.00,124.00,124.00,124.00,124.00,124.00,154.00,124.00,124.00,124.00,124.00,124.00,124.00,124.00,124.00,124.00,124.00,124.00,124.00,124.00,124.00,124.00,124.00,124.00
2026-08-23 19:06:24,124.00,124.00,124.00,124.00,189.00,124.00,124.00,124.00,124.00,124.00,124.00,154.00,124.00,124.00,124.00,124.00,124.00,124.00,124.00,124.00,124.00,124.00,124.00,124.00,124.00,124.00,124.00,124.00,124.00
2026-08-23 19:15:42,124.00,124.00,124.00,124.00,189.00,124.00,124.00,124.00,124.00,124.00,124.00,154.00,124.00,124.00,124.00,124.00,124.00,124.00,124.00,124.00,124.00,124.00,124.00,124.00,124.00,124.00,124.00,124.00,124.00
2026-08-23 19:25:46,124.00,124.00,124.00,124.00,189.00,124.00,124.00,124.00,124.00,124.00,124.00,154.00,124.00,124.00,124.00,124.00,124.00,124.00,124.00,124.00,124.00,124.00,124.00,124.00,124.00,124.00,124.00,124.00,124.00
2026-08-23 19:36:01,124.00,124.00,124.00,124.00,189.00,124.00,124.00,124.00,124.00,124.00,124.00,154.00,124.00,124.00,124.00,124.00,124.00,124.00,124.00,124.00,124.00,124.00,124.00,124.00,124.00,124.00,124.00,124.00,124.00
2026-08-23 19:45:06,124.00,124.00,124.00,124.00,189.00,124.00,124.00,124.00,124.00,124.00,124.00,154.00,124.00,124.00,124.00,124.00,124.00,124.00,124.00,124.00,124.00,124.00,124.00,124.00,124.00,124.00,124.00,124.00,124.00
2026-08-23 19:55:40,124.00,124.00,124.00,124.00,189.00,124.00,124.00,124.00,124.00,124.00,124.00,154.00,124.00,124.00,124.00,124.00,124.00,124.00,124.00,124.00,124.00,124.00,124.00,124.00,124.00,124.00,124.00,124.00,124.00
2026-08-23 20:06:14,124.00,124.00,124.00,124.00,189.00,124.00,124.00,124.00,124.00,124.00,124.00,154.00,124.00,124.00,124.00,124.00,124.00,124.00,124.00,124.00,124.00,124.00,124.00,124.00,124.00,124.00,124.00,124.00,124.00
2026-08-23 20:16:00,124.00,124.00,124.00,124.00,189.00,124.00,124.00,124.00,124.00,124.00,124.00,154.00,124.00,124.00,124.00,124.00,124.00,124.00,124.00,124.00,124.00,124.00,124.00,124.00,124.00,124.00,124.00,124.00,124.00
2026-08-23 20:25:50,124.00,124.00,124.00,124.00,189.00,124.00,124.00,124.00,124.00,124.00,124.00,154.00,124.00,124.00,124.00,124.00,124.00,124.00,124.00,124.00,124.00,124.00,124.00,124.00,124.00,124.00,124.00,124.00,124.00
2026-08-23 20:36:05,124.00,124.00,124.00,124.00,189.00,124.00,124.00,124.00,124.00,124.00,124.00,154.00,124.00,124.00,124.00,124.00,124.00,124.00,124.00,124.00,124.00,124.00,124.00,124.00,124.00,124.00,124.00,124.00,124.00
2026-08-23 20:45:50,124.00,124.00,124.00,124.00,189.00,124.00,124.00,124.00,124.00,124.00,124.00,154.00,124.00,124.00,124.00,124.00,124.00,124.00,124.00,124.00,124.00,124.00,124.00,124.00,124.00,124.00,124.00,124.00,124.00
2026-08-23 20:56:05,124.00,124.00,124.00,124.00,189.00,124.00,124.00,124.00,124.00,124.00,124.00,154.00,124.00,124.00,124.00,124.00,124.00,124.00,124.00,124.00,124.00,124.00,124.00,124.00,124.00,124.00,124.00,124.00,124.00
2026-08-23 21:06:00,124.00,124.00,124.00,124.00,189.00,124.00,124.00,124.00,124.00,124.00,124.00,154.00,124.00,124.00,124.00,124.00,124.00,124.00,124.00,124.00,124.00,124.00,124.00,124.00,124.00,124.00,124.00,124.00,124.00
2026-08-23 21:16:14,124.00,124.00,124.00,124.00,189.00,124.00,124.00,124.00,124.00,124.00,124.00,154.00,124.00,124.00,124.00,124.00,124.00,124.00,124.00,124.00,124.00,124.00,124.00,124.00,124.00,124.00,124.00,124.00,124.00
2026-08-23 21:26:02,124.00,124.00,124.00,124.00,189.00,124.00,124.00,124.00,124.00,124.00,124.00,154.00,124.00,124.00,124.00,124.00,124.00,124.00,124.00,124.00,124.00,124.00,124.00,124.00,124.00,124.00,124.00,124.00,124.00
2026-08-23 21:36:02,124.00,124.00,124.00,124.00,189.00,124.00,124.00,124.00,124.00,124.00,124.00,154.00,124.00,124.00,124.00,124.00,124.00,124.00,124.00,124.00,124.00,124.00,124.00,124.00,124.00,124.00,124.00,124.00,124.00
2026-08-23 21:46:08,124.00,124.00,124.00,124.00,189.00,124.00,124.00,124.00,124.00,124.00,124.00,154.00,124.00,124.00,124.00,124.00,124.00,124.00,124.00,124.00,124.00,124.00,124.00,124.00,124.00,124.00,124.00,124.00,124.00
2026-08-23 21:55:46,124.00,124.00,124.00,124.00,189.00,124.00,124.00,124.00,124.00,124.00,124.00,154.00,124.00,124.00,124.00,124.00,124.00,124.00,124.00,124.00,124.00,124.00,124.00,124.00,124.00,124.00,124.00,124.00,124.00
2026-08-23 22:06:00,124.00,,124.00,124.00,,,,124.00,124.00,,,154.00,124.00,,,124.00,250.00,,124.00,124.00,,,,124.00,124.00,124.00,,124.00,
2026-08-23 22:15:56,124.00,124.00,124.00,124.00,189.00,124.00,124.00,124.00,124.00,124.00,124.00,154.00,124.00,124.00,124.00,124.00,124.00,124.00,124.00,124.00,124.00,124.00,124.00,124.00,124.00,124.00,124.00,124.00,124.00
2026-08-23 22:25:55,124.00,124.00,124.00,124.00,189.00,124.00,124.00,124.00,124.00,124.00,124.00,154.00,124.00,124.00,124.00,124.00,124.00,124.00,124.00,124.00,124.00,124.00,124.00,124.00,124.00,124.00,124.00,124.00,124.00
2026-08-23 22:35:52,124.00,124.00,124.00,124.00,189.00,124.00,124.00,124.00,124.00,124.00,124.00,154.00,124.00,124.00,124.00,124.00,124.00,124.00,124.00,124.00,124.00,124.00,124.00,124.00,124.00,124.00,124.00,124.00,124.00
2026-08-23 22:45:46,124.00,124.00,124.00,124.00,189.00,124.00,124.00,124.00,124.00,124.00,124.00,154.00,124.00,124.00,124.00,124.00,124.00,124.00,124.00,124.00,124.00,124.00,124.00,124.00,124.00,124.00,124.00,124.00,124.00
2026-08-23 22:56:03,124.00,124.00,124.00,124.00,189.00,124.00,124.00,124.00,124.00,124.00,124.00,154.00,124.00,124.00,124.00,124.00,124.00,124.00,124.00,124.00,124.00,124.00,124.00,124.00,124.00,124.00,124.00,124.00,124.00
2026-08-23 23:06:18,124.00,124.00,124.00,124.00,189.00,124.00,124.00,124.00,124.00,124.00,124.00,154.00,124.00,124.00,124.00,124.00,124.00,124.00,124.00,124.00,124.00,124.00,124.00,124.00,124.00,124.00,124.00,124.00,124.00
2026-08-23 23:16:10,124.00,124.00,124.00,124.00,189.00,124.00,124.00,124.00,124.00,124.00,124.00,154.00,124.00,124.00,124.00,124.00,124.00,124.00,124.00,124.00,124.00,124.00,124.00,124.00,124.00,124.00,124.00,124.00,124.00
2026-08-23 23:25:45,124.00,124.00,124.00,124.00,189.00,124.00,124.00,124.00,124.00,124.00,124.00,154.00,124.00,124.00,124.00,124.00,124.00,124.00,124.00,124.00,124.00,124.00,124.00,124.00,124.00,124.00,124.00,124.00,124.00
2026-08-23 23:36:06,124.00,124.00,124.00,124.00,189.00,124.00,124.00,124.00,124.00,124.00,124.00,154.00,124.00,124.00,124.00,124.00,124.00,124.00,124.00,124.00,124.00,124.00,124.00,124.00,124.00,124.00,124.00,124.00,124.00
2026-08-23 23:46:00,124.00,124.00,124.00,124.00,189.00,124.00,124.00,124.00,124.00,124.00,124.00,154.00,124.00,124.00,124.00,124.00,124.00,124.00,124.00,124.00,124.00,124.00,124.00,124.00,124.00,124.00,124.00,124.00,124.00
2026-08-23 23:56:02,124.00,124.00,124.00,124.00,189.00,124.00,124.00,124.00,124.00,124.00,124.00,154.00,124.00,124.00,124.00,124.00,124.00,124.00,124.00,124.00,124.00,124.00,124.00,124.00,124.00,124.00,124.00,124.00,124.00
2026-08-24 00:06:08,124.00,124.00,124.00,124.00,189.00,124.00,124.00,124.00,124.00,124.00,124.00,154.00,124.00,124.00,124.00,124.00,124.00,124.00,124.00,124.00,124.00,124.00,124.00,124.00,124.00,124.00,124.00,124.00,124.00
2026-08-24 00:16:03,124.00,124.00,124.00,124.00,189.00,124.00,124.00,124.00,124.00,124.00,124.00,154.00,124.00,124.00,124.00,124.00,124.00,124.00,124.00,124.00,124.00,124.00,124.00,124.00,124.00,124.00,124.00,124.00,124.00
2026-08-24 00:26:13,124.00,124.00,124.00,124.00,189.00,124.00,124.00,124.00,124.00,124.00,124.00,154.00,124.00,124.00,124.00,124.00,124.00,124.00,124.00,124.00,124.00,124.00,124.00,124.00,124.00,124.00,124.00,124.00,124.00
2026-08-24 00:35:16,124.00,124.00,124.00,124.00,189.00,124.00,124.00,124.00,124.00,124.00,124.00,154.00,124.00,124.00,124.00,124.00,124.00,124.00,124.00,124.00,124.00,124.00,124.00,124.00,124.00,124.00,124.00,124.00,124.00
2026-08-24 00:46:03,124.00,124.00,124.00,124.00,189.00,124.00,124.00,124.00,124.00,124.00,124.00,154.00,124.00,124.00,124.00,124.00,124.00,124.00,124.00,124.00,124.00,124.00,124.00,124.00,124.00,124.00,124.00,124.00,124.00
2026-08-24 00:55:48,124.00,124.00,124.00,124.00,189.00,124.00,124.00,124.00,124.00,124.00,124.00,154.00,124.00,124.00,124.00,124.00,124.00,124.00,124.00,124.00,124.00,124.00,124.00,124.00,124.00,124.00,124.00,124.00,124.00
2026-08-24 01:06:19,124.00,124.00,124.00,124.00,189.00,124.00,124.00,124.00,124.00,124.00,124.00,154.00,124.00,124.00,124.00,124.00,124.00,124.00,124.00,124.00,124.00,124.00,124.00,124.00,124.00,124.00,124.00,124.00,124.00
2026-08-24 01:16:01,124.00,124.00,124.00,124.00,189.00,124.00,124.00,124.00,124.00,124.00,124.00,154.00,124.00,124.00,124.00,124.00,124.00,124.00,124.00,124.00,124.00,124.00,124.00,124.00,124.00,124.00,124.00,124.00,124.00
2026-08-24 01:25:51,124.00,124.00,124.00,124.00,189.00,124.00,124.00,124.00,124.00,124.00,124.00,154.00,124.00,124.00,124.00,124.00,124.00,124.00,124.00,124.00,124.00,124.00,124.00,124.00,124.00,124.00,124.00,124.00,124.00
2026-08-24 01:35:59,124.00,124.00,124.00,124.00,189.00,124.00,124.00,124.00,124.00,124.00,124.00,154.00,124.00,124.00,124.00,124.00,124.00,124.00,124.00,124.00,124.00,124.00,124.00,124.00,124.00,124.00,124.00,124.00,124.00
2026-08-24 01:45:34,124.00,124.00,124.00,124.00,189.00,124.00,124.00,124.00,124.00,124.00,124.00,154.00,124.00,124.00,124.00,124.00,124.00,124.00,124.00,124.00,124.00,124.00,124.00,124.00,124.00,124.00,124.00,124.00,124.00
2026-08-24 01:55:56,124.00,124.00,124.00,124.00,189.00,124.00,124.00,124.00,124.00,124.00,124.00,154.00,124.00,124.00,124.00,124.00,124.00,124.00,124.00,124.00,124.00,124.00,124.00,124.00,124.00,124.00,124.00,124.00,124.00
2026-08-24 02:05:39,124.00,124.00,124.00,124.00,189.00,124.00,124.00,124.00,124.00,124.00,124.00,154.00,124.00,124.00,124.00,124.00,124.00,124.00,124.00,124.00,124.00,124.00,124.00,124.00,124.00,124.00,124.00,124.00,124.00
2026-08-24 02:16:06,124.00,124.00,124.00,124.00,189.00,124.00,124.00,124.00,124.00,124.00,124.00,154.00,124.00,124.00,124.00,124.00,124.00,124.00,124.00,124.00,124.00,124.00,124.00,124.00,124.00,124.00,124.00,124.00,124.00
2026-08-24 02:26:03,124.00,124.00,124.00,124.00,189.00,124.00,124.00,124.00,124.00,124.00,124.00,154.00,124.00,124.00,124.00,124.00,124.00,124.00,124.00,124.00,124.00,124.00,124.00,124.00,124.00,124.00,124.00,124.00,124.00
2026-08-24 02:36:07,124.00,124.00,124.00,124.00,189.00,124.00,124.00,124.00,124.00,124.00,124.00,154.00,124.00,124.00,124.00,124.00,124.00,124.00,124.00,124.00,124.00,124.00,124.00,124.00,124.00,124.00,124.00,124.00,124.00
2026-08-24 02:45:22,124.00,124.00,124.00,124.00,189.00,124.00,124.00,124.00,124.00,124.00,124.00,154.00,124.00,124.00,124.00,124.00,124.00,124.00,124.00,124.00,124.00,124.00,124.00,124.00,124.00,124.00,124.00,124.00,124.00
2026-08-24 02:55:52,124.00,124.00,124.00,124.00,189.00,124.00,124.00,124.00,124.00,124.00,124.00,154.00,124.00,124.00,124.00,124.00,124.00,124.00,124.00,124.00,124.00,124.00,124.00,124.00,124.00,124.00,124.00,124.00,124.00
2026-08-24 03:06:17,124.00,124.00,124.00,124.00,189.00,124.00,124.00,124.00,124.00,124.00,124.00,154.00,124.00,124.00,124.00,124.00,124.00,124.00,124.00,124.00,124.00,124.00,124.00,124.00,124.00,124.00,124.00,124.00,124.00
2026-08-24 03:16:13,124.00,124.00,124.00,124.00,189.00,124.00,124.00,124.00,124.00,124.00,124.00,154.00,124.00,124.00,124.00,124.00,124.00,124.00,124.00,124.00,124.00,124.00,124.00,124.00,124.00,124.00,124.00,124.00,124.00
2026-08-24 03:25:56,124.00,124.00,124.00,124.00,189.00,124.00,124.00,124.00,124.00,124.00,124.00,154.00,124.00,124.00,124.00,124.00,124.00,124.00,124.00,124.00,124.00,124.00,124.00,124.00,124.00,124.00,124.00,124.00,124.00
2026-08-24 03:35:53,124.00,124.00,124.00,124.00,189.00,124.00,124.00,124.00,124.00,124.00,124.00,154.00,124.00,124.00,124.00,124.00,124.00,124.00,124.00,124.00,124.00,124.00,124.00,124.00,124.00,124.00,124.00,124.00,124.00
2026-08-24 03:45:53,124.00,124.00,124.00,124.00,189.00,124.00,124.00,124.00,124.00,124.00,124.00,154.00,124.00,124.00,124.00,124.00,124.00,124.00,124.00,124.00,124.00,124.00,124.00,124.00,124.00,124.00,124.00,124.00,124.00
2026-08-24 03:55:21,124.00,124.00,124.00,124.00,189.00,124.00,124.00,124.00,124.00,124.00,124.00,154.00,124.00,124.00,124.00,124.00,124.00,124.00,124.00,124.00,124.00,124.00,124.00,124.00,124.00,124.00,124.00,124.00,124.00
2026-08-24 04:06:04,124.00,124.00,124.00,124.00,189.00,124.00,124.00,124.00,124.00,124.00,124.00,154.00,124.00,124.00,124.00,124.00,124.00,124.00,124.00,124.00,124.00,124.00,124.00,124.00,124.00,124.00,124.00,124.00,124.00
2026-08-24 04:16:04,124.00,124.00,124.00,124.00,189.00,124.00,124.00,124.00,124.00,124.00,124.00,154.00,124.00,124.00,124.00,124.00,124.00,124.00,124.00,124.00,124.00,124.00,124.00,124.00,124.00,124.00,124.00,124.00,124.00
2026-08-24 04:26:15,124.00,124.00,124.00,124.00,189.00,124.00,124.00,124.00,124.00,124.00,124.00,154.00,124.00,124.00,124.00,124.00,124.00,124.00,124.00,124.00,124.00,124.00,124.00,124.00,124.00,124.00,124.00,124.00,124.00
2026-08-24 04:36:12,124.00,124.00,124.00,124.00,189.00,124.00,124.00,124.00,124.00,124.00,124.00,154.00,124.00,124.00,124.00,124.00,124.00,124.00,124.00,124.00,124.00,124.00,124.00,124.00,124.00,124.00,124.00,124.00,124.00
2026-08-24 04:46:05,124.00,124.00,124.00,124.00,189.00,124.00,124.00,124.00,124.00,124.00,124.00,154.00,124.00,124.00,124.00,124.00,124.00,124.00,124.00,124.00,124.00,124.00,124.00,124.00,124.00,124.00,124.00,124.00,124.00
2026-08-24 04:55:30,124.00,124.00,124.00,124.00,189.00,124.00,124.00,124.00,124.00,124.00,124.00,154.00,124.00,124.00,124.00,124.00,124.00,124.00,124.00,124.00,124.00,124.00,124.00,124.00,124.00,124.00,124.00,124.00,124.00
2026-08-24 05:06:09,124.00,124.00,124.00,124.00,189.00,124.00,124.00,124.00,124.00,124.00,124.00,154.00,124.00,124.00,124.00,124.00,124.00,124.00,124.00,124.00,124.00,124.00,124.00,124.00,124.00,124.00,124.00,124.00,124.00
2026-08-24 05:15:34,124.00,124.00,124.00,124.00,189.00,124.00,124.00,124.00,124.00,124.00,124.00,154.00,124.00,124.00,124.00,124.00,124.00,124.00,124.00,124.00,124.00,124.00,124.00,124.00,124.00,124.00,124.00,124.00,124.00
2026-08-24 05:26:02,124.00,124.00,124.00,124.00,189.00,124.00,124.00,124.00,124.00,124.00,124.00,154.00,124.00,124.00,124.00,124.00,124.00,124.00,124.00,124.00,124.00,124.00,124.00,124.00,124.00,124.00,124.00,124.00,124.00
2026-08-24 05:36:08,124.00,124.00,124.00,124.00,189.00,124.00,124.00,124.00,124.00,124.00,124.00,154.00,124.00,124.00,124.00,124.00,124.00,124.00,124.00,124.00,124.00,124.00,124.00,124.00,124.00,124.00,124.00,124.00,124.00
2026-08-24 05:45:50,124.00,124.00,124.00,124.00,189.00,124.00,124.00,124.00,124.00,124.00,124.00,154.00,124.00,124.00,124.00,124.00,124.00,124.00,124.00,124.00,124.00,124.00,124.00,124.00,124.00,124.00,124.00,124.00,124.00
2026-08-24 05:56:13,124.00,124.00,124.00,124.00,189.00,124.00,124.00,124.00,124.00,124.00,124.00,154.00,124.00,124.00,124.00,124.00,124.00,124.00,124.00,124.00,124.00,124.00,124.00,124.00,124.00,124.00,124.00,124.00,124.00
2026-08-24 06:06:14,124.00,124.00,124.00,124.00,189.00,124.00,124.00,124.00,124.00,124.00,124.00,154.00,124.00,124.00,124.00,124.00,124.00,124.00,124.00,124.00,124.00,124.00,124.00,124.00,124.00,124.00,124.00,124.00,124.00
2026-08-24 06:16:03,124.00,124.00,124.00,124.00,189.00,124.00,124.00,124.00,124.00,124.00,124.00,154.00,124.00,124.00,124.00,124.00,124.00,124.00,124.00,124.00,124.00,124.00,124.00,124.00,124.00,124.00,124.00,124.00,124.00
2026-08-24 06:26:07,124.00,124.00,124.00,124.00,189.00,124.00,124.00,124.00,124.00,124.00,124.00,154.00,124.00,124.00,124.00,124.00,124.00,124.00,124.00,124.00,124.00,124.00,124.00,124.00,124.00,124.00,124.00,124.00,124.00
2026-08-24 06:35:29,124.00,124.00,124.00,124.00,189.00,124.00,124.00,124.00,124.00,124.00,124.00,154.00,124.00,124.00,124.00,124.00,124.00,124.00,124.00,124.00,124.00,124.00,124.00,124.00,124.00,124.00,124.00,124.00,124.00
2026-08-24 06:46:07,124.00,124.00,124.00,124.00,189.00,124.00,124.00,124.00,124.00,124.00,124.00,154.00,124.00,124.00,124.00,124.00,124.00,124.00,124.00,124.00,124.00,124.00,124.00,124.00,124.00,124.00,124.00,124.00,124.00
2026-08-24 06:55:58,124.00,124.00,124.00,124.00,189.00,124.00,124.00,124.00,124.00,124.00,124.00,154.00,124.00,124.00,124.00,124.00,124.00,124.00,124.00,124.00,124.00,124.00,124.00,124.00,124.00,124.00,124.00,124.00,124.00
2026-08-24 07:05:42,124.00,124.00,124.00,124.00,189.00,124.00,124.00,124.00,124.00,124.00,124.00,154.00,124.00,124.00,124.00,124.00,124.00,124.00,124.00,124.00,124.00,124.00,124.00,124.00,124.00,124.00,124.00,124.00,124.00
2026-08-24 07:15:57,124.00,124.00,124.00,124.00,189.00,124.00,124.00,124.00,124.00,124.00,124.00,154.00,124.00,124.00,124.00,124.00,124.00,124.00,124.00,124.00,124.00,124.00,124.00,124.00,124.00,124.00,124.00,124.00,124.00
2026-08-24 07:25:48,124.00,124.00,124.00,124.00,189.00,124.00,124.00,124.00,124.00,124.00,124.00,154.00,124.00,124.00,124.00,124.00,124.00,124.00,124.00,124.00,124.00,124.00,124.00,124.00,124.00,124.00,124.00,124.00,124.00
2026-08-24 07:36:10,124.00,124.00,124.00,124.00,189.00,124.00,124.00,124.00,124.00,124.00,124.00,154.00,124.00,124.00,124.00,124.00,124.00,124.00,124.00,124.00,124.00,124.00,124.00,124.00,124.00,124.00,124.00,124.00,124.00
2026-08-24 07:45:37,124.00,124.00,124.00,124.00,189.00,124.00,124.00,124.00,124.00,124.00,124.00,154.00,124.00,124.00,124.00,124.00,124.00,124.00,124.00,124.00,124.00,124.00,124.00,124.00,124.00,124.00,124.00,124.00,124.00
2026-08-24 07:55:54,124.00,124.00,124.00,124.00,189.00,124.00,124.00,124.00,124.00,124.00,124.00,154.00,124.00,124.00,124.00,124.00,124.00,124.00,124.00,124.00,124.00,124.00,124.00,124.00,124.00,124.00,124.00,124.00,124.00
2026-08-24 08:06:06,124.00,124.00,124.00,124.00,189.00,124.00,124.00,124.00,124.00,124.00,124.00,154.00,124.00,124.00,124.00,124.00,124.00,124.00,124.00,124.00,124.00,124.00,124.00,124.00,124.00,124.00,124.00,124.00,124.00
2026-08-24 08:16:06,124.00,124.00,124.00,124.00,189.00,124.00,124.00,124.00,124.00,124.00,124.00,154.00,124.00,124.00,124.00,124.00,124.00,124.00,124.00,124.00,124.00,124.00,124.00,124.00,124.00,124.00,124.00,124.00,124.00
2026-08-24 08:26:04,124.00,124.00,124.00,124.00,189.00,124.00,124.00,124.00,124.00,124.00,124.00,154.00,124.00,124.00,124.00,124.00,124.00,124.00,124.00,124.00,124.00,124.00,124.00,124.00,124.00,124.00,124.00,124.00,124.00
2026-08-24 08:36:05,124.00,124.00,124.00,124.00,189.00,124.00,124.00,124.00,124.00,124.00,124.00,154.00,124.00,124.00,124.00,124.00,124.00,124.00,124.00,124.00,124.00,124.00,124.00,124.00,124.00,124.00,124.00,124.00,124.00
2026-08-24 08:45:11,124.00,124.00,124.00,124.00,189.00,124.00,124.00,124.00,124.00,124.00,124.00,154.00,124.00,124.00,124.00,124.00,124.00,124.00,124.00,124.00,124.00,124.00,124.00,124.00,124.00,124.00,124.00,124.00,124.00
2026-08-24 08:56:38,124.00,124.00,124.00,124.00,189.00,124.00,124.00,124.00,124.00,124.00,124.00,154.00,124.00,124.00,124.00,124.00,124.00,124.00,124.00,124.00,124.00,124.00,124.00,124.00,124.00,124.00,124.00,124.00,124.00
2026-08-24 09:06:15,124.00,124.00,124.00,124.00,189.00,124.00,124.00,124.00,124.00,124.00,124.00,154.00,124.00,124.00,124.00,124.00,124.00,124.00,124.00,124.00,124.00,124.00,124.00,124.00,124.00,124.00,124.00,124.00,124.00
2026-08-24 09:15:36,124.00,124.00,124.00,124.00,189.00,124.00,124.00,124.00,124.00,124.00,124.00,154.00,124.00,124.00,124.00,124.00,124.00,124.00,124.00,124.00,124.00,124.00,124.00,124.00,124.00,124.00,124.00,124.00,124.00
2026-08-24 09:26:00,124.00,124.00,124.00,124.00,189.00,124.00,124.00,124.00,124.00,124.00,124.00,154.00,124.00,124.00,124.00,124.00,124.00,124.00,124.00,124.00,124.00,124.00,124.00,124.00,124.00,124.00,124.00,124.00,124.00
2026-08-24 09:36:04,124.00,124.00,124.00,124.00,189.00,124.00,124.00,124.00,124.00,124.00,124.00,154.00,124.00,124.00,124.00,124.00,124.00,124.00,124.00,124.00,124.00,124.00,124.00,124.00,124.00,124.00,124.00,124.00,124.00
2026-08-24 09:46:01,124.00,124.00,124.00,124.00,189.00,124.00,124.00,124.00,124.00,124.00,124.00,154.00,124.00,124.00,124.00,124.00,124.00,124.00,124.00,124.00,124.00,124.00,124.00,124.00,124.00,124.00,124.00,124.00,124.00
2026-08-24 09:55:31,124.00,124.00,124.00,124.00,189.00,124.00,124.00,124.00,124.00,124.00,124.00,154.00,124.00,124.00,124.00,124.00,124.00,124.00,124.00,124.00,124.00,124.00,124.00,124.00,124.00,124.00,124.00,124.00,124.00
2026-08-24 10:05:52,124.00,124.00,124.00,124.00,189.00,124.00,124.00,124.00,124.00,124.00,124.00,154.00,124.00,124.00,124.00,124.00,124.00,124.00,124.00,124.00,124.00,124.00,124.00,124.00,124.00,124.00,124.00,124.00,124.00
2026-08-24 10:16:08,124.00,124.00,124.00,124.00,189.00,124.00,124.00,124.00,124.00,124.00,124.00,154.00,124.00,124.00,124.00,124.00,124.00,124.00,124.00,124.00,124.00,124.00,124.00,124.00,124.00,124.00,124.00,124.00,124.00
2026-08-24 10:25:44,124.00,124.00,124.00,124.00,189.00,124.00,124.00,124.00,124.00,124.00,124.00,154.00,124.00,124.00,124.00,124.00,124.00,124.00,124.00,124.00,124.00,124.00,124.00,124.00,124.00,124.00,124.00,124.00,124.00
2026-08-24 10:35:22,124.00,124.00,124.00,124.00,189.00,124.00,124.00,124.00,124.00,124.00,124.00,154.00,124.00,124.00,124.00,124.00,124.00,124.00,124.00,124.00,124.00,124.00,124.00,124.00,124.00,124.00,124.00,124.00,124.00
2026-08-24 10:46:16,124.00,124.00,124.00,124.00,189.00,124.00,124.00,124.00,124.00,124.00,124.00,154.00,124.00,124.00,124.00,124.00,124.00,124.00,124.00,124.00,124.00,124.00,124.00,124.00,124.00,124.00,124.00,124.00,124.00
2026-08-24 10:55:46,124.00,124.00,124.00,124.00,189.00,124.00,124.00,124.00,124.00,124.00,124.00,154.00,124.00,124.00,124.00,124.00,124.00,124.00,124.00,124.00,124.00,124.00,124.00,124.00,124.00,124.00,124.00,124.00,124.00
2026-08-24 11:06:17,124.00,124.00,124.00,124.00,189.00,124.00,124.00,124.00,124.00,124.00,124.00,154.00,124.00,124.00,124.00,124.00,124.00,124.00,124.00,124.00,124.00,124.00,124.00,124.00,124.00,124.00,124.00,124.00,124.00
2026-08-24 11:15:40,124.00,124.00,124.00,124.00,189.00,124.00,124.00,124.00,124.00,124.00,124.00,154.00,124.00,124.00,124.00,124.00,124.00,124.00,124.00,124.00,124.00,124.00,124.00,124.00,124.00,124.00,124.00,124.00,124.00
2026-08-24 11:26:16,124.00,124.00,124.00,124.00,189.00,124.00,124.00,124.00,124.00,124.00,124.00,154.00,124.00,124.00,124.00,124.00,124.00,124.00,124.00,124.00,124.00,124.00,124.00,124.00,124.00,124.00,124.00,124.00,124.00
2026-08-24 11:36:29,124.00,124.00,124.00,124.00,189.00,124.00,124.00,124.00,124.00,124.00,124.00,154.00,124.00,124.00,124.00,124.00,124.00,124.00,124.00,124.00,124.00,124.00,124.00,124.00,124.00,124.00,124.00,124.00,124.00
2026-08-24 11:46:19,124.00,124.00,124.00,124.00,189.00,124.00,124.00,124.00,124.00,124.00,124.00,154.00,124.00,124.00,124.00,124.00,124.00,124.00,124.00,124.00,124.00,124.00,124.00,124.00,124.00,124.00,124.00,124.00,124.00
2026-08-24 11:56:16,124.00,124.00,124.00,124.00,189.00,124.00,124.00,124.00,124.00,124.00,124.00,154.00,124.00,124.00,124.00,124.00,124.00,124.00,124.00,124.00,124.00,124.00,124.00,124.00,124.00,124.00,124.00,124.00,124.00
2026-08-24 12:06:30,124.00,124.00,124.00,124.00,189.00,124.00,124.00,124.00,124.00,124.00,124.00,154.00,124.00,124.00,124.00,124.00,124.00,124.00,124.00,124.00,124.00,124.00,124.00,124.00,124.00,124.00,124.00,124.00,124.00
2026-08-24 12:15:58,124.00,124.00,124.00,124.00,189.00,124.00,124.00,124.00,124.00,124.00,124.00,154.00,124.00,124.00,124.00,124.00,124.00,124.00,124.00,124.00,124.00,124.00,124.00,124.00,124.00,124.00,124.00,124.00,124.00
2026-08-24 12:26:16,124.00,124.00,124.00,124.00,189.00,124.00,124.00,124.00,124.00,124.00,124.00,154.00,124.00,124.00,124.00,124.00,124.00,124.00,124.00,124.00,124.00,124.00,124.00,124.00,124.00,124.00,124.00,124.00,124.00
2026-08-24 12:36:35,124.00,124.00,124.00,124.00,189.00,124.00,124.00,124.00,124.00,124.00,124.00,154.00,124.00,124.00,124.00,124.00,124.00,124.00,124.00,124.00,124.00,124.00,124.00,124.00,124.00,124.00,124.00,124.00,124.00
2026-08-24 12:45:31,124.00,124.00,124.00,124.00,189.00,124.00,124.00,124.00,124.00,124.00,124.00,154.00,124.00,124.00,124.00,124.00,124.00,124.00,124.00,124.00,124.00,124.00,124.00,124.00,124.00,124.00,124.00,124.00,124.00
2026-08-24 12:56:09,124.00,124.00,124.00,124.00,189.00,124.00,124.00,124.00,124.00,124.00,124.00,154.00,124.00,124.00,124.00,124.00,124.00,124.00,124.00,124.00,124.00,124.00,124.00,124.00,124.00,124.00,124.00,124.00,124.00
2026-08-24 13:06:29,124.00,124.00,124.00,124.00,189.00,124.00,124.00,124.00,124.00,124.00,124.00,154.00,124.00,124.00,124.00,124.00,124.00,124.00,124.00,124.00,124.00,124.00,124.00,124.00,124.00,124.00,124.00,124.00,124.00
2026-08-24 13:16:20,124.00,124.00,124.00,124.00,189.00,124.00,124.00,124.00,124.00,124.00,124.00,154.00,124.00,124.00,124.00,124.00,124.00,124.00,124.00,124.00,124.00,124.00,124.00,124.00,124.00,124.00,124.00,124.00,124.00
2026-08-24 13:26:23,124.00,124.00,124.00,124.00,189.00,124.00,124.00,124.00,124.00,124.00,124.00,154.00,124.00,124.00,124.00,124.00,124.00,124.00,124.00,124.00,124.00,124.00,124.00,124.00,124.00,124.00,124.00,124.00,124.00
2026-08-24 13:36:20,124.00,124.00,124.00,124.00,189.00,124.00,124.00,124.00,124.00,124.00,124.00,154.00,124.00,124.00,124.00,124.00,124.00,124.00,124.00,124.00,124.00,124.00,124.00,124.00,124.00,124.00,124.00,124.00,124.00
2026-08-24 13:46:21,124.00,124.00,124.00,124.00,189.00,124.00,124.00,124.00,124.00,124.00,124.00,154.00,124.00,124.00,124.00,124.00,124.00,124.00,124.00,124.00,124.00,124.00,124.00,124.00,124.00,124.00,124.00,124.00,124.00
2026-08-24 13:56:28,124.00,124.00,124.00,124.00,189.00,124.00,124.00,124.00,124.00,124.00,124.00,154.00,124.00,124.00,124.00,124.00,124.00,124.00,124.00,124.00,124.00,124.00,124.00,124.00,124.00,124.00,124.00,124.00,124.00
2026-08-24 14:06:32,124.00,124.00,124.00,124.00,189.00,124.00,124.00,124.00,124.00,124.00,124.00,154.00,124.00,124.00,124.00,124.00,124.00,124.00,124.00,124.00,124.00,124.00,124.00,124.00,124.00,124.00,124.00,124.00,124.00
2026-08-24 14:16:33,124.00,124.00,124.00,124.00,189.00,124.00,124.00,124.00,124.00,124.00,124.00,154.00,124.00,124.00,124.00,124.00,124.00,124.00,124.00,124.00,124.00,124.00,124.00,124.00,124.00,124.00,124.00,124.00,124.00
2026-08-24 14:25:59,124.00,124.00,124.00,124.00,189.00,124.00,124.00,124.00,124.00,124.00,124.00,154.00,124.00,124.00,124.00,124.00,124.00,124.00,124.00,124.00,124.00,124.00,124.00,124.00,124.00,124.00,124.00,124.00,124.00
2026-08-24 14:36:28,124.00,124.00,124.00,124.00,189.00,124.00,124.00,124.00,124.00,124.00,124.00,154.00,124.00,124.00,124.00,124.00,124.00,124.00,124.00,124.00,124.00,124.00,124.00,124.00,124.00,124.00,124.00,124.00,124.00
2026-08-24 14:46:25,124.00,124.00,124.00,124.00,189.00,124.00,124.00,124.00,124.00,124.00,124.00,154.00,124.00,124.00,124.00,124.00,124.00,124.00,124.00,124.00,124.00,124.00,124.00,124.00,124.00,124.00,124.00,124.00,124.00
2026-08-24 14:56:32,124.00,124.00,124.00,124.00,189.00,124.00,124.00,124.00,124.00,124.00,124.00,154.00,124.00,124.00,124.00,124.00,124.00,124.00,124.00,124.00,124.00,124.00,124.00,124.00,124.00,124.00,124.00,124.00,124.00
2026-08-24 15:06:53,124.00,124.00,124.00,124.00,189.00,124.00,124.00,124.00,124.00,124.00,124.00,154.00,124.00,124.00,124.00,124.00,124.00,124.00,124.00,124.00,124.00,124.00,124.00,124.00,124.00,124.00,124.00,124.00,124.00
2026-08-24 15:16:43,124.00,124.00,124.00,124.00,189.00,124.00,124.00,124.00,124.00,124.00,124.00,154.00,124.00,124.00,124.00,124.00,124.00,124.00,124.00,124.00,124.00,124.00,124.00,124.00,124.00,124.00,124.00,124.00,124.00
2026-08-24 15:26:38,124.00,124.00,124.00,124.00,189.00,124.00,124.00,124.00,124.00,124.00,124.00,154.00,124.00,124.00,124.00,124.00,124.00,124.00,124.00,124.00,124.00,124.00,124.00,124.00,124.00,124.00,124.00,124.00,124.00
2026-08-24 15:36:31,124.00,124.00,124.00,124.00,189.00,124.00,124.00,124.00,124.00,124.00,124.00,154.00,124.00,124.00,124.00,124.00,124.00,124.00,124.00,124.00,124.00,124.00,124.00,124.00,124.00,124.00,124.00,124.00,124.00
2026-08-24 15:46:23,124.00,124.00,124.00,124.00,189.00,124.00,124.00,124.00,124.00,124.00,124.00,154.00,124.00,124.00,124.00,124.00,124.00,124.00,124.00,124.00,124.00,124.00,124.00,124.00,124.00,124.00,124.00,124.00,124.00
2026-08-24 15:56:26,124.00,124.00,124.00,124.00,189.00,124.00,124.00,124.00,124.00,124.00,124.00,154.00,124.00,124.00,124.00,124.00,124.00,124.00,124.00,124.00,124.00,124.00,124.00,124.00,124.00,124.00,124.00,124.00,124.00
2026-08-24 16:06:45,124.00,124.00,124.00,124.00,189.00,124.00,124.00,124.00,124.00,124.00,124.00,154.00,124.00,124.00,124.00,124.00,124.00,124.00,124.00,124.00,124.00,124.00,124.00,124.00,124.00,124.00,124.00,124.00,124.00
2026-08-24 16:16:32,124.00,124.00,124.00,124.00,189.00,124.00,124.00,124.00,124.00,124.00,124.00,154.00,124.00,124.00,124.00,124.00,124.00,124.00,124.00,124.00,124.00,124.00,124.00,124.00,124.00,124.00,124.00,124.00,124.00
2026-08-24 16:26:31,124.00,124.00,124.00,124.00,189.00,124.00,124.00,124.00,124.00,124.00,124.00,154.00,124.00,124.00,124.00,124.00,124.00,124.00,124.00,124.00,124.00,124.00,124.00,124.00,124.00,124.00,124.00,124.00,124.00
2026-08-24 16:36:24,124.00,124.00,124.00,124.00,189.00,124.00,124.00,124.00,124.00,124.00,124.00,154.00,124.00,124.00,124.00,124.00,124.00,124.00,124.00,124.00,124.00,124.00,124.00,124.00,124.00,124.00,124.00,124.00,124.00
2026-08-24 16:46:28,124.00,124.00,124.00,124.00,189.00,124.00,124.00,124.00,124.00,124.00,124.00,154.00,124.00,124.00,124.00,124.00,124.00,124.00,124.00,124.00,124.00,124.00,124.00,124.00,124.00,124.00,124.00,124.00,124.00
2026-08-24 16:56:28,124.00,124.00,124.00,124.00,189.00,124.00,124.00,124.00,124.00,124.00,124.00,154.00,124.00,124.00,124.00,124.00,124.00,124.00,124.00,124.00,124.00,124.00,124.00,124.00,124.00,124.00,124.00,124.00,124.00
2026-08-24 17:05:58,124.00,124.00,124.00,124.00,189.00,124.00,124.00,124.00,124.00,124.00,124.00,154.00,124.00,124.00,124.00,124.00,124.00,124.00,124.00,124.00,124.00,124.00,124.00,124.00,124.00,124.00,124.00,124.00,124.00
2026-08-24 17:16:38,124.00,124.00,124.00,124.00,189.00,124.00,124.00,124.00,124.00,124.00,124.00,154.00,124.00,124.00,124.00,124.00,124.00,124.00,124.00,124.00,124.00,124.00,124.00,124.00,124.00,124.00,124.00,124.00,124.00
2026-08-24 17:26:30,124.00,124.00,124.00,124.00,189.00,124.00,124.00,124.00,124.00,124.00,124.00,154.00,124.00,124.00,124.00,124.00,124.00,124.00,124.00,124.00,124.00,124.00,124.00,124.00,124.00,124.00,124.00,124.00,124.00
2026-08-24 17:36:29,124.00,,124.00,124.00,,,,124.00,124.00,,,154.00,124.00,,,124.00,250.00,,124.00,124.00,,,,124.00,124.00,124.00,,124.00,
2026-08-24 17:45:43,124.00,124.00,124.00,124.00,189.00,124.00,124.00,124.00,124.00,124.00,124.00,154.00,124.00,124.00,124.00,124.00,124.00,124.00,124.00,124.00,124.00,124.00,124.00,124.00,124.00,124.00,124.00,124.00,124.00
2026-08-24 17:56:44,124.00,124.00,124.00,124.00,189.00,124.00,124.00,124.00,124.00,124.00,124.00,154.00,124.00,124.00,124.00,124.00,124.00,124.00,124.00,124.00,124.00,124.00,124.00,124.00,124.00,124.00,124.00,124.00,124.00
2026-08-24 18:06:44,124.00,124.00,124.00,124.00,189.00,124.00,124.00,124.00,124.00,124.00,124.00,154.00,124.00,124.00,124.00,124.00,124.00,124.00,124.00,124.00,124.00,124.00,124.00,124.00,124.00,124.00,124.00,124.00,124.00
2026-08-24 18:16:29,124.00,124.00,124.00,124.00,189.00,124.00,124.00,124.00,124.00,124.00,124.00,154.00,124.00,124.00,124.00,124.00,124.00,124.00,124.00,124.00,124.00,124.00,124.00,124.00,124.00,124.00,124.00,124.00,124.00
2026-08-24 18:25:44,124.00,124.00,124.00,124.00,189.00,124.00,124.00,124.00,124.00,124.00,124.00,154.00,124.00,124.00,124.00,124.00,124.00,124.00,124.00,124.00,124.00,124.00,124.00,124.00,124.00,124.00,124.00,124.00,124.00
2026-08-24 18:36:28,124.00,124.00,124.00,124.00,189.00,124.00,124.00,124.00,124.00,124.00,124.00,154.00,124.00,124.00,124.00,124.00,124.00,124.00,124.00,124.00,124.00,124.00,124.00,124.00,124.00,124.00,124.00,124.00,124.00
2026-08-24 18:46:38,124.00,124.00,124.00,124.00,189.00,124.00,124.00,124.00,124.00,124.00,124.00,154.00,124.00,124.00,124.00,124.00,124.00,124.00,124.00,124.00,124.00,124.00,124.00,124.00,124.00,124.00,124.00,124.00,124.00
2026-08-24 18:56:32,124.00,124.00,124.00,124.00,189.00,124.00,124.00,124.00,124.00,124.00,124.00,154.00,124.00,124.00,124.00,124.00,124.00,124.00,124.00,124.00,124.00,124.00,124.00,124.00,124.00,124.00,124.00,124.00,124.00
2026-08-24 19:06:34,124.00,124.00,124.00,124.00,189.00,124.00,124.00,124.00,124.00,124.00,124.00,154.00,124.00,124.00,124.00,124.00,124.00,124.00,124.00,124.00,124.00,124.00,124.00,124.00,124.00,124.00,124.00,124.00,124.00
2026-08-24 19:16:04,124.00,124.00,124.00,124.00,189.00,124.00,124.00,124.00,124.00,124.00,124.00,154.00,124.00,124.00,124.00,124.00,124.00,124.00,124.00,124.00,124.00,124.00,124.00,124.00,124.00,124.00,124.00,124.00,124.00
2026-08-24 19:26:03,124.00,124.00,124.00,124.00,189.00,124.00,124.00,124.00,124.00,124.00,124.00,154.00,124.00,124.00,124.00,124.00,124.00,124.00,124.00,124.00,124.00,124.00,124.00,124.00,124.00,124.00,124.00,124.00,124.00
2026-08-24 19:36:31,124.00,124.00,124.00,124.00,189.00,124.00,124.00,124.00,124.00,124.00,124.00,154.00,124.00,124.00,124.00,124.00,124.00,124.00,124.00,124.00,124.00,124.00,124.00,124.00,124.00,124.00,124.00,124.00,124.00
2026-08-24 19:46:38,124.00,124.00,124.00,124.00,189.00,124.00,124.00,124.00,124.00,124.00,124.00,154.00,124.00,124.00,124.00,124.00,124.00,124.00,124.00,124.00,124.00,124.00,124.00,124.00,124.00,124.00,124.00,124.00,124.00
2026-08-24 19:56:34,124.00,124.00,124.00,124.00,189.00,124.00,124.00,124.00,124.00,124.00,124.00,154.00,124.00,124.00,124.00,124.00,124.00,124.00,124.00,124.00,124.00,124.00,124.00,124.00,124.00,124.00,124.00,124.00,124.00
2026-08-24 20:06:35,124.00,124.00,124.00,124.00,189.00,124.00,124.00,124.00,124.00,124.00,124.00,154.00,124.00,124.00,124.00,124.00,124.00,124.00,124.00,124.00,124.00,124.00,124.00,124.00,124.00,124.00,124.00,124.00,124.00
2026-08-24 20:16:38,124.00,124.00,124.00,124.00,189.00,124.00,124.00,124.00,124.00,124.00,124.00,154.00,124.00,124.00,124.00,124.00,124.00,124.00,124.00,124.00,124.00,124.00,124.00,124.00,124.00,124.00,124.00,124.00,124.00
2026-08-24 20:26:28,124.00,124.00,124.00,124.00,189.00,124.00,124.00,124.00,124.00,124.00,124.00,154.00,124.00,124.00,124.00,124.00,124.00,124.00,124.00,124.00,124.00,124.00,124.00,124.00,124.00,124.00,124.00,124.00,124.00
2026-08-24 20:36:32,124.00,124.00,124.00,124.00,189.00,124.00,124.00,124.00,124.00,124.00,134.00,154.00,124.00,134.00,134.00,134.00,134.00,124.00,124.00,124.00,124.00,124.00,124.00,124.00,124.00,124.00,124.00,124.00,124.00
2026-08-24 20:46:07,124.00,124.00,124.00,124.00,189.00,124.00,124.00,124.00,124.00,124.00,134.00,162.00,134.00,134.00,134.00,134.00,134.00,124.00,124.00,124.00,124.00,124.00,124.00,124.00,124.00,124.00,124.00,124.00,124.00
2026-08-24 20:56:37,124.00,124.00,124.00,124.00,189.00,124.00,124.00,124.00,124.00,124.00,134.00,162.00,134.00,134.00,134.00,134.00,134.00,124.00,124.00,124.00,124.00,124.00,124.00,124.00,124.00,124.00,124.00,124.00,124.00
2026-08-24 21:06:25,124.00,124.00,124.00,124.00,189.00,124.00,124.00,124.00,124.00,124.00,134.00,162.00,134.00,134.00,134.00,134.00,134.00,124.00,124.00,124.00,124.00,124.00,124.00,124.00,124.00,124.00,124.00,124.00,124.00
2026-08-24 21:16:13,124.00,124.00,124.00,124.00,189.00,124.00,124.00,124.00,124.00,124.00,134.00,162.00,134.00,134.00,134.00,134.00,134.00,124.00,124.00,124.00,124.00,124.00,124.00,124.00,124.00,124.00,124.00,124.00,124.00
2026-08-24 21:26:37,124.00,124.00,124.00,124.00,189.00,124.00,124.00,124.00,124.00,124.00,134.00,162.00,134.00,134.00,134.00,134.00,134.00,124.00,124.00,124.00,124.00,124.00,124.00,124.00,124.00,124.00,124.00,124.00,124.00
2026-08-24 21:36:33,124.00,124.00,124.00,124.00,189.00,124.00,124.00,124.00,124.00,124.00,134.00,162.00,134.00,134.00,134.00,134.00,134.00,124.00,124.00,124.00,124.00,124.00,124.00,124.00,124.00,124.00,124.00,124.00,124.00
2026-08-24 21:45:52,124.00,124.00,124.00,124.00,189.00,124.00,124.00,124.00,124.00,124.00,134.00,162.00,134.00,134.00,134.00,134.00,134.00,124.00,124.00,124.00,124.00,124.00,124.00,124.00,124.00,124.00,124.00,124.00,124.00
2026-08-24 21:56:34,124.00,124.00,124.00,124.00,189.00,124.00,124.00,124.00,124.00,124.00,134.00,162.00,134.00,134.00,134.00,134.00,134.00,124.00,124.00,124.00,124.00,124.00,124.00,124.00,124.00,124.00,124.00,124.00,124.00
2026-08-24 22:06:42,124.00,124.00,124.00,124.00,189.00,124.00,124.00,124.00,124.00,124.00,134.00,162.00,134.00,134.00,134.00,134.00,134.00,124.00,124.00,124.00,124.00,124.00,124.00,124.00,124.00,124.00,124.00,124.00,124.00
2026-08-24 22:16:28,124.00,124.00,124.00,124.00,189.00,124.00,124.00,124.00,124.00,124.00,134.00,162.00,134.00,134.00,134.00,134.00,134.00,124.00,124.00,124.00,124.00,124.00,124.00,124.00,124.00,124.00,124.00,124.00,124.00
2026-08-24 22:26:27,124.00,124.00,124.00,124.00,189.00,124.00,124.00,124.00,124.00,124.00,134.00,162.00,134.00,134.00,134.00,134.00,134.00,124.00,124.00,124.00,124.00,124.00,124.00,124.00,124.00,124.00,124.00,124.00,124.00
2026-08-24 22:35:36,124.00,124.00,124.00,124.00,189.00,124.00,124.00,124.00,124.00,124.00,134.00,162.00,134.00,134.00,134.00,134.00,134.00,124.00,124.00,124.00,124.00,124.00,124.00,124.00,124.00,124.00,124.00,124.00,124.00
2026-08-24 22:46:36,124.00,124.00,124.00,124.00,189.00,124.00,124.00,124.00,124.00,124.00,134.00,162.00,134.00,134.00,134.00,134.00,134.00,124.00,124.00,124.00,124.00,124.00,124.00,124.00,124.00,124.00,124.00,124.00,124.00
2026-08-24 22:56:38,124.00,124.00,124.00,124.00,189.00,124.00,124.00,124.00,124.00,124.00,134.00,162.00,134.00,134.00,134.00,134.00,134.00,124.00,124.00,124.00,124.00,124.00,124.00,124.00,124.00,124.00,124.00,124.00,124.00
2026-08-24 23:06:48,124.00,124.00,124.00,124.00,189.00,124.00,124.00,124.00,124.00,124.00,134.00,162.00,134.00,134.00,134.00,134.00,134.00,124.00,124.00,124.00,124.00,124.00,124.00,124.00,124.00,124.00,124.00,124.00,124.00
2026-08-24 23:16:37,124.00,124.00,124.00,124.00,189.00,124.00,124.00,124.00,124.00,124.00,134.00,162.00,134.00,134.00,134.00,134.00,134.00,124.00,124.00,124.00,124.00,124.00,124.00,124.00,124.00,124.00,124.00,124.00,124.00
2026-08-24 23:26:32,124.00,124.00,124.00,124.00,189.00,124.00,124.00,124.00,124.00,124.00,134.00,162.00,134.00,134.00,134.00,134.00,134.00,124.00,124.00,124.00,124.00,124.00,124.00,124.00,124.00,124.00,124.00,124.00,124.00
2026-08-24 23:46:31,124.00,124.00,124.00,124.00,189.00,124.00,124.00,124.00,124.00,124.00,134.00,162.00,134.00,134.00,134.00,134.00,134.00,124.00,124.00,124.00,124.00,124.00,124.00,124.00,124.00,124.00,124.00,124.00,124.00
2026-08-24 23:56:44,124.00,124.00,124.00,124.00,189.00,124.00,124.00,124.00,124.00,124.00,134.00,162.00,134.00,134.00,134.00,134.00,134.00,124.00,124.00,124.00,124.00,124.00,124.00,124.00,124.00,124.00,124.00,124.00,124.00
2026-08-25 00:06:39,124.00,124.00,124.00,124.00,189.00,124.00,124.00,124.00,124.00,124.00,134.00,162.00,134.00,134.00,134.00,134.00,134.00,124.00,124.00,124.00,124.00,124.00,124.00,124.00,124.00,124.00,124.00,124.00,124.00
2026-08-25 00:15:54,124.00,124.00,124.00,124.00,189.00,124.00,124.00,124.00,124.00,124.00,134.00,162.00,134.00,134.00,134.00,134.00,134.00,124.00,124.00,124.00,124.00,124.00,124.00,124.00,124.00,124.00,124.00,124.00,124.00
2026-08-25 00:26:32,124.00,124.00,124.00,124.00,189.00,124.00,124.00,124.00,124.00,124.00,134.00,162.00,134.00,134.00,134.00,134.00,134.00,124.00,124.00,124.00,124.00,124.00,124.00,124.00,124.00,124.00,124.00,124.00,124.00
2026-08-25 00:36:44,124.00,124.00,124.00,124.00,189.00,124.00,124.00,124.00,124.00,124.00,134.00,162.00,134.00,134.00,134.00,134.00,134.00,124.00,124.00,124.00,124.00,124.00,124.00,124.00,124.00,124.00,124.00,124.00,124.00
2026-08-25 00:46:50,124.00,124.00,124.00,124.00,189.00,124.00,124.00,124.00,124.00,124.00,134.00,190.00,134.00,134.00,134.00,134.00,134.00,124.00,124.00,124.00,124.00,124.00,124.00,124.00,124.00,124.00,124.00,124.00,124.00
2026-08-25 00:56:41,124.00,124.00,124.00,124.00,189.00,124.00,124.00,124.00,124.00,124.00,134.00,162.00,134.00,134.00,134.00,134.00,134.00,124.00,124.00,124.00,124.00,124.00,124.00,124.00,124.00,124.00,124.00,124.00,124.00
2026-08-25 01:06:16,124.00,124.00,124.00,124.00,189.00,124.00,124.00,124.00,124.00,124.00,134.00,162.00,134.00,134.00,134.00,134.00,134.00,124.00,124.00,124.00,124.00,124.00,124.00,124.00,124.00,124.00,124.00,124.00,124.00
2026-08-25 01:16:46,124.00,124.00,124.00,124.00,189.00,124.00,124.00,124.00,124.00,124.00,134.00,162.00,134.00,134.00,134.00,134.00,134.00,124.00,124.00,124.00,124.00,124.00,124.00,124.00,124.00,124.00,124.00,124.00,124.00
2026-08-25 01:26:31,124.00,124.00,124.00,124.00,189.00,124.00,124.00,124.00,124.00,124.00,134.00,190.00,134.00,134.00,134.00,134.00,134.00,124.00,124.00,124.00,124.00,124.00,124.00,124.00,124.00,124.00,124.00,124.00,124.00
2026-08-25 01:36:49,124.00,124.00,124.00,124.00,189.00,124.00,124.00,124.00,124.00,124.00,134.00,190.00,134.00,134.00,134.00,134.00,134.00,124.00,124.00,124.00,124.00,124.00,124.00,124.00,124.00,124.00,124.00,124.00,124.00
2026-08-25 01:46:50,124.00,124.00,124.00,124.00,189.00,124.00,124.00,124.00,124.00,124.00,134.00,190.00,134.00,134.00,134.00,134.00,134.00,124.00,124.00,124.00,124.00,124.00,124.00,124.00,124.00,124.00,124.00,124.00,124.00
2026-08-25 01:56:42,124.00,124.00,124.00,124.00,189.00,124.00,124.00,124.00,124.00,124.00,134.00,190.00,134.00,134.00,134.00,134.00,134.00,124.00,124.00,124.00,124.00,124.00,124.00,124.00,124.00,124.00,124.00,124.00,124.00
2026-08-25 02:06:48,124.00,124.00,124.00,124.00,189.00,124.00,124.00,124.00,124.00,124.00,134.00,190.00,134.00,134.00,134.00,134.00,134.00,124.00,124.00,124.00,124.00,124.00,124.00,124.00,124.00,124.00,124.00,124.00,124.00
2026-08-25 02:16:45,124.00,124.00,124.00,124.00,189.00,124.00,124.00,124.00,124.00,124.00,134.00,190.00,134.00,134.00,134.00,134.00,134.00,124.00,124.00,124.00,124.00,124.00,124.00,124.00,124.00,124.00,124.00,124.00,124.00
2026-08-25 02:25:37,124.00,124.00,124.00,124.00,189.00,124.00,124.00,124.00,124.00,124.00,134.00,190.00,134.00,134.00,134.00,134.00,134.00,124.00,124.00,124.00,124.00,124.00,124.00,124.00,124.00,124.00,124.00,124.00,124.00
2026-08-25 02:36:33,124.00,124.00,124.00,124.00,189.00,124.00,124.00,124.00,124.00,124.00,134.00,190.00,134.00,134.00,134.00,134.00,134.00,124.00,124.00,124.00,124.00,124.00,124.00,124.00,124.00,124.00,124.00,124.00,124.00
2026-08-25 02:46:31,124.00,124.00,124.00,124.00,189.00,124.00,124.00,124.00,124.00,124.00,134.00,190.00,134.00,134.00,134.00,134.00,134.00,124.00,124.00,124.00,124.00,124.00,124.00,124.00,124.00,124.00,124.00,124.00,124.00
2026-08-25 02:55:34,124.00,124.00,124.00,124.00,189.00,124.00,124.00,124.00,124.00,124.00,134.00,190.00,134.00,134.00,134.00,134.00,134.00,124.00,124.00,124.00,124.00,124.00,124.00,124.00,124.00,124.00,124.00,124.00,124.00
2026-08-25 03:06:44,124.00,124.00,124.00,124.00,189.00,124.00,124.00,124.00,124.00,124.00,134.00,190.00,134.00,134.00,134.00,134.00,134.00,124.00,124.00,124.00,124.00,124.00,124.00,124.00,124.00,124.00,124.00,124.00,124.00
2026-08-25 03:16:52,124.00,124.00,124.00,124.00,189.00,124.00,124.00,124.00,124.00,124.00,134.00,190.00,134.00,134.00,134.00,134.00,134.00,124.00,124.00,124.00,124.00,124.00,124.00,124.00,124.00,124.00,124.00,124.00,124.00
2026-08-25 03:26:38,124.00,124.00,124.00,124.00,189.00,124.00,124.00,124.00,124.00,124.00,134.00,190.00,134.00,134.00,134.00,134.00,134.00,124.00,124.00,124.00,124.00,124.00,124.00,124.00,124.00,124.00,124.00,124.00,124.00
2026-08-25 03:36:32,124.00,124.00,124.00,124.00,189.00,124.00,124.00,124.00,124.00,124.00,134.00,190.00,134.00,134.00,134.00,134.00,134.00,124.00,124.00,124.00,124.00,124.00,124.00,124.00,124.00,124.00,124.00,124.00,124.00
2026-08-25 03:46:23,124.00,124.00,124.00,124.00,189.00,124.00,124.00,124.00,124.00,124.00,134.00,190.00,134.00,134.00,134.00,134.00,134.00,124.00,124.00,124.00,124.00,124.00,124.00,124.00,124.00,124.00,124.00,124.00,124.00
2026-08-25 03:56:39,124.00,124.00,124.00,124.00,189.00,124.00,124.00,124.00,124.00,124.00,134.00,190.00,134.00,134.00,134.00,134.00,134.00,124.00,124.00,124.00,124.00,124.00,124.00,124.00,124.00,124.00,124.00,124.00,124.00
2026-08-25 04:07:22,124.00,124.00,124.00,124.00,189.00,124.00,124.00,124.00,124.00,124.00,134.00,190.00,134.00,134.00,134.00,134.00,134.00,124.00,124.00,124.00,124.00,124.00,124.00,124.00,124.00,124.00,124.00,124.00,124.00
2026-08-25 04:17:27,124.00,124.00,124.00,124.00,189.00,124.00,124.00,124.00,124.00,124.00,134.00,190.00,134.00,134.00,134.00,134.00,134.00,124.00,124.00,124.00,124.00,124.00,124.00,124.00,124.00,124.00,124.00,124.00,124.00
2026-08-25 04:27:11,124.00,124.00,124.00,124.00,189.00,124.00,124.00,124.00,124.00,124.00,134.00,190.00,134.00,134.00,134.00,134.00,134.00,124.00,124.00,124.00,124.00,124.00,124.00,124.00,124.00,124.00,124.00,124.00,124.00
2026-08-25 04:36:47,124.00,124.00,124.00,124.00,189.00,124.00,124.00,124.00,124.00,124.00,134.00,190.00,134.00,134.00,134.00,134.00,134.00,124.00,124.00,124.00,124.00,124.00,124.00,124.00,124.00,124.00,124.00,124.00,124.00
2026-08-25 04:45:58,124.00,124.00,124.00,124.00,189.00,124.00,124.00,124.00,124.00,124.00,134.00,190.00,134.00,134.00,134.00,134.00,134.00,124.00,124.00,124.00,124.00,124.00,124.00,124.00,124.00,124.00,124.00,124.00,124.00
2026-08-25 04:56:35,124.00,124.00,124.00,124.00,189.00,124.00,124.00,124.00,124.00,124.00,134.00,190.00,134.00,134.00,134.00,134.00,134.00,124.00,124.00,124.00,124.00,124.00,124.00,124.00,124.00,124.00,124.00,124.00,124.00
2026-08-25 05:05:43,124.00,124.00,124.00,124.00,189.00,124.00,124.00,124.00,124.00,124.00,134.00,190.00,134.00,134.00,134.00,134.00,134.00,124.00,124.00,124.00,124.00,124.00,124.00,124.00,124.00,124.00,124.00,124.00,124.00
2026-08-25 05:16:24,124.00,124.00,124.00,124.00,189.00,124.00,124.00,124.00,124.00,124.00,134.00,190.00,134.00,134.00,134.00,134.00,134.00,124.00,124.00,124.00,124.00,124.00,124.00,124.00,124.00,124.00,124.00,124.00,124.00
2026-08-25 05:26:27,124.00,124.00,124.00,124.00,189.00,124.00,124.00,124.00,124.00,124.00,134.00,190.00,134.00,134.00,134.00,134.00,134.00,124.00,124.00,124.00,124.00,124.00,124.00,124.00,124.00,124.00,124.00,124.00,124.00
2026-08-25 05:36:35,124.00,124.00,124.00,124.00,189.00,124.00,124.00,124.00,124.00,124.00,134.00,190.00,134.00,134.00,134.00,134.00,134.00,124.00,124.00,124.00,124.00,124.00,124.00,124.00,124.00,124.00,124.00,124.00,124.00
2026-08-25 05:46:32,124.00,124.00,124.00,124.00,189.00,124.00,124.00,124.00,124.00,124.00,134.00,190.00,134.00,134.00,134.00,134.00,134.00,124.00,124.00,124.00,124.00,124.00,124.00,124.00,124.00,124.00,124.00,124.00,124.00
2026-08-25 05:56:32,124.00,124.00,124.00,124.00,189.00,124.00,124.00,124.00,124.00,124.00,134.00,190.00,134.00,134.00,134.00,134.00,134.00,124.00,124.00,124.00,124.00,124.00,124.00,124.00,124.00,124.00,124.00,124.00,124.00
2026-08-25 06:06:06,124.00,124.00,124.00,124.00,189.00,124.00,124.00,124.00,124.00,124.00,134.00,190.00,134.00,134.00,134.00,134.00,134.00,124.00,124.00,124.00,124.00,124.00,124.00,124.00,124.00,124.00,124.00,124.00,124.00
2026-08-25 06:16:28,124.00,124.00,124.00,124.00,189.00,124.00,124.00,124.00,124.00,124.00,134.00,162.00,134.00,134.00,134.00,134.00,134.00,124.00,124.00,124.00,124.00,124.00,124.00,124.00,124.00,124.00,124.00,124.00,124.00
2026-08-25 06:26:35,124.00,124.00,124.00,124.00,189.00,124.00,124.00,124.00,124.00,124.00,134.00,162.00,134.00,134.00,134.00,134.00,134.00,124.00,124.00,124.00,124.00,124.00,124.00,124.00,124.00,124.00,124.00,124.00,124.00
2026-08-25 06:36:28,124.00,124.00,124.00,124.00,189.00,124.00,124.00,124.00,124.00,124.00,134.00,162.00,134.00,134.00,134.00,134.00,134.00,124.00,124.00,124.00,124.00,124.00,124.00,124.00,124.00,124.00,124.00,124.00,124.00
2026-08-25 06:45:56,124.00,124.00,124.00,124.00,189.00,124.00,124.00,124.00,124.00,124.00,134.00,162.00,134.00,134.00,134.00,134.00,134.00,124.00,124.00,124.00,124.00,124.00,124.00,124.00,124.00,124.00,124.00,124.00,124.00
2026-08-25 06:55:39,124.00,124.00,124.00,124.00,189.00,124.00,124.00,124.00,124.00,124.00,134.00,162.00,134.00,134.00,134.00,134.00,134.00,124.00,124.00,124.00,124.00,124.00,124.00,124.00,124.00,124.00,124.00,124.00,124.00
2026-08-25 07:06:34,124.00,124.00,124.00,124.00,189.00,124.00,124.00,124.00,124.00,124.00,134.00,162.00,134.00,134.00,134.00,134.00,134.00,124.00,124.00,124.00,124.00,124.00,124.00,124.00,124.00,124.00,124.00,124.00,124.00
2026-08-25 07:16:24,124.00,124.00,124.00,124.00,189.00,124.00,124.00,124.00,124.00,124.00,134.00,162.00,134.00,134.00,134.00,134.00,134.00,124.00,124.00,124.00,124.00,124.00,124.00,124.00,124.00,124.00,124.00,124.00,124.00
2026-08-25 07:26:33,124.00,124.00,124.00,124.00,189.00,124.00,124.00,124.00,124.00,124.00,134.00,162.00,134.00,134.00,134.00,134.00,134.00,124.00,124.00,124.00,124.00,124.00,124.00,124.00,124.00,124.00,124.00,124.00,124.00
2026-08-25 07:36:37,124.00,124.00,124.00,124.00,189.00,124.00,124.00,124.00,124.00,124.00,134.00,162.00,134.00,134.00,134.00,134.00,134.00,124.00,124.00,124.00,124.00,124.00,124.00,124.00,124.00,124.00,124.00,124.00,124.00
2026-08-25 07:46:23,124.00,124.00,124.00,124.00,189.00,124.00,124.00,124.00,124.00,124.00,134.00,162.00,134.00,134.00,134.00,134.00,134.00,124.00,124.00,124.00,124.00,124.00,124.00,124.00,124.00,124.00,124.00,124.00,124.00
2026-08-25 07:56:32,124.00,124.00,124.00,124.00,189.00,124.00,124.00,124.00,124.00,124.00,134.00,162.00,134.00,134.00,134.00,134.00,134.00,124.00,124.00,124.00,124.00,124.00,124.00,124.00,124.00,124.00,124.00,124.00,124.00
2026-08-25 08:06:40,124.00,124.00,124.00,124.00,189.00,124.00,124.00,124.00,124.00,124.00,134.00,162.00,134.00,134.00,134.00,134.00,134.00,124.00,124.00,124.00,124.00,124.00,124.00,124.00,124.00,124.00,124.00,124.00,124.00
2026-08-25 08:16:27,124.00,124.00,124.00,124.00,189.00,124.00,124.00,124.00,124.00,124.00,134.00,162.00,134.00,134.00,134.00,134.00,134.00,124.00,124.00,124.00,124.00,124.00,124.00,124.00,124.00,124.00,124.00,124.00,124.00
2026-08-25 08:26:31,124.00,124.00,124.00,124.00,189.00,124.00,124.00,124.00,124.00,124.00,134.00,162.00,134.00,134.00,134.00,134.00,134.00,124.00,124.00,124.00,124.00,124.00,124.00,124.00,124.00,124.00,124.00,124.00,124.00
2026-08-25 08:36:37,124.00,124.00,124.00,124.00,189.00,124.00,124.00,124.00,124.00,124.00,134.00,162.00,134.00,134.00,134.00,134.00,134.00,124.00,124.00,124.00,124.00,124.00,124.00,124.00,124.00,124.00,124.00,124.00,124.00
2026-08-25 08:46:29,124.00,124.00,124.00,124.00,189.00,124.00,124.00,124.00,124.00,124.00,134.00,162.00,134.00,134.00,134.00,134.00,134.00,124.00,124.00,124.00,124.00,124.00,124.00,124.00,124.00,124.00,124.00,124.00,124.00
2026-08-25 08:56:26,124.00,124.00,124.00,124.00,189.00,124.00,124.00,124.00,124.00,124.00,134.00,162.00,134.00,134.00,134.00,134.00,134.00,124.00,124.00,124.00,124.00,124.00,124.00,124.00,124.00,124.00,124.00,124.00,124.00
2026-08-25 09:06:06,124.00,124.00,124.00,124.00,189.00,124.00,124.00,124.00,124.00,124.00,134.00,162.00,134.00,134.00,134.00,134.00,134.00,124.00,124.00,124.00,124.00,124.00,124.00,124.00,124.00,124.00,124.00,124.00,124.00
2026-08-25 09:16:28,124.00,124.00,124.00,124.00,189.00,124.00,124.00,124.00,124.00,124.00,134.00,162.00,134.00,134.00,134.00,134.00,134.00,124.00,124.00,124.00,124.00,124.00,124.00,124.00,124.00,124.00,124.00,124.00,124.00
2026-08-25 09:26:31,124.00,124.00,124.00,124.00,189.00,124.00,124.00,124.00,124.00,124.00,134.00,162.00,134.00,134.00,134.00,134.00,134.00,124.00,124.00,124.00,124.00,124.00,124.00,124.00,124.00,124.00,124.00,124.00,124.00
2026-08-25 09:36:32,124.00,124.00,124.00,124.00,189.00,124.00,124.00,124.00,124.00,124.00,134.00,162.00,134.00,134.00,134.00,134.00,134.00,124.00,124.00,124.00,124.00,124.00,124.00,124.00,124.00,124.00,124.00,124.00,124.00
2026-08-25 09:46:03,124.00,124.00,124.00,124.00,189.00,124.00,124.00,124.00,124.00,124.00,134.00,162.00,134.00,134.00,134.00,134.00,134.00,124.00,124.00,124.00,124.00,124.00,124.00,124.00,124.00,124.00,124.00,124.00,124.00
2026-08-25 09:56:34,124.00,124.00,124.00,124.00,189.00,124.00,124.00,124.00,124.00,124.00,134.00,162.00,134.00,134.00,134.00,134.00,134.00,124.00,124.00,124.00,124.00,124.00,124.00,124.00,124.00,124.00,124.00,124.00,124.00
2026-08-25 10:06:05,124.00,124.00,124.00,124.00,189.00,124.00,124.00,124.00,124.00,124.00,134.00,162.00,134.00,134.00,134.00,134.00,134.00,124.00,124.00,124.00,124.00,124.00,124.00,124.00,124.00,124.00,124.00,124.00,124.00
2026-08-25 10:16:26,124.00,124.00,124.00,124.00,189.00,124.00,124.00,124.00,124.00,124.00,134.00,162.00,134.00,134.00,134.00,134.00,134.00,124.00,124.00,124.00,124.00,124.00,124.00,124.00,124.00,124.00,124.00,124.00,124.00
2026-08-25 10:26:25,124.00,124.00,124.00,124.00,189.00,124.00,124.00,124.00,124.00,124.00,134.00,162.00,134.00,134.00,134.00,134.00,134.00,124.00,124.00,124.00,124.00,124.00,124.00,124.00,124.00,124.00,124.00,124.00,124.00
2026-08-25 10:36:02,124.00,124.00,124.00,124.00,189.00,124.00,124.00,124.00,124.00,124.00,134.00,162.00,134.00,134.00,134.00,134.00,134.00,124.00,124.00,124.00,124.00,124.00,124.00,124.00,124.00,124.00,124.00,124.00,124.00
2026-08-25 10:45:26,124.00,124.00,124.00,124.00,189.00,124.00,124.00,124.00,124.00,124.00,134.00,162.00,134.00,134.00,134.00,134.00,134.00,124.00,124.00,124.00,124.00,124.00,124.00,124.00,124.00,124.00,124.00,124.00,124.00
2026-08-25 10:56:04,124.00,124.00,124.00,124.00,189.00,124.00,124.00,124.00,124.00,124.00,134.00,162.00,134.00,134.00,134.00,134.00,134.00,124.00,124.00,124.00,124.00,124.00,124.00,124.00,124.00,124.00,124.00,124.00,124.00
2026-08-25 11:06:42,124.00,124.00,124.00,124.00,189.00,124.00,124.00,124.00,124.00,124.00,134.00,162.00,134.00,134.00,134.00,134.00,134.00,124.00,124.00,124.00,124.00,124.00,124.00,124.00,124.00,124.00,124.00,124.00,124.00
2026-08-25 11:16:37,124.00,124.00,124.00,124.00,189.00,124.00,124.00,124.00,124.00,124.00,134.00,162.00,134.00,134.00,134.00,134.00,134.00,124.00,124.00,124.00,124.00,124.00,124.00,124.00,124.00,124.00,124.00,124.00,124.00
2026-08-25 11:26:46,124.00,124.00,124.00,124.00,189.00,124.00,124.00,124.00,124.00,124.00,134.00,162.00,134.00,134.00,134.00,134.00,134.00,124.00,124.00,124.00,124.00,124.00,124.00,124.00,124.00,124.00,124.00,124.00,124.00
2026-08-25 11:36:44,124.00,124.00,124.00,124.00,189.00,124.00,124.00,124.00,124.00,124.00,134.00,162.00,134.00,134.00,134.00,134.00,134.00,124.00,124.00,124.00,124.00,124.00,124.00,124.00,124.00,124.00,124.00,124.00,124.00
2026-08-25 11:46:47,124.00,124.00,124.00,124.00,189.00,124.00,124.00,124.00,124.00,124.00,134.00,162.00,134.00,134.00,134.00,134.00,134.00,124.00,124.00,124.00,124.00,124.00,124.00,124.00,124.00,124.00,124.00,124.00,124.00
2026-08-25 11:56:30,124.00,124.00,124.00,124.00,189.00,124.00,124.00,124.00,124.00,124.00,134.00,162.00,134.00,134.00,134.00,134.00,134.00,124.00,124.00,124.00,124.00,124.00,124.00,124.00,124.00,124.00,124.00,124.00,124.00
2026-08-25 12:06:43,124.00,124.00,124.00,124.00,189.00,124.00,124.00,124.00,124.00,124.00,134.00,162.00,134.00,134.00,134.00,134.00,134.00,124.00,124.00,124.00,124.00,124.00,124.00,124.00,124.00,124.00,124.00,124.00,124.00
2026-08-25 12:16:45,124.00,124.00,124.00,124.00,189.00,124.00,124.00,124.00,124.00,124.00,134.00,162.00,134.00,134.00,134.00,134.00,134.00,124.00,124.00,124.00,124.00,124.00,124.00,124.00,124.00,124.00,124.00,124.00,124.00
2026-08-25 12:26:25,124.00,124.00,124.00,124.00,189.00,124.00,124.00,124.00,124.00,124.00,134.00,162.00,134.00,134.00,134.00,134.00,134.00,124.00,124.00,124.00,124.00,124.00,124.00,124.00,124.00,124.00,124.00,124.00,124.00
2026-08-25 12:36:40,124.00,124.00,124.00,124.00,189.00,124.00,124.00,124.00,124.00,124.00,134.00,162.00,134.00,134.00,134.00,134.00,134.00,124.00,124.00,124.00,124.00,124.00,124.00,124.00,124.00,124.00,124.00,124.00,124.00
2026-08-25 12:46:36,124.00,,124.00,124.00,,,,124.00,124.00,,,162.00,134.00,,,134.00,260.00,,124.00,124.00,,,,124.00,124.00,124.00,,124.00,
2026-08-25 12:56:45,124.00,124.00,124.00,124.00,189.00,124.00,124.00,124.00,124.00,124.00,134.00,162.00,134.00,134.00,134.00,134.00,134.00,124.00,124.00,124.00,124.00,124.00,124.00,124.00,124.00,124.00,124.00,124.00,124.00
2026-08-25 13:06:42,124.00,124.00,124.00,124.00,189.00,124.00,124.00,124.00,124.00,124.00,134.00,162.00,134.00,134.00,134.00,134.00,134.00,124.00,124.00,124.00,124.00,124.00,124.00,124.00,124.00,124.00,124.00,124.00,124.00
2026-08-25 13:16:54,124.00,124.00,124.00,124.00,189.00,124.00,124.00,124.00,124.00,124.00,134.00,162.00,134.00,134.00,134.00,134.00,134.00,124.00,124.00,124.00,124.00,124.00,124.00,124.00,124.00,124.00,124.00,124.00,124.00
2026-08-25 13:26:42,124.00,124.00,124.00,124.00,189.00,124.00,124.00,124.00,124.00,124.00,134.00,162.00,134.00,134.00,134.00,134.00,134.00,124.00,124.00,124.00,124.00,124.00,124.00,124.00,124.00,124.00,124.00,124.00,124.00
2026-08-25 13:36:48,124.00,124.00,124.00,124.00,189.00,124.00,124.00,124.00,124.00,124.00,134.00,162.00,134.00,134.00,134.00,134.00,134.00,124.00,124.00,124.00,124.00,124.00,124.00,124.00,124.00,124.00,124.00,124.00,124.00
2026-08-25 13:45:40,124.00,124.00,124.00,124.00,189.00,124.00,124.00,124.00,124.00,124.00,134.00,162.00,134.00,134.00,134.00,134.00,134.00,124.00,124.00,124.00,124.00,124.00,124.00,124.00,124.00,124.00,124.00,124.00,124.00
2026-08-25 13:56:54,124.00,124.00,124.00,124.00,189.00,124.00,124.00,124.00,124.00,124.00,134.00,162.00,134.00,134.00,134.00,134.00,134.00,124.00,124.00,124.00,124.00,124.00,124.00,124.00,124.00,124.00,124.00,124.00,124.00
2026-08-25 14:07:06,124.00,124.00,124.00,124.00,189.00,124.00,124.00,124.00,124.00,124.00,134.00,162.00,134.00,134.00,134.00,134.00,134.00,124.00,124.00,124.00,124.00,124.00,124.00,124.00,124.00,124.00,124.00,124.00,124.00
2026-08-25 14:17:04,124.00,124.00,124.00,124.00,189.00,124.00,124.00,124.00,124.00,124.00,134.00,162.00,134.00,134.00,134.00,134.00,134.00,124.00,124.00,124.00,124.00,124.00,124.00,124.00,124.00,124.00,124.00,124.00,124.00
2026-08-25 14:26:56,124.00,124.00,124.00,124.00,189.00,124.00,124.00,124.00,124.00,124.00,134.00,162.00,134.00,134.00,134.00,134.00,134.00,124.00,124.00,124.00,124.00,124.00,124.00,124.00,124.00,124.00,124.00,124.00,124.00
2026-08-25 14:36:49,124.00,124.00,124.00,124.00,189.00,124.00,124.00,124.00,124.00,124.00,134.00,162.00,134.00,134.00,134.00,134.00,134.00,124.00,124.00,124.00,124.00,124.00,124.00,124.00,124.00,124.00,124.00,124.00,124.00
2026-08-25 14:45:49,124.00,124.00,124.00,124.00,189.00,124.00,124.00,124.00,124.00,124.00,134.00,162.00,134.00,134.00,134.00,134.00,134.00,124.00,124.00,124.00,124.00,124.00,124.00,124.00,124.00,124.00,124.00,124.00,124.00
2026-08-25 14:56:11,124.00,124.00,124.00,124.00,189.00,124.00,124.00,124.00,124.00,124.00,134.00,162.00,134.00,134.00,134.00,134.00,134.00,124.00,124.00,124.00,124.00,124.00,124.00,124.00,124.00,124.00,124.00,124.00,124.00
2026-08-25 15:06:51,124.00,124.00,124.00,124.00,189.00,124.00,124.00,124.00,124.00,124.00,134.00,162.00,134.00,134.00,134.00,134.00,134.00,124.00,124.00,124.00,124.00,124.00,124.00,124.00,124.00,124.00,124.00,124.00,124.00
2026-08-25 15:16:59,124.00,124.00,124.00,124.00,189.00,124.00,124.00,124.00,124.00,124.00,134.00,162.00,134.00,134.00,134.00,134.00,134.00,124.00,124.00,124.00,124.00,124.00,124.00,124.00,124.00,124.00,124.00,124.00,124.00
2026-08-25 15:27:04,124.00,124.00,124.00,124.00,189.00,124.00,124.00,124.00,124.00,124.00,134.00,162.00,134.00,134.00,134.00,134.00,134.00,124.00,124.00,124.00,124.00,124.00,124.00,124.00,124.00,124.00,124.00,124.00,124.00
2026-08-25 15:36:52,124.00,124.00,124.00,124.00,189.00,124.00,124.00,124.00,124.00,124.00,134.00,162.00,134.00,134.00,134.00,134.00,134.00,124.00,124.00,124.00,124.00,124.00,124.00,124.00,124.00,124.00,124.00,124.00,124.00
2026-08-25 15:46:46,124.00,124.00,124.00,124.00,189.00,124.00,124.00,124.00,124.00,124.00,134.00,162.00,134.00,134.00,134.00,134.00,134.00,124.00,124.00,124.00,124.00,124.00,124.00,124.00,124.00,124.00,124.00,124.00,124.00
2026-08-25 15:56:40,124.00,124.00,124.00,124.00,189.00,124.00,124.00,124.00,124.00,124.00,134.00,162.00,134.00,134.00,134.00,134.00,134.00,124.00,124.00,124.00,124.00,124.00,124.00,124.00,124.00,124.00,124.00,124.00,124.00
2026-08-25 16:06:43,124.00,124.00,124.00,124.00,189.00,124.00,124.00,124.00,124.00,124.00,134.00,162.00,134.00,134.00,134.00,134.00,134.00,124.00,124.00,124.00,124.00,124.00,124.00,124.00,124.00,124.00,124.00,124.00,124.00
2026-08-25 16:17:08,124.00,124.00,124.00,124.00,189.00,124.00,124.00,124.00,124.00,124.00,134.00,162.00,134.00,134.00,134.00,134.00,134.00,124.00,124.00,124.00,124.00,124.00,124.00,124.00,124.00,124.00,124.00,124.00,124.00
2026-08-25 16:27:08,124.00,124.00,124.00,124.00,189.00,124.00,124.00,124.00,124.00,124.00,134.00,162.00,134.00,134.00,134.00,134.00,134.00,124.00,124.00,124.00,124.00,124.00,124.00,124.00,124.00,124.00,124.00,124.00,124.00
2026-08-25 16:37:35,124.00,124.00,124.00,124.00,189.00,124.00,124.00,124.00,124.00,124.00,134.00,162.00,134.00,134.00,134.00,134.00,134.00,124.00,124.00,124.00,124.00,124.00,124.00,124.00,124.00,124.00,124.00,124.00,124.00
2026-08-25 16:48:19,124.00,124.00,124.00,124.00,189.00,124.00,124.00,124.00,124.00,124.00,134.00,162.00,134.00,134.00,134.00,134.00,134.00,124.00,124.00,124.00,124.00,124.00,124.00,124.00,124.00,124.00,124.00,124.00,124.00
2026-08-25 16:58:46,124.00,124.00,124.00,124.00,189.00,124.00,124.00,124.00,124.00,124.00,134.00,162.00,134.00,134.00,134.00,134.00,134.00,124.00,124.00,124.00,124.00,124.00,124.00,124.00,124.00,124.00,124.00,124.00,124.00
2026-08-25 17:08:30,124.00,124.00,124.00,124.00,189.00,124.00,124.00,124.00,124.00,124.00,134.00,162.00,134.00,134.00,134.00,134.00,134.00,124.00,124.00,124.00,124.00,124.00,124.00,124.00,124.00,124.00,124.00,124.00,124.00
2026-08-25 17:18:18,124.00,124.00,124.00,124.00,189.00,124.00,124.00,124.00,124.00,124.00,134.00,162.00,134.00,134.00,134.00,134.00,134.00,124.00,124.00,124.00,124.00,124.00,124.00,124.00,124.00,124.00,124.00,124.00,124.00
2026-08-25 17:28:40,124.00,124.00,124.00,124.00,189.00,124.00,124.00,124.00,124.00,124.00,134.00,162.00,134.00,134.00,134.00,134.00,134.00,124.00,124.00,124.00,124.00,124.00,124.00,124.00,124.00,124.00,124.00,124.00,124.00
2026-08-25 17:38:39,124.00,124.00,124.00,124.00,189.00,124.00,124.00,124.00,124.00,124.00,134.00,162.00,134.00,134.00,134.00,134.00,134.00,124.00,124.00,124.00,124.00,124.00,124.00,124.00,124.00,124.00,124.00,124.00,124.00
2026-08-25 17:48:29,124.00,124.00,124.00,124.00,189.00,124.00,124.00,124.00,124.00,124.00,134.00,162.00,134.00,134.00,134.00,134.00,134.00,134.00,134.00,134.00,134.00,134.00,134.00,134.00,134.00,134.00,134.00,134.00,134.00
2026-08-25 17:58:40,124.00,124.00,124.00,124.00,189.00,124.00,124.00,124.00,124.00,124.00,134.00,162.00,134.00,134.00,134.00,134.00,134.00,134.00,134.00,134.00,134.00,134.00,134.00,134.00,134.00,134.00,134.00,134.00,134.00
2026-08-25 18:08:32,124.00,124.00,124.00,124.00,189.00,124.00,124.00,124.00,124.00,124.00,134.00,162.00,134.00,134.00,134.00,134.00,134.00,134.00,134.00,134.00,134.00,134.00,134.00,134.00,134.00,134.00,134.00,134.00,134.00
2026-08-25 18:18:28,124.00,124.00,124.00,124.00,189.00,124.00,124.00,124.00,124.00,124.00,134.00,162.00,134.00,134.00,134.00,134.00,134.00,134.00,134.00,134.00,134.00,134.00,134.00,134.00,134.00,134.00,134.00,134.00,134.00
2026-08-25 18:28:40,124.00,124.00,124.00,124.00,189.00,124.00,124.00,124.00,124.00,124.00,134.00,162.00,134.00,134.00,134.00,134.00,134.00,134.00,134.00,134.00,134.00,134.00,134.00,134.00,134.00,134.00,134.00,134.00,134.00
2026-08-25 18:38:54,124.00,124.00,124.00,124.00,189.00,124.00,124.00,124.00,124.00,124.00,134.00,162.00,134.00,134.00,134.00,134.00,134.00,134.00,134.00,134.00,134.00,134.00,134.00,134.00,134.00,134.00,134.00,134.00,134.00
2026-08-25 18:49:12,124.00,124.00,124.00,124.00,189.00,124.00,124.00,124.00,124.00,124.00,134.00,162.00,134.00,134.00,134.00,134.00,134.00,134.00,134.00,134.00,134.00,134.00,134.00,134.00,134.00,134.00,134.00,134.00,134.00
2026-08-25 18:59:26,124.00,124.00,124.00,124.00,189.00,124.00,124.00,124.00,124.00,124.00,134.00,162.00,134.00,134.00,134.00,134.00,134.00,134.00,134.00,134.00,134.00,134.00,134.00,134.00,134.00,134.00,134.00,134.00,134.00
2026-08-25 19:09:39,124.00,124.00,124.00,124.00,189.00,124.00,124.00,124.00,124.00,124.00,134.00,162.00,134.00,134.00,134.00,134.00,134.00,134.00,134.00,134.00,134.00,134.00,134.00,134.00,134.00,134.00,134.00,134.00,134.00
2026-08-25 19:19:57,124.00,124.00,124.00,124.00,189.00,124.00,124.00,124.00,124.00,124.00,134.00,162.00,134.00,134.00,134.00,134.00,134.00,134.00,134.00,134.00,134.00,134.00,134.00,134.00,134.00,134.00,134.00,134.00,134.00
2026-08-25 19:30:11,124.00,124.00,124.00,124.00,189.00,124.00,124.00,124.00,124.00,124.00,134.00,162.00,134.00,134.00,134.00,134.00,134.00,134.00,134.00,134.00,134.00,134.00,134.00,134.00,134.00,134.00,134.00,134.00,134.00
2026-08-25 19:40:04,124.00,124.00,124.00,124.00,189.00,124.00,124.00,124.00,124.00,124.00,134.00,162.00,134.00,134.00,134.00,134.00,134.00,134.00,134.00,134.00,134.00,134.00,134.00,134.00,134.00,134.00,134.00,134.00,134.00
2026-08-25 19:49:53,124.00,124.00,124.00,124.00,189.00,124.00,124.00,124.00,124.00,124.00,134.00,162.00,134.00,134.00,134.00,134.00,134.00,134.00,134.00,134.00,134.00,134.00,134.00,134.00,134.00,134.00,134.00,134.00,134.00
2026-08-25 19:59:52,124.00,124.00,124.00,124.00,189.00,124.00,124.00,124.00,124.00,124.00,134.00,162.00,134.00,134.00,134.00,134.00,134.00,134.00,134.00,134.00,134.00,134.00,134.00,134.00,134.00,134.00,134.00,134.00,134.00
2026-08-25 20:10:07,124.00,124.00,124.00,124.00,189.00,124.00,124.00,124.00,124.00,124.00,134.00,162.00,134.00,134.00,134.00,134.00,134.00,134.00,134.00,134.00,134.00,134.00,134.00,134.00,134.00,134.00,134.00,134.00,134.00
2026-08-25 20:20:17,124.00,124.00,124.00,124.00,189.00,124.00,124.00,124.00,124.00,124.00,134.00,162.00,134.00,134.00,134.00,134.00,134.00,134.00,134.00,134.00,134.00,134.00,134.00,134.00,134.00,134.00,134.00,134.00,134.00
2026-08-25 20:30:31,124.00,124.00,124.00,124.00,189.00,124.00,124.00,124.00,124.00,124.00,134.00,162.00,134.00,134.00,134.00,134.00,134.00,134.00,134.00,134.00,134.00,134.00,134.00,134.00,134.00,134.00,134.00,134.00,134.00
2026-08-25 20:40:48,144.00,144.00,144.00,144.00,209.00,144.00,144.00,144.00,144.00,144.00,134.00,162.00,134.00,134.00,134.00,134.00,134.00,134.00,134.00,134.00,134.00,134.00,134.00,134.00,134.00,134.00,134.00,134.00,134.00
2026-08-25 20:50:37,144.00,144.00,144.00,144.00,209.00,144.00,144.00,144.00,144.00,144.00,134.00,162.00,134.00,134.00,134.00,134.00,134.00,134.00,134.00,134.00,134.00,134.00,134.00,134.00,134.00,134.00,134.00,134.00,134.00
2026-08-25 21:00:31,144.00,144.00,144.00,144.00,209.00,144.00,144.00,144.00,144.00,144.00,134.00,162.00,134.00,134.00,134.00,134.00,134.00,134.00,134.00,134.00,134.00,134.00,134.00,134.00,134.00,134.00,134.00,134.00,134.00
2026-08-25 21:10:38,144.00,144.00,144.00,144.00,209.00,144.00,144.00,144.00,144.00,144.00,134.00,162.00,134.00,134.00,134.00,134.00,134.00,134.00,134.00,134.00,134.00,134.00,134.00,134.00,134.00,134.00,134.00,134.00,134.00
2026-08-25 21:20:46,144.00,144.00,144.00,144.00,209.00,144.00,144.00,144.00,144.00,144.00,134.00,162.00,134.00,134.00,134.00,134.00,134.00,134.00,134.00,134.00,134.00,134.00,134.00,134.00,134.00,134.00,134.00,134.00,134.00
2026-08-25 21:31:09,144.00,144.00,144.00,144.00,209.00,144.00,144.00,144.00,144.00,144.00,134.00,162.00,134.00,134.00,134.00,134.00,134.00,134.00,134.00,134.00,134.00,134.00,134.00,134.00,134.00,134.00,134.00,134.00,134.00
2026-08-25 21:41:15,144.00,144.00,144.00,144.00,209.00,144.00,144.00,144.00,144.00,144.00,134.00,162.00,134.00,134.00,134.00,134.00,134.00,134.00,134.00,134.00,134.00,134.00,134.00,134.00,134.00,134.00,134.00,134.00,134.00
2026-08-25 21:50:24,144.00,144.00,144.00,144.00,209.00,144.00,144.00,144.00,144.00,144.00,134.00,162.00,134.00,134.00,134.00,134.00,134.00,134.00,134.00,134.00,134.00,134.00,134.00,134.00,134.00,134.00,134.00,134.00,134.00
2026-08-25 22:00:07,144.00,144.00,144.00,144.00,153.00,144.00,144.00,144.00,144.00,144.00,134.00,162.00,134.00,134.00,134.00,134.00,134.00,134.00,134.00,134.00,134.00,134.00,134.00,134.00,134.00,134.00,134.00,134.00,134.00
2026-08-25 22:10:36,144.00,144.00,144.00,144.00,153.00,144.00,144.00,144.00,144.00,144.00,134.00,162.00,134.00,134.00,134.00,134.00,134.00,134.00,134.00,134.00,134.00,134.00,134.00,134.00,134.00,134.00,134.00,134.00,134.00
2026-08-25 22:20:51,144.00,144.00,144.00,144.00,153.00,144.00,144.00,144.00,144.00,144.00,134.00,162.00,134.00,134.00,134.00,134.00,134.00,134.00,134.00,134.00,134.00,134.00,134.00,134.00,134.00,134.00,134.00,134.00,134.00
2026-08-25 22:31:07,144.00,144.00,144.00,144.00,153.00,144.00,144.00,144.00,144.00,144.00,134.00,162.00,134.00,134.00,134.00,134.00,134.00,134.00,134.00,134.00,134.00,134.00,134.00,134.00,134.00,134.00,134.00,134.00,134.00
2026-08-25 22:41:26,144.00,144.00,144.00,144.00,153.00,144.00,144.00,144.00,144.00,144.00,134.00,162.00,134.00,134.00,134.00,134.00,134.00,134.00,134.00,134.00,134.00,134.00,134.00,134.00,134.00,134.00,134.00,134.00,134.00
2026-08-25 22:51:48,144.00,144.00,144.00,144.00,153.00,144.00,144.00,144.00,144.00,144.00,134.00,162.00,134.00,134.00,134.00,134.00,134.00,134.00,134.00,134.00,134.00,134.00,134.00,134.00,134.00,134.00,134.00,134.00,134.00
2026-08-25 23:01:25,144.00,144.00,144.00,144.00,153.00,144.00,144.00,144.00,144.00,144.00,134.00,162.00,134.00,134.00,134.00,134.00,134.00,134.00,134.00,134.00,134.00,134.00,134.00,134.00,134.00,134.00,134.00,134.00,134.00
2026-08-25 23:10:43,144.00,144.00,144.00,144.00,153.00,144.00,144.00,144.00,144.00,144.00,134.00,162.00,134.00,134.00,134.00,134.00,134.00,134.00,134.00,134.00,134.00,134.00,134.00,134.00,134.00,134.00,134.00,134.00,134.00
2026-08-25 23:20:23,144.00,144.00,144.00,144.00,153.00,144.00,144.00,144.00,144.00,144.00,134.00,162.00,134.00,134.00,134.00,134.00,134.00,134.00,134.00,134.00,134.00,134.00,134.00,134.00,134.00,134.00,134.00,134.00,134.00
2026-08-25 23:30:33,144.00,144.00,144.00,144.00,153.00,144.00,144.00,144.00,144.00,144.00,134.00,162.00,134.00,134.00,134.00,134.00,134.00,134.00,134.00,134.00,134.00,134.00,134.00,134.00,134.00,134.00,134.00,134.00,134.00
2026-08-25 23:40:31,144.00,144.00,144.00,144.00,153.00,144.00,144.00,144.00,144.00,144.00,134.00,162.00,134.00,134.00,134.00,134.00,134.00,134.00,134.00,134.00,134.00,134.00,134.00,134.00,134.00,134.00,134.00,134.00,134.00
2026-08-25 23:50:44,144.00,144.00,144.00,144.00,153.00,144.00,144.00,144.00,144.00,144.00,134.00,162.00,134.00,134.00,134.00,134.00,134.00,134.00,134.00,134.00,134.00,134.00,134.00,134.00,134.00,134.00,134.00,134.00,134.00
2026-08-26 00:00:59,144.00,144.00,144.00,144.00,153.00,144.00,144.00,144.00,144.00,144.00,134.00,162.00,134.00,134.00,134.00,134.00,134.00,134.00,134.00,134.00,134.00,134.00,134.00,134.00,134.00,134.00,134.00,134.00,134.00
2026-08-26 00:11:19,144.00,144.00,144.00,144.00,153.00,144.00,144.00,144.00,144.00,144.00,134.00,162.00,134.00,134.00,134.00,134.00,134.00,134.00,134.00,134.00,134.00,134.00,134.00,134.00,134.00,134.00,134.00,134.00,134.00
2026-08-26 00:21:34,144.00,144.00,144.00,144.00,153.00,144.00,144.00,144.00,144.00,144.00,134.00,162.00,134.00,134.00,134.00,134.00,134.00,134.00,134.00,134.00,134.00,134.00,134.00,134.00,134.00,134.00,134.00,134.00,134.00
2026-08-26 00:31:39,144.00,144.00,144.00,144.00,153.00,144.00,144.00,144.00,144.00,144.00,134.00,162.00,134.00,134.00,134.00,134.00,134.00,134.00,134.00,134.00,134.00,134.00,134.00,134.00,134.00,134.00,134.00,134.00,134.00
2026-08-26 00:41:45,144.00,144.00,144.00,144.00,153.00,144.00,144.00,144.00,144.00,144.00,134.00,162.00,134.00,134.00,134.00,134.00,134.00,134.00,134.00,134.00,134.00,134.00,134.00,134.00,134.00,134.00,134.00,134.00,134.00
2026-08-26 00:52:16,144.00,144.00,144.00,144.00,149.00,144.00,144.00,144.00,144.00,144.00,134.00,162.00,134.00,134.00,134.00,134.00,134.00,144.00,144.00,144.00,144.00,144.00,144.00,144.00,144.00,144.00,144.00,144.00,144.00
2026-08-26 01:02:19,144.00,144.00,144.00,144.00,149.00,144.00,144.00,144.00,144.00,144.00,134.00,162.00,134.00,134.00,134.00,134.00,134.00,144.00,144.00,144.00,144.00,144.00,144.00,144.00,144.00,144.00,144.00,144.00,144.00
2026-08-26 01:12:32,144.00,144.00,144.00,144.00,149.00,144.00,144.00,144.00,144.00,144.00,134.00,162.00,134.00,134.00,134.00,134.00,134.00,144.00,144.00,144.00,144.00,144.00,144.00,144.00,144.00,144.00,144.00,144.00,144.00
2026-08-26 01:22:59,,144.00,,,149.00,144.00,144.00,,,144.00,134.00,,,134.00,134.00,134.00,134.00,144.00,,,144.00,144.00,144.00,,,,144.00,,144.00
2026-08-26 01:32:38,144.00,144.00,144.00,144.00,149.00,144.00,144.00,144.00,144.00,144.00,134.00,162.00,134.00,134.00,134.00,134.00,134.00,144.00,144.00,144.00,144.00,144.00,144.00,144.00,144.00,144.00,144.00,144.00,144.00
2026-08-26 01:42:22,144.00,144.00,144.00,144.00,149.00,144.00,144.00,144.00,144.00,144.00,134.00,162.00,134.00,134.00,134.00,134.00,134.00,144.00,144.00,144.00,144.00,144.00,144.00,144.00,144.00,144.00,144.00,144.00,144.00
2026-08-26 01:51:47,144.00,144.00,144.00,144.00,149.00,144.00,144.00,144.00,144.00,144.00,134.00,162.00,134.00,134.00,134.00,134.00,134.00,144.00,144.00,144.00,144.00,144.00,144.00,144.00,144.00,144.00,144.00,144.00,144.00
2026-08-26 02:01:46,144.00,144.00,144.00,144.00,149.00,144.00,144.00,144.00,144.00,144.00,134.00,162.00,134.00,134.00,134.00,134.00,134.00,144.00,144.00,144.00,144.00,144.00,144.00,144.00,144.00,144.00,144.00,144.00,144.00
2026-08-26 02:11:55,144.00,144.00,144.00,144.00,149.00,144.00,144.00,144.00,144.00,144.00,134.00,162.00,134.00,134.00,134.00,134.00,134.00,144.00,144.00,144.00,144.00,144.00,144.00,144.00,144.00,144.00,144.00,144.00,144.00
2026-08-26 02:22:10,144.00,144.00,144.00,144.00,149.00,144.00,144.00,144.00,144.00,144.00,134.00,162.00,134.00,134.00,134.00,134.00,134.00,144.00,144.00,144.00,144.00,144.00,144.00,144.00,144.00,144.00,144.00,144.00,144.00
2026-08-26 02:32:28,144.00,,144.00,144.00,,,,144.00,144.00,,,162.00,134.00,,,134.00,260.00,,144.00,144.00,,,,144.00,144.00,144.00,,144.00,
2026-08-26 02:41:32,144.00,144.00,144.00,144.00,149.00,144.00,144.00,144.00,144.00,144.00,134.00,162.00,134.00,134.00,134.00,134.00,134.00,144.00,144.00,144.00,144.00,144.00,144.00,144.00,144.00,144.00,144.00,144.00,144.00
2026-08-26 02:51:17,144.00,144.00,144.00,144.00,149.00,144.00,144.00,144.00,144.00,144.00,134.00,162.00,134.00,134.00,134.00,134.00,134.00,144.00,144.00,144.00,144.00,144.00,144.00,144.00,144.00,144.00,144.00,144.00,144.00
2026-08-26 03:01:36,144.00,144.00,144.00,144.00,149.00,144.00,144.00,144.00,144.00,144.00,134.00,162.00,134.00,134.00,134.00,134.00,134.00,144.00,144.00,144.00,144.00,144.00,144.00,144.00,144.00,144.00,144.00,144.00,144.00
2026-08-26 03:12:06,144.00,144.00,144.00,144.00,149.00,144.00,144.00,144.00,144.00,144.00,134.00,162.00,134.00,134.00,134.00,134.00,134.00,144.00,144.00,144.00,144.00,144.00,144.00,144.00,144.00,144.00,144.00,144.00,144.00
2026-08-26 03:22:37,144.00,144.00,144.00,144.00,149.00,144.00,144.00,144.00,144.00,144.00,134.00,162.00,134.00,134.00,134.00,134.00,134.00,144.00,144.00,144.00,144.00,144.00,144.00,144.00,144.00,144.00,144.00,144.00,144.00
2026-08-26 03:32:50,144.00,144.00,144.00,144.00,149.00,144.00,144.00,144.00,144.00,144.00,134.00,162.00,134.00,134.00,134.00,134.00,134.00,144.00,144.00,144.00,144.00,144.00,144.00,144.00,144.00,144.00,144.00,144.00,144.00
2026-08-26 03:43:21,144.00,144.00,144.00,144.00,149.00,144.00,144.00,144.00,144.00,144.00,134.00,162.00,134.00,134.00,134.00,134.00,134.00,144.00,144.00,144.00,144.00,144.00,144.00,144.00,144.00,144.00,144.00,144.00,144.00
2026-08-26 03:53:28,144.00,144.00,144.00,144.00,149.00,144.00,144.00,144.00,144.00,144.00,134.00,162.00,134.00,134.00,134.00,134.00,134.00,144.00,144.00,144.00,144.00,144.00,144.00,144.00,144.00,144.00,144.00,144.00,144.00
2026-08-26 04:03:10,144.00,144.00,144.00,144.00,149.00,144.00,144.00,144.00,144.00,144.00,134.00,162.00,134.00,134.00,134.00,134.00,134.00,144.00,144.00,144.00,144.00,144.00,144.00,144.00,144.00,144.00,144.00,144.00,144.00
2026-08-26 04:12:37,144.00,144.00,144.00,144.00,149.00,144.00,144.00,144.00,144.00,144.00,134.00,162.00,134.00,134.00,134.00,134.00,134.00,144.00,144.00,144.00,144.00,144.00,144.00,144.00,144.00,144.00,144.00,144.00,144.00
2026-08-26 04:22:44,144.00,144.00,144.00,144.00,149.00,144.00,144.00,144.00,144.00,144.00,134.00,162.00,134.00,134.00,134.00,134.00,134.00,144.00,144.00,144.00,144.00,144.00,144.00,144.00,144.00,144.00,144.00,144.00,144.00
2026-08-26 04:32:59,144.00,144.00,144.00,144.00,149.00,144.00,144.00,144.00,144.00,144.00,134.00,162.00,134.00,134.00,134.00,134.00,134.00,144.00,144.00,144.00,144.00,144.00,144.00,144.00,144.00,144.00,144.00,144.00,144.00
2026-08-26 04:43:36,144.00,144.00,144.00,144.00,149.00,144.00,144.00,144.00,144.00,144.00,134.00,162.00,134.00,134.00,134.00,134.00,134.00,144.00,144.00,144.00,144.00,144.00,144.00,144.00,144.00,144.00,144.00,144.00,144.00
2026-08-26 04:53:59,144.00,144.00,144.00,144.00,149.00,144.00,144.00,144.00,144.00,144.00,134.00,162.00,134.00,134.00,134.00,134.00,134.00,144.00,144.00,144.00,144.00,144.00,144.00,144.00,144.00,144.00,144.00,144.00,144.00
2026-08-26 05:04:17,144.00,144.00,144.00,144.00,149.00,144.00,144.00,144.00,144.00,144.00,134.00,162.00,134.00,134.00,134.00,134.00,134.00,144.00,144.00,144.00,144.00,144.00,144.00,144.00,144.00,144.00,144.00,144.00,144.00
2026-08-26 05:14:52,144.00,144.00,144.00,144.00,149.00,144.00,144.00,144.00,144.00,144.00,134.00,162.00,134.00,134.00,134.00,134.00,134.00,144.00,144.00,144.00,144.00,144.00,144.00,144.00,144.00,144.00,144.00,144.00,144.00
2026-08-26 05:25:22,144.00,144.00,144.00,144.00,149.00,144.00,144.00,144.00,144.00,144.00,134.00,162.00,134.00,134.00,134.00,134.00,134.00,144.00,144.00,144.00,144.00,144.00,144.00,144.00,144.00,144.00,144.00,144.00,144.00
2026-08-26 05:34:45,144.00,144.00,144.00,144.00,149.00,144.00,144.00,144.00,144.00,144.00,134.00,162.00,134.00,134.00,134.00,134.00,134.00,144.00,144.00,144.00,144.00,144.00,144.00,144.00,144.00,144.00,144.00,144.00,144.00
2026-08-26 05:44:21,144.00,144.00,144.00,144.00,149.00,144.00,144.00,144.00,144.00,144.00,134.00,162.00,134.00,134.00,134.00,134.00,134.00,144.00,144.00,144.00,144.00,144.00,144.00,144.00,144.00,144.00,144.00,144.00,144.00
2026-08-26 05:54:34,144.00,144.00,144.00,144.00,149.00,144.00,144.00,144.00,144.00,144.00,134.00,162.00,134.00,134.00,134.00,134.00,134.00,144.00,144.00,144.00,144.00,144.00,144.00,144.00,144.00,144.00,144.00,144.00,144.00
2026-08-26 06:04:52,144.00,144.00,144.00,144.00,149.00,144.00,144.00,144.00,144.00,144.00,134.00,162.00,134.00,134.00,134.00,134.00,134.00,144.00,144.00,144.00,144.00,144.00,144.00,144.00,144.00,144.00,144.00,144.00,144.00
2026-08-26 06:15:22,144.00,144.00,144.00,144.00,149.00,144.00,144.00,144.00,144.00,144.00,134.00,162.00,134.00,134.00,134.00,134.00,134.00,144.00,144.00,144.00,144.00,144.00,144.00,144.00,144.00,144.00,144.00,144.00,144.00
2026-08-26 06:24:58,144.00,144.00,144.00,144.00,149.00,144.00,144.00,144.00,144.00,144.00,134.00,162.00,134.00,134.00,134.00,134.00,134.00,144.00,144.00,144.00,144.00,144.00,144.00,144.00,144.00,144.00,144.00,144.00,144.00
2026-08-26 06:34:57,144.00,144.00,144.00,144.00,149.00,144.00,144.00,144.00,144.00,144.00,134.00,260.00,134.00,134.00,134.00,134.00,134.00,144.00,144.00,144.00,144.00,144.00,144.00,144.00,144.00,144.00,144.00,144.00,144.00
2026-08-26 06:45:14,144.00,144.00,144.00,144.00,149.00,144.00,144.00,144.00,144.00,144.00,134.00,260.00,134.00,134.00,134.00,134.00,134.00,144.00,144.00,144.00,144.00,144.00,144.00,144.00,144.00,144.00,144.00,144.00,144.00
2026-08-26 06:54:36,144.00,144.00,144.00,144.00,149.00,144.00,144.00,144.00,144.00,144.00,134.00,260.00,134.00,134.00,134.00,134.00,134.00,144.00,144.00,144.00,144.00,144.00,144.00,144.00,144.00,144.00,144.00,144.00,144.00
2026-08-26 07:04:12,144.00,144.00,144.00,144.00,149.00,144.00,144.00,144.00,144.00,144.00,134.00,260.00,134.00,134.00,134.00,134.00,134.00,144.00,144.00,144.00,144.00,144.00,144.00,144.00,144.00,144.00,144.00,144.00,144.00
2026-08-26 07:14:37,144.00,144.00,144.00,144.00,149.00,144.00,144.00,144.00,144.00,144.00,134.00,260.00,134.00,134.00,134.00,134.00,134.00,144.00,144.00,144.00,144.00,144.00,144.00,144.00,144.00,144.00,144.00,144.00,144.00
2026-08-26 07:25:03,144.00,144.00,144.00,144.00,149.00,144.00,144.00,144.00,144.00,144.00,134.00,260.00,134.00,134.00,134.00,134.00,134.00,144.00,144.00,144.00,144.00,144.00,144.00,144.00,144.00,144.00,144.00,144.00,144.00
2026-08-26 07:35:06,144.00,144.00,144.00,144.00,149.00,144.00,144.00,144.00,144.00,144.00,134.00,260.00,134.00,134.00,134.00,134.00,134.00,144.00,144.00,144.00,144.00,144.00,144.00,144.00,144.00,144.00,144.00,144.00,144.00
2026-08-26 07:45:31,144.00,144.00,144.00,144.00,149.00,144.00,144.00,144.00,144.00,144.00,134.00,260.00,134.00,134.00,134.00,134.00,134.00,144.00,144.00,144.00,144.00,144.00,144.00,144.00,144.00,144.00,144.00,144.00,144.00
2026-08-26 07:55:54,144.00,144.00,144.00,144.00,149.00,144.00,144.00,144.00,144.00,144.00,134.00,260.00,134.00,134.00,134.00,134.00,134.00,144.00,144.00,144.00,144.00,144.00,144.00,144.00,144.00,144.00,144.00,144.00,144.00
2026-08-26 08:06:09,144.00,144.00,144.00,144.00,149.00,144.00,144.00,144.00,144.00,144.00,134.00,260.00,134.00,134.00,134.00,134.00,134.00,144.00,144.00,144.00,144.00,144.00,144.00,144.00,144.00,144.00,144.00,144.00,144.00
2026-08-26 08:16:31,144.00,144.00,144.00,144.00,149.00,144.00,144.00,144.00,144.00,144.00,134.00,260.00,134.00,134.00,134.00,134.00,134.00,144.00,144.00,144.00,144.00,144.00,144.00,144.00,144.00,144.00,144.00,144.00,144.00
2026-08-26 08:26:48,144.00,144.00,144.00,144.00,149.00,144.00,144.00,144.00,144.00,144.00,134.00,260.00,134.00,134.00,134.00,134.00,134.00,144.00,144.00,144.00,144.00,144.00,144.00,144.00,144.00,144.00,144.00,144.00,144.00
2026-08-26 08:37:05,144.00,144.00,144.00,144.00,149.00,144.00,144.00,144.00,144.00,144.00,134.00,260.00,134.00,134.00,134.00,134.00,134.00,144.00,144.00,144.00,144.00,144.00,144.00,144.00,144.00,144.00,144.00,144.00,144.00
2026-08-26 08:46:44,144.00,144.00,144.00,144.00,149.00,144.00,144.00,144.00,144.00,144.00,134.00,260.00,134.00,134.00,134.00,134.00,134.00,144.00,144.00,144.00,144.00,144.00,144.00,144.00,144.00,144.00,144.00,144.00,144.00
2026-08-26 08:56:46,144.00,144.00,144.00,144.00,149.00,144.00,144.00,144.00,144.00,144.00,134.00,260.00,134.00,134.00,134.00,134.00,134.00,144.00,144.00,144.00,144.00,144.00,144.00,144.00,144.00,144.00,144.00,144.00,144.00
2026-08-26 09:07:06,144.00,144.00,144.00,144.00,149.00,144.00,144.00,144.00,144.00,144.00,134.00,260.00,134.00,134.00,134.00,134.00,134.00,144.00,144.00,144.00,144.00,144.00,144.00,144.00,144.00,144.00,144.00,144.00,144.00
2026-08-26 09:17:10,144.00,144.00,144.00,144.00,149.00,144.00,144.00,144.00,144.00,144.00,134.00,260.00,134.00,134.00,134.00,134.00,134.00,144.00,144.00,144.00,144.00,144.00,144.00,144.00,144.00,144.00,144.00,144.00,144.00
2026-08-26 09:26:32,144.00,144.00,144.00,144.00,149.00,144.00,144.00,144.00,144.00,144.00,134.00,260.00,134.00,134.00,134.00,134.00,134.00,144.00,144.00,144.00,144.00,144.00,144.00,144.00,144.00,144.00,144.00,144.00,144.00
2026-08-26 09:37:02,144.00,144.00,144.00,144.00,149.00,144.00,144.00,144.00,144.00,144.00,134.00,260.00,134.00,134.00,134.00,134.00,134.00,144.00,144.00,144.00,144.00,144.00,144.00,144.00,144.00,144.00,144.00,144.00,144.00
2026-08-26 09:47:45,,144.00,,,149.00,144.00,144.00,,,144.00,134.00,,,134.00,134.00,134.00,134.00,144.00,,,144.00,144.00,144.00,,,,144.00,,144.00
2026-08-26 09:57:44,144.00,144.00,144.00,144.00,149.00,144.00,144.00,144.00,144.00,144.00,134.00,260.00,134.00,134.00,134.00,134.00,134.00,144.00,144.00,144.00,144.00,144.00,144.00,144.00,144.00,144.00,144.00,144.00,144.00
2026-08-26 10:08:06,144.00,144.00,144.00,144.00,149.00,144.00,144.00,144.00,144.00,144.00,134.00,260.00,134.00,134.00,134.00,134.00,134.00,144.00,144.00,144.00,144.00,144.00,144.00,144.00,144.00,144.00,144.00,144.00,144.00
2026-08-26 10:18:36,144.00,144.00,144.00,144.00,149.00,144.00,144.00,144.00,144.00,144.00,134.00,260.00,134.00,134.00,134.00,134.00,134.00,144.00,144.00,144.00,144.00,144.00,144.00,144.00,144.00,144.00,144.00,144.00,144.00
2026-08-26 10:28:16,144.00,144.00,144.00,144.00,149.00,144.00,144.00,144.00,144.00,144.00,134.00,260.00,134.00,134.00,134.00,134.00,134.00,144.00,144.00,144.00,144.00,144.00,144.00,144.00,144.00,144.00,144.00,144.00,144.00
2026-08-26 10:38:20,144.00,144.00,144.00,144.00,149.00,144.00,144.00,144.00,144.00,144.00,134.00,260.00,134.00,134.00,134.00,134.00,134.00,144.00,144.00,144.00,144.00,144.00,144.00,144.00,144.00,144.00,144.00,144.00,144.00
2026-08-26 10:48:51,144.00,144.00,144.00,144.00,149.00,144.00,144.00,144.00,144.00,144.00,134.00,260.00,134.00,134.00,134.00,134.00,134.00,144.00,144.00,144.00,144.00,144.00,144.00,144.00,144.00,144.00,144.00,144.00,144.00
2026-08-26 10:59:03,144.00,144.00,144.00,144.00,149.00,144.00,144.00,144.00,144.00,144.00,134.00,260.00,134.00,134.00,134.00,134.00,134.00,144.00,144.00,144.00,144.00,144.00,144.00,144.00,144.00,144.00,144.00,144.00,144.00
2026-08-26 11:09:06,144.00,144.00,144.00,144.00,149.00,144.00,144.00,144.00,144.00,144.00,134.00,260.00,134.00,134.00,134.00,134.00,134.00,144.00,144.00,144.00,144.00,144.00,144.00,144.00,144.00,144.00,144.00,144.00,144.00
2026-08-26 11:19:22,144.00,144.00,144.00,144.00,149.00,144.00,144.00,144.00,144.00,144.00,134.00,260.00,134.00,134.00,134.00,134.00,134.00,144.00,144.00,144.00,144.00,144.00,144.00,144.00,144.00,144.00,144.00,144.00,144.00
2026-08-26 11:29:29,144.00,144.00,144.00,144.00,149.00,144.00,144.00,144.00,144.00,144.00,134.00,260.00,134.00,134.00,134.00,134.00,134.00,144.00,144.00,144.00,144.00,144.00,144.00,144.00,144.00,144.00,144.00,144.00,144.00
2026-08-26 11:39:39,144.00,144.00,144.00,144.00,149.00,144.00,144.00,144.00,144.00,144.00,134.00,260.00,134.00,134.00,134.00,134.00,134.00,144.00,144.00,144.00,144.00,144.00,144.00,144.00,144.00,144.00,144.00,144.00,144.00
2026-08-26 11:50:03,144.00,144.00,144.00,144.00,149.00,144.00,144.00,144.00,144.00,144.00,134.00,260.00,134.00,134.00,134.00,134.00,134.00,144.00,144.00,144.00,144.00,144.00,144.00,144.00,144.00,144.00,144.00,144.00,144.00
2026-08-26 12:00:34,144.00,144.00,144.00,144.00,144.00,144.00,144.00,144.00,144.00,144.00,134.00,260.00,134.00,134.00,134.00,134.00,134.00,144.00,144.00,144.00,144.00,144.00,144.00,144.00,144.00,144.00,144.00,144.00,144.00
2026-08-26 12:11:11,144.00,144.00,144.00,144.00,144.00,144.00,144.00,144.00,144.00,144.00,134.00,260.00,134.00,134.00,134.00,134.00,134.00,144.00,144.00,144.00,144.00,144.00,144.00,144.00,144.00,144.00,144.00,144.00,144.00
2026-08-26 12:21:44,144.00,144.00,144.00,144.00,144.00,144.00,144.00,144.00,144.00,144.00,134.00,260.00,134.00,134.00,134.00,134.00,134.00,144.00,144.00,144.00,144.00,144.00,144.00,144.00,144.00,144.00,144.00,144.00,144.00
2026-08-26 12:32:11,144.00,144.00,144.00,144.00,144.00,144.00,144.00,144.00,144.00,144.00,134.00,260.00,134.00,134.00,134.00,134.00,134.00,144.00,144.00,144.00,144.00,144.00,144.00,144.00,144.00,144.00,144.00,144.00,144.00
2026-08-26 12:42:52,144.00,144.00,144.00,144.00,144.00,144.00,144.00,144.00,144.00,144.00,134.00,260.00,134.00,134.00,134.00,134.00,134.00,144.00,144.00,144.00,144.00,144.00,144.00,144.00,144.00,144.00,144.00,144.00,144.00
2026-08-26 12:53:25,144.00,144.00,144.00,144.00,144.00,144.00,144.00,144.00,144.00,144.00,134.00,260.00,134.00,134.00,134.00,134.00,134.00,144.00,144.00,144.00,144.00,144.00,144.00,144.00,144.00,144.00,144.00,144.00,144.00
2026-08-26 13:03:00,144.00,144.00,144.00,144.00,144.00,144.00,144.00,144.00,144.00,144.00,134.00,260.00,134.00,134.00,134.00,134.00,134.00,144.00,144.00,144.00,144.00,144.00,144.00,144.00,144.00,144.00,144.00,144.00,144.00
2026-08-26 13:12:41,144.00,144.00,144.00,144.00,144.00,144.00,144.00,144.00,144.00,144.00,134.00,260.00,134.00,134.00,134.00,134.00,134.00,144.00,144.00,144.00,144.00,144.00,144.00,144.00,144.00,144.00,144.00,144.00,144.00
2026-08-26 13:23:11,144.00,144.00,144.00,144.00,144.00,144.00,144.00,144.00,144.00,144.00,134.00,260.00,134.00,134.00,134.00,134.00,134.00,144.00,144.00,144.00,144.00,144.00,144.00,144.00,144.00,144.00,144.00,144.00,144.00
2026-08-26 13:33:05,144.00,144.00,144.00,144.00,144.00,144.00,144.00,144.00,144.00,144.00,134.00,260.00,134.00,134.00,134.00,134.00,134.00,144.00,144.00,144.00,144.00,144.00,144.00,144.00,144.00,144.00,144.00,144.00,144.00
2026-08-26 13:43:30,144.00,144.00,144.00,144.00,144.00,144.00,144.00,144.00,144.00,144.00,134.00,260.00,134.00,134.00,134.00,134.00,134.00,144.00,144.00,144.00,144.00,144.00,144.00,144.00,144.00,144.00,144.00,144.00,144.00
2026-08-26 13:54:30,144.00,144.00,144.00,144.00,144.00,144.00,144.00,144.00,144.00,144.00,134.00,260.00,134.00,134.00,134.00,134.00,134.00,144.00,144.00,144.00,144.00,144.00,144.00,144.00,144.00,144.00,144.00,144.00,144.00
2026-08-26 14:04:55,144.00,144.00,144.00,144.00,144.00,144.00,144.00,144.00,144.00,144.00,134.00,260.00,134.00,134.00,134.00,134.00,134.00,144.00,144.00,144.00,144.00,144.00,144.00,144.00,144.00,144.00,144.00,144.00,144.00
2026-08-26 14:15:26,144.00,144.00,144.00,144.00,144.00,144.00,144.00,144.00,144.00,144.00,134.00,260.00,134.00,134.00,134.00,134.00,134.00,144.00,144.00,144.00,144.00,144.00,144.00,144.00,144.00,144.00,144.00,144.00,144.00
2026-08-26 14:25:59,144.00,144.00,144.00,144.00,144.00,144.00,144.00,144.00,144.00,144.00,134.00,260.00,134.00,144.00,134.00,134.00,134.00,144.00,144.00,144.00,144.00,144.00,144.00,144.00,144.00,144.00,144.00,144.00,144.00
2026-08-26 14:35:41,144.00,144.00,144.00,144.00,144.00,144.00,144.00,144.00,144.00,144.00,144.00,260.00,134.00,144.00,134.00,134.00,144.00,144.00,144.00,144.00,144.00,144.00,144.00,144.00,144.00,144.00,144.00,144.00,144.00
2026-08-26 14:45:44,144.00,144.00,144.00,144.00,144.00,144.00,144.00,144.00,144.00,144.00,144.00,270.00,144.00,144.00,144.00,144.00,144.00,144.00,144.00,144.00,144.00,144.00,144.00,144.00,144.00,144.00,144.00,144.00,144.00
2026-08-26 14:56:37,144.00,144.00,144.00,144.00,144.00,144.00,144.00,144.00,144.00,144.00,144.00,270.00,144.00,144.00,144.00,144.00,144.00,144.00,144.00,144.00,144.00,144.00,144.00,144.00,144.00,144.00,144.00,144.00,144.00
2026-08-26 15:07:24,144.00,144.00,144.00,144.00,144.00,144.00,144.00,144.00,144.00,144.00,144.00,270.00,144.00,144.00,144.00,144.00,144.00,144.00,144.00,144.00,144.00,144.00,144.00,144.00,144.00,144.00,144.00,144.00,144.00
2026-08-26 15:58:25,144.00,144.00,144.00,144.00,144.00,144.00,144.00,144.00,144.00,144.00,144.00,270.00,144.00,144.00,144.00,144.00,144.00,144.00,144.00,144.00,144.00,144.00,144.00,144.00,144.00,144.00,144.00,144.00,144.00
2026-08-26 16:08:52,144.00,144.00,144.00,144.00,144.00,144.00,144.00,144.00,144.00,144.00,144.00,270.00,144.00,144.00,144.00,144.00,144.00,144.00,144.00,144.00,144.00,144.00,144.00,144.00,144.00,144.00,144.00,144.00,144.00
2026-08-26 16:19:21,144.00,144.00,144.00,144.00,144.00,144.00,144.00,144.00,144.00,144.00,144.00,270.00,144.00,144.00,144.00,144.00,144.00,144.00,144.00,144.00,144.00,144.00,144.00,144.00,144.00,144.00,144.00,144.00,144.00
2026-08-26 16:29:19,144.00,144.00,144.00,144.00,144.00,144.00,144.00,144.00,144.00,144.00,144.00,270.00,144.00,144.00,144.00,144.00,144.00,144.00,144.00,144.00,144.00,144.00,144.00,144.00,144.00,144.00,144.00,144.00,144.00
2026-08-26 16:39:34,144.00,144.00,144.00,144.00,144.00,144.00,144.00,144.00,144.00,144.00,144.00,270.00,144.00,144.00,144.00,144.00,144.00,144.00,144.00,144.00,144.00,144.00,144.00,144.00,144.00,144.00,144.00,144.00,144.00
2026-08-26 16:50:16,144.00,144.00,144.00,144.00,144.00,144.00,144.00,144.00,144.00,144.00,144.00,270.00,144.00,144.00,144.00,144.00,144.00,144.00,144.00,144.00,144.00,144.00,144.00,144.00,144.00,144.00,144.00,144.00,144.00
2026-08-26 17:00:35,144.00,144.00,144.00,144.00,144.00,144.00,144.00,144.00,144.00,144.00,144.00,270.00,144.00,144.00,144.00,144.00,144.00,144.00,144.00,144.00,144.00,144.00,144.00,144.00,144.00,144.00,144.00,144.00,144.00
2026-08-26 17:11:21,144.00,144.00,144.00,144.00,144.00,144.00,144.00,144.00,144.00,144.00,144.00,270.00,144.00,144.00,144.00,144.00,144.00,144.00,144.00,144.00,144.00,144.00,144.00,144.00,144.00,144.00,144.00,144.00,144.00
2026-08-26 17:22:20,144.00,144.00,144.00,144.00,144.00,144.00,144.00,144.00,144.00,144.00,144.00,270.00,144.00,144.00,144.00,144.00,144.00,144.00,144.00,144.00,144.00,144.00,144.00,144.00,144.00,144.00,144.00,144.00,144.00
2026-08-26 17:33:21,144.00,144.00,144.00,144.00,144.00,144.00,144.00,144.00,144.00,144.00,144.00,270.00,144.00,144.00,144.00,144.00,144.00,144.00,144.00,144.00,144.00,144.00,144.00,144.00,144.00,144.00,144.00,144.00,144.00
2026-08-26 17:43:27,144.00,144.00,144.00,144.00,144.00,144.00,144.00,144.00,144.00,144.00,144.00,270.00,144.00,144.00,144.00,144.00,144.00,144.00,144.00,144.00,144.00,144.00,144.00,144.00,144.00,144.00,144.00,144.00,144.00
2026-08-26 18:14:59,144.00,144.00,144.00,144.00,144.00,144.00,144.00,144.00,144.00,144.00,144.00,270.00,144.00,144.00,144.00,144.00,144.00,144.00,144.00,144.00,144.00,144.00,144.00,144.00,144.00,144.00,144.00,144.00,144.00
2026-08-26 18:25:42,144.00,144.00,144.00,144.00,144.00,144.00,144.00,144.00,144.00,144.00,144.00,270.00,144.00,144.00,144.00,144.00,144.00,144.00,144.00,144.00,144.00,144.00,144.00,144.00,144.00,144.00,144.00,144.00,144.00
2026-08-26 18:35:52,144.00,144.00,144.00,144.00,144.00,144.00,144.00,144.00,144.00,144.00,144.00,270.00,144.00,144.00,144.00,144.00,144.00,144.00,144.00,144.00,144.00,144.00,144.00,144.00,144.00,144.00,144.00,144.00,144.00
2026-08-26 18:46:33,144.00,144.00,144.00,144.00,144.00,144.00,144.00,144.00,144.00,144.00,144.00,270.00,144.00,144.00,144.00,144.00,144.00,144.00,144.00,144.00,144.00,144.00,144.00,144.00,144.00,144.00,144.00,144.00,144.00
2026-08-26 18:57:27,144.00,144.00,144.00,144.00,144.00,144.00,144.00,144.00,144.00,144.00,144.00,270.00,144.00,144.00,144.00,144.00,144.00,144.00,144.00,144.00,144.00,144.00,144.00,144.00,144.00,144.00,144.00,144.00,144.00
2026-08-26 19:08:22,144.00,144.00,144.00,144.00,144.00,144.00,144.00,144.00,144.00,144.00,144.00,270.00,144.00,144.00,144.00,144.00,144.00,144.00,144.00,144.00,144.00,144.00,144.00,144.00,144.00,144.00,144.00,144.00,144.00
2026-08-26 19:21:18,144.00,144.00,144.00,144.00,184.00,144.00,144.00,144.00,144.00,144.00,144.00,270.00,144.00,144.00,144.00,144.00,144.00,144.00,144.00,144.00,144.00,144.00,144.00,144.00,144.00,144.00,144.00,144.00,144.00
2026-08-26 19:25:13,144.00,144.00,144.00,144.00,184.00,144.00,144.00,144.00,144.00,144.00,144.00,270.00,144.00,144.00,144.00,144.00,144.00,144.00,144.00,144.00,144.00,144.00,144.00,144.00,144.00,144.00,144.00,144.00,144.00
2026-08-26 19:35:29,144.00,144.00,144.00,144.00,184.00,144.00,144.00,144.00,144.00,144.00,144.00,270.00,144.00,144.00,144.00,144.00,144.00,144.00,144.00,144.00,144.00,144.00,144.00,144.00,144.00,144.00,144.00,144.00,144.00
2026-08-26 19:45:19,144.00,144.00,144.00,144.00,184.00,144.00,144.00,144.00,144.00,144.00,144.00,270.00,144.00,144.00,144.00,144.00,144.00,144.00,144.00,144.00,144.00,144.00,144.00,144.00,144.00,144.00,144.00,144.00,144.00
2026-08-26 19:55:25,144.00,144.00,144.00,144.00,184.00,144.00,144.00,144.00,144.00,144.00,144.00,270.00,144.00,144.00,144.00,144.00,144.00,144.00,144.00,144.00,144.00,144.00,144.00,144.00,144.00,144.00,144.00,144.00,144.00
2026-08-26 20:05:27,144.00,144.00,144.00,144.00,184.00,144.00,144.00,144.00,144.00,144.00,144.00,270.00,144.00,144.00,144.00,144.00,144.00,144.00,144.00,144.00,144.00,144.00,144.00,144.00,144.00,144.00,144.00,144.00,144.00
2026-08-26 20:15:28,144.00,144.00,144.00,144.00,184.00,144.00,144.00,144.00,144.00,144.00,144.00,270.00,144.00,144.00,144.00,144.00,144.00,144.00,144.00,144.00,144.00,144.00,144.00,144.00,144.00,144.00,144.00,144.00,144.00
2026-08-26 20:25:22,144.00,144.00,144.00,144.00,184.00,144.00,144.00,144.00,144.00,144.00,144.00,270.00,144.00,144.00,144.00,144.00,144.00,144.00,144.00,144.00,144.00,144.00,144.00,144.00,144.00,144.00,144.00,144.00,144.00
2026-08-26 20:35:24,144.00,144.00,144.00,144.00,184.00,144.00,144.00,144.00,144.00,144.00,144.00,270.00,144.00,144.00,144.00,144.00,144.00,144.00,144.00,144.00,144.00,144.00,144.00,144.00,144.00,144.00,144.00,144.00,144.00
2026-08-26 20:45:25,144.00,144.00,144.00,144.00,184.00,144.00,144.00,144.00,144.00,144.00,144.00,270.00,144.00,144.00,144.00,144.00,144.00,144.00,144.00,144.00,144.00,144.00,144.00,144.00,144.00,144.00,144.00,144.00,144.00
2026-08-26 20:55:22,144.00,144.00,144.00,144.00,184.00,144.00,144.00,144.00,144.00,144.00,144.00,270.00,144.00,144.00,144.00,144.00,144.00,134.00,144.00,144.00,134.00,134.00,134.00,144.00,144.00,144.00,134.00,144.00,134.00
2026-08-26 21:05:25,144.00,144.00,144.00,144.00,184.00,144.00,144.00,144.00,144.00,144.00,144.00,270.00,144.00,144.00,144.00,144.00,144.00,134.00,134.00,134.00,134.00,134.00,134.00,134.00,134.00,134.00,134.00,134.00,134.00
2026-08-26 21:15:14,144.00,144.00,144.00,144.00,184.00,144.00,144.00,144.00,144.00,144.00,144.00,270.00,144.00,144.00,144.00,144.00,144.00,134.00,134.00,134.00,134.00,134.00,134.00,134.00,134.00,134.00,134.00,134.00,134.00
2026-08-26 21:25:27,144.00,144.00,144.00,144.00,184.00,144.00,144.00,144.00,144.00,144.00,144.00,270.00,144.00,144.00,144.00,144.00,144.00,134.00,134.00,134.00,134.00,134.00,134.00,134.00,134.00,134.00,134.00,134.00,134.00
2026-08-26 21:35:22,144.00,144.00,144.00,144.00,184.00,144.00,144.00,144.00,144.00,144.00,144.00,270.00,144.00,144.00,144.00,144.00,144.00,134.00,134.00,134.00,134.00,134.00,134.00,134.00,134.00,134.00,134.00,134.00,134.00
2026-08-26 21:45:30,144.00,144.00,144.00,144.00,184.00,144.00,144.00,144.00,144.00,144.00,144.00,270.00,144.00,144.00,144.00,144.00,144.00,134.00,134.00,134.00,134.00,134.00,134.00,134.00,134.00,134.00,134.00,134.00,134.00
2026-08-26 21:55:17,144.00,144.00,144.00,144.00,184.00,144.00,144.00,144.00,144.00,144.00,144.00,270.00,144.00,144.00,144.00,144.00,144.00,134.00,134.00,134.00,134.00,134.00,134.00,134.00,134.00,134.00,134.00,134.00,134.00
2026-08-26 22:05:19,144.00,144.00,144.00,144.00,184.00,144.00,144.00,144.00,144.00,144.00,144.00,270.00,144.00,144.00,144.00,144.00,144.00,134.00,134.00,134.00,134.00,134.00,134.00,134.00,134.00,134.00,134.00,134.00,134.00
2026-08-26 22:15:24,144.00,144.00,144.00,144.00,184.00,144.00,144.00,144.00,144.00,144.00,144.00,270.00,144.00,144.00,144.00,144.00,144.00,134.00,134.00,134.00,134.00,134.00,134.00,134.00,134.00,134.00,134.00,134.00,134.00
2026-08-26 22:25:22,144.00,144.00,144.00,144.00,184.00,144.00,144.00,144.00,144.00,144.00,144.00,270.00,144.00,144.00,144.00,144.00,144.00,134.00,134.00,134.00,134.00,134.00,134.00,134.00,134.00,134.00,134.00,134.00,134.00
2026-08-26 22:35:17,144.00,144.00,144.00,144.00,184.00,144.00,144.00,144.00,144.00,144.00,144.00,270.00,144.00,144.00,144.00,144.00,144.00,134.00,134.00,134.00,134.00,134.00,134.00,134.00,134.00,134.00,134.00,134.00,134.00
2026-08-26 22:45:24,144.00,144.00,144.00,144.00,184.00,144.00,144.00,144.00,144.00,144.00,144.00,270.00,144.00,144.00,144.00,144.00,144.00,134.00,134.00,134.00,134.00,134.00,134.00,134.00,134.00,134.00,134.00,134.00,134.00
2026-08-26 22:55:21,144.00,144.00,144.00,144.00,184.00,144.00,144.00,144.00,144.00,144.00,144.00,270.00,144.00,144.00,144.00,144.00,144.00,134.00,134.00,134.00,134.00,134.00,134.00,134.00,134.00,134.00,134.00,134.00,134.00
2026-08-26 23:05:23,144.00,144.00,144.00,144.00,184.00,144.00,144.00,144.00,144.00,144.00,144.00,270.00,144.00,144.00,144.00,144.00,144.00,134.00,134.00,134.00,134.00,134.00,134.00,134.00,134.00,134.00,134.00,134.00,134.00
2026-08-26 23:15:25,144.00,144.00,144.00,144.00,184.00,144.00,144.00,144.00,144.00,144.00,144.00,270.00,144.00,144.00,144.00,144.00,144.00,134.00,134.00,134.00,134.00,134.00,134.00,134.00,134.00,134.00,134.00,134.00,134.00
2026-08-26 23:25:26,144.00,144.00,144.00,144.00,184.00,144.00,144.00,144.00,144.00,144.00,144.00,270.00,144.00,144.00,144.00,144.00,144.00,134.00,134.00,134.00,134.00,134.00,134.00,134.00,134.00,134.00,134.00,134.00,134.00
2026-08-26 23:35:24,144.00,144.00,144.00,144.00,184.00,144.00,144.00,144.00,144.00,144.00,144.00,270.00,144.00,144.00,144.00,144.00,144.00,134.00,134.00,134.00,134.00,134.00,134.00,134.00,134.00,134.00,134.00,134.00,134.00
2026-08-26 23:45:21,144.00,144.00,144.00,144.00,184.00,144.00,144.00,144.00,144.00,144.00,144.00,270.00,144.00,144.00,144.00,144.00,144.00,134.00,134.00,134.00,134.00,134.00,134.00,134.00,134.00,134.00,134.00,134.00,134.00
2026-08-26 23:55:21,144.00,144.00,144.00,144.00,184.00,144.00,144.00,144.00,144.00,144.00,144.00,270.00,144.00,144.00,144.00,144.00,144.00,134.00,134.00,134.00,134.00,134.00,134.00,134.00,134.00,134.00,134.00,134.00,134.00
2026-08-27 00:05:24,144.00,144.00,144.00,144.00,184.00,144.00,144.00,144.00,144.00,144.00,144.00,270.00,144.00,144.00,144.00,144.00,144.00,134.00,134.00,134.00,134.00,134.00,134.00,134.00,134.00,134.00,134.00,134.00,134.00
2026-08-27 00:15:27,144.00,144.00,144.00,144.00,184.00,144.00,144.00,144.00,144.00,144.00,144.00,270.00,144.00,144.00,144.00,144.00,144.00,134.00,134.00,134.00,134.00,134.00,134.00,134.00,134.00,134.00,134.00,134.00,134.00
2026-08-27 00:25:14,144.00,144.00,144.00,144.00,184.00,144.00,144.00,144.00,144.00,144.00,144.00,270.00,144.00,144.00,144.00,144.00,144.00,134.00,134.00,134.00,134.00,134.00,134.00,134.00,134.00,134.00,134.00,134.00,134.00
2026-08-27 00:35:22,144.00,144.00,144.00,144.00,184.00,144.00,144.00,134.00,144.00,144.00,134.00,270.00,144.00,144.00,144.00,144.00,144.00,134.00,134.00,134.00,134.00,134.00,134.00,134.00,134.00,134.00,134.00,134.00,134.00
2026-08-27 00:45:12,144.00,144.00,144.00,144.00,184.00,144.00,144.00,134.00,144.00,144.00,134.00,270.00,144.00,144.00,144.00,144.00,144.00,134.00,134.00,134.00,134.00,134.00,134.00,134.00,134.00,134.00,134.00,134.00,134.00
2026-08-27 00:55:22,134.00,134.00,134.00,134.00,134.00,134.00,134.00,134.00,134.00,134.00,134.00,259.00,134.00,134.00,134.00,134.00,134.00,134.00,134.00,134.00,134.00,134.00,134.00,134.00,134.00,134.00,134.00,134.00,134.00
2026-08-27 01:05:27,134.00,134.00,134.00,134.00,134.00,134.00,134.00,134.00,134.00,134.00,134.00,259.00,134.00,134.00,134.00,134.00,134.00,134.00,134.00,134.00,134.00,134.00,134.00,134.00,134.00,134.00,134.00,134.00,134.00
2026-08-27 01:15:14,134.00,134.00,134.00,134.00,134.00,134.00,134.00,134.00,134.00,134.00,134.00,259.00,134.00,134.00,134.00,134.00,134.00,134.00,134.00,134.00,134.00,134.00,134.00,134.00,134.00,134.00,134.00,134.00,134.00
2026-08-27 01:25:23,134.00,134.00,134.00,134.00,134.00,134.00,134.00,134.00,134.00,134.00,134.00,259.00,134.00,134.00,134.00,134.00,134.00,134.00,134.00,134.00,134.00,134.00,134.00,134.00,134.00,134.00,134.00,134.00,134.00
2026-08-27 01:35:29,134.00,134.00,134.00,134.00,134.00,134.00,134.00,134.00,134.00,134.00,134.00,259.00,134.00,134.00,134.00,134.00,134.00,134.00,134.00,134.00,134.00,134.00,134.00,134.00,134.00,134.00,134.00,134.00,134.00
2026-08-27 01:45:23,134.00,134.00,134.00,134.00,134.00,134.00,134.00,134.00,134.00,134.00,134.00,259.00,134.00,134.00,134.00,134.00,134.00,134.00,134.00,134.00,134.00,134.00,134.00,134.00,134.00,134.00,134.00,134.00,134.00
2026-08-27 01:55:22,134.00,134.00,134.00,134.00,188.00,134.00,134.00,134.00,134.00,134.00,134.00,259.00,134.00,134.00,134.00,134.00,134.00,134.00,134.00,134.00,134.00,134.00,134.00,134.00,134.00,134.00,134.00,134.00,134.00
2026-08-27 02:05:18,134.00,134.00,134.00,134.00,188.00,134.00,134.00,134.00,134.00,134.00,134.00,259.00,134.00,134.00,134.00,134.00,134.00,134.00,134.00,134.00,134.00,134.00,134.00,134.00,134.00,134.00,134.00,134.00,134.00
2026-08-27 02:15:24,134.00,134.00,134.00,134.00,188.00,134.00,134.00,134.00,134.00,134.00,134.00,259.00,134.00,134.00,134.00,134.00,134.00,134.00,134.00,134.00,134.00,134.00,134.00,134.00,134.00,134.00,134.00,134.00,134.00
2026-08-27 02:25:21,134.00,134.00,134.00,134.00,188.00,134.00,134.00,134.00,134.00,134.00,134.00,259.00,134.00,134.00,134.00,134.00,134.00,134.00,134.00,134.00,134.00,134.00,134.00,134.00,134.00,134.00,134.00,134.00,134.00
2026-08-27 02:35:17,134.00,134.00,134.00,134.00,188.00,134.00,134.00,134.00,134.00,134.00,134.00,259.00,134.00,134.00,134.00,134.00,134.00,134.00,134.00,134.00,134.00,134.00,134.00,134.00,134.00,134.00,134.00,134.00,134.00
2026-08-27 02:45:24,134.00,134.00,134.00,134.00,188.00,134.00,134.00,134.00,134.00,134.00,134.00,259.00,134.00,134.00,134.00,134.00,134.00,134.00,134.00,134.00,134.00,134.00,134.00,134.00,134.00,134.00,134.00,134.00,134.00
2026-08-27 02:55:21,134.00,134.00,134.00,134.00,188.00,134.00,134.00,134.00,134.00,134.00,134.00,259.00,134.00,134.00,134.00,134.00,134.00,134.00,134.00,134.00,134.00,134.00,134.00,134.00,134.00,134.00,134.00,134.00,134.00
2026-08-27 03:05:20,134.00,134.00,134.00,134.00,188.00,134.00,134.00,134.00,134.00,134.00,134.00,259.00,134.00,134.00,134.00,134.00,134.00,134.00,134.00,134.00,134.00,134.00,134.00,134.00,134.00,134.00,134.00,134.00,134.00
2026-08-27 03:15:20,134.00,134.00,134.00,134.00,188.00,134.00,134.00,134.00,134.00,134.00,134.00,259.00,134.00,134.00,134.00,134.00,134.00,134.00,134.00,134.00,134.00,134.00,134.00,134.00,134.00,134.00,134.00,134.00,134.00
2026-08-27 03:25:13,134.00,134.00,134.00,134.00,188.00,134.00,134.00,134.00,134.00,134.00,134.00,259.00,134.00,134.00,134.00,134.00,134.00,134.00,134.00,134.00,134.00,134.00,134.00,134.00,134.00,134.00,134.00,134.00,134.00
2026-08-27 03:35:21,134.00,134.00,134.00,134.00,188.00,134.00,134.00,134.00,134.00,134.00,134.00,259.00,134.00,134.00,134.00,134.00,134.00,134.00,134.00,134.00,134.00,134.00,134.00,134.00,134.00,134.00,134.00,134.00,134.00
2026-08-27 03:45:22,134.00,134.00,134.00,134.00,188.00,134.00,134.00,134.00,134.00,134.00,134.00,259.00,134.00,134.00,134.00,134.00,134.00,134.00,134.00,134.00,134.00,134.00,134.00,134.00,134.00,134.00,134.00,134.00,134.00
2026-08-27 03:55:24,134.00,134.00,134.00,134.00,188.00,134.00,134.00,134.00,134.00,134.00,134.00,259.00,134.00,134.00,134.00,134.00,134.00,134.00,134.00,134.00,134.00,134.00,134.00,134.00,134.00,134.00,134.00,134.00,134.00
2026-08-27 04:05:25,134.00,134.00,134.00,134.00,188.00,134.00,134.00,134.00,134.00,134.00,134.00,259.00,134.00,134.00,134.00,134.00,134.00,134.00,134.00,134.00,134.00,134.00,134.00,134.00,134.00,134.00,134.00,134.00,134.00
2026-08-27 04:15:21,134.00,134.00,134.00,134.00,188.00,134.00,134.00,134.00,134.00,134.00,134.00,259.00,134.00,134.00,134.00,134.00,134.00,134.00,134.00,134.00,134.00,134.00,134.00,134.00,134.00,134.00,134.00,134.00,134.00
2026-08-27 04:25:27,134.00,134.00,134.00,134.00,188.00,134.00,134.00,134.00,134.00,134.00,134.00,259.00,134.00,134.00,134.00,134.00,134.00,134.00,134.00,134.00,134.00,134.00,134.00,134.00,134.00,134.00,134.00,134.00,134.00
2026-08-27 04:35:21,134.00,134.00,134.00,134.00,188.00,134.00,134.00,134.00,134.00,134.00,134.00,259.00,134.00,134.00,134.00,134.00,134.00,134.00,134.00,134.00,134.00,134.00,134.00,134.00,134.00,134.00,134.00,134.00,134.00
2026-08-27 04:45:20,134.00,134.00,134.00,134.00,188.00,134.00,134.00,134.00,134.00,134.00,134.00,259.00,134.00,134.00,134.00,134.00,134.00,134.00,134.00,134.00,134.00,134.00,134.00,134.00,134.00,134.00,134.00,134.00,134.00
2026-08-27 04:55:23,134.00,134.00,134.00,134.00,188.00,134.00,134.00,134.00,134.00,134.00,134.00,259.00,134.00,134.00,134.00,134.00,134.00,134.00,134.00,134.00,134.00,134.00,134.00,134.00,134.00,134.00,134.00,134.00,134.00
2026-08-27 05:04:55,,,,,188.00,,,,,,,259.00,,,,,209.00,,,,,,,,,,,,
2026-08-27 05:15:23,153.00,153.00,153.00,153.00,188.00,153.00,153.00,153.00,153.00,153.00,153.00,259.00,153.00,153.00,153.00,153.00,153.00,153.00,153.00,153.00,153.00,153.00,153.00,153.00,153.00,153.00,153.00,153.00,153.00
2026-08-27 05:25:26,153.00,153.00,153.00,153.00,188.00,153.00,153.00,153.00,153.00,153.00,153.00,259.00,153.00,153.00,153.00,153.00,153.00,153.00,153.00,153.00,153.00,153.00,153.00,153.00,153.00,153.00,153.00,153.00,153.00
2026-08-27 05:35:21,153.00,153.00,153.00,153.00,188.00,153.00,153.00,153.00,153.00,153.00,153.00,259.00,153.00,153.00,153.00,153.00,153.00,153.00,153.00,153.00,153.00,153.00,153.00,153.00,153.00,153.00,153.00,153.00,153.00
2026-08-27 05:45:25,153.00,153.00,153.00,153.00,188.00,153.00,153.00,153.00,153.00,153.00,153.00,259.00,153.00,153.00,153.00,153.00,153.00,153.00,153.00,153.00,153.00,153.00,153.00,153.00,153.00,153.00,153.00,153.00,153.00
2026-08-27 05:55:21,153.00,153.00,153.00,153.00,188.00,153.00,153.00,153.00,153.00,153.00,153.00,259.00,153.00,153.00,153.00,153.00,153.00,153.00,153.00,153.00,153.00,153.00,153.00,153.00,153.00,153.00,153.00,153.00,153.00
2026-08-27 06:05:21,153.00,153.00,153.00,153.00,188.00,153.00,153.00,153.00,153.00,153.00,153.00,153.00,153.00,153.00,153.00,153.00,153.00,153.00,153.00,153.00,153.00,153.00,153.00,153.00,153.00,153.00,153.00,153.00,153.00
2026-08-27 06:15:25,153.00,153.00,153.00,153.00,188.00,153.00,153.00,153.00,153.00,153.00,153.00,153.00,153.00,153.00,153.00,153.00,153.00,153.00,153.00,153.00,153.00,153.00,153.00,153.00,153.00,153.00,153.00,153.00,153.00
2026-08-27 06:25:17,153.00,153.00,153.00,153.00,188.00,153.00,153.00,153.00,153.00,153.00,153.00,153.00,153.00,153.00,153.00,153.00,153.00,153.00,153.00,153.00,153.00,153.00,153.00,153.00,153.00,153.00,153.00,153.00,153.00
2026-08-27 06:35:24,153.00,153.00,153.00,153.00,188.00,153.00,153.00,153.00,153.00,153.00,153.00,153.00,153.00,153.00,153.00,153.00,153.00,153.00,153.00,153.00,153.00,153.00,153.00,153.00,153.00,153.00,153.00,153.00,153.00
2026-08-27 06:45:29,153.00,153.00,153.00,153.00,153.00,153.00,153.00,153.00,153.00,153.00,153.00,153.00,153.00,153.00,153.00,153.00,153.00,153.00,153.00,153.00,153.00,153.00,153.00,153.00,153.00,153.00,153.00,153.00,153.00
2026-08-27 06:55:20,153.00,153.00,153.00,153.00,153.00,153.00,153.00,153.00,153.00,153.00,153.00,153.00,153.00,153.00,153.00,153.00,153.00,153.00,153.00,153.00,153.00,153.00,153.00,153.00,153.00,153.00,153.00,153.00,153.00
2026-08-27 07:05:29,153.00,153.00,153.00,153.00,153.00,153.00,153.00,153.00,153.00,153.00,153.00,153.00,153.00,153.00,153.00,153.00,153.00,153.00,153.00,153.00,153.00,153.00,153.00,153.00,153.00,153.00,153.00,153.00,153.00
2026-08-27 07:15:20,153.00,153.00,153.00,153.00,153.00,153.00,153.00,153.00,153.00,153.00,153.00,153.00,153.00,153.00,153.00,153.00,153.00,153.00,153.00,153.00,153.00,153.00,153.00,153.00,153.00,153.00,153.00,153.00,153.00
2026-08-27 07:25:24,153.00,153.00,153.00,153.00,153.00,153.00,153.00,153.00,153.00,153.00,153.00,153.00,153.00,153.00,153.00,153.00,153.00,153.00,153.00,153.00,153.00,153.00,153.00,153.00,153.00,153.00,153.00,153.00,153.00
2026-08-27 07:35:27,153.00,153.00,153.00,153.00,153.00,153.00,153.00,153.00,153.00,153.00,153.00,153.00,153.00,153.00,153.00,153.00,153.00,153.00,153.00,153.00,153.00,153.00,153.00,153.00,153.00,153.00,153.00,153.00,153.00
2026-08-27 07:45:22,153.00,153.00,153.00,153.00,153.00,153.00,153.00,153.00,153.00,153.00,153.00,153.00,153.00,153.00,153.00,153.00,153.00,153.00,153.00,153.00,153.00,153.00,153.00,153.00,153.00,153.00,153.00,153.00,153.00
2026-08-27 07:55:23,153.00,153.00,153.00,153.00,153.00,153.00,153.00,153.00,153.00,153.00,153.00,153.00,153.00,153.00,153.00,153.00,153.00,153.00,153.00,153.00,153.00,153.00,153.00,153.00,153.00,153.00,153.00,153.00,153.00
2026-08-27 08:05:29,153.00,153.00,153.00,153.00,153.00,153.00,153.00,153.00,153.00,153.00,153.00,153.00,153.00,153.00,153.00,153.00,153.00,153.00,153.00,153.00,153.00,153.00,153.00,153.00,153.00,153.00,153.00,153.00,153.00
2026-08-27 08:15:28,153.00,153.00,153.00,153.00,153.00,153.00,153.00,153.00,153.00,153.00,153.00,153.00,153.00,153.00,153.00,153.00,153.00,153.00,153.00,153.00,153.00,153.00,153.00,153.00,153.00,153.00,153.00,153.00,153.00
2026-08-27 08:25:22,153.00,153.00,153.00,153.00,153.00,153.00,153.00,153.00,153.00,153.00,153.00,153.00,153.00,153.00,153.00,153.00,153.00,153.00,153.00,153.00,153.00,153.00,153.00,153.00,153.00,153.00,153.00,153.00,153.00
2026-08-27 08:35:25,153.00,153.00,153.00,153.00,153.00,153.00,153.00,153.00,153.00,153.00,153.00,153.00,153.00,153.00,153.00,153.00,153.00,153.00,153.00,153.00,153.00,153.00,153.00,153.00,153.00,153.00,153.00,153.00,153.00
2026-08-27 08:45:22,153.00,153.00,153.00,153.00,153.00,153.00,153.00,153.00,153.00,153.00,153.00,153.00,153.00,153.00,153.00,153.00,153.00,153.00,153.00,153.00,153.00,153.00,153.00,153.00,153.00,153.00,153.00,153.00,153.00
2026-08-27 08:55:23,153.00,153.00,153.00,153.00,153.00,153.00,153.00,153.00,153.00,153.00,153.00,153.00,153.00,153.00,153.00,153.00,153.00,153.00,153.00,153.00,153.00,153.00,153.00,153.00,153.00,153.00,153.00,153.00,153.00
2026-08-27 09:05:24,153.00,153.00,153.00,153.00,153.00,153.00,153.00,153.00,153.00,153.00,153.00,153.00,153.00,153.00,153.00,153.00,153.00,153.00,153.00,153.00,153.00,153.00,153.00,153.00,153.00,153.00,153.00,153.00,153.00
2026-08-27 09:15:24,153.00,153.00,153.00,153.00,153.00,153.00,153.00,153.00,153.00,153.00,153.00,153.00,153.00,153.00,153.00,153.00,153.00,153.00,153.00,153.00,153.00,153.00,153.00,153.00,153.00,153.00,153.00,153.00,153.00
2026-08-27 09:25:25,153.00,153.00,153.00,153.00,153.00,153.00,153.00,153.00,153.00,153.00,153.00,153.00,153.00,153.00,153.00,153.00,153.00,153.00,153.00,153.00,153.00,153.00,153.00,153.00,153.00,153.00,153.00,153.00,153.00
2026-08-27 09:35:24,153.00,153.00,153.00,153.00,153.00,153.00,153.00,153.00,153.00,153.00,153.00,153.00,153.00,153.00,153.00,153.00,153.00,153.00,153.00,153.00,153.00,153.00,153.00,153.00,153.00,153.00,153.00,153.00,153.00
2026-08-27 09:45:22,153.00,153.00,153.00,153.00,153.00,153.00,153.00,153.00,153.00,153.00,153.00,153.00,153.00,153.00,153.00,153.00,153.00,153.00,153.00,153.00,153.00,153.00,153.00,153.00,153.00,153.00,153.00,153.00,153.00
2026-08-27 09:55:26,153.00,153.00,153.00,153.00,153.00,153.00,153.00,153.00,153.00,153.00,153.00,153.00,153.00,153.00,153.00,153.00,153.00,153.00,153.00,153.00,153.00,153.00,153.00,153.00,153.00,153.00,153.00,153.00,153.00
2026-08-27 10:05:23,153.00,153.00,153.00,153.00,153.00,153.00,153.00,153.00,153.00,153.00,153.00,153.00,153.00,153.00,153.00,153.00,153.00,153.00,153.00,153.00,153.00,153.00,153.00,153.00,153.00,153.00,153.00,153.00,153.00
2026-08-27 10:15:23,153.00,153.00,153.00,153.00,153.00,153.00,153.00,153.00,153.00,153.00,153.00,153.00,153.00,153.00,153.00,153.00,153.00,153.00,153.00,153.00,153.00,153.00,153.00,153.00,153.00,153.00,153.00,153.00,153.00
2026-08-27 10:25:30,153.00,153.00,153.00,153.00,153.00,153.00,153.00,153.00,153.00,153.00,153.00,153.00,153.00,153.00,153.00,153.00,153.00,153.00,153.00,153.00,153.00,153.00,153.00,153.00,153.00,153.00,153.00,153.00,153.00
2026-08-27 10:35:22,153.00,153.00,153.00,153.00,153.00,153.00,153.00,153.00,153.00,153.00,153.00,153.00,153.00,153.00,153.00,153.00,153.00,153.00,153.00,153.00,153.00,153.00,153.00,153.00,153.00,153.00,153.00,153.00,153.00
2026-08-27 10:45:27,153.00,153.00,153.00,153.00,153.00,153.00,153.00,153.00,153.00,153.00,153.00,153.00,153.00,153.00,153.00,153.00,153.00,153.00,153.00,153.00,153.00,153.00,153.00,153.00,153.00,153.00,153.00,153.00,153.00
2026-08-27 11:05:23,153.00,153.00,153.00,153.00,188.00,153.00,153.00,153.00,153.00,153.00,153.00,153.00,153.00,153.00,153.00,153.00,153.00,153.00,153.00,153.00,153.00,153.00,153.00,153.00,153.00,153.00,153.00,153.00,153.00
2026-08-27 11:15:22,153.00,153.00,153.00,153.00,188.00,153.00,153.00,153.00,153.00,153.00,153.00,153.00,153.00,153.00,153.00,153.00,153.00,153.00,153.00,153.00,153.00,153.00,153.00,153.00,153.00,153.00,153.00,153.00,153.00
2026-08-27 11:25:26,153.00,153.00,153.00,153.00,188.00,153.00,153.00,153.00,153.00,153.00,153.00,153.00,153.00,153.00,153.00,153.00,153.00,153.00,153.00,153.00,153.00,153.00,153.00,153.00,153.00,153.00,153.00,153.00,153.00
2026-08-27 11:35:27,153.00,153.00,153.00,153.00,188.00,153.00,153.00,153.00,153.00,153.00,153.00,153.00,153.00,153.00,153.00,153.00,153.00,153.00,153.00,153.00,153.00,153.00,153.00,153.00,153.00,153.00,153.00,153.00,153.00
2026-08-27 11:45:21,153.00,153.00,153.00,153.00,188.00,153.00,153.00,153.00,153.00,153.00,153.00,153.00,153.00,153.00,153.00,153.00,153.00,153.00,153.00,153.00,153.00,153.00,153.00,153.00,153.00,153.00,153.00,153.00,153.00
2026-08-27 11:55:25,153.00,153.00,153.00,153.00,188.00,153.00,153.00,153.00,153.00,153.00,153.00,153.00,153.00,153.00,153.00,153.00,153.00,153.00,153.00,153.00,153.00,153.00,153.00,153.00,153.00,153.00,153.00,153.00,153.00
2026-08-27 12:05:28,153.00,153.00,153.00,153.00,188.00,153.00,153.00,153.00,153.00,153.00,153.00,153.00,153.00,153.00,153.00,153.00,153.00,153.00,153.00,153.00,153.00,153.00,153.00,153.00,153.00,153.00,153.00,153.00,153.00
2026-08-27 12:15:20,153.00,153.00,153.00,153.00,188.00,153.00,153.00,153.00,153.00,153.00,153.00,153.00,153.00,153.00,153.00,153.00,153.00,153.00,153.00,153.00,153.00,153.00,153.00,153.00,153.00,153.00,153.00,153.00,153.00
2026-08-27 12:25:28,153.00,153.00,153.00,153.00,188.00,153.00,153.00,153.00,153.00,153.00,153.00,153.00,153.00,153.00,153.00,153.00,153.00,153.00,153.00,153.00,153.00,153.00,153.00,153.00,153.00,153.00,153.00,153.00,153.00
2026-08-27 12:35:27,153.00,153.00,153.00,153.00,188.00,153.00,153.00,153.00,153.00,153.00,153.00,153.00,153.00,153.00,153.00,153.00,153.00,153.00,153.00,153.00,153.00,153.00,153.00,153.00,153.00,153.00,153.00,153.00,153.00
2026-08-27 12:45:24,153.00,153.00,153.00,153.00,188.00,153.00,153.00,153.00,153.00,153.00,153.00,153.00,153.00,153.00,153.00,153.00,153.00,153.00,153.00,153.00,153.00,153.00,153.00,153.00,153.00,153.00,153.00,153.00,153.00
2026-08-27 12:55:19,153.00,153.00,153.00,153.00,188.00,153.00,153.00,153.00,153.00,153.00,153.00,153.00,153.00,153.00,153.00,153.00,153.00,153.00,153.00,153.00,153.00,153.00,153.00,153.00,153.00,153.00,153.00,153.00,153.00
2026-08-27 13:05:23,153.00,153.00,153.00,153.00,188.00,153.00,153.00,153.00,153.00,153.00,153.00,153.00,153.00,153.00,153.00,153.00,153.00,153.00,153.00,153.00,153.00,153.00,153.00,153.00,153.00,153.00,153.00,153.00,153.00
2026-08-27 13:15:31,153.00,153.00,153.00,153.00,188.00,153.00,153.00,153.00,153.00,153.00,153.00,153.00,153.00,153.00,153.00,153.00,153.00,153.00,153.00,153.00,153.00,153.00,153.00,153.00,153.00,153.00,153.00,153.00,153.00
2026-08-27 13:25:30,153.00,153.00,153.00,153.00,188.00,153.00,153.00,153.00,153.00,153.00,153.00,153.00,153.00,153.00,153.00,153.00,153.00,153.00,153.00,153.00,153.00,153.00,153.00,153.00,153.00,153.00,153.00,153.00,153.00
2026-08-27 13:35:26,153.00,153.00,153.00,153.00,188.00,153.00,153.00,153.00,153.00,153.00,153.00,153.00,153.00,153.00,153.00,153.00,153.00,153.00,153.00,153.00,153.00,153.00,153.00,153.00,153.00,153.00,153.00,153.00,153.00
2026-08-27 13:45:25,153.00,153.00,153.00,153.00,188.00,153.00,153.00,153.00,153.00,153.00,153.00,153.00,153.00,153.00,153.00,153.00,153.00,153.00,153.00,153.00,153.00,153.00,153.00,153.00,153.00,153.00,153.00,153.00,153.00
2026-08-27 13:55:26,153.00,153.00,153.00,153.00,188.00,153.00,153.00,153.00,153.00,153.00,153.00,153.00,153.00,153.00,153.00,153.00,153.00,153.00,153.00,153.00,153.00,153.00,153.00,153.00,153.00,153.00,153.00,153.00,153.00
2026-08-27 14:05:30,153.00,153.00,153.00,153.00,188.00,153.00,153.00,153.00,153.00,153.00,153.00,153.00,153.00,153.00,153.00,153.00,153.00,153.00,153.00,153.00,153.00,153.00,153.00,153.00,153.00,153.00,153.00,153.00,153.00
2026-08-27 14:15:20,153.00,153.00,153.00,153.00,188.00,153.00,153.00,153.00,153.00,153.00,153.00,153.00,153.00,153.00,153.00,153.00,153.00,153.00,153.00,153.00,153.00,153.00,153.00,153.00,153.00,153.00,153.00,153.00,153.00
2026-08-27 14:25:27,153.00,153.00,153.00,153.00,188.00,153.00,153.00,153.00,153.00,153.00,153.00,153.00,153.00,153.00,153.00,153.00,153.00,153.00,153.00,153.00,153.00,153.00,153.00,153.00,153.00,153.00,153.00,153.00,153.00
2026-08-27 14:35:30,153.00,153.00,153.00,153.00,188.00,153.00,153.00,153.00,153.00,153.00,153.00,153.00,153.00,153.00,153.00,153.00,153.00,153.00,153.00,153.00,153.00,153.00,153.00,153.00,153.00,153.00,153.00,153.00,153.00
2026-08-27 14:45:28,153.00,153.00,153.00,153.00,188.00,153.00,153.00,153.00,153.00,153.00,153.00,153.00,153.00,153.00,153.00,153.00,153.00,153.00,153.00,153.00,153.00,153.00,153.00,153.00,153.00,153.00,153.00,153.00,153.00
2026-08-27 14:55:27,153.00,153.00,153.00,153.00,188.00,153.00,153.00,153.00,153.00,153.00,153.00,153.00,153.00,153.00,153.00,153.00,153.00,153.00,153.00,153.00,153.00,153.00,153.00,153.00,153.00,153.00,153.00,153.00,153.00
2026-08-27 15:05:26,153.00,153.00,153.00,153.00,188.00,153.00,153.00,153.00,153.00,153.00,153.00,153.00,153.00,153.00,153.00,153.00,153.00,153.00,153.00,153.00,153.00,153.00,153.00,153.00,153.00,153.00,153.00,153.00,153.00
2026-08-27 15:15:33,153.00,153.00,153.00,153.00,188.00,153.00,153.00,153.00,153.00,153.00,153.00,153.00,153.00,153.00,153.00,153.00,153.00,153.00,153.00,153.00,153.00,153.00,153.00,153.00,153.00,153.00,153.00,153.00,153.00
2026-08-27 15:25:27,153.00,153.00,153.00,153.00,188.00,153.00,153.00,153.00,153.00,153.00,153.00,153.00,153.00,153.00,153.00,153.00,153.00,153.00,153.00,153.00,153.00,153.00,153.00,153.00,153.00,153.00,153.00,153.00,153.00
2026-08-27 15:35:29,153.00,153.00,153.00,153.00,188.00,153.00,153.00,153.00,153.00,153.00,153.00,153.00,153.00,153.00,153.00,153.00,153.00,153.00,153.00,153.00,153.00,153.00,153.00,153.00,153.00,153.00,153.00,153.00,153.00
2026-08-27 15:45:26,153.00,153.00,153.00,153.00,188.00,153.00,153.00,153.00,153.00,153.00,153.00,153.00,153.00,153.00,153.00,153.00,153.00,153.00,153.00,153.00,153.00,153.00,153.00,153.00,153.00,153.00,153.00,153.00,153.00
2026-08-27 15:55:16,153.00,153.00,153.00,153.00,188.00,153.00,153.00,153.00,153.00,153.00,153.00,153.00,153.00,153.00,153.00,153.00,153.00,153.00,153.00,153.00,153.00,153.00,153.00,153.00,153.00,153.00,153.00,153.00,153.00
2026-08-27 16:05:32,153.00,153.00,153.00,153.00,188.00,153.00,153.00,153.00,153.00,153.00,153.00,153.00,153.00,153.00,153.00,153.00,153.00,153.00,153.00,153.00,153.00,153.00,153.00,153.00,153.00,153.00,153.00,153.00,153.00
2026-08-27 16:15:24,153.00,153.00,153.00,153.00,188.00,153.00,153.00,153.00,153.00,153.00,153.00,153.00,153.00,153.00,153.00,153.00,153.00,153.00,153.00,153.00,153.00,153.00,153.00,153.00,153.00,153.00,153.00,153.00,153.00
2026-08-27 16:25:32,153.00,153.00,153.00,153.00,188.00,153.00,153.00,153.00,153.00,153.00,153.00,153.00,153.00,153.00,153.00,153.00,153.00,153.00,153.00,153.00,153.00,153.00,153.00,153.00,153.00,153.00,153.00,153.00,153.00
2026-08-27 16:35:31,153.00,153.00,153.00,153.00,188.00,153.00,153.00,153.00,153.00,153.00,153.00,153.00,153.00,153.00,153.00,153.00,153.00,153.00,153.00,153.00,153.00,153.00,153.00,153.00,153.00,153.00,153.00,153.00,153.00
2026-08-27 16:45:35,153.00,153.00,153.00,153.00,188.00,153.00,153.00,153.00,153.00,153.00,153.00,153.00,153.00,153.00,153.00,153.00,153.00,153.00,153.00,153.00,153.00,153.00,153.00,153.00,153.00,153.00,153.00,153.00,153.00
2026-08-27 16:55:22,153.00,153.00,153.00,153.00,188.00,153.00,153.00,153.00,153.00,153.00,153.00,153.00,153.00,153.00,153.00,153.00,153.00,153.00,153.00,153.00,153.00,153.00,153.00,153.00,153.00,153.00,153.00,153.00,153.00
2026-08-27 17:05:24,153.00,153.00,153.00,153.00,188.00,153.00,153.00,153.00,153.00,153.00,153.00,153.00,153.00,153.00,153.00,153.00,153.00,153.00,153.00,153.00,153.00,153.00,153.00,153.00,153.00,153.00,153.00,153.00,153.00
2026-08-27 17:15:23,153.00,153.00,153.00,153.00,188.00,153.00,153.00,153.00,153.00,153.00,153.00,153.00,153.00,153.00,153.00,153.00,153.00,153.00,153.00,153.00,153.00,153.00,153.00,153.00,153.00,153.00,153.00,153.00,153.00
2026-08-27 17:25:21,153.00,153.00,153.00,153.00,188.00,153.00,153.00,153.00,153.00,153.00,153.00,153.00,153.00,153.00,153.00,153.00,153.00,153.00,153.00,153.00,153.00,153.00,153.00,153.00,153.00,153.00,153.00,153.00,153.00
2026-08-27 17:35:30,153.00,153.00,153.00,153.00,188.00,153.00,153.00,153.00,153.00,153.00,153.00,153.00,153.00,153.00,153.00,153.00,153.00,153.00,153.00,153.00,153.00,153.00,153.00,153.00,153.00,153.00,153.00,153.00,153.00
2026-08-27 17:45:27,153.00,153.00,153.00,153.00,188.00,153.00,153.00,153.00,153.00,153.00,153.00,153.00,153.00,153.00,153.00,153.00,153.00,153.00,153.00,153.00,153.00,153.00,153.00,153.00,153.00,153.00,153.00,153.00,153.00
2026-08-27 17:55:26,153.00,153.00,153.00,153.00,188.00,153.00,153.00,153.00,153.00,153.00,153.00,153.00,153.00,153.00,153.00,153.00,153.00,153.00,153.00,153.00,153.00,153.00,153.00,153.00,153.00,153.00,153.00,153.00,153.00
2026-08-27 18:05:28,153.00,153.00,153.00,153.00,188.00,153.00,153.00,153.00,153.00,153.00,153.00,153.00,153.00,153.00,153.00,153.00,153.00,153.00,153.00,153.00,153.00,153.00,153.00,153.00,153.00,153.00,153.00,153.00,153.00
2026-08-27 18:15:21,153.00,153.00,153.00,153.00,188.00,153.00,153.00,153.00,153.00,153.00,153.00,153.00,153.00,153.00,153.00,153.00,153.00,153.00,153.00,153.00,153.00,153.00,153.00,153.00,153.00,153.00,153.00,153.00,153.00
2026-08-27 18:25:30,153.00,153.00,153.00,153.00,188.00,153.00,153.00,153.00,153.00,153.00,153.00,153.00,153.00,153.00,153.00,153.00,153.00,153.00,153.00,153.00,153.00,153.00,153.00,153.00,153.00,153.00,153.00,153.00,153.00
2026-08-27 18:35:28,153.00,153.00,153.00,153.00,188.00,153.00,153.00,153.00,153.00,153.00,153.00,153.00,153.00,153.00,153.00,153.00,153.00,153.00,153.00,153.00,153.00,153.00,153.00,153.00,153.00,153.00,153.00,153.00,153.00
2026-08-27 18:45:24,153.00,153.00,153.00,153.00,188.00,153.00,153.00,153.00,153.00,153.00,153.00,153.00,153.00,153.00,153.00,153.00,153.00,153.00,153.00,153.00,153.00,153.00,153.00,153.00,153.00,153.00,153.00,153.00,153.00
2026-08-27 18:55:31,153.00,153.00,153.00,153.00,188.00,153.00,153.00,153.00,153.00,153.00,153.00,153.00,153.00,153.00,153.00,153.00,153.00,153.00,153.00,153.00,153.00,153.00,153.00,153.00,153.00,153.00,153.00,153.00,153.00
2026-08-27 19:05:23,153.00,153.00,153.00,153.00,188.00,153.00,153.00,153.00,153.00,153.00,153.00,153.00,153.00,153.00,153.00,153.00,153.00,153.00,153.00,153.00,153.00,153.00,153.00,153.00,153.00,153.00,153.00,153.00,153.00
2026-08-27 19:15:29,153.00,153.00,153.00,153.00,188.00,153.00,153.00,153.00,153.00,153.00,153.00,153.00,153.00,153.00,153.00,153.00,153.00,153.00,153.00,153.00,153.00,153.00,153.00,153.00,153.00,153.00,153.00,153.00,153.00
2026-08-27 19:25:25,153.00,153.00,153.00,153.00,188.00,153.00,153.00,153.00,153.00,153.00,153.00,153.00,153.00,153.00,153.00,153.00,153.00,153.00,153.00,153.00,153.00,153.00,153.00,153.00,153.00,153.00,153.00,153.00,153.00
2026-08-27 19:35:25,153.00,153.00,153.00,153.00,188.00,153.00,153.00,153.00,153.00,153.00,153.00,153.00,153.00,153.00,153.00,153.00,153.00,153.00,153.00,153.00,153.00,153.00,153.00,153.00,153.00,153.00,153.00,153.00,153.00
2026-08-27 19:45:30,153.00,153.00,153.00,153.00,188.00,153.00,153.00,153.00,153.00,153.00,153.00,153.00,153.00,153.00,153.00,153.00,153.00,153.00,153.00,153.00,153.00,153.00,153.00,153.00,153.00,153.00,153.00,153.00,153.00
2026-08-27 19:55:28,153.00,153.00,153.00,153.00,188.00,153.00,153.00,153.00,153.00,153.00,153.00,153.00,153.00,153.00,153.00,153.00,153.00,153.00,153.00,153.00,153.00,153.00,153.00,153.00,153.00,153.00,153.00,153.00,153.00
2026-08-27 20:05:35,153.00,153.00,153.00,153.00,188.00,153.00,153.00,153.00,153.00,153.00,153.00,153.00,153.00,153.00,153.00,153.00,153.00,153.00,153.00,153.00,153.00,153.00,153.00,153.00,153.00,153.00,153.00,153.00,153.00
2026-08-27 20:15:29,153.00,153.00,153.00,153.00,188.00,153.00,153.00,153.00,153.00,153.00,153.00,153.00,153.00,153.00,153.00,153.00,153.00,153.00,153.00,153.00,153.00,153.00,153.00,153.00,153.00,153.00,153.00,153.00,153.00
2026-08-27 20:25:26,153.00,153.00,153.00,153.00,188.00,153.00,153.00,153.00,153.00,153.00,153.00,153.00,153.00,153.00,153.00,153.00,153.00,153.00,153.00,153.00,153.00,153.00,153.00,153.00,153.00,153.00,153.00,153.00,153.00
2026-08-27 20:35:30,153.00,153.00,153.00,153.00,188.00,153.00,153.00,153.00,153.00,153.00,153.00,153.00,153.00,153.00,153.00,153.00,153.00,153.00,153.00,153.00,153.00,153.00,153.00,153.00,153.00,153.00,153.00,153.00,153.00
2026-08-27 20:45:26,153.00,153.00,153.00,153.00,188.00,153.00,153.00,153.00,153.00,153.00,153.00,153.00,153.00,153.00,153.00,153.00,153.00,153.00,153.00,153.00,153.00,153.00,153.00,153.00,153.00,153.00,153.00,153.00,153.00
2026-08-27 20:55:24,153.00,153.00,153.00,153.00,199.00,153.00,153.00,153.00,153.00,153.00,153.00,153.00,153.00,153.00,153.00,153.00,153.00,153.00,153.00,153.00,153.00,153.00,153.00,153.00,153.00,153.00,153.00,153.00,153.00
2026-08-27 21:05:27,153.00,153.00,153.00,153.00,199.00,153.00,153.00,153.00,153.00,153.00,153.00,153.00,153.00,153.00,153.00,153.00,153.00,153.00,153.00,153.00,153.00,153.00,153.00,153.00,153.00,153.00,153.00,153.00,153.00
2026-08-27 21:15:23,153.00,153.00,153.00,153.00,199.00,153.00,153.00,153.00,153.00,153.00,153.00,153.00,153.00,153.00,153.00,153.00,153.00,153.00,153.00,153.00,153.00,153.00,153.00,153.00,153.00,153.00,153.00,153.00,153.00
2026-08-27 21:25:25,153.00,153.00,153.00,153.00,199.00,153.00,153.00,153.00,153.00,153.00,153.00,153.00,153.00,153.00,153.00,153.00,153.00,153.00,153.00,153.00,153.00,153.00,153.00,153.00,153.00,153.00,153.00,153.00,153.00
2026-08-27 21:35:29,153.00,153.00,153.00,153.00,199.00,153.00,153.00,153.00,153.00,153.00,153.00,153.00,153.00,153.00,153.00,153.00,153.00,153.00,153.00,153.00,153.00,153.00,153.00,153.00,153.00,153.00,153.00,153.00,153.00
2026-08-27 21:45:30,153.00,153.00,153.00,153.00,199.00,153.00,153.00,153.00,153.00,153.00,153.00,153.00,153.00,153.00,153.00,153.00,153.00,153.00,153.00,153.00,153.00,153.00,153.00,153.00,153.00,153.00,153.00,153.00,153.00
2026-08-27 21:55:23,153.00,153.00,153.00,153.00,199.00,153.00,153.00,153.00,153.00,153.00,153.00,153.00,153.00,153.00,153.00,153.00,153.00,153.00,153.00,153.00,153.00,153.00,153.00,153.00,153.00,153.00,153.00,153.00,153.00
2026-08-27 22:05:22,153.00,153.00,153.00,153.00,199.00,153.00,153.00,153.00,153.00,153.00,153.00,153.00,153.00,153.00,153.00,153.00,153.00,153.00,153.00,153.00,153.00,153.00,153.00,153.00,153.00,153.00,153.00,153.00,153.00
2026-08-27 22:15:22,153.00,153.00,153.00,153.00,199.00,153.00,153.00,153.00,153.00,153.00,153.00,153.00,153.00,153.00,153.00,153.00,153.00,153.00,153.00,153.00,153.00,153.00,153.00,153.00,153.00,153.00,153.00,153.00,153.00
2026-08-27 22:25:26,153.00,153.00,153.00,153.00,199.00,153.00,153.00,153.00,153.00,153.00,153.00,153.00,153.00,153.00,153.00,153.00,153.00,153.00,153.00,153.00,153.00,153.00,153.00,153.00,153.00,153.00,153.00,153.00,153.00
2026-08-27 22:35:36,153.00,153.00,153.00,153.00,199.00,153.00,153.00,153.00,153.00,153.00,153.00,153.00,153.00,153.00,153.00,153.00,153.00,153.00,153.00,153.00,153.00,153.00,153.00,153.00,153.00,153.00,153.00,153.00,153.00
2026-08-27 22:45:28,153.00,153.00,153.00,153.00,199.00,153.00,153.00,153.00,153.00,153.00,153.00,153.00,153.00,153.00,153.00,153.00,153.00,153.00,153.00,153.00,153.00,153.00,153.00,153.00,153.00,153.00,153.00,153.00,153.00
2026-08-27 22:55:22,153.00,153.00,153.00,153.00,199.00,153.00,153.00,153.00,153.00,153.00,153.00,153.00,153.00,153.00,153.00,153.00,153.00,153.00,153.00,153.00,153.00,153.00,153.00,153.00,153.00,153.00,153.00,153.00,153.00
2026-08-27 23:05:20,153.00,153.00,153.00,153.00,199.00,153.00,153.00,153.00,153.00,153.00,153.00,153.00,153.00,153.00,153.00,153.00,153.00,153.00,153.00,153.00,153.00,153.00,153.00,153.00,153.00,153.00,153.00,153.00,153.00
2026-08-27 23:15:20,153.00,153.00,153.00,153.00,199.00,153.00,153.00,153.00,153.00,153.00,153.00,153.00,153.00,153.00,153.00,153.00,153.00,153.00,153.00,153.00,153.00,153.00,153.00,153.00,153.00,153.00,153.00,153.00,153.00
2026-08-27 23:25:27,153.00,153.00,153.00,153.00,199.00,153.00,153.00,153.00,153.00,153.00,153.00,153.00,153.00,153.00,153.00,153.00,153.00,153.00,153.00,153.00,153.00,153.00,153.00,153.00,153.00,153.00,153.00,153.00,153.00
2026-08-27 23:35:30,153.00,153.00,153.00,153.00,199.00,153.00,153.00,153.00,153.00,153.00,153.00,153.00,153.00,153.00,153.00,153.00,153.00,153.00,153.00,153.00,153.00,153.00,153.00,153.00,153.00,153.00,153.00,153.00,153.00
2026-08-27 23:45:28,153.00,153.00,153.00,153.00,199.00,153.00,153.00,153.00,153.00,153.00,153.00,153.00,153.00,153.00,153.00,153.00,153.00,153.00,153.00,153.00,153.00,153.00,153.00,153.00,153.00,153.00,153.00,153.00,153.00
2026-08-27 23:55:27,153.00,153.00,153.00,153.00,199.00,153.00,153.00,153.00,153.00,153.00,153.00,153.00,153.00,153.00,153.00,153.00,153.00,153.00,153.00,153.00,153.00,153.00,153.00,153.00,153.00,153.00,153.00,153.00,153.00
2026-08-28 00:05:26,153.00,153.00,153.00,153.00,199.00,153.00,153.00,153.00,153.00,153.00,153.00,153.00,153.00,153.00,153.00,153.00,153.00,153.00,153.00,153.00,153.00,153.00,153.00,153.00,153.00,153.00,153.00,153.00,153.00
2026-08-28 00:15:26,153.00,153.00,153.00,153.00,199.00,153.00,153.00,153.00,153.00,153.00,153.00,153.00,153.00,153.00,153.00,153.00,153.00,153.00,153.00,153.00,153.00,153.00,153.00,153.00,153.00,153.00,153.00,153.00,153.00
2026-08-28 00:25:27,153.00,153.00,153.00,153.00,199.00,153.00,153.00,153.00,153.00,153.00,153.00,153.00,153.00,153.00,153.00,153.00,153.00,153.00,153.00,153.00,153.00,153.00,153.00,153.00,153.00,153.00,153.00,153.00,153.00
2026-08-28 00:35:38,153.00,153.00,153.00,153.00,199.00,153.00,153.00,153.00,153.00,153.00,153.00,153.00,153.00,153.00,153.00,153.00,153.00,153.00,153.00,153.00,153.00,153.00,153.00,153.00,153.00,153.00,153.00,153.00,153.00
2026-08-28 00:45:25,153.00,153.00,153.00,153.00,199.00,153.00,153.00,153.00,153.00,153.00,153.00,153.00,153.00,153.00,153.00,153.00,153.00,153.00,153.00,153.00,153.00,153.00,153.00,153.00,153.00,153.00,153.00,153.00,153.00
2026-08-28 00:55:23,153.00,153.00,153.00,153.00,199.00,153.00,153.00,153.00,153.00,153.00,153.00,153.00,153.00,153.00,153.00,153.00,153.00,153.00,153.00,153.00,153.00,153.00,153.00,153.00,153.00,153.00,153.00,153.00,153.00
2026-08-28 01:05:25,153.00,153.00,153.00,153.00,199.00,153.00,153.00,153.00,153.00,153.00,153.00,153.00,153.00,153.00,153.00,153.00,153.00,153.00,153.00,153.00,153.00,153.00,153.00,153.00,153.00,153.00,153.00,153.00,153.00
2026-08-28 01:15:26,153.00,153.00,153.00,153.00,199.00,153.00,153.00,153.00,153.00,153.00,153.00,153.00,153.00,153.00,153.00,153.00,153.00,153.00,153.00,153.00,153.00,153.00,153.00,153.00,153.00,153.00,153.00,153.00,153.00
2026-08-28 01:25:27,153.00,153.00,153.00,153.00,199.00,153.00,153.00,153.00,153.00,153.00,153.00,153.00,153.00,153.00,153.00,153.00,153.00,153.00,153.00,153.00,153.00,153.00,153.00,153.00,153.00,153.00,153.00,153.00,153.00
2026-08-28 01:35:27,153.00,153.00,153.00,153.00,199.00,153.00,153.00,153.00,153.00,153.00,153.00,153.00,153.00,153.00,153.00,153.00,153.00,153.00,153.00,153.00,153.00,153.00,153.00,153.00,153.00,153.00,153.00,153.00,153.00
2026-08-28 01:45:26,153.00,153.00,153.00,153.00,199.00,153.00,153.00,153.00,153.00,153.00,153.00,153.00,153.00,153.00,153.00,153.00,153.00,153.00,153.00,153.00,153.00,153.00,153.00,153.00,153.00,153.00,153.00,153.00,153.00
2026-08-28 01:55:23,153.00,153.00,153.00,153.00,199.00,153.00,153.00,153.00,153.00,153.00,153.00,153.00,153.00,153.00,153.00,153.00,153.00,153.00,153.00,153.00,153.00,153.00,153.00,153.00,153.00,153.00,153.00,153.00,153.00
2026-08-28 02:05:22,153.00,153.00,153.00,153.00,199.00,153.00,153.00,153.00,153.00,153.00,153.00,153.00,153.00,153.00,153.00,153.00,153.00,153.00,153.00,153.00,153.00,153.00,153.00,153.00,153.00,153.00,153.00,153.00,153.00
2026-08-28 02:15:32,153.00,153.00,153.00,153.00,199.00,153.00,153.00,153.00,153.00,153.00,153.00,153.00,153.00,153.00,153.00,153.00,153.00,153.00,153.00,153.00,153.00,153.00,153.00,153.00,153.00,153.00,153.00,153.00,153.00
2026-08-28 02:25:16,153.00,153.00,153.00,153.00,199.00,153.00,153.00,153.00,153.00,153.00,153.00,153.00,153.00,153.00,153.00,153.00,153.00,153.00,153.00,153.00,153.00,153.00,153.00,153.00,153.00,153.00,153.00,153.00,153.00
2026-08-28 02:35:25,153.00,153.00,153.00,153.00,199.00,153.00,153.00,153.00,153.00,153.00,153.00,153.00,153.00,153.00,153.00,153.00,153.00,153.00,153.00,153.00,170.00,153.00,153.00,153.00,153.00,153.00,153.00,153.00,153.00
2026-08-28 02:45:25,153.00,153.00,153.00,153.00,199.00,153.00,153.00,153.00,153.00,153.00,153.00,153.00,153.00,153.00,153.00,153.00,153.00,153.00,153.00,153.00,170.00,153.00,153.00,153.00,153.00,153.00,153.00,153.00,153.00
2026-08-28 02:55:30,153.00,153.00,153.00,153.00,199.00,153.00,153.00,153.00,153.00,153.00,153.00,153.00,153.00,153.00,153.00,153.00,153.00,153.00,153.00,153.00,170.00,153.00,153.00,153.00,153.00,153.00,153.00,153.00,153.00
2026-08-28 03:05:24,153.00,153.00,153.00,153.00,199.00,153.00,153.00,153.00,153.00,153.00,153.00,153.00,153.00,153.00,153.00,153.00,153.00,153.00,153.00,153.00,170.00,153.00,153.00,153.00,153.00,153.00,153.00,153.00,153.00
2026-08-28 03:15:25,153.00,153.00,153.00,153.00,199.00,153.00,153.00,153.00,153.00,153.00,153.00,153.00,153.00,153.00,153.00,153.00,153.00,153.00,153.00,153.00,170.00,153.00,153.00,153.00,153.00,153.00,153.00,153.00,153.00
2026-08-28 03:25:24,153.00,153.00,153.00,153.00,199.00,153.00,153.00,153.00,153.00,153.00,153.00,153.00,153.00,153.00,153.00,153.00,153.00,153.00,153.00,153.00,170.00,153.00,153.00,153.00,153.00,153.00,153.00,153.00,153.00
2026-08-28 03:35:28,153.00,153.00,153.00,153.00,199.00,153.00,153.00,153.00,153.00,153.00,153.00,153.00,153.00,153.00,153.00,153.00,153.00,153.00,153.00,153.00,170.00,153.00,153.00,153.00,153.00,153.00,153.00,153.00,153.00
2026-08-28 03:45:26,153.00,153.00,153.00,153.00,199.00,153.00,153.00,153.00,153.00,153.00,153.00,153.00,153.00,153.00,153.00,153.00,153.00,153.00,153.00,153.00,170.00,153.00,153.00,153.00,153.00,153.00,153.00,153.00,153.00
2026-08-28 03:55:19,153.00,153.00,153.00,153.00,199.00,153.00,153.00,153.00,153.00,153.00,153.00,153.00,153.00,153.00,153.00,153.00,153.00,153.00,153.00,153.00,170.00,153.00,153.00,153.00,153.00,153.00,153.00,153.00,153.00
2026-08-28 04:05:29,153.00,153.00,153.00,153.00,199.00,153.00,153.00,153.00,153.00,153.00,153.00,153.00,153.00,153.00,153.00,153.00,153.00,153.00,153.00,153.00,170.00,153.00,153.00,153.00,153.00,153.00,153.00,153.00,153.00
2026-08-28 04:15:26,153.00,153.00,153.00,153.00,199.00,153.00,153.00,153.00,153.00,153.00,153.00,153.00,153.00,153.00,153.00,153.00,153.00,153.00,153.00,153.00,170.00,153.00,153.00,153.00,153.00,153.00,153.00,153.00,153.00
2026-08-28 04:25:28,153.00,153.00,153.00,153.00,199.00,153.00,153.00,153.00,153.00,153.00,153.00,153.00,153.00,153.00,153.00,153.00,153.00,153.00,153.00,153.00,170.00,153.00,153.00,153.00,153.00,153.00,153.00,153.00,153.00
2026-08-28 04:35:20,153.00,153.00,153.00,153.00,199.00,153.00,153.00,153.00,153.00,153.00,153.00,153.00,153.00,153.00,153.00,153.00,153.00,153.00,153.00,153.00,170.00,153.00,153.00,153.00,153.00,153.00,153.00,153.00,153.00
2026-08-28 04:45:29,153.00,153.00,153.00,153.00,199.00,153.00,153.00,153.00,153.00,153.00,153.00,153.00,153.00,153.00,153.00,153.00,153.00,153.00,153.00,153.00,170.00,153.00,153.00,153.00,153.00,153.00,153.00,153.00,153.00
2026-08-28 04:55:26,153.00,153.00,153.00,153.00,199.00,153.00,153.00,153.00,153.00,153.00,153.00,153.00,153.00,153.00,153.00,153.00,153.00,153.00,153.00,153.00,170.00,153.00,153.00,153.00,153.00,153.00,153.00,153.00,153.00
2026-08-28 05:05:29,153.00,153.00,153.00,153.00,199.00,153.00,153.00,153.00,153.00,153.00,153.00,153.00,153.00,153.00,153.00,153.00,153.00,153.00,153.00,153.00,170.00,153.00,153.00,153.00,153.00,153.00,153.00,153.00,153.00
2026-08-28 05:15:34,153.00,153.00,153.00,153.00,199.00,153.00,153.00,153.00,153.00,153.00,153.00,153.00,153.00,153.00,153.00,153.00,153.00,153.00,153.00,153.00,170.00,153.00,153.00,153.00,153.00,153.00,153.00,153.00,153.00
2026-08-28 05:25:29,153.00,153.00,153.00,153.00,199.00,153.00,153.00,153.00,153.00,153.00,153.00,153.00,153.00,153.00,153.00,153.00,153.00,153.00,153.00,153.00,170.00,153.00,153.00,153.00,153.00,153.00,153.00,153.00,153.00
2026-08-28 05:35:25,153.00,153.00,153.00,153.00,199.00,153.00,153.00,153.00,153.00,153.00,153.00,153.00,153.00,153.00,153.00,153.00,153.00,153.00,153.00,153.00,170.00,153.00,153.00,153.00,153.00,153.00,153.00,153.00,153.00
2026-08-28 05:45:27,153.00,153.00,153.00,153.00,199.00,153.00,153.00,153.00,153.00,153.00,153.00,153.00,153.00,153.00,153.00,153.00,153.00,153.00,153.00,153.00,170.00,153.00,153.00,153.00,153.00,153.00,153.00,153.00,153.00
2026-08-28 05:55:26,153.00,153.00,153.00,153.00,199.00,153.00,153.00,153.00,153.00,153.00,153.00,153.00,153.00,153.00,153.00,153.00,153.00,153.00,153.00,153.00,170.00,153.00,153.00,153.00,153.00,153.00,153.00,153.00,153.00
2026-08-28 06:05:20,153.00,153.00,153.00,153.00,199.00,153.00,153.00,153.00,153.00,153.00,153.00,153.00,153.00,153.00,153.00,153.00,153.00,153.00,153.00,153.00,170.00,153.00,153.00,153.00,153.00,153.00,153.00,153.00,153.00
2026-08-28 06:15:30,153.00,153.00,153.00,153.00,199.00,153.00,153.00,153.00,153.00,153.00,153.00,209.00,153.00,153.00,153.00,153.00,153.00,153.00,153.00,153.00,170.00,153.00,153.00,153.00,153.00,153.00,153.00,153.00,153.00
2026-08-28 06:25:30,153.00,153.00,153.00,153.00,199.00,153.00,153.00,153.00,153.00,153.00,153.00,209.00,153.00,153.00,153.00,153.00,153.00,153.00,153.00,153.00,170.00,153.00,153.00,153.00,153.00,153.00,153.00,153.00,153.00
2026-08-28 06:35:24,153.00,153.00,153.00,153.00,199.00,153.00,153.00,153.00,153.00,153.00,153.00,209.00,153.00,153.00,153.00,153.00,153.00,153.00,153.00,153.00,170.00,153.00,153.00,153.00,153.00,153.00,153.00,153.00,153.00
2026-08-28 06:45:28,153.00,153.00,153.00,153.00,199.00,153.00,153.00,153.00,153.00,153.00,153.00,209.00,153.00,153.00,153.00,153.00,153.00,153.00,153.00,153.00,170.00,153.00,153.00,153.00,153.00,153.00,153.00,153.00,153.00
2026-08-28 06:55:25,153.00,153.00,153.00,153.00,199.00,153.00,153.00,153.00,153.00,153.00,153.00,209.00,153.00,153.00,153.00,153.00,153.00,153.00,153.00,153.00,170.00,153.00,153.00,153.00,153.00,153.00,153.00,153.00,153.00
2026-08-28 07:05:27,153.00,153.00,153.00,153.00,199.00,153.00,153.00,153.00,153.00,153.00,153.00,209.00,153.00,153.00,153.00,153.00,153.00,153.00,153.00,153.00,170.00,153.00,153.00,153.00,153.00,153.00,153.00,153.00,153.00
2026-08-28 07:15:28,153.00,153.00,153.00,153.00,199.00,153.00,153.00,153.00,153.00,153.00,153.00,209.00,153.00,153.00,153.00,153.00,153.00,153.00,153.00,153.00,153.00,153.00,153.00,153.00,153.00,153.00,153.00,153.00,153.00
2026-08-28 07:25:29,153.00,153.00,153.00,153.00,199.00,153.00,153.00,153.00,153.00,153.00,153.00,209.00,153.00,153.00,153.00,153.00,153.00,153.00,153.00,153.00,153.00,153.00,153.00,153.00,153.00,153.00,153.00,153.00,153.00
2026-08-28 07:35:26,153.00,153.00,153.00,153.00,199.00,153.00,153.00,153.00,153.00,153.00,153.00,209.00,153.00,153.00,153.00,153.00,153.00,153.00,153.00,153.00,153.00,153.00,153.00,153.00,153.00,153.00,153.00,153.00,153.00
2026-08-28 07:45:31,153.00,153.00,153.00,153.00,199.00,153.00,153.00,153.00,153.00,153.00,153.00,209.00,153.00,153.00,153.00,153.00,153.00,153.00,153.00,153.00,153.00,153.00,153.00,153.00,153.00,153.00,153.00,153.00,153.00
2026-08-28 07:55:26,153.00,153.00,153.00,153.00,199.00,153.00,153.00,153.00,153.00,153.00,153.00,209.00,153.00,153.00,153.00,153.00,153.00,153.00,153.00,153.00,153.00,153.00,153.00,153.00,153.00,153.00,153.00,153.00,153.00
2026-08-28 08:05:20,153.00,153.00,153.00,153.00,199.00,153.00,153.00,153.00,153.00,153.00,153.00,209.00,153.00,153.00,153.00,153.00,153.00,153.00,153.00,153.00,153.00,153.00,153.00,153.00,153.00,153.00,153.00,153.00,153.00
2026-08-28 08:15:26,153.00,153.00,153.00,153.00,199.00,153.00,153.00,153.00,153.00,153.00,153.00,209.00,153.00,153.00,153.00,153.00,153.00,153.00,153.00,153.00,153.00,153.00,153.00,153.00,153.00,153.00,153.00,153.00,153.00
2026-08-28 08:25:24,153.00,153.00,153.00,153.00,199.00,153.00,153.00,153.00,153.00,153.00,153.00,209.00,153.00,153.00,153.00,153.00,153.00,153.00,153.00,153.00,153.00,153.00,153.00,153.00,153.00,153.00,153.00,153.00,153.00
2026-08-28 08:35:25,153.00,153.00,153.00,153.00,199.00,153.00,153.00,153.00,153.00,153.00,153.00,209.00,153.00,153.00,153.00,153.00,153.00,153.00,153.00,153.00,153.00,153.00,153.00,153.00,153.00,153.00,153.00,153.00,153.00
2026-08-28 08:45:27,153.00,153.00,153.00,153.00,199.00,153.00,153.00,153.00,153.00,153.00,153.00,209.00,153.00,153.00,153.00,153.00,153.00,153.00,153.00,153.00,153.00,153.00,153.00,153.00,153.00,153.00,153.00,153.00,153.00
2026-08-28 08:55:28,153.00,153.00,153.00,153.00,199.00,153.00,153.00,153.00,153.00,153.00,153.00,209.00,153.00,153.00,153.00,153.00,153.00,153.00,153.00,153.00,153.00,153.00,153.00,153.00,153.00,153.00,153.00,153.00,153.00
2026-08-28 09:05:29,153.00,153.00,153.00,153.00,199.00,153.00,153.00,153.00,153.00,153.00,153.00,209.00,153.00,153.00,153.00,153.00,153.00,153.00,153.00,153.00,153.00,153.00,153.00,153.00,153.00,153.00,153.00,153.00,153.00
2026-08-28 09:15:25,153.00,153.00,153.00,153.00,199.00,153.00,153.00,153.00,153.00,153.00,153.00,209.00,153.00,153.00,153.00,153.00,153.00,153.00,153.00,153.00,153.00,153.00,153.00,153.00,153.00,153.00,153.00,153.00,153.00
2026-08-28 09:25:27,153.00,153.00,153.00,153.00,199.00,153.00,153.00,153.00,153.00,153.00,153.00,209.00,153.00,153.00,153.00,153.00,153.00,153.00,153.00,153.00,153.00,153.00,153.00,153.00,153.00,153.00,153.00,153.00,153.00
2026-08-28 09:35:30,153.00,153.00,153.00,153.00,199.00,153.00,153.00,153.00,153.00,153.00,153.00,209.00,153.00,153.00,153.00,153.00,153.00,153.00,153.00,153.00,153.00,153.00,153.00,153.00,153.00,153.00,153.00,153.00,153.00
2026-08-28 09:45:28,153.00,153.00,153.00,153.00,199.00,153.00,153.00,153.00,153.00,153.00,153.00,209.00,153.00,153.00,153.00,153.00,153.00,153.00,153.00,153.00,153.00,153.00,153.00,153.00,153.00,153.00,153.00,153.00,153.00
2026-08-28 09:55:36,153.00,153.00,153.00,153.00,199.00,153.00,153.00,153.00,153.00,153.00,153.00,209.00,153.00,153.00,153.00,153.00,153.00,153.00,153.00,153.00,153.00,153.00,153.00,153.00,153.00,153.00,153.00,153.00,153.00
2026-08-28 10:05:27,153.00,153.00,153.00,153.00,199.00,153.00,153.00,153.00,153.00,153.00,153.00,209.00,153.00,153.00,153.00,153.00,153.00,153.00,153.00,153.00,153.00,153.00,153.00,153.00,153.00,153.00,153.00,153.00,153.00
2026-08-28 10:15:26,153.00,153.00,153.00,153.00,199.00,153.00,153.00,153.00,153.00,153.00,153.00,209.00,153.00,153.00,153.00,153.00,153.00,153.00,153.00,153.00,153.00,153.00,153.00,153.00,153.00,153.00,153.00,153.00,153.00
2026-08-28 10:25:28,153.00,153.00,153.00,153.00,199.00,153.00,153.00,153.00,153.00,153.00,153.00,209.00,153.00,153.00,153.00,153.00,153.00,153.00,153.00,153.00,153.00,153.00,153.00,153.00,153.00,153.00,153.00,153.00,153.00
2026-08-28 10:35:29,153.00,153.00,153.00,153.00,199.00,153.00,153.00,153.00,153.00,153.00,153.00,209.00,153.00,153.00,153.00,153.00,153.00,153.00,153.00,153.00,153.00,153.00,153.00,153.00,153.00,153.00,153.00,153.00,153.00
2026-08-28 10:45:22,153.00,153.00,153.00,153.00,199.00,153.00,153.00,153.00,153.00,153.00,153.00,209.00,153.00,153.00,153.00,153.00,153.00,153.00,153.00,153.00,153.00,153.00,153.00,153.00,153.00,153.00,153.00,153.00,153.00
2026-08-28 10:55:31,153.00,153.00,153.00,153.00,199.00,153.00,153.00,153.00,153.00,153.00,153.00,209.00,153.00,153.00,153.00,153.00,153.00,153.00,153.00,153.00,153.00,153.00,153.00,153.00,153.00,153.00,153.00,153.00,153.00
2026-08-28 11:05:23,153.00,,153.00,153.00,,,,153.00,153.00,,,209.00,153.00,,,153.00,153.00,,153.00,153.00,,,,153.00,153.00,153.00,,153.00,
2026-08-28 11:15:28,153.00,153.00,153.00,153.00,199.00,153.00,199.00,153.00,153.00,153.00,153.00,209.00,153.00,153.00,153.00,153.00,153.00,153.00,153.00,153.00,153.00,153.00,153.00,153.00,153.00,153.00,153.00,153.00,153.00
2026-08-28 11:25:33,153.00,153.00,153.00,153.00,199.00,153.00,199.00,153.00,153.00,153.00,153.00,209.00,153.00,153.00,153.00,153.00,153.00,153.00,153.00,153.00,153.00,153.00,153.00,153.00,153.00,153.00,153.00,153.00,153.00
2026-08-28 11:35:32,153.00,153.00,153.00,153.00,199.00,153.00,199.00,153.00,153.00,153.00,153.00,209.00,153.00,153.00,153.00,153.00,153.00,153.00,153.00,153.00,153.00,153.00,153.00,153.00,153.00,153.00,153.00,153.00,153.00
2026-08-28 11:45:28,153.00,153.00,153.00,153.00,199.00,153.00,199.00,153.00,153.00,153.00,153.00,209.00,153.00,153.00,153.00,153.00,153.00,153.00,153.00,153.00,153.00,153.00,153.00,153.00,153.00,153.00,153.00,153.00,153.00
2026-08-28 11:55:32,153.00,153.00,153.00,153.00,199.00,153.00,199.00,153.00,153.00,153.00,153.00,209.00,153.00,153.00,153.00,153.00,153.00,153.00,153.00,153.00,153.00,153.00,153.00,153.00,153.00,153.00,153.00,153.00,153.00
2026-08-28 12:05:20,153.00,153.00,153.00,153.00,199.00,153.00,199.00,153.00,153.00,153.00,153.00,209.00,153.00,153.00,153.00,153.00,153.00,153.00,153.00,153.00,153.00,153.00,153.00,153.00,153.00,153.00,153.00,153.00,153.00
2026-08-28 12:15:30,153.00,153.00,153.00,153.00,199.00,153.00,199.00,153.00,153.00,153.00,153.00,209.00,153.00,153.00,153.00,153.00,153.00,153.00,153.00,153.00,153.00,153.00,153.00,153.00,153.00,153.00,153.00,153.00,153.00
2026-08-28 12:25:31,153.00,153.00,153.00,153.00,199.00,153.00,199.00,153.00,153.00,153.00,153.00,209.00,153.00,153.00,153.00,153.00,153.00,153.00,153.00,153.00,153.00,153.00,153.00,153.00,153.00,153.00,153.00,153.00,153.00
2026-08-28 12:35:24,153.00,153.00,153.00,153.00,199.00,153.00,199.00,153.00,153.00,153.00,153.00,209.00,153.00,153.00,153.00,153.00,153.00,153.00,153.00,153.00,153.00,153.00,153.00,153.00,153.00,153.00,153.00,153.00,153.00
2026-08-28 12:45:28,153.00,153.00,153.00,153.00,199.00,153.00,199.00,153.00,153.00,153.00,153.00,209.00,153.00,153.00,153.00,153.00,153.00,153.00,153.00,153.00,153.00,153.00,153.00,153.00,153.00,153.00,153.00,153.00,153.00
2026-08-28 12:55:23,153.00,153.00,153.00,153.00,199.00,153.00,199.00,153.00,153.00,153.00,153.00,209.00,153.00,153.00,153.00,153.00,153.00,153.00,153.00,153.00,153.00,153.00,153.00,153.00,153.00,153.00,153.00,153.00,153.00
2026-08-28 13:05:33,153.00,153.00,153.00,153.00,199.00,153.00,199.00,153.00,153.00,153.00,153.00,209.00,153.00,153.00,153.00,153.00,153.00,153.00,153.00,153.00,153.00,153.00,153.00,153.00,153.00,153.00,153.00,153.00,153.00
2026-08-28 13:15:27,153.00,153.00,153.00,153.00,199.00,153.00,199.00,153.00,153.00,153.00,153.00,209.00,153.00,153.00,153.00,153.00,153.00,153.00,153.00,153.00,153.00,153.00,153.00,153.00,153.00,153.00,153.00,153.00,153.00
2026-08-28 13:25:25,153.00,153.00,153.00,153.00,199.00,153.00,199.00,153.00,153.00,153.00,153.00,209.00,153.00,153.00,153.00,153.00,153.00,153.00,153.00,153.00,153.00,153.00,153.00,153.00,153.00,153.00,153.00,153.00,153.00
2026-08-28 13:35:28,153.00,153.00,153.00,153.00,199.00,153.00,199.00,153.00,153.00,153.00,153.00,209.00,153.00,153.00,153.00,153.00,153.00,153.00,153.00,153.00,153.00,153.00,153.00,153.00,153.00,153.00,153.00,153.00,153.00
2026-08-28 13:45:32,153.00,153.00,153.00,153.00,199.00,153.00,199.00,153.00,153.00,153.00,153.00,209.00,153.00,153.00,153.00,153.00,153.00,153.00,153.00,153.00,153.00,153.00,153.00,153.00,153.00,153.00,153.00,153.00,153.00
2026-08-28 13:55:24,153.00,153.00,153.00,153.00,199.00,153.00,199.00,153.00,153.00,153.00,153.00,209.00,153.00,153.00,153.00,153.00,153.00,153.00,153.00,153.00,153.00,153.00,153.00,153.00,153.00,153.00,153.00,153.00,153.00
2026-08-28 14:05:25,153.00,153.00,153.00,153.00,199.00,153.00,199.00,153.00,153.00,153.00,153.00,209.00,153.00,153.00,153.00,153.00,153.00,153.00,153.00,153.00,153.00,153.00,153.00,153.00,153.00,153.00,153.00,153.00,153.00
2026-08-28 14:15:23,153.00,153.00,153.00,153.00,199.00,153.00,199.00,153.00,153.00,153.00,153.00,209.00,153.00,153.00,153.00,153.00,153.00,153.00,153.00,153.00,153.00,153.00,153.00,153.00,153.00,153.00,153.00,153.00,153.00
2026-08-28 14:25:24,153.00,153.00,153.00,153.00,199.00,153.00,199.00,153.00,153.00,153.00,153.00,209.00,153.00,153.00,153.00,153.00,153.00,153.00,153.00,153.00,153.00,153.00,153.00,153.00,153.00,153.00,153.00,153.00,153.00
2026-08-28 14:35:27,153.00,153.00,153.00,153.00,199.00,153.00,199.00,153.00,153.00,153.00,153.00,209.00,153.00,153.00,153.00,153.00,153.00,153.00,153.00,153.00,153.00,153.00,153.00,153.00,153.00,153.00,153.00,153.00,153.00
2026-08-28 14:45:32,153.00,153.00,153.00,153.00,199.00,153.00,199.00,153.00,153.00,153.00,153.00,209.00,153.00,153.00,153.00,153.00,153.00,153.00,153.00,153.00,153.00,153.00,153.00,153.00,153.00,153.00,153.00,153.00,153.00
2026-08-28 14:55:30,153.00,153.00,153.00,153.00,199.00,153.00,199.00,153.00,153.00,153.00,153.00,209.00,153.00,153.00,153.00,153.00,153.00,153.00,153.00,153.00,153.00,153.00,153.00,153.00,153.00,153.00,153.00,153.00,153.00
2026-08-28 15:05:31,153.00,153.00,153.00,153.00,199.00,153.00,199.00,153.00,153.00,153.00,153.00,209.00,153.00,153.00,153.00,153.00,153.00,153.00,153.00,153.00,153.00,153.00,153.00,153.00,153.00,153.00,153.00,153.00,153.00
2026-08-28 15:15:33,153.00,153.00,153.00,153.00,199.00,153.00,199.00,153.00,153.00,153.00,153.00,209.00,153.00,153.00,153.00,153.00,153.00,153.00,153.00,153.00,153.00,153.00,153.00,153.00,153.00,153.00,153.00,153.00,153.00
2026-08-28 15:25:32,153.00,153.00,153.00,153.00,199.00,153.00,199.00,153.00,153.00,153.00,153.00,209.00,153.00,153.00,153.00,153.00,153.00,153.00,153.00,153.00,153.00,153.00,153.00,153.00,153.00,153.00,153.00,153.00,153.00
2026-08-28 15:35:33,153.00,153.00,153.00,153.00,199.00,153.00,199.00,153.00,153.00,153.00,153.00,209.00,153.00,153.00,153.00,153.00,153.00,153.00,153.00,153.00,153.00,153.00,153.00,153.00,153.00,153.00,153.00,153.00,153.00
2026-08-28 15:45:28,153.00,153.00,153.00,153.00,199.00,153.00,199.00,153.00,153.00,153.00,153.00,209.00,153.00,153.00,153.00,153.00,153.00,153.00,153.00,153.00,153.00,153.00,153.00,153.00,153.00,153.00,153.00,153.00,153.00
2026-08-28 15:55:32,153.00,153.00,153.00,153.00,199.00,153.00,199.00,153.00,153.00,153.00,153.00,209.00,153.00,153.00,153.00,153.00,153.00,153.00,153.00,153.00,153.00,153.00,153.00,153.00,153.00,153.00,153.00,153.00,153.00
2026-08-28 16:05:28,153.00,153.00,153.00,153.00,199.00,153.00,199.00,153.00,153.00,153.00,153.00,209.00,153.00,153.00,153.00,153.00,153.00,153.00,153.00,153.00,153.00,153.00,153.00,153.00,153.00,153.00,153.00,153.00,153.00
2026-08-28 16:15:28,153.00,153.00,153.00,153.00,199.00,153.00,199.00,153.00,153.00,153.00,153.00,209.00,153.00,153.00,153.00,153.00,153.00,153.00,153.00,153.00,153.00,153.00,153.00,153.00,153.00,153.00,153.00,153.00,153.00
2026-08-28 16:25:33,153.00,153.00,153.00,153.00,199.00,153.00,199.00,153.00,153.00,153.00,153.00,209.00,153.00,153.00,153.00,153.00,153.00,153.00,153.00,153.00,153.00,153.00,153.00,153.00,153.00,153.00,153.00,153.00,153.00
2026-08-28 16:35:22,153.00,153.00,153.00,153.00,199.00,153.00,199.00,153.00,153.00,153.00,153.00,209.00,153.00,153.00,153.00,153.00,153.00,153.00,153.00,153.00,153.00,153.00,153.00,153.00,153.00,153.00,153.00,153.00,153.00
2026-08-28 16:45:37,153.00,153.00,153.00,153.00,199.00,153.00,199.00,153.00,153.00,153.00,153.00,209.00,153.00,153.00,153.00,153.00,153.00,153.00,153.00,153.00,153.00,153.00,153.00,153.00,153.00,153.00,153.00,153.00,153.00
2026-08-28 16:55:30,153.00,153.00,153.00,153.00,199.00,153.00,199.00,153.00,153.00,153.00,153.00,209.00,153.00,153.00,153.00,153.00,153.00,153.00,153.00,153.00,153.00,153.00,153.00,153.00,153.00,153.00,153.00,153.00,153.00
2026-08-28 17:05:29,153.00,153.00,153.00,153.00,199.00,153.00,199.00,153.00,153.00,153.00,153.00,209.00,153.00,153.00,153.00,153.00,153.00,153.00,153.00,153.00,153.00,153.00,153.00,153.00,153.00,153.00,153.00,153.00,153.00
2026-08-28 17:15:27,153.00,153.00,153.00,153.00,199.00,153.00,199.00,153.00,153.00,153.00,153.00,209.00,153.00,153.00,153.00,153.00,153.00,153.00,153.00,153.00,153.00,153.00,153.00,153.00,153.00,153.00,153.00,153.00,153.00
2026-08-28 17:25:24,153.00,153.00,153.00,153.00,199.00,153.00,199.00,153.00,153.00,153.00,153.00,209.00,153.00,153.00,153.00,153.00,153.00,153.00,153.00,153.00,153.00,153.00,153.00,153.00,153.00,153.00,153.00,153.00,153.00
2026-08-28 17:35:28,153.00,153.00,153.00,153.00,199.00,153.00,199.00,153.00,153.00,153.00,153.00,209.00,153.00,153.00,153.00,153.00,153.00,153.00,153.00,153.00,153.00,153.00,153.00,153.00,153.00,153.00,153.00,153.00,153.00
2026-08-28 17:45:29,153.00,153.00,153.00,153.00,199.00,153.00,199.00,153.00,153.00,153.00,153.00,209.00,153.00,153.00,153.00,153.00,153.00,153.00,153.00,153.00,153.00,153.00,153.00,153.00,153.00,153.00,153.00,153.00,153.00
2026-08-28 17:55:21,153.00,153.00,153.00,153.00,199.00,153.00,199.00,153.00,153.00,153.00,153.00,209.00,153.00,153.00,153.00,153.00,153.00,153.00,153.00,153.00,153.00,153.00,153.00,153.00,153.00,153.00,153.00,153.00,153.00
2026-08-28 18:05:29,153.00,153.00,153.00,153.00,199.00,153.00,199.00,153.00,153.00,153.00,153.00,209.00,153.00,153.00,153.00,153.00,153.00,153.00,153.00,153.00,153.00,153.00,153.00,153.00,153.00,153.00,153.00,153.00,153.00
2026-08-28 18:15:36,153.00,153.00,153.00,153.00,199.00,153.00,199.00,153.00,153.00,153.00,153.00,209.00,153.00,153.00,153.00,153.00,153.00,153.00,153.00,153.00,153.00,153.00,153.00,153.00,153.00,153.00,153.00,153.00,153.00
2026-08-28 18:25:29,153.00,153.00,153.00,153.00,199.00,153.00,199.00,153.00,153.00,153.00,153.00,209.00,153.00,153.00,153.00,153.00,153.00,153.00,153.00,153.00,153.00,153.00,153.00,153.00,153.00,153.00,153.00,153.00,153.00
2026-08-28 18:35:34,153.00,153.00,153.00,153.00,199.00,153.00,199.00,153.00,153.00,153.00,153.00,209.00,153.00,153.00,153.00,153.00,153.00,153.00,153.00,153.00,153.00,153.00,153.00,153.00,153.00,153.00,153.00,153.00,153.00
2026-08-28 18:45:29,153.00,153.00,153.00,153.00,199.00,153.00,199.00,153.00,153.00,153.00,153.00,209.00,153.00,153.00,153.00,153.00,153.00,153.00,153.00,153.00,153.00,153.00,153.00,153.00,153.00,153.00,153.00,153.00,153.00
2026-08-28 18:55:29,153.00,153.00,153.00,153.00,199.00,153.00,199.00,153.00,153.00,153.00,153.00,209.00,153.00,153.00,153.00,153.00,153.00,153.00,153.00,153.00,153.00,153.00,153.00,153.00,153.00,153.00,153.00,153.00,153.00
2026-08-28 19:05:30,153.00,153.00,153.00,153.00,199.00,153.00,199.00,153.00,153.00,153.00,153.00,209.00,153.00,153.00,153.00,153.00,153.00,153.00,153.00,153.00,153.00,153.00,153.00,153.00,153.00,153.00,153.00,153.00,153.00
2026-08-28 19:15:27,153.00,153.00,153.00,153.00,199.00,153.00,199.00,153.00,153.00,153.00,153.00,209.00,153.00,153.00,153.00,153.00,153.00,153.00,153.00,153.00,153.00,153.00,153.00,153.00,153.00,153.00,153.00,153.00,153.00
2026-08-28 19:25:25,153.00,153.00,153.00,153.00,199.00,153.00,199.00,153.00,153.00,153.00,153.00,209.00,153.00,153.00,153.00,153.00,153.00,153.00,153.00,153.00,153.00,153.00,153.00,153.00,153.00,153.00,153.00,153.00,153.00
2026-08-28 19:35:24,153.00,153.00,153.00,153.00,199.00,153.00,199.00,153.00,153.00,153.00,153.00,209.00,153.00,153.00,153.00,153.00,153.00,153.00,153.00,153.00,153.00,153.00,153.00,153.00,153.00,153.00,153.00,153.00,153.00
2026-08-28 19:45:26,153.00,153.00,153.00,153.00,199.00,153.00,199.00,153.00,153.00,153.00,153.00,209.00,153.00,153.00,153.00,153.00,153.00,153.00,153.00,153.00,153.00,153.00,153.00,153.00,153.00,153.00,153.00,153.00,153.00
2026-08-28 19:55:30,153.00,153.00,153.00,153.00,199.00,153.00,199.00,153.00,153.00,153.00,153.00,209.00,153.00,153.00,153.00,153.00,153.00,153.00,153.00,153.00,153.00,153.00,153.00,153.00,153.00,153.00,153.00,153.00,153.00
2026-08-28 20:05:35,153.00,153.00,153.00,153.00,199.00,153.00,199.00,153.00,153.00,153.00,153.00,209.00,153.00,153.00,153.00,153.00,153.00,153.00,153.00,153.00,153.00,153.00,153.00,153.00,153.00,153.00,153.00,153.00,153.00
2026-08-28 20:15:29,153.00,153.00,153.00,153.00,199.00,153.00,199.00,153.00,153.00,153.00,153.00,209.00,153.00,153.00,153.00,153.00,153.00,153.00,153.00,153.00,153.00,153.00,153.00,153.00,153.00,153.00,153.00,153.00,153.00
2026-08-28 20:25:38,153.00,153.00,153.00,153.00,199.00,153.00,199.00,153.00,153.00,153.00,153.00,269.00,153.00,153.00,153.00,153.00,153.00,153.00,153.00,153.00,153.00,153.00,153.00,153.00,153.00,153.00,153.00,153.00,153.00
2026-08-28 20:35:36,153.00,153.00,153.00,153.00,199.00,153.00,199.00,153.00,153.00,153.00,153.00,269.00,153.00,153.00,153.00,153.00,153.00,153.00,153.00,153.00,153.00,153.00,153.00,153.00,153.00,153.00,153.00,153.00,153.00
2026-08-28 20:45:35,153.00,153.00,153.00,153.00,199.00,153.00,199.00,153.00,153.00,153.00,153.00,269.00,153.00,153.00,153.00,153.00,153.00,153.00,153.00,153.00,153.00,153.00,153.00,153.00,153.00,153.00,153.00,153.00,153.00
2026-08-28 20:55:38,153.00,153.00,153.00,153.00,199.00,153.00,199.00,153.00,153.00,153.00,153.00,269.00,153.00,153.00,153.00,153.00,153.00,153.00,153.00,153.00,153.00,153.00,153.00,153.00,153.00,153.00,153.00,153.00,153.00
2026-08-28 21:05:34,153.00,153.00,153.00,153.00,199.00,153.00,199.00,153.00,153.00,153.00,153.00,269.00,153.00,153.00,153.00,153.00,153.00,153.00,153.00,153.00,153.00,153.00,153.00,153.00,153.00,153.00,153.00,153.00,153.00
2026-08-28 21:15:27,153.00,153.00,153.00,153.00,199.00,153.00,199.00,153.00,153.00,153.00,153.00,269.00,153.00,153.00,153.00,153.00,153.00,153.00,153.00,153.00,153.00,153.00,153.00,153.00,153.00,153.00,153.00,153.00,153.00
2026-08-28 21:25:25,153.00,153.00,153.00,153.00,199.00,153.00,199.00,153.00,153.00,153.00,153.00,269.00,153.00,153.00,153.00,153.00,153.00,153.00,153.00,153.00,153.00,153.00,153.00,153.00,153.00,153.00,153.00,153.00,153.00
2026-08-28 21:35:28,153.00,153.00,153.00,153.00,199.00,153.00,199.00,153.00,153.00,153.00,153.00,269.00,153.00,153.00,153.00,153.00,153.00,153.00,153.00,153.00,153.00,153.00,153.00,153.00,153.00,153.00,153.00,153.00,153.00
2026-08-28 21:45:32,153.00,153.00,153.00,153.00,199.00,153.00,199.00,153.00,153.00,153.00,153.00,269.00,153.00,153.00,153.00,153.00,153.00,153.00,153.00,153.00,153.00,153.00,153.00,153.00,153.00,153.00,153.00,153.00,153.00
2026-08-28 21:55:26,153.00,153.00,153.00,153.00,199.00,153.00,199.00,153.00,153.00,153.00,153.00,269.00,153.00,153.00,153.00,153.00,153.00,153.00,153.00,153.00,153.00,153.00,153.00,153.00,153.00,153.00,153.00,153.00,153.00
2026-08-28 22:05:30,153.00,153.00,153.00,153.00,199.00,153.00,199.00,153.00,153.00,153.00,153.00,269.00,153.00,153.00,153.00,153.00,153.00,153.00,153.00,153.00,153.00,153.00,153.00,153.00,153.00,153.00,153.00,153.00,153.00
2026-08-28 22:15:33,153.00,153.00,153.00,153.00,199.00,153.00,199.00,153.00,153.00,153.00,153.00,269.00,153.00,153.00,153.00,153.00,153.00,153.00,153.00,153.00,153.00,153.00,153.00,153.00,153.00,153.00,153.00,153.00,153.00
2026-08-28 22:25:26,153.00,153.00,153.00,153.00,199.00,153.00,199.00,153.00,153.00,153.00,153.00,269.00,153.00,153.00,153.00,153.00,153.00,153.00,153.00,153.00,153.00,153.00,153.00,153.00,153.00,153.00,153.00,153.00,153.00
2026-08-28 22:35:20,153.00,153.00,153.00,153.00,199.00,153.00,199.00,153.00,153.00,153.00,153.00,269.00,153.00,153.00,153.00,153.00,153.00,153.00,153.00,153.00,153.00,153.00,153.00,153.00,153.00,153.00,153.00,153.00,153.00
2026-08-28 22:45:23,153.00,153.00,153.00,153.00,199.00,153.00,199.00,153.00,153.00,153.00,153.00,269.00,153.00,153.00,153.00,153.00,153.00,153.00,153.00,153.00,153.00,153.00,153.00,153.00,153.00,153.00,153.00,153.00,153.00
2026-08-28 22:55:31,153.00,153.00,153.00,153.00,199.00,153.00,199.00,153.00,153.00,153.00,153.00,269.00,153.00,153.00,153.00,153.00,153.00,153.00,153.00,153.00,153.00,153.00,153.00,153.00,153.00,153.00,153.00,153.00,153.00
2026-08-28 23:05:27,153.00,153.00,153.00,153.00,199.00,153.00,199.00,153.00,153.00,153.00,153.00,269.00,153.00,153.00,153.00,153.00,153.00,153.00,153.00,153.00,153.00,153.00,153.00,153.00,153.00,153.00,153.00,153.00,153.00
2026-08-28 23:15:31,153.00,153.00,153.00,153.00,199.00,153.00,199.00,153.00,153.00,153.00,153.00,269.00,153.00,153.00,153.00,153.00,153.00,153.00,153.00,153.00,153.00,153.00,153.00,153.00,153.00,153.00,153.00,153.00,153.00
2026-08-28 23:26:38,153.00,153.00,153.00,153.00,199.00,153.00,199.00,153.00,153.00,153.00,153.00,269.00,153.00,153.00,153.00,153.00,153.00,153.00,153.00,153.00,153.00,153.00,153.00,153.00,153.00,153.00,153.00,153.00,153.00
2026-08-28 23:35:30,153.00,153.00,153.00,153.00,199.00,153.00,199.00,153.00,153.00,153.00,153.00,269.00,153.00,153.00,153.00,153.00,153.00,153.00,153.00,153.00,153.00,153.00,153.00,153.00,153.00,153.00,153.00,153.00,153.00
2026-08-28 23:45:32,153.00,153.00,153.00,153.00,199.00,153.00,199.00,153.00,153.00,153.00,153.00,269.00,153.00,153.00,153.00,153.00,153.00,153.00,153.00,153.00,153.00,153.00,153.00,153.00,153.00,153.00,153.00,153.00,153.00
2026-08-28 23:55:27,153.00,153.00,153.00,153.00,199.00,153.00,199.00,153.00,153.00,153.00,153.00,269.00,153.00,153.00,153.00,153.00,153.00,153.00,153.00,153.00,153.00,153.00,153.00,153.00,153.00,153.00,153.00,153.00,153.00
2026-08-29 00:05:39,153.00,153.00,153.00,153.00,199.00,153.00,199.00,153.00,153.00,153.00,153.00,269.00,153.00,153.00,153.00,153.00,153.00,153.00,153.00,153.00,153.00,153.00,153.00,153.00,153.00,153.00,153.00,153.00,153.00
2026-08-29 00:15:25,153.00,153.00,153.00,153.00,199.00,153.00,199.00,153.00,153.00,153.00,153.00,269.00,153.00,153.00,153.00,153.00,153.00,153.00,153.00,153.00,153.00,153.00,153.00,153.00,153.00,153.00,153.00,153.00,153.00
2026-08-29 00:25:29,153.00,153.00,153.00,153.00,199.00,153.00,199.00,153.00,153.00,153.00,153.00,269.00,153.00,153.00,153.00,153.00,153.00,153.00,153.00,153.00,153.00,153.00,153.00,153.00,153.00,153.00,153.00,153.00,153.00
2026-08-29 00:35:30,153.00,153.00,153.00,153.00,199.00,153.00,199.00,153.00,153.00,153.00,153.00,269.00,153.00,153.00,153.00,153.00,153.00,153.00,153.00,153.00,153.00,153.00,153.00,153.00,153.00,153.00,153.00,153.00,153.00
2026-08-29 00:45:33,153.00,153.00,153.00,153.00,199.00,153.00,199.00,153.00,153.00,153.00,153.00,269.00,153.00,153.00,153.00,153.00,153.00,153.00,153.00,153.00,153.00,153.00,153.00,153.00,153.00,153.00,153.00,153.00,153.00
2026-08-29 00:55:26,153.00,153.00,153.00,153.00,199.00,153.00,199.00,153.00,153.00,153.00,153.00,269.00,153.00,153.00,153.00,153.00,153.00,153.00,153.00,153.00,153.00,153.00,153.00,153.00,153.00,153.00,153.00,153.00,153.00
2026-08-29 01:05:30,153.00,153.00,153.00,153.00,199.00,153.00,199.00,153.00,153.00,153.00,153.00,269.00,153.00,153.00,153.00,153.00,153.00,153.00,153.00,153.00,153.00,153.00,153.00,153.00,153.00,153.00,153.00,153.00,153.00
2026-08-29 01:15:28,153.00,153.00,153.00,153.00,199.00,153.00,199.00,153.00,153.00,153.00,153.00,269.00,153.00,153.00,153.00,153.00,153.00,153.00,153.00,153.00,153.00,153.00,153.00,153.00,153.00,153.00,153.00,153.00,153.00
2026-08-29 01:25:30,153.00,153.00,153.00,153.00,199.00,153.00,199.00,153.00,153.00,153.00,153.00,269.00,153.00,153.00,153.00,153.00,153.00,153.00,153.00,153.00,153.00,153.00,153.00,153.00,153.00,153.00,153.00,153.00,153.00
2026-08-29 01:35:28,153.00,153.00,153.00,153.00,199.00,153.00,199.00,153.00,153.00,153.00,153.00,269.00,153.00,153.00,153.00,153.00,153.00,153.00,153.00,153.00,153.00,153.00,153.00,153.00,153.00,153.00,153.00,153.00,153.00
2026-08-29 01:45:27,153.00,153.00,153.00,153.00,199.00,153.00,199.00,153.00,153.00,153.00,153.00,269.00,153.00,153.00,153.00,153.00,153.00,153.00,153.00,153.00,153.00,153.00,153.00,153.00,153.00,153.00,153.00,153.00,153.00
2026-08-29 01:55:26,153.00,153.00,153.00,153.00,199.00,153.00,199.00,153.00,153.00,153.00,153.00,269.00,153.00,153.00,153.00,153.00,153.00,153.00,153.00,153.00,153.00,153.00,153.00,153.00,153.00,153.00,153.00,153.00,153.00
2026-08-29 02:05:24,153.00,153.00,153.00,153.00,199.00,153.00,199.00,153.00,153.00,153.00,153.00,269.00,153.00,153.00,153.00,153.00,153.00,153.00,153.00,153.00,153.00,153.00,153.00,153.00,153.00,153.00,153.00,153.00,153.00
2026-08-29 02:15:31,153.00,153.00,153.00,153.00,199.00,153.00,199.00,153.00,153.00,153.00,153.00,269.00,153.00,153.00,153.00,153.00,153.00,153.00,153.00,153.00,153.00,153.00,153.00,153.00,153.00,153.00,153.00,153.00,153.00
2026-08-29 02:25:33,153.00,153.00,153.00,153.00,199.00,153.00,199.00,153.00,153.00,153.00,153.00,269.00,153.00,153.00,153.00,153.00,153.00,153.00,153.00,153.00,153.00,153.00,153.00,153.00,153.00,153.00,153.00,153.00,153.00
2026-08-29 02:35:19,153.00,153.00,153.00,153.00,199.00,153.00,199.00,153.00,153.00,153.00,153.00,269.00,153.00,153.00,153.00,153.00,153.00,153.00,153.00,153.00,153.00,153.00,153.00,153.00,153.00,153.00,153.00,153.00,153.00
2026-08-29 02:45:30,153.00,153.00,153.00,153.00,199.00,153.00,199.00,153.00,153.00,153.00,153.00,269.00,153.00,153.00,153.00,153.00,153.00,153.00,153.00,153.00,153.00,153.00,153.00,153.00,153.00,153.00,153.00,153.00,153.00
2026-08-29 02:55:29,153.00,153.00,153.00,153.00,199.00,153.00,199.00,153.00,153.00,153.00,153.00,269.00,153.00,153.00,153.00,153.00,153.00,153.00,153.00,153.00,153.00,153.00,153.00,153.00,153.00,153.00,153.00,153.00,153.00
2026-08-29 03:05:24,153.00,153.00,153.00,153.00,199.00,153.00,199.00,153.00,153.00,153.00,153.00,269.00,153.00,153.00,153.00,153.00,153.00,153.00,153.00,153.00,153.00,153.00,153.00,153.00,153.00,153.00,153.00,153.00,153.00
2026-08-29 03:15:30,153.00,153.00,153.00,153.00,199.00,153.00,199.00,153.00,153.00,153.00,153.00,269.00,153.00,153.00,153.00,153.00,153.00,153.00,153.00,153.00,153.00,153.00,153.00,153.00,153.00,153.00,153.00,153.00,153.00
2026-08-29 03:25:30,153.00,153.00,153.00,153.00,199.00,153.00,199.00,153.00,153.00,153.00,153.00,269.00,153.00,153.00,153.00,153.00,153.00,153.00,153.00,153.00,153.00,153.00,153.00,153.00,153.00,153.00,153.00,153.00,153.00
2026-08-29 03:35:26,153.00,153.00,153.00,153.00,199.00,153.00,199.00,153.00,153.00,153.00,153.00,269.00,153.00,153.00,153.00,153.00,153.00,153.00,153.00,153.00,153.00,153.00,153.00,153.00,153.00,153.00,153.00,153.00,153.00
2026-08-29 03:45:30,153.00,153.00,153.00,153.00,199.00,153.00,199.00,153.00,153.00,153.00,153.00,269.00,153.00,153.00,153.00,153.00,153.00,153.00,153.00,153.00,153.00,153.00,153.00,153.00,153.00,153.00,153.00,153.00,153.00
2026-08-29 03:55:30,153.00,153.00,153.00,153.00,199.00,153.00,199.00,153.00,153.00,153.00,153.00,269.00,153.00,153.00,153.00,153.00,153.00,153.00,153.00,153.00,153.00,153.00,153.00,153.00,153.00,153.00,153.00,153.00,153.00
2026-08-29 04:05:32,153.00,153.00,153.00,153.00,199.00,153.00,199.00,153.00,153.00,153.00,153.00,269.00,153.00,153.00,153.00,153.00,153.00,153.00,153.00,153.00,153.00,153.00,153.00,153.00,153.00,153.00,153.00,153.00,153.00
2026-08-29 04:15:25,153.00,153.00,153.00,153.00,199.00,153.00,199.00,153.00,153.00,153.00,153.00,269.00,153.00,153.00,153.00,153.00,153.00,153.00,153.00,153.00,153.00,153.00,153.00,153.00,153.00,153.00,153.00,153.00,153.00
2026-08-29 04:25:29,153.00,153.00,153.00,153.00,199.00,153.00,199.00,153.00,153.00,153.00,153.00,269.00,153.00,153.00,153.00,153.00,153.00,153.00,153.00,153.00,153.00,153.00,153.00,153.00,153.00,153.00,153.00,153.00,153.00
2026-08-29 04:35:40,153.00,153.00,153.00,153.00,199.00,153.00,199.00,153.00,153.00,153.00,153.00,269.00,153.00,153.00,153.00,153.00,153.00,153.00,153.00,153.00,153.00,153.00,153.00,153.00,153.00,153.00,153.00,153.00,153.00
2026-08-29 04:45:29,153.00,153.00,153.00,153.00,199.00,153.00,199.00,153.00,153.00,153.00,153.00,269.00,153.00,153.00,153.00,153.00,153.00,153.00,153.00,153.00,153.00,153.00,153.00,153.00,153.00,153.00,153.00,153.00,153.00
2026-08-29 04:55:27,153.00,153.00,153.00,153.00,199.00,153.00,199.00,153.00,153.00,153.00,153.00,269.00,153.00,153.00,153.00,153.00,153.00,153.00,153.00,153.00,153.00,153.00,153.00,153.00,153.00,153.00,153.00,153.00,153.00
2026-08-29 05:05:28,153.00,153.00,153.00,153.00,199.00,153.00,199.00,153.00,153.00,153.00,153.00,269.00,153.00,153.00,153.00,153.00,153.00,153.00,153.00,153.00,153.00,153.00,153.00,153.00,153.00,153.00,153.00,153.00,153.00
2026-08-29 05:15:36,153.00,153.00,153.00,153.00,199.00,153.00,199.00,153.00,153.00,153.00,153.00,269.00,153.00,153.00,153.00,153.00,153.00,153.00,153.00,153.00,153.00,153.00,153.00,153.00,153.00,153.00,153.00,153.00,153.00
2026-08-29 05:25:22,153.00,153.00,153.00,153.00,199.00,153.00,199.00,153.00,153.00,153.00,153.00,269.00,153.00,153.00,153.00,153.00,153.00,153.00,153.00,153.00,153.00,153.00,153.00,153.00,153.00,153.00,153.00,153.00,153.00
2026-08-29 05:35:30,153.00,153.00,153.00,153.00,199.00,153.00,199.00,153.00,153.00,153.00,153.00,269.00,153.00,153.00,153.00,153.00,153.00,153.00,153.00,153.00,153.00,153.00,153.00,153.00,153.00,153.00,153.00,153.00,153.00
2026-08-29 05:45:33,153.00,153.00,153.00,153.00,199.00,153.00,199.00,153.00,153.00,153.00,153.00,269.00,153.00,153.00,153.00,153.00,153.00,153.00,153.00,153.00,153.00,153.00,153.00,153.00,153.00,153.00,153.00,153.00,153.00
2026-08-29 05:55:29,153.00,153.00,153.00,153.00,199.00,153.00,199.00,153.00,153.00,153.00,153.00,269.00,153.00,153.00,153.00,153.00,153.00,153.00,153.00,153.00,153.00,153.00,153.00,153.00,153.00,153.00,153.00,153.00,153.00
2026-08-29 06:05:28,153.00,153.00,153.00,153.00,199.00,153.00,199.00,153.00,153.00,153.00,153.00,153.00,153.00,153.00,153.00,153.00,153.00,153.00,153.00,153.00,153.00,153.00,153.00,153.00,153.00,153.00,153.00,153.00,153.00
2026-08-29 06:15:27,153.00,153.00,153.00,153.00,199.00,153.00,199.00,153.00,153.00,153.00,153.00,153.00,153.00,153.00,153.00,153.00,153.00,153.00,153.00,153.00,153.00,153.00,153.00,153.00,153.00,153.00,153.00,153.00,153.00
2026-08-29 06:25:23,153.00,153.00,153.00,153.00,199.00,153.00,199.00,153.00,153.00,153.00,153.00,153.00,153.00,153.00,153.00,153.00,153.00,153.00,153.00,153.00,153.00,153.00,153.00,153.00,153.00,153.00,153.00,153.00,153.00
2026-08-29 06:35:26,153.00,153.00,153.00,153.00,199.00,153.00,199.00,153.00,153.00,153.00,153.00,153.00,153.00,153.00,153.00,153.00,153.00,153.00,153.00,153.00,153.00,153.00,153.00,153.00,153.00,153.00,153.00,153.00,153.00
2026-08-29 06:45:28,153.00,153.00,153.00,153.00,199.00,153.00,199.00,153.00,153.00,153.00,153.00,153.00,153.00,153.00,153.00,153.00,153.00,153.00,153.00,153.00,153.00,153.00,153.00,153.00,153.00,153.00,153.00,153.00,153.00
2026-08-29 06:55:28,153.00,153.00,153.00,153.00,199.00,153.00,199.00,153.00,153.00,153.00,153.00,153.00,153.00,153.00,153.00,153.00,153.00,153.00,153.00,153.00,153.00,153.00,153.00,153.00,153.00,153.00,153.00,153.00,153.00
2026-08-29 07:05:30,153.00,153.00,153.00,153.00,199.00,153.00,199.00,153.00,153.00,153.00,153.00,153.00,153.00,153.00,153.00,153.00,153.00,153.00,153.00,153.00,153.00,153.00,153.00,153.00,153.00,153.00,153.00,153.00,153.00
2026-08-29 07:15:36,153.00,153.00,153.00,153.00,199.00,153.00,199.00,153.00,153.00,153.00,153.00,153.00,153.00,153.00,153.00,153.00,153.00,153.00,153.00,153.00,153.00,153.00,153.00,153.00,153.00,153.00,153.00,153.00,153.00
2026-08-29 07:25:34,153.00,153.00,153.00,153.00,199.00,153.00,199.00,153.00,153.00,153.00,153.00,153.00,153.00,153.00,153.00,153.00,153.00,153.00,153.00,153.00,153.00,153.00,153.00,153.00,153.00,153.00,153.00,153.00,153.00
2026-08-29 07:35:25,153.00,153.00,153.00,153.00,199.00,153.00,199.00,153.00,153.00,153.00,153.00,153.00,153.00,153.00,153.00,153.00,153.00,153.00,153.00,153.00,153.00,153.00,153.00,153.00,153.00,153.00,153.00,153.00,153.00
2026-08-29 07:45:20,153.00,153.00,153.00,153.00,199.00,153.00,199.00,153.00,153.00,153.00,153.00,153.00,153.00,153.00,153.00,153.00,153.00,153.00,153.00,153.00,153.00,153.00,153.00,153.00,153.00,153.00,153.00,153.00,153.00
2026-08-29 07:55:28,153.00,153.00,153.00,153.00,199.00,153.00,199.00,153.00,153.00,153.00,153.00,153.00,153.00,153.00,153.00,153.00,153.00,153.00,153.00,153.00,153.00,153.00,153.00,153.00,153.00,153.00,153.00,153.00,153.00
2026-08-29 08:05:29,153.00,153.00,153.00,153.00,199.00,153.00,199.00,153.00,153.00,153.00,153.00,153.00,153.00,153.00,153.00,153.00,153.00,153.00,153.00,153.00,153.00,153.00,153.00,153.00,153.00,153.00,153.00,153.00,153.00
2026-08-29 08:15:21,153.00,153.00,153.00,153.00,199.00,153.00,199.00,153.00,153.00,153.00,153.00,153.00,153.00,153.00,153.00,153.00,153.00,153.00,153.00,153.00,153.00,153.00,153.00,153.00,153.00,153.00,153.00,153.00,153.00
2026-08-29 08:25:36,153.00,153.00,153.00,153.00,199.00,153.00,199.00,153.00,153.00,153.00,153.00,153.00,153.00,153.00,153.00,153.00,153.00,153.00,153.00,153.00,153.00,153.00,153.00,153.00,153.00,153.00,153.00,153.00,153.00
2026-08-29 08:35:29,153.00,153.00,153.00,153.00,199.00,153.00,199.00,153.00,153.00,153.00,153.00,153.00,153.00,153.00,153.00,153.00,153.00,153.00,153.00,153.00,153.00,153.00,153.00,153.00,153.00,153.00,153.00,153.00,153.00
2026-08-29 08:45:30,153.00,153.00,153.00,153.00,199.00,153.00,199.00,153.00,153.00,153.00,153.00,153.00,153.00,153.00,153.00,153.00,153.00,153.00,153.00,153.00,153.00,153.00,153.00,153.00,153.00,153.00,153.00,153.00,153.00
2026-08-29 08:55:27,153.00,153.00,153.00,153.00,199.00,153.00,199.00,153.00,153.00,153.00,153.00,153.00,153.00,153.00,153.00,153.00,153.00,153.00,153.00,153.00,153.00,153.00,153.00,153.00,153.00,153.00,153.00,153.00,153.00
2026-08-29 09:05:29,153.00,153.00,153.00,153.00,199.00,153.00,199.00,153.00,153.00,153.00,153.00,153.00,153.00,153.00,153.00,153.00,153.00,153.00,153.00,153.00,153.00,153.00,153.00,153.00,153.00,153.00,153.00,153.00,153.00
2026-08-29 09:15:24,153.00,153.00,153.00,153.00,199.00,153.00,199.00,153.00,153.00,153.00,153.00,153.00,153.00,153.00,153.00,153.00,153.00,153.00,153.00,153.00,153.00,153.00,153.00,153.00,153.00,153.00,153.00,153.00,153.00
2026-08-29 09:25:31,153.00,153.00,153.00,153.00,199.00,153.00,199.00,153.00,153.00,153.00,153.00,153.00,153.00,153.00,153.00,153.00,153.00,153.00,153.00,153.00,153.00,153.00,153.00,153.00,153.00,153.00,153.00,153.00,153.00
2026-08-29 09:35:27,153.00,153.00,153.00,153.00,199.00,153.00,199.00,153.00,153.00,153.00,153.00,153.00,153.00,153.00,153.00,153.00,153.00,153.00,153.00,153.00,153.00,153.00,153.00,153.00,153.00,153.00,153.00,153.00,153.00
2026-08-29 09:45:28,153.00,153.00,153.00,153.00,199.00,153.00,199.00,153.00,153.00,153.00,153.00,153.00,153.00,153.00,153.00,153.00,153.00,153.00,153.00,153.00,153.00,153.00,153.00,153.00,153.00,153.00,153.00,153.00,153.00
2026-08-29 09:55:33,153.00,153.00,153.00,153.00,199.00,153.00,199.00,153.00,153.00,153.00,153.00,153.00,153.00,153.00,153.00,153.00,153.00,153.00,153.00,153.00,153.00,153.00,153.00,153.00,153.00,153.00,153.00,153.00,153.00
2026-08-29 10:05:28,153.00,153.00,153.00,153.00,199.00,153.00,199.00,153.00,153.00,153.00,153.00,153.00,153.00,153.00,153.00,153.00,153.00,153.00,153.00,153.00,153.00,153.00,153.00,153.00,153.00,153.00,153.00,153.00,153.00
2026-08-29 10:15:24,153.00,153.00,153.00,153.00,199.00,153.00,199.00,153.00,153.00,153.00,153.00,153.00,153.00,153.00,153.00,153.00,153.00,153.00,153.00,153.00,153.00,153.00,153.00,153.00,153.00,153.00,153.00,153.00,153.00
2026-08-29 10:25:25,153.00,153.00,153.00,153.00,199.00,153.00,199.00,153.00,153.00,153.00,153.00,153.00,153.00,153.00,153.00,153.00,153.00,153.00,153.00,153.00,153.00,153.00,153.00,153.00,153.00,153.00,153.00,153.00,153.00
2026-08-29 10:35:33,153.00,153.00,153.00,153.00,199.00,153.00,199.00,153.00,153.00,153.00,153.00,153.00,153.00,153.00,153.00,153.00,153.00,153.00,153.00,153.00,153.00,153.00,153.00,153.00,153.00,153.00,153.00,153.00,153.00
2026-08-29 10:45:28,153.00,153.00,153.00,153.00,199.00,153.00,199.00,153.00,153.00,153.00,153.00,153.00,153.00,153.00,153.00,153.00,153.00,153.00,153.00,153.00,153.00,153.00,153.00,153.00,153.00,153.00,153.00,153.00,153.00
2026-08-29 10:55:32,153.00,153.00,153.00,153.00,199.00,153.00,199.00,153.00,153.00,153.00,153.00,153.00,153.00,153.00,153.00,153.00,153.00,153.00,153.00,153.00,153.00,153.00,153.00,153.00,153.00,153.00,153.00,153.00,153.00
2026-08-29 11:05:28,153.00,153.00,153.00,153.00,199.00,153.00,199.00,153.00,153.00,153.00,153.00,153.00,153.00,153.00,153.00,153.00,153.00,153.00,153.00,153.00,153.00,153.00,153.00,153.00,153.00,153.00,153.00,153.00,153.00
2026-08-29 11:15:32,153.00,153.00,153.00,153.00,199.00,153.00,199.00,153.00,153.00,153.00,153.00,153.00,153.00,153.00,153.00,153.00,153.00,153.00,153.00,153.00,153.00,153.00,153.00,153.00,153.00,153.00,153.00,153.00,153.00
2026-08-29 11:25:27,153.00,153.00,153.00,153.00,199.00,153.00,199.00,153.00,153.00,153.00,153.00,153.00,153.00,153.00,153.00,153.00,153.00,153.00,153.00,153.00,153.00,153.00,153.00,153.00,153.00,153.00,153.00,153.00,153.00
2026-08-29 11:35:34,153.00,153.00,153.00,153.00,199.00,153.00,199.00,153.00,153.00,153.00,153.00,153.00,153.00,153.00,153.00,153.00,153.00,153.00,153.00,153.00,153.00,153.00,153.00,153.00,153.00,153.00,153.00,153.00,153.00
2026-08-29 11:45:37,153.00,153.00,153.00,153.00,199.00,153.00,199.00,153.00,153.00,153.00,153.00,153.00,153.00,153.00,153.00,153.00,153.00,153.00,153.00,153.00,153.00,153.00,153.00,153.00,153.00,153.00,153.00,153.00,153.00
2026-08-29 11:55:32,153.00,153.00,153.00,153.00,199.00,153.00,199.00,153.00,153.00,153.00,153.00,153.00,153.00,153.00,153.00,153.00,153.00,153.00,153.00,153.00,153.00,153.00,153.00,153.00,153.00,153.00,153.00,153.00,153.00
2026-08-29 12:05:25,153.00,153.00,153.00,153.00,199.00,153.00,199.00,153.00,153.00,153.00,153.00,153.00,153.00,153.00,153.00,153.00,153.00,153.00,153.00,153.00,153.00,153.00,153.00,153.00,153.00,153.00,153.00,153.00,153.00
2026-08-29 12:15:31,153.00,153.00,153.00,153.00,199.00,153.00,199.00,153.00,153.00,153.00,153.00,153.00,153.00,153.00,153.00,153.00,153.00,153.00,153.00,153.00,153.00,153.00,153.00,153.00,153.00,153.00,153.00,153.00,153.00
2026-08-29 12:25:26,153.00,153.00,153.00,153.00,199.00,153.00,199.00,153.00,153.00,153.00,153.00,153.00,153.00,153.00,153.00,153.00,153.00,153.00,153.00,153.00,153.00,153.00,153.00,153.00,153.00,153.00,153.00,153.00,153.00
2026-08-29 12:35:32,153.00,153.00,153.00,153.00,199.00,153.00,199.00,153.00,153.00,153.00,153.00,153.00,153.00,153.00,153.00,153.00,153.00,153.00,153.00,153.00,153.00,153.00,153.00,153.00,153.00,153.00,153.00,153.00,153.00
2026-08-29 12:45:30,153.00,153.00,153.00,153.00,199.00,153.00,199.00,153.00,153.00,153.00,153.00,153.00,153.00,153.00,153.00,153.00,153.00,153.00,153.00,153.00,153.00,153.00,153.00,153.00,153.00,153.00,153.00,153.00,153.00
2026-08-29 12:55:27,153.00,153.00,153.00,153.00,199.00,153.00,199.00,153.00,153.00,153.00,153.00,153.00,153.00,153.00,153.00,153.00,153.00,153.00,153.00,153.00,153.00,153.00,153.00,153.00,153.00,153.00,153.00,153.00,153.00
2026-08-29 13:05:28,153.00,153.00,153.00,153.00,199.00,153.00,199.00,153.00,153.00,153.00,153.00,153.00,153.00,153.00,153.00,153.00,153.00,153.00,153.00,153.00,153.00,153.00,153.00,153.00,153.00,153.00,153.00,153.00,153.00
2026-08-29 13:15:29,153.00,153.00,153.00,153.00,199.00,153.00,199.00,153.00,153.00,153.00,153.00,153.00,153.00,153.00,153.00,153.00,153.00,153.00,153.00,153.00,153.00,153.00,153.00,153.00,153.00,153.00,153.00,153.00,153.00
2026-08-29 13:25:24,153.00,153.00,153.00,153.00,199.00,153.00,199.00,153.00,153.00,153.00,153.00,153.00,153.00,153.00,153.00,153.00,153.00,153.00,153.00,153.00,153.00,153.00,153.00,153.00,153.00,153.00,153.00,153.00,153.00
2026-08-29 13:35:26,153.00,153.00,153.00,153.00,199.00,153.00,199.00,153.00,153.00,153.00,153.00,153.00,153.00,153.00,153.00,153.00,153.00,153.00,153.00,153.00,153.00,153.00,153.00,153.00,153.00,153.00,153.00,153.00,153.00
2026-08-29 13:45:29,153.00,153.00,153.00,153.00,199.00,153.00,199.00,153.00,153.00,153.00,153.00,153.00,153.00,153.00,153.00,153.00,153.00,153.00,153.00,153.00,153.00,153.00,153.00,153.00,153.00,153.00,153.00,153.00,153.00
2026-08-29 13:55:33,153.00,153.00,153.00,153.00,199.00,153.00,199.00,153.00,153.00,153.00,153.00,153.00,153.00,153.00,153.00,153.00,153.00,153.00,153.00,153.00,153.00,153.00,153.00,153.00,153.00,153.00,153.00,153.00,153.00
2026-08-29 14:05:31,153.00,153.00,153.00,153.00,199.00,153.00,199.00,153.00,153.00,153.00,153.00,153.00,153.00,153.00,153.00,153.00,153.00,153.00,153.00,153.00,153.00,153.00,153.00,153.00,153.00,153.00,153.00,153.00,153.00
2026-08-29 14:15:32,153.00,153.00,153.00,153.00,199.00,153.00,153.00,153.00,153.00,153.00,153.00,153.00,153.00,153.00,153.00,153.00,153.00,153.00,153.00,153.00,153.00,153.00,153.00,153.00,153.00,153.00,153.00,153.00,153.00
2026-08-29 14:25:33,153.00,153.00,153.00,153.00,199.00,153.00,153.00,153.00,153.00,153.00,153.00,153.00,153.00,153.00,153.00,153.00,153.00,153.00,153.00,153.00,153.00,153.00,153.00,153.00,153.00,153.00,153.00,153.00,153.00
2026-08-29 14:35:32,153.00,153.00,153.00,153.00,199.00,153.00,153.00,153.00,153.00,153.00,153.00,153.00,153.00,153.00,153.00,153.00,153.00,153.00,153.00,153.00,153.00,153.00,153.00,153.00,153.00,153.00,153.00,153.00,153.00
2026-08-29 14:45:20,153.00,153.00,153.00,153.00,199.00,153.00,153.00,153.00,153.00,153.00,153.00,153.00,153.00,153.00,153.00,153.00,153.00,153.00,153.00,153.00,153.00,153.00,153.00,153.00,153.00,153.00,153.00,153.00,153.00
2026-08-29 14:55:34,153.00,153.00,153.00,153.00,199.00,153.00,153.00,153.00,153.00,153.00,153.00,153.00,153.00,153.00,153.00,153.00,153.00,153.00,153.00,153.00,153.00,153.00,153.00,153.00,153.00,153.00,153.00,153.00,153.00
2026-08-29 15:05:39,,153.00,,,199.00,153.00,153.00,,,153.00,153.00,,,153.00,153.00,153.00,153.00,153.00,,,153.00,153.00,153.00,,,,153.00,,153.00
2026-08-29 15:15:32,153.00,153.00,153.00,153.00,199.00,153.00,153.00,153.00,153.00,153.00,153.00,153.00,153.00,153.00,153.00,153.00,153.00,153.00,153.00,153.00,153.00,153.00,153.00,153.00,153.00,153.00,153.00,153.00,153.00
2026-08-29 15:25:32,153.00,153.00,153.00,153.00,199.00,153.00,153.00,153.00,153.00,153.00,153.00,153.00,153.00,153.00,153.00,153.00,153.00,153.00,153.00,153.00,153.00,153.00,153.00,153.00,153.00,153.00,153.00,153.00,153.00
2026-08-29 15:35:24,153.00,153.00,153.00,153.00,199.00,153.00,153.00,153.00,153.00,153.00,153.00,153.00,153.00,153.00,153.00,153.00,153.00,153.00,153.00,153.00,153.00,153.00,153.00,153.00,153.00,153.00,153.00,153.00,153.00
2026-08-29 15:45:35,153.00,153.00,153.00,153.00,199.00,153.00,153.00,153.00,153.00,153.00,153.00,153.00,153.00,153.00,153.00,153.00,153.00,153.00,153.00,153.00,153.00,153.00,153.00,153.00,153.00,153.00,153.00,153.00,153.00
2026-08-29 15:55:31,153.00,153.00,153.00,153.00,199.00,153.00,153.00,153.00,153.00,153.00,153.00,153.00,153.00,153.00,153.00,153.00,153.00,153.00,153.00,153.00,153.00,153.00,153.00,153.00,153.00,153.00,153.00,153.00,153.00
2026-08-29 16:05:31,153.00,153.00,153.00,153.00,199.00,153.00,153.00,153.00,153.00,153.00,153.00,153.00,153.00,153.00,153.00,153.00,153.00,153.00,153.00,153.00,153.00,153.00,153.00,153.00,153.00,153.00,153.00,153.00,153.00
2026-08-29 16:15:32,153.00,153.00,153.00,153.00,199.00,153.00,153.00,153.00,153.00,153.00,153.00,153.00,153.00,153.00,153.00,153.00,153.00,153.00,153.00,153.00,153.00,153.00,153.00,153.00,153.00,153.00,153.00,153.00,153.00
2026-08-29 16:25:35,153.00,153.00,153.00,153.00,199.00,153.00,153.00,153.00,153.00,153.00,153.00,153.00,153.00,153.00,153.00,153.00,153.00,153.00,153.00,153.00,153.00,153.00,153.00,153.00,153.00,153.00,153.00,153.00,153.00
2026-08-29 16:35:31,153.00,153.00,153.00,153.00,199.00,153.00,153.00,153.00,153.00,153.00,153.00,153.00,153.00,153.00,153.00,153.00,153.00,153.00,153.00,153.00,153.00,153.00,153.00,153.00,153.00,153.00,153.00,153.00,153.00
2026-08-29 16:45:38,153.00,153.00,153.00,153.00,199.00,153.00,153.00,153.00,153.00,153.00,153.00,153.00,153.00,153.00,153.00,153.00,153.00,153.00,153.00,153.00,153.00,153.00,153.00,153.00,153.00,153.00,153.00,153.00,153.00
2026-08-29 16:55:36,153.00,153.00,153.00,153.00,199.00,153.00,153.00,153.00,153.00,153.00,153.00,153.00,153.00,153.00,153.00,153.00,153.00,153.00,153.00,153.00,153.00,153.00,153.00,153.00,153.00,153.00,153.00,153.00,153.00
2026-08-29 17:05:35,153.00,153.00,153.00,153.00,199.00,153.00,153.00,153.00,153.00,153.00,153.00,153.00,153.00,153.00,153.00,153.00,153.00,153.00,153.00,153.00,153.00,153.00,153.00,153.00,153.00,153.00,153.00,153.00,153.00
2026-08-29 17:15:43,153.00,153.00,153.00,153.00,199.00,153.00,153.00,153.00,153.00,153.00,153.00,153.00,153.00,153.00,153.00,153.00,153.00,153.00,153.00,153.00,153.00,153.00,153.00,153.00,153.00,153.00,153.00,153.00,153.00
2026-08-29 17:25:30,153.00,153.00,153.00,153.00,199.00,153.00,153.00,153.00,153.00,153.00,153.00,153.00,153.00,153.00,153.00,153.00,153.00,153.00,153.00,153.00,153.00,153.00,153.00,153.00,153.00,153.00,153.00,153.00,153.00
2026-08-29 17:35:36,153.00,153.00,153.00,153.00,199.00,153.00,153.00,153.00,153.00,153.00,153.00,153.00,153.00,153.00,153.00,153.00,153.00,153.00,153.00,153.00,153.00,153.00,153.00,153.00,153.00,153.00,153.00,153.00,153.00
2026-08-29 17:45:22,153.00,153.00,153.00,153.00,199.00,153.00,153.00,153.00,153.00,153.00,153.00,153.00,153.00,153.00,153.00,153.00,153.00,153.00,153.00,153.00,153.00,153.00,153.00,153.00,153.00,153.00,153.00,153.00,153.00
2026-08-29 17:55:19,153.00,153.00,153.00,153.00,199.00,153.00,153.00,153.00,153.00,153.00,153.00,153.00,153.00,153.00,153.00,153.00,153.00,153.00,153.00,153.00,153.00,153.00,153.00,153.00,153.00,153.00,153.00,153.00,153.00
2026-08-29 18:05:37,153.00,153.00,153.00,153.00,199.00,153.00,153.00,153.00,153.00,153.00,153.00,153.00,153.00,153.00,153.00,153.00,153.00,153.00,153.00,153.00,153.00,153.00,153.00,153.00,153.00,153.00,153.00,153.00,153.00
2026-08-29 18:15:35,153.00,153.00,153.00,153.00,199.00,153.00,153.00,153.00,153.00,153.00,153.00,153.00,153.00,153.00,153.00,153.00,153.00,153.00,153.00,153.00,153.00,153.00,153.00,153.00,153.00,153.00,153.00,153.00,153.00
2026-08-29 18:25:31,153.00,153.00,153.00,153.00,199.00,153.00,153.00,153.00,153.00,153.00,153.00,153.00,153.00,153.00,153.00,153.00,153.00,153.00,153.00,153.00,153.00,153.00,153.00,153.00,153.00,153.00,153.00,153.00,153.00
2026-08-29 18:35:25,153.00,153.00,153.00,153.00,199.00,153.00,153.00,153.00,153.00,153.00,153.00,153.00,153.00,153.00,153.00,153.00,153.00,153.00,153.00,153.00,153.00,153.00,153.00,153.00,153.00,153.00,153.00,153.00,153.00
2026-08-29 18:45:26,153.00,153.00,153.00,153.00,199.00,153.00,153.00,153.00,153.00,153.00,153.00,153.00,153.00,153.00,153.00,153.00,153.00,153.00,153.00,153.00,153.00,153.00,153.00,153.00,153.00,153.00,153.00,153.00,153.00
2026-08-29 18:55:33,153.00,153.00,153.00,153.00,199.00,153.00,153.00,153.00,153.00,153.00,153.00,153.00,153.00,153.00,153.00,153.00,153.00,153.00,153.00,153.00,153.00,153.00,153.00,153.00,153.00,153.00,153.00,153.00,153.00
2026-08-29 19:05:33,153.00,153.00,153.00,153.00,199.00,153.00,153.00,153.00,153.00,153.00,153.00,153.00,153.00,153.00,153.00,153.00,153.00,153.00,153.00,153.00,153.00,153.00,153.00,153.00,153.00,153.00,153.00,153.00,153.00
2026-08-29 19:15:30,153.00,153.00,153.00,153.00,199.00,153.00,153.00,153.00,153.00,153.00,153.00,153.00,153.00,153.00,153.00,153.00,153.00,153.00,153.00,153.00,153.00,153.00,153.00,153.00,153.00,153.00,153.00,153.00,153.00
2026-08-29 19:25:31,153.00,153.00,153.00,153.00,199.00,153.00,153.00,153.00,153.00,153.00,153.00,153.00,153.00,153.00,153.00,153.00,153.00,153.00,153.00,153.00,153.00,153.00,153.00,153.00,153.00,153.00,153.00,153.00,153.00
2026-08-29 19:35:44,153.00,153.00,153.00,153.00,199.00,153.00,153.00,153.00,153.00,153.00,153.00,153.00,153.00,153.00,153.00,153.00,153.00,153.00,153.00,153.00,153.00,153.00,153.00,153.00,153.00,153.00,153.00,153.00,153.00
2026-08-29 19:45:33,153.00,153.00,153.00,153.00,199.00,153.00,153.00,153.00,153.00,153.00,153.00,153.00,153.00,153.00,153.00,153.00,153.00,153.00,153.00,153.00,153.00,153.00,153.00,153.00,153.00,153.00,153.00,153.00,153.00
2026-08-29 19:55:29,153.00,153.00,153.00,153.00,199.00,153.00,153.00,153.00,153.00,153.00,153.00,153.00,153.00,153.00,153.00,153.00,153.00,153.00,153.00,153.00,153.00,153.00,153.00,153.00,153.00,153.00,153.00,153.00,153.00
2026-08-29 20:05:31,153.00,153.00,153.00,153.00,199.00,153.00,153.00,153.00,153.00,153.00,153.00,153.00,153.00,153.00,153.00,153.00,153.00,153.00,153.00,153.00,153.00,153.00,153.00,153.00,153.00,153.00,153.00,153.00,153.00
2026-08-29 20:15:27,153.00,153.00,153.00,153.00,199.00,153.00,153.00,153.00,153.00,153.00,153.00,153.00,153.00,153.00,153.00,153.00,153.00,153.00,153.00,153.00,153.00,153.00,153.00,153.00,153.00,153.00,153.00,153.00,153.00
2026-08-29 20:25:36,153.00,153.00,153.00,153.00,199.00,153.00,153.00,153.00,153.00,153.00,153.00,153.00,153.00,153.00,153.00,153.00,153.00,153.00,153.00,153.00,153.00,153.00,153.00,153.00,153.00,153.00,153.00,153.00,153.00
2026-08-29 20:35:35,153.00,153.00,153.00,153.00,199.00,153.00,153.00,153.00,153.00,153.00,153.00,153.00,153.00,153.00,153.00,153.00,153.00,153.00,153.00,153.00,153.00,153.00,153.00,153.00,153.00,153.00,153.00,153.00,153.00
2026-08-29 20:45:33,153.00,153.00,153.00,153.00,199.00,153.00,153.00,153.00,153.00,153.00,153.00,153.00,153.00,153.00,153.00,153.00,153.00,153.00,153.00,153.00,153.00,153.00,153.00,153.00,153.00,153.00,153.00,153.00,153.00
2026-08-29 20:55:41,153.00,153.00,153.00,153.00,199.00,153.00,153.00,153.00,153.00,153.00,153.00,153.00,153.00,153.00,153.00,153.00,153.00,153.00,153.00,153.00,153.00,153.00,153.00,153.00,153.00,153.00,153.00,153.00,153.00
2026-08-29 21:05:37,153.00,153.00,153.00,153.00,199.00,153.00,153.00,153.00,153.00,153.00,153.00,153.00,153.00,153.00,153.00,153.00,153.00,153.00,153.00,153.00,153.00,153.00,153.00,153.00,153.00,153.00,153.00,153.00,153.00
2026-08-29 21:15:37,153.00,153.00,153.00,153.00,199.00,153.00,153.00,153.00,153.00,153.00,153.00,153.00,153.00,153.00,153.00,153.00,153.00,153.00,153.00,153.00,153.00,153.00,153.00,153.00,153.00,153.00,153.00,153.00,153.00
2026-08-29 21:25:33,153.00,153.00,153.00,153.00,199.00,153.00,153.00,153.00,153.00,153.00,153.00,153.00,153.00,153.00,153.00,153.00,153.00,153.00,153.00,153.00,153.00,153.00,153.00,153.00,153.00,153.00,153.00,153.00,153.00
2026-08-29 21:35:37,153.00,153.00,153.00,153.00,199.00,153.00,153.00,153.00,153.00,153.00,153.00,153.00,153.00,153.00,153.00,153.00,153.00,153.00,153.00,153.00,153.00,153.00,153.00,153.00,153.00,153.00,153.00,153.00,153.00
2026-08-29 21:45:35,153.00,153.00,153.00,153.00,199.00,153.00,153.00,153.00,153.00,153.00,153.00,153.00,153.00,153.00,153.00,153.00,153.00,153.00,153.00,153.00,153.00,153.00,153.00,153.00,153.00,153.00,153.00,153.00,153.00
2026-08-29 21:55:35,153.00,153.00,153.00,153.00,199.00,153.00,153.00,153.00,153.00,153.00,153.00,153.00,153.00,153.00,153.00,153.00,153.00,153.00,153.00,153.00,153.00,153.00,153.00,153.00,153.00,153.00,153.00,153.00,153.00
2026-08-29 22:05:32,153.00,153.00,153.00,153.00,199.00,153.00,153.00,153.00,153.00,153.00,153.00,153.00,153.00,153.00,153.00,153.00,153.00,153.00,153.00,153.00,153.00,153.00,153.00,153.00,153.00,153.00,153.00,153.00,153.00
2026-08-29 22:15:32,153.00,153.00,153.00,153.00,199.00,153.00,153.00,153.00,153.00,153.00,153.00,153.00,153.00,153.00,153.00,153.00,153.00,153.00,153.00,153.00,153.00,153.00,153.00,153.00,153.00,153.00,153.00,153.00,153.00
2026-08-29 22:25:33,153.00,153.00,153.00,153.00,199.00,153.00,153.00,153.00,153.00,153.00,153.00,153.00,153.00,153.00,153.00,153.00,153.00,153.00,153.00,153.00,153.00,153.00,153.00,153.00,153.00,153.00,153.00,153.00,153.00
2026-08-29 22:35:34,153.00,153.00,153.00,153.00,199.00,153.00,153.00,153.00,153.00,153.00,153.00,153.00,153.00,153.00,153.00,153.00,153.00,153.00,153.00,153.00,153.00,153.00,153.00,153.00,153.00,153.00,153.00,153.00,153.00
2026-08-29 22:45:37,153.00,153.00,153.00,153.00,199.00,153.00,153.00,153.00,153.00,153.00,153.00,153.00,153.00,153.00,153.00,153.00,153.00,153.00,153.00,153.00,153.00,153.00,153.00,153.00,153.00,153.00,153.00,153.00,153.00
2026-08-29 22:55:32,153.00,153.00,153.00,153.00,199.00,153.00,153.00,153.00,153.00,153.00,153.00,153.00,153.00,153.00,153.00,153.00,153.00,153.00,153.00,153.00,153.00,153.00,153.00,153.00,153.00,153.00,153.00,153.00,153.00
2026-08-29 23:05:38,153.00,153.00,153.00,153.00,199.00,153.00,153.00,153.00,153.00,153.00,153.00,153.00,153.00,153.00,153.00,153.00,153.00,153.00,153.00,153.00,153.00,153.00,153.00,153.00,153.00,153.00,153.00,153.00,153.00
2026-08-29 23:15:32,153.00,153.00,153.00,153.00,199.00,153.00,153.00,153.00,153.00,153.00,153.00,153.00,153.00,153.00,153.00,153.00,153.00,153.00,153.00,153.00,153.00,153.00,153.00,153.00,153.00,153.00,153.00,153.00,153.00
2026-08-29 23:25:24,153.00,153.00,153.00,153.00,199.00,153.00,153.00,153.00,153.00,153.00,153.00,153.00,153.00,153.00,153.00,153.00,153.00,153.00,153.00,153.00,153.00,153.00,153.00,153.00,153.00,153.00,153.00,153.00,153.00
2026-08-29 23:35:30,153.00,153.00,153.00,153.00,199.00,153.00,153.00,153.00,153.00,153.00,153.00,153.00,153.00,153.00,153.00,153.00,153.00,153.00,153.00,153.00,153.00,153.00,153.00,153.00,153.00,153.00,153.00,153.00,153.00
2026-08-29 23:45:34,153.00,153.00,153.00,153.00,199.00,153.00,153.00,153.00,153.00,153.00,153.00,153.00,153.00,153.00,153.00,153.00,153.00,153.00,153.00,153.00,153.00,153.00,153.00,153.00,153.00,153.00,153.00,153.00,153.00
2026-08-29 23:55:33,153.00,153.00,153.00,153.00,199.00,153.00,153.00,153.00,153.00,153.00,153.00,153.00,153.00,153.00,153.00,153.00,153.00,153.00,153.00,153.00,153.00,153.00,153.00,153.00,153.00,153.00,153.00,153.00,153.00
2026-08-30 00:05:37,153.00,153.00,153.00,153.00,199.00,153.00,153.00,153.00,153.00,153.00,153.00,153.00,153.00,153.00,153.00,153.00,153.00,153.00,153.00,153.00,153.00,153.00,153.00,153.00,153.00,153.00,153.00,153.00,153.00
2026-08-30 00:15:34,153.00,153.00,153.00,153.00,199.00,153.00,153.00,153.00,153.00,153.00,153.00,153.00,153.00,153.00,153.00,153.00,153.00,153.00,153.00,153.00,153.00,153.00,153.00,153.00,153.00,153.00,153.00,153.00,153.00
2026-08-30 00:25:27,153.00,153.00,153.00,153.00,199.00,153.00,153.00,153.00,153.00,153.00,153.00,153.00,153.00,153.00,153.00,153.00,153.00,153.00,153.00,153.00,153.00,153.00,153.00,153.00,153.00,153.00,153.00,153.00,153.00
2026-08-30 00:35:35,153.00,153.00,153.00,153.00,199.00,153.00,153.00,153.00,153.00,153.00,153.00,153.00,153.00,153.00,153.00,153.00,153.00,153.00,153.00,153.00,153.00,153.00,153.00,153.00,153.00,153.00,153.00,153.00,153.00
2026-08-30 00:45:28,153.00,153.00,153.00,153.00,199.00,153.00,153.00,153.00,153.00,153.00,153.00,153.00,153.00,153.00,153.00,153.00,153.00,153.00,153.00,153.00,153.00,153.00,153.00,153.00,153.00,153.00,153.00,153.00,153.00
2026-08-30 00:55:26,153.00,153.00,153.00,153.00,199.00,153.00,153.00,153.00,153.00,153.00,153.00,153.00,153.00,153.00,153.00,153.00,153.00,153.00,153.00,153.00,153.00,153.00,153.00,153.00,153.00,153.00,153.00,153.00,153.00
2026-08-30 01:05:32,153.00,153.00,153.00,153.00,199.00,153.00,153.00,153.00,153.00,153.00,153.00,153.00,153.00,153.00,153.00,153.00,153.00,153.00,153.00,153.00,153.00,153.00,153.00,153.00,153.00,153.00,153.00,153.00,153.00
2026-08-30 01:15:26,153.00,153.00,153.00,153.00,199.00,153.00,153.00,153.00,153.00,153.00,153.00,153.00,153.00,153.00,153.00,153.00,153.00,153.00,153.00,153.00,153.00,153.00,153.00,153.00,153.00,153.00,153.00,153.00,153.00
2026-08-30 01:25:33,153.00,153.00,153.00,153.00,199.00,153.00,153.00,153.00,153.00,153.00,153.00,153.00,153.00,153.00,153.00,153.00,153.00,153.00,153.00,153.00,153.00,153.00,153.00,153.00,153.00,153.00,153.00,153.00,153.00
2026-08-30 01:35:33,153.00,153.00,153.00,153.00,199.00,153.00,153.00,153.00,153.00,153.00,153.00,153.00,153.00,153.00,153.00,153.00,153.00,153.00,153.00,153.00,153.00,153.00,153.00,153.00,153.00,153.00,153.00,153.00,153.00
2026-08-30 01:45:31,153.00,153.00,153.00,153.00,199.00,153.00,153.00,153.00,153.00,153.00,153.00,153.00,153.00,153.00,153.00,153.00,153.00,153.00,153.00,153.00,153.00,153.00,153.00,153.00,153.00,153.00,153.00,153.00,153.00
2026-08-30 01:55:25,153.00,153.00,153.00,153.00,199.00,153.00,153.00,153.00,153.00,153.00,153.00,153.00,153.00,153.00,153.00,153.00,153.00,153.00,153.00,153.00,153.00,153.00,153.00,153.00,153.00,153.00,153.00,153.00,153.00
2026-08-30 02:05:30,153.00,153.00,153.00,153.00,199.00,153.00,153.00,153.00,153.00,153.00,153.00,153.00,153.00,153.00,153.00,153.00,153.00,153.00,153.00,153.00,153.00,153.00,153.00,153.00,153.00,153.00,153.00,153.00,153.00
2026-08-30 02:15:33,153.00,153.00,153.00,153.00,199.00,153.00,153.00,153.00,153.00,153.00,153.00,153.00,153.00,153.00,153.00,153.00,153.00,153.00,153.00,153.00,153.00,153.00,153.00,153.00,153.00,153.00,153.00,153.00,153.00
2026-08-30 02:25:30,153.00,153.00,153.00,153.00,199.00,153.00,153.00,153.00,153.00,153.00,153.00,153.00,153.00,153.00,153.00,153.00,153.00,153.00,153.00,153.00,153.00,153.00,153.00,153.00,153.00,153.00,153.00,153.00,153.00
2026-08-30 02:35:32,153.00,153.00,153.00,153.00,199.00,153.00,153.00,153.00,153.00,153.00,153.00,153.00,153.00,153.00,153.00,153.00,153.00,153.00,153.00,153.00,153.00,153.00,153.00,153.00,153.00,153.00,153.00,153.00,153.00
2026-08-30 02:45:34,153.00,153.00,153.00,153.00,199.00,153.00,153.00,153.00,153.00,153.00,153.00,153.00,153.00,153.00,153.00,153.00,153.00,153.00,153.00,153.00,153.00,153.00,153.00,153.00,153.00,153.00,153.00,153.00,153.00
2026-08-30 02:55:34,153.00,153.00,153.00,153.00,199.00,153.00,153.00,153.00,153.00,153.00,153.00,153.00,153.00,153.00,153.00,153.00,153.00,153.00,153.00,153.00,153.00,153.00,153.00,153.00,153.00,153.00,153.00,153.00,153.00
2026-08-30 03:05:25,153.00,153.00,153.00,153.00,199.00,153.00,153.00,153.00,153.00,153.00,153.00,153.00,153.00,153.00,153.00,153.00,153.00,153.00,153.00,153.00,153.00,153.00,153.00,153.00,153.00,153.00,153.00,153.00,153.00
2026-08-30 03:15:36,153.00,153.00,153.00,153.00,199.00,153.00,153.00,153.00,153.00,153.00,153.00,153.00,153.00,153.00,153.00,153.00,153.00,153.00,153.00,153.00,153.00,153.00,153.00,153.00,153.00,153.00,153.00,153.00,153.00
2026-08-30 03:25:33,153.00,153.00,153.00,153.00,199.00,153.00,153.00,153.00,153.00,153.00,153.00,153.00,153.00,153.00,153.00,153.00,153.00,153.00,153.00,153.00,153.00,153.00,153.00,153.00,153.00,153.00,153.00,153.00,153.00
2026-08-30 03:35:36,153.00,153.00,153.00,153.00,199.00,153.00,153.00,153.00,153.00,153.00,153.00,153.00,153.00,153.00,153.00,153.00,153.00,153.00,153.00,153.00,153.00,153.00,153.00,153.00,153.00,153.00,153.00,153.00,153.00
2026-08-30 03:45:36,153.00,153.00,153.00,153.00,199.00,153.00,153.00,153.00,153.00,153.00,153.00,153.00,153.00,153.00,153.00,153.00,153.00,153.00,153.00,153.00,153.00,153.00,153.00,153.00,153.00,153.00,153.00,153.00,153.00
2026-08-30 03:55:36,153.00,153.00,153.00,153.00,199.00,153.00,153.00,153.00,153.00,153.00,153.00,153.00,153.00,153.00,153.00,153.00,153.00,153.00,153.00,153.00,153.00,153.00,153.00,153.00,153.00,153.00,153.00,153.00,153.00
2026-08-30 04:05:34,153.00,153.00,153.00,153.00,199.00,153.00,153.00,153.00,153.00,153.00,153.00,153.00,153.00,153.00,153.00,153.00,153.00,153.00,153.00,153.00,153.00,153.00,153.00,153.00,153.00,153.00,153.00,153.00,153.00
2026-08-30 04:15:36,153.00,153.00,153.00,153.00,199.00,153.00,153.00,153.00,153.00,153.00,153.00,153.00,153.00,153.00,153.00,153.00,153.00,153.00,153.00,153.00,153.00,153.00,153.00,153.00,153.00,153.00,153.00,153.00,153.00
2026-08-30 04:25:34,153.00,153.00,153.00,153.00,199.00,153.00,153.00,153.00,153.00,153.00,153.00,153.00,153.00,153.00,153.00,153.00,153.00,153.00,153.00,153.00,153.00,153.00,153.00,153.00,153.00,153.00,153.00,153.00,153.00
2026-08-30 04:35:26,153.00,153.00,153.00,153.00,199.00,153.00,153.00,153.00,153.00,153.00,153.00,153.00,153.00,153.00,153.00,153.00,153.00,153.00,153.00,153.00,153.00,153.00,153.00,153.00,153.00,153.00,153.00,153.00,153.00
2026-08-30 04:45:26,153.00,153.00,153.00,153.00,199.00,153.00,153.00,153.00,153.00,153.00,153.00,153.00,153.00,153.00,153.00,153.00,153.00,153.00,153.00,153.00,153.00,153.00,153.00,153.00,153.00,153.00,153.00,153.00,153.00
2026-08-30 04:55:38,153.00,153.00,153.00,153.00,199.00,153.00,153.00,153.00,153.00,153.00,153.00,153.00,153.00,153.00,153.00,153.00,153.00,153.00,153.00,153.00,153.00,153.00,153.00,153.00,153.00,153.00,153.00,153.00,153.00
2026-08-30 05:05:32,153.00,153.00,153.00,153.00,199.00,153.00,153.00,153.00,153.00,153.00,153.00,153.00,153.00,153.00,153.00,153.00,153.00,153.00,153.00,153.00,153.00,153.00,153.00,153.00,153.00,153.00,153.00,153.00,153.00
2026-08-30 05:15:25,153.00,153.00,153.00,153.00,199.00,153.00,153.00,153.00,153.00,153.00,153.00,153.00,153.00,153.00,153.00,153.00,153.00,153.00,153.00,153.00,153.00,153.00,153.00,153.00,153.00,153.00,153.00,153.00,153.00
2026-08-30 05:25:29,153.00,153.00,153.00,153.00,199.00,153.00,153.00,153.00,153.00,153.00,153.00,153.00,153.00,153.00,153.00,153.00,153.00,153.00,153.00,153.00,153.00,153.00,153.00,153.00,153.00,153.00,153.00,153.00,153.00
2026-08-30 05:35:35,153.00,153.00,153.00,153.00,199.00,153.00,153.00,153.00,153.00,153.00,153.00,153.00,153.00,153.00,153.00,153.00,153.00,153.00,153.00,153.00,153.00,153.00,153.00,153.00,153.00,153.00,153.00,153.00,153.00
2026-08-30 05:45:21,153.00,153.00,153.00,153.00,199.00,153.00,153.00,153.00,153.00,153.00,153.00,153.00,153.00,153.00,153.00,153.00,153.00,153.00,153.00,153.00,153.00,153.00,153.00,153.00,153.00,153.00,153.00,153.00,153.00
2026-08-30 05:55:37,153.00,153.00,153.00,153.00,199.00,153.00,153.00,153.00,153.00,153.00,153.00,153.00,153.00,153.00,153.00,153.00,153.00,153.00,153.00,153.00,153.00,153.00,153.00,153.00,153.00,153.00,153.00,153.00,153.00
2026-08-30 06:05:32,153.00,153.00,153.00,153.00,199.00,153.00,153.00,153.00,153.00,153.00,153.00,153.00,153.00,153.00,153.00,153.00,153.00,153.00,153.00,153.00,153.00,153.00,153.00,153.00,153.00,153.00,153.00,153.00,153.00
2026-08-30 06:15:23,153.00,153.00,153.00,153.00,199.00,153.00,153.00,153.00,153.00,153.00,153.00,209.00,153.00,153.00,153.00,153.00,153.00,153.00,153.00,153.00,153.00,153.00,153.00,153.00,153.00,153.00,153.00,153.00,153.00
2026-08-30 06:25:34,153.00,153.00,153.00,153.00,199.00,153.00,153.00,153.00,153.00,153.00,153.00,209.00,153.00,153.00,153.00,153.00,153.00,153.00,153.00,153.00,153.00,153.00,153.00,153.00,153.00,153.00,153.00,153.00,153.00
2026-08-30 06:35:31,153.00,153.00,153.00,153.00,199.00,153.00,153.00,153.00,153.00,153.00,153.00,209.00,153.00,153.00,153.00,153.00,153.00,153.00,153.00,153.00,153.00,153.00,153.00,153.00,153.00,153.00,153.00,153.00,153.00
2026-08-30 06:45:33,153.00,153.00,153.00,153.00,199.00,153.00,153.00,153.00,153.00,153.00,153.00,209.00,153.00,153.00,153.00,153.00,153.00,153.00,153.00,153.00,153.00,153.00,153.00,153.00,153.00,153.00,153.00,153.00,153.00
2026-08-30 06:55:36,153.00,153.00,153.00,153.00,199.00,153.00,153.00,153.00,153.00,153.00,153.00,209.00,153.00,153.00,153.00,153.00,153.00,153.00,153.00,153.00,153.00,153.00,153.00,153.00,153.00,153.00,153.00,153.00,153.00
2026-08-30 07:05:30,153.00,153.00,153.00,153.00,199.00,153.00,153.00,153.00,153.00,153.00,153.00,209.00,153.00,153.00,153.00,153.00,153.00,153.00,153.00,153.00,153.00,153.00,153.00,153.00,153.00,153.00,153.00,153.00,153.00
2026-08-30 07:15:29,153.00,153.00,153.00,153.00,199.00,153.00,153.00,153.00,153.00,153.00,153.00,209.00,153.00,153.00,153.00,153.00,153.00,153.00,153.00,153.00,153.00,153.00,153.00,153.00,153.00,153.00,153.00,153.00,153.00
2026-08-30 07:25:37,153.00,153.00,153.00,153.00,199.00,153.00,153.00,153.00,153.00,153.00,153.00,209.00,153.00,153.00,153.00,153.00,153.00,153.00,153.00,153.00,153.00,153.00,153.00,153.00,153.00,153.00,153.00,153.00,153.00
2026-08-30 07:35:33,153.00,153.00,153.00,153.00,199.00,153.00,153.00,153.00,153.00,153.00,153.00,209.00,153.00,153.00,153.00,153.00,153.00,153.00,153.00,153.00,153.00,153.00,153.00,153.00,153.00,153.00,153.00,153.00,153.00
2026-08-30 07:45:20,153.00,153.00,153.00,153.00,199.00,153.00,153.00,153.00,153.00,153.00,153.00,209.00,153.00,153.00,153.00,153.00,153.00,153.00,153.00,153.00,153.00,153.00,153.00,153.00,153.00,153.00,153.00,153.00,153.00
2026-08-30 07:55:31,153.00,153.00,153.00,153.00,199.00,153.00,153.00,153.00,153.00,153.00,153.00,209.00,153.00,153.00,153.00,153.00,153.00,153.00,153.00,153.00,153.00,153.00,153.00,153.00,153.00,153.00,153.00,153.00,153.00
2026-08-30 08:05:30,153.00,153.00,153.00,153.00,199.00,153.00,153.00,153.00,153.00,153.00,153.00,209.00,153.00,153.00,153.00,153.00,153.00,153.00,153.00,153.00,153.00,153.00,153.00,153.00,153.00,153.00,153.00,153.00,153.00
2026-08-30 08:15:32,153.00,153.00,153.00,153.00,199.00,153.00,153.00,153.00,153.00,153.00,153.00,209.00,153.00,153.00,153.00,153.00,153.00,153.00,153.00,153.00,153.00,153.00,153.00,153.00,153.00,153.00,153.00,153.00,153.00
2026-08-30 08:25:34,153.00,153.00,153.00,153.00,199.00,153.00,153.00,153.00,153.00,153.00,153.00,209.00,153.00,153.00,153.00,153.00,153.00,153.00,153.00,153.00,153.00,153.00,153.00,153.00,153.00,153.00,153.00,153.00,153.00
2026-08-30 08:35:31,153.00,153.00,153.00,153.00,199.00,153.00,153.00,153.00,153.00,153.00,153.00,209.00,153.00,153.00,153.00,153.00,153.00,153.00,153.00,153.00,153.00,153.00,153.00,153.00,153.00,153.00,153.00,153.00,153.00
2026-08-30 08:45:33,153.00,153.00,153.00,153.00,199.00,153.00,153.00,153.00,153.00,153.00,153.00,209.00,153.00,153.00,153.00,153.00,153.00,153.00,153.00,153.00,153.00,153.00,153.00,153.00,153.00,153.00,153.00,153.00,153.00
2026-08-30 08:55:33,153.00,153.00,153.00,153.00,199.00,153.00,153.00,153.00,153.00,153.00,153.00,209.00,153.00,153.00,153.00,153.00,153.00,153.00,153.00,153.00,153.00,153.00,153.00,153.00,153.00,153.00,153.00,153.00,153.00
2026-08-30 09:05:30,153.00,153.00,153.00,153.00,199.00,153.00,153.00,153.00,153.00,153.00,153.00,209.00,153.00,153.00,153.00,153.00,153.00,153.00,153.00,153.00,153.00,153.00,153.00,153.00,153.00,153.00,153.00,153.00,153.00
2026-08-30 09:15:31,153.00,153.00,153.00,153.00,199.00,153.00,153.00,153.00,153.00,153.00,153.00,209.00,153.00,153.00,153.00,153.00,153.00,153.00,153.00,153.00,153.00,153.00,153.00,153.00,153.00,153.00,153.00,153.00,153.00
2026-08-30 09:25:32,153.00,153.00,153.00,153.00,199.00,153.00,153.00,153.00,153.00,153.00,153.00,209.00,153.00,153.00,153.00,153.00,153.00,153.00,153.00,153.00,153.00,153.00,153.00,153.00,153.00,153.00,153.00,153.00,153.00
2026-08-30 09:35:32,153.00,153.00,153.00,153.00,199.00,153.00,153.00,153.00,153.00,153.00,153.00,209.00,153.00,153.00,153.00,153.00,153.00,153.00,153.00,153.00,153.00,153.00,153.00,153.00,153.00,153.00,153.00,153.00,153.00
2026-08-30 09:45:34,153.00,153.00,153.00,153.00,199.00,153.00,153.00,153.00,153.00,153.00,153.00,209.00,153.00,153.00,153.00,153.00,153.00,153.00,153.00,153.00,153.00,153.00,153.00,153.00,153.00,153.00,153.00,153.00,153.00
2026-08-30 09:55:27,153.00,153.00,153.00,153.00,199.00,153.00,153.00,153.00,153.00,153.00,153.00,209.00,153.00,153.00,153.00,153.00,153.00,153.00,153.00,153.00,153.00,153.00,153.00,153.00,153.00,153.00,153.00,153.00,153.00
2026-08-30 10:05:34,153.00,153.00,153.00,153.00,199.00,153.00,153.00,153.00,153.00,153.00,153.00,209.00,153.00,153.00,153.00,153.00,153.00,153.00,153.00,153.00,153.00,153.00,153.00,153.00,153.00,153.00,153.00,153.00,153.00
2026-08-30 10:15:29,153.00,153.00,153.00,153.00,199.00,153.00,153.00,153.00,153.00,153.00,153.00,209.00,153.00,153.00,153.00,153.00,153.00,153.00,153.00,153.00,153.00,153.00,153.00,153.00,153.00,153.00,153.00,153.00,153.00
2026-08-30 10:25:22,153.00,153.00,153.00,153.00,199.00,153.00,153.00,153.00,153.00,153.00,153.00,209.00,153.00,153.00,153.00,153.00,153.00,153.00,153.00,153.00,153.00,153.00,153.00,153.00,153.00,153.00,153.00,153.00,153.00
2026-08-30 10:35:34,153.00,153.00,153.00,153.00,199.00,153.00,153.00,153.00,153.00,153.00,153.00,209.00,153.00,153.00,153.00,153.00,153.00,153.00,153.00,153.00,153.00,153.00,153.00,153.00,153.00,153.00,153.00,153.00,153.00
2026-08-30 10:45:34,153.00,153.00,153.00,153.00,199.00,153.00,153.00,153.00,153.00,153.00,153.00,209.00,153.00,153.00,153.00,153.00,153.00,153.00,153.00,153.00,153.00,153.00,153.00,153.00,153.00,153.00,153.00,153.00,153.00
2026-08-30 10:55:34,153.00,153.00,153.00,153.00,199.00,153.00,153.00,153.00,153.00,153.00,153.00,209.00,153.00,153.00,153.00,153.00,153.00,153.00,153.00,153.00,153.00,153.00,153.00,153.00,153.00,153.00,153.00,153.00,153.00
2026-08-30 11:05:31,153.00,153.00,153.00,153.00,199.00,153.00,153.00,153.00,153.00,153.00,153.00,209.00,153.00,153.00,153.00,153.00,153.00,153.00,153.00,153.00,153.00,153.00,153.00,153.00,153.00,153.00,153.00,153.00,153.00
2026-08-30 11:15:33,153.00,153.00,153.00,153.00,199.00,153.00,153.00,153.00,153.00,153.00,153.00,209.00,153.00,153.00,153.00,153.00,153.00,153.00,153.00,153.00,153.00,153.00,153.00,153.00,153.00,153.00,153.00,153.00,153.00
2026-08-30 11:25:36,153.00,153.00,153.00,153.00,199.00,153.00,153.00,153.00,153.00,153.00,153.00,209.00,153.00,153.00,153.00,153.00,153.00,153.00,153.00,153.00,153.00,153.00,153.00,153.00,153.00,153.00,153.00,153.00,153.00
2026-08-30 11:35:24,153.00,153.00,153.00,153.00,199.00,153.00,153.00,153.00,153.00,153.00,153.00,209.00,153.00,153.00,153.00,153.00,153.00,153.00,153.00,153.00,153.00,153.00,153.00,153.00,153.00,153.00,153.00,153.00,153.00
2026-08-30 11:45:35,153.00,153.00,153.00,153.00,199.00,153.00,153.00,153.00,153.00,153.00,153.00,209.00,153.00,153.00,153.00,153.00,153.00,153.00,153.00,153.00,153.00,153.00,153.00,153.00,153.00,153.00,153.00,153.00,153.00
2026-08-30 11:55:36,153.00,153.00,153.00,153.00,199.00,153.00,153.00,153.00,153.00,153.00,153.00,209.00,153.00,153.00,153.00,153.00,153.00,153.00,153.00,153.00,153.00,153.00,153.00,153.00,153.00,153.00,153.00,153.00,153.00
2026-08-30 12:05:25,153.00,153.00,153.00,153.00,199.00,153.00,153.00,153.00,153.00,153.00,153.00,209.00,153.00,153.00,153.00,153.00,153.00,153.00,153.00,153.00,153.00,153.00,153.00,153.00,153.00,153.00,153.00,153.00,153.00
2026-08-30 12:15:33,153.00,153.00,153.00,153.00,199.00,153.00,153.00,153.00,153.00,153.00,153.00,209.00,153.00,153.00,153.00,153.00,153.00,153.00,153.00,153.00,153.00,153.00,153.00,153.00,153.00,153.00,153.00,153.00,153.00
2026-08-30 12:25:36,153.00,153.00,153.00,153.00,199.00,153.00,153.00,153.00,153.00,153.00,153.00,209.00,153.00,153.00,153.00,153.00,153.00,153.00,153.00,153.00,153.00,153.00,153.00,153.00,153.00,153.00,153.00,153.00,153.00
2026-08-30 12:35:36,153.00,153.00,153.00,153.00,199.00,153.00,153.00,153.00,153.00,153.00,153.00,209.00,153.00,153.00,153.00,153.00,153.00,153.00,153.00,153.00,153.00,153.00,153.00,153.00,153.00,153.00,153.00,153.00,153.00
2026-08-30 12:45:33,153.00,153.00,153.00,153.00,199.00,153.00,153.00,153.00,153.00,153.00,153.00,209.00,153.00,153.00,153.00,153.00,153.00,153.00,153.00,153.00,153.00,153.00,153.00,153.00,153.00,153.00,153.00,153.00,153.00
2026-08-30 12:55:36,153.00,,153.00,153.00,,,,153.00,153.00,,,209.00,153.00,,,153.00,153.00,,153.00,153.00,,,,153.00,153.00,153.00,,153.00,
2026-08-30 13:05:35,153.00,153.00,153.00,153.00,199.00,153.00,153.00,153.00,153.00,153.00,153.00,209.00,153.00,153.00,153.00,153.00,153.00,153.00,153.00,153.00,153.00,153.00,153.00,153.00,153.00,153.00,153.00,153.00,153.00
2026-08-30 13:15:34,153.00,153.00,153.00,153.00,199.00,153.00,153.00,153.00,153.00,153.00,153.00,209.00,153.00,153.00,153.00,153.00,153.00,153.00,153.00,153.00,153.00,153.00,153.00,153.00,153.00,153.00,153.00,153.00,153.00
2026-08-30 13:25:37,153.00,153.00,153.00,153.00,199.00,153.00,153.00,153.00,153.00,153.00,153.00,209.00,153.00,153.00,153.00,153.00,153.00,153.00,153.00,153.00,153.00,153.00,153.00,153.00,153.00,153.00,153.00,153.00,153.00
2026-08-30 13:35:34,153.00,153.00,153.00,153.00,199.00,153.00,153.00,153.00,153.00,153.00,153.00,209.00,153.00,153.00,153.00,153.00,153.00,153.00,153.00,153.00,153.00,153.00,153.00,153.00,153.00,153.00,153.00,153.00,153.00
2026-08-30 13:45:34,153.00,153.00,153.00,153.00,199.00,153.00,153.00,153.00,153.00,153.00,153.00,209.00,153.00,153.00,153.00,153.00,153.00,153.00,153.00,153.00,153.00,153.00,153.00,153.00,153.00,153.00,153.00,153.00,153.00
2026-08-30 13:55:33,153.00,153.00,153.00,153.00,199.00,153.00,153.00,153.00,153.00,153.00,153.00,209.00,153.00,153.00,153.00,153.00,153.00,153.00,153.00,153.00,153.00,153.00,153.00,153.00,153.00,153.00,153.00,153.00,153.00
2026-08-30 14:05:27,153.00,153.00,153.00,153.00,199.00,153.00,153.00,153.00,153.00,153.00,153.00,209.00,153.00,153.00,153.00,153.00,153.00,153.00,153.00,153.00,153.00,153.00,153.00,153.00,153.00,153.00,153.00,153.00,153.00
2026-08-30 14:15:25,153.00,153.00,153.00,153.00,199.00,153.00,153.00,153.00,153.00,153.00,153.00,209.00,153.00,153.00,153.00,153.00,153.00,153.00,153.00,153.00,153.00,153.00,153.00,153.00,153.00,153.00,153.00,153.00,153.00
2026-08-30 14:25:42,153.00,153.00,153.00,153.00,199.00,153.00,153.00,153.00,153.00,153.00,153.00,209.00,153.00,153.00,153.00,153.00,153.00,153.00,153.00,153.00,153.00,153.00,153.00,153.00,153.00,153.00,153.00,153.00,153.00
2026-08-30 14:35:41,153.00,153.00,153.00,153.00,199.00,153.00,153.00,153.00,153.00,153.00,153.00,209.00,153.00,153.00,153.00,153.00,153.00,153.00,153.00,153.00,153.00,153.00,153.00,153.00,153.00,153.00,153.00,153.00,153.00
2026-08-30 14:45:26,153.00,153.00,153.00,153.00,199.00,153.00,153.00,153.00,153.00,153.00,153.00,209.00,153.00,153.00,153.00,153.00,153.00,153.00,153.00,153.00,153.00,153.00,153.00,153.00,153.00,153.00,153.00,153.00,153.00
2026-08-30 14:55:31,153.00,153.00,153.00,153.00,199.00,153.00,153.00,153.00,153.00,153.00,153.00,209.00,153.00,153.00,153.00,153.00,153.00,153.00,153.00,153.00,153.00,153.00,153.00,153.00,153.00,153.00,153.00,153.00,153.00
2026-08-30 15:05:36,153.00,153.00,153.00,153.00,199.00,153.00,153.00,153.00,153.00,153.00,153.00,209.00,153.00,153.00,153.00,153.00,153.00,153.00,153.00,153.00,153.00,153.00,153.00,153.00,153.00,153.00,153.00,153.00,153.00
2026-08-30 15:15:28,153.00,153.00,153.00,153.00,199.00,153.00,153.00,153.00,153.00,153.00,153.00,209.00,153.00,153.00,153.00,153.00,153.00,153.00,153.00,153.00,153.00,153.00,153.00,153.00,153.00,153.00,153.00,153.00,153.00
2026-08-30 15:25:23,153.00,153.00,153.00,153.00,199.00,153.00,153.00,153.00,153.00,153.00,153.00,209.00,153.00,153.00,153.00,153.00,153.00,153.00,153.00,153.00,153.00,153.00,153.00,153.00,153.00,153.00,153.00,153.00,153.00
2026-08-30 15:35:33,153.00,153.00,153.00,153.00,199.00,153.00,153.00,153.00,153.00,153.00,153.00,209.00,153.00,153.00,153.00,153.00,153.00,153.00,153.00,153.00,153.00,153.00,153.00,153.00,153.00,153.00,153.00,153.00,153.00
2026-08-30 15:45:35,153.00,153.00,153.00,153.00,199.00,153.00,153.00,153.00,153.00,153.00,153.00,209.00,153.00,153.00,153.00,153.00,153.00,153.00,153.00,153.00,153.00,153.00,153.00,153.00,153.00,153.00,153.00,153.00,153.00
2026-08-30 15:55:40,153.00,153.00,153.00,153.00,199.00,153.00,153.00,153.00,153.00,153.00,153.00,209.00,153.00,153.00,153.00,153.00,153.00,153.00,153.00,153.00,153.00,153.00,153.00,153.00,153.00,153.00,153.00,153.00,153.00
2026-08-30 16:05:37,153.00,153.00,153.00,153.00,199.00,153.00,153.00,153.00,153.00,153.00,153.00,209.00,153.00,153.00,153.00,153.00,153.00,153.00,153.00,153.00,153.00,153.00,153.00,153.00,153.00,153.00,153.00,153.00,153.00
2026-08-30 16:15:40,153.00,153.00,153.00,153.00,199.00,153.00,153.00,153.00,153.00,153.00,153.00,209.00,153.00,153.00,153.00,153.00,153.00,153.00,153.00,153.00,153.00,153.00,153.00,153.00,153.00,153.00,153.00,153.00,153.00
2026-08-30 16:25:39,153.00,153.00,153.00,153.00,199.00,153.00,153.00,153.00,153.00,153.00,153.00,209.00,153.00,153.00,153.00,153.00,153.00,153.00,153.00,153.00,153.00,153.00,153.00,153.00,153.00,153.00,153.00,153.00,153.00
2026-08-30 16:35:37,153.00,153.00,153.00,153.00,199.00,153.00,153.00,153.00,153.00,153.00,153.00,209.00,153.00,153.00,153.00,153.00,153.00,153.00,153.00,153.00,153.00,153.00,153.00,153.00,153.00,153.00,153.00,153.00,153.00
2026-08-30 16:45:37,153.00,153.00,153.00,153.00,199.00,153.00,153.00,153.00,153.00,153.00,153.00,209.00,153.00,153.00,153.00,153.00,153.00,153.00,153.00,153.00,153.00,153.00,153.00,153.00,153.00,153.00,153.00,153.00,153.00
2026-08-30 16:55:29,153.00,153.00,153.00,153.00,199.00,153.00,153.00,153.00,153.00,153.00,153.00,209.00,153.00,153.00,153.00,153.00,153.00,153.00,153.00,153.00,153.00,153.00,153.00,153.00,153.00,153.00,153.00,153.00,153.00
2026-08-30 17:05:43,153.00,153.00,153.00,153.00,199.00,153.00,153.00,153.00,153.00,153.00,153.00,209.00,153.00,153.00,153.00,153.00,153.00,153.00,153.00,153.00,153.00,153.00,153.00,153.00,153.00,153.00,153.00,153.00,153.00
2026-08-30 17:15:50,,153.00,,,199.00,153.00,153.00,,,153.00,153.00,,,153.00,153.00,153.00,153.00,153.00,,,153.00,153.00,153.00,,,,153.00,,153.00
2026-08-30 17:25:37,153.00,153.00,153.00,153.00,199.00,153.00,153.00,153.00,153.00,153.00,153.00,209.00,153.00,153.00,153.00,153.00,153.00,153.00,153.00,153.00,153.00,153.00,153.00,153.00,153.00,153.00,153.00,153.00,153.00
2026-08-30 17:35:27,153.00,153.00,153.00,153.00,199.00,153.00,153.00,153.00,153.00,153.00,153.00,209.00,153.00,153.00,153.00,153.00,153.00,153.00,153.00,153.00,153.00,153.00,153.00,153.00,153.00,153.00,153.00,153.00,153.00
2026-08-30 17:45:37,153.00,153.00,153.00,153.00,199.00,153.00,153.00,153.00,153.00,153.00,153.00,209.00,153.00,153.00,153.00,153.00,153.00,153.00,153.00,153.00,153.00,153.00,153.00,153.00,153.00,153.00,153.00,153.00,153.00
2026-08-30 17:55:29,153.00,153.00,153.00,153.00,199.00,153.00,153.00,153.00,153.00,153.00,153.00,209.00,153.00,153.00,153.00,153.00,153.00,153.00,153.00,153.00,153.00,153.00,153.00,153.00,153.00,153.00,153.00,153.00,153.00
2026-08-30 18:05:38,153.00,153.00,153.00,153.00,199.00,153.00,153.00,153.00,153.00,153.00,153.00,209.00,153.00,153.00,153.00,153.00,153.00,153.00,153.00,153.00,153.00,153.00,153.00,153.00,153.00,153.00,153.00,153.00,153.00
2026-08-30 18:15:32,153.00,153.00,153.00,153.00,199.00,153.00,153.00,153.00,153.00,153.00,153.00,209.00,153.00,153.00,153.00,153.00,153.00,153.00,153.00,153.00,153.00,153.00,153.00,153.00,153.00,153.00,153.00,153.00,153.00
2026-08-30 18:25:40,153.00,153.00,153.00,153.00,199.00,153.00,153.00,153.00,153.00,153.00,153.00,209.00,153.00,153.00,153.00,153.00,153.00,153.00,153.00,153.00,153.00,153.00,153.00,153.00,153.00,153.00,153.00,153.00,153.00
2026-08-30 18:35:41,153.00,153.00,153.00,153.00,199.00,153.00,153.00,153.00,153.00,153.00,153.00,209.00,153.00,153.00,153.00,153.00,153.00,153.00,153.00,153.00,153.00,153.00,153.00,153.00,153.00,153.00,153.00,153.00,153.00
2026-08-30 18:45:32,153.00,153.00,153.00,153.00,199.00,153.00,153.00,153.00,153.00,153.00,153.00,209.00,153.00,153.00,153.00,153.00,153.00,153.00,153.00,153.00,153.00,153.00,153.00,153.00,153.00,153.00,153.00,153.00,153.00
2026-08-30 18:55:34,153.00,153.00,153.00,153.00,199.00,153.00,153.00,153.00,153.00,153.00,153.00,209.00,153.00,153.00,153.00,153.00,153.00,153.00,153.00,153.00,153.00,153.00,153.00,153.00,153.00,153.00,153.00,153.00,153.00
2026-08-30 19:05:36,153.00,153.00,153.00,153.00,199.00,153.00,153.00,153.00,153.00,153.00,153.00,209.00,153.00,153.00,153.00,153.00,153.00,153.00,153.00,153.00,153.00,153.00,153.00,153.00,153.00,153.00,153.00,153.00,153.00
2026-08-30 19:15:35,153.00,153.00,153.00,153.00,199.00,153.00,153.00,153.00,153.00,153.00,153.00,209.00,153.00,153.00,153.00,153.00,153.00,153.00,153.00,153.00,153.00,153.00,153.00,153.00,153.00,153.00,153.00,153.00,153.00
2026-08-30 19:25:36,153.00,153.00,153.00,153.00,153.00,153.00,153.00,153.00,153.00,153.00,153.00,209.00,153.00,153.00,153.00,153.00,153.00,153.00,153.00,153.00,153.00,153.00,153.00,153.00,153.00,153.00,153.00,153.00,153.00
2026-08-30 19:35:33,153.00,153.00,153.00,153.00,153.00,153.00,153.00,153.00,153.00,153.00,153.00,209.00,153.00,153.00,153.00,153.00,153.00,153.00,153.00,153.00,153.00,153.00,153.00,153.00,153.00,153.00,153.00,153.00,153.00
2026-08-30 19:45:27,153.00,153.00,153.00,153.00,153.00,153.00,153.00,153.00,153.00,153.00,153.00,209.00,153.00,153.00,153.00,153.00,153.00,153.00,153.00,153.00,153.00,153.00,153.00,153.00,153.00,153.00,153.00,153.00,153.00
2026-08-30 19:55:37,153.00,153.00,153.00,153.00,153.00,153.00,153.00,153.00,153.00,153.00,153.00,209.00,153.00,153.00,153.00,153.00,153.00,153.00,153.00,153.00,153.00,153.00,153.00,153.00,153.00,153.00,153.00,153.00,153.00
2026-08-30 20:05:32,153.00,153.00,153.00,153.00,153.00,153.00,153.00,153.00,153.00,153.00,153.00,209.00,153.00,153.00,153.00,153.00,153.00,153.00,153.00,153.00,153.00,153.00,153.00,153.00,153.00,153.00,153.00,153.00,153.00
2026-08-30 20:15:38,153.00,153.00,153.00,153.00,153.00,153.00,153.00,153.00,153.00,153.00,153.00,209.00,153.00,153.00,153.00,153.00,153.00,153.00,153.00,153.00,153.00,153.00,153.00,153.00,153.00,153.00,153.00,153.00,153.00
2026-08-30 20:25:33,153.00,153.00,153.00,153.00,153.00,153.00,153.00,153.00,153.00,153.00,153.00,209.00,153.00,153.00,153.00,153.00,153.00,153.00,153.00,153.00,153.00,153.00,153.00,153.00,153.00,153.00,153.00,153.00,153.00
2026-08-30 20:35:30,153.00,153.00,153.00,153.00,153.00,153.00,153.00,153.00,153.00,153.00,153.00,209.00,153.00,153.00,153.00,153.00,153.00,153.00,153.00,153.00,153.00,153.00,153.00,153.00,153.00,153.00,153.00,153.00,153.00
2026-08-30 20:45:33,153.00,153.00,153.00,153.00,153.00,153.00,153.00,153.00,153.00,153.00,153.00,209.00,153.00,153.00,153.00,153.00,153.00,153.00,153.00,153.00,153.00,153.00,153.00,153.00,153.00,153.00,153.00,153.00,153.00
2026-08-30 20:55:40,153.00,153.00,153.00,153.00,153.00,153.00,153.00,153.00,153.00,153.00,153.00,209.00,153.00,153.00,153.00,153.00,153.00,153.00,153.00,153.00,153.00,153.00,153.00,153.00,153.00,153.00,153.00,153.00,153.00
2026-08-30 21:05:43,153.00,153.00,153.00,153.00,153.00,153.00,153.00,153.00,153.00,153.00,153.00,209.00,153.00,153.00,153.00,153.00,153.00,153.00,153.00,153.00,153.00,153.00,153.00,153.00,153.00,153.00,153.00,153.00,153.00
2026-08-30 21:15:38,153.00,153.00,153.00,153.00,153.00,153.00,153.00,153.00,153.00,153.00,153.00,209.00,153.00,153.00,153.00,153.00,153.00,153.00,153.00,153.00,153.00,153.00,153.00,153.00,153.00,153.00,153.00,153.00,153.00
2026-08-30 21:25:39,153.00,153.00,153.00,153.00,153.00,153.00,153.00,153.00,153.00,153.00,153.00,209.00,153.00,153.00,153.00,153.00,153.00,153.00,153.00,153.00,153.00,153.00,153.00,153.00,153.00,153.00,153.00,153.00,153.00
2026-08-30 21:35:39,153.00,153.00,153.00,153.00,153.00,153.00,153.00,153.00,153.00,153.00,153.00,209.00,153.00,153.00,153.00,153.00,153.00,153.00,153.00,153.00,153.00,153.00,153.00,153.00,153.00,153.00,153.00,153.00,153.00
2026-08-30 21:45:44,153.00,153.00,153.00,153.00,153.00,153.00,153.00,153.00,153.00,153.00,153.00,209.00,153.00,153.00,153.00,153.00,153.00,153.00,153.00,153.00,153.00,153.00,153.00,153.00,153.00,153.00,153.00,153.00,153.00
2026-08-30 21:55:37,153.00,153.00,153.00,153.00,153.00,153.00,153.00,153.00,153.00,153.00,153.00,209.00,153.00,153.00,153.00,153.00,153.00,153.00,153.00,153.00,153.00,153.00,153.00,153.00,153.00,153.00,153.00,153.00,153.00
2026-08-30 22:05:28,153.00,153.00,153.00,153.00,153.00,153.00,153.00,153.00,153.00,153.00,153.00,209.00,153.00,153.00,153.00,153.00,153.00,153.00,153.00,153.00,153.00,153.00,153.00,153.00,153.00,153.00,153.00,153.00,153.00
2026-08-30 22:15:38,153.00,153.00,153.00,153.00,153.00,153.00,153.00,153.00,153.00,153.00,153.00,209.00,153.00,153.00,153.00,153.00,153.00,153.00,153.00,153.00,153.00,153.00,153.00,153.00,153.00,153.00,153.00,153.00,153.00
2026-08-30 22:25:22,153.00,153.00,153.00,153.00,153.00,153.00,153.00,153.00,153.00,153.00,153.00,209.00,153.00,153.00,153.00,153.00,153.00,153.00,153.00,153.00,153.00,153.00,153.00,153.00,153.00,153.00,153.00,153.00,153.00
2026-08-30 22:35:37,153.00,153.00,153.00,153.00,153.00,153.00,153.00,153.00,153.00,153.00,153.00,209.00,153.00,153.00,153.00,153.00,153.00,153.00,153.00,153.00,153.00,153.00,153.00,153.00,153.00,153.00,153.00,153.00,153.00
2026-08-30 22:45:32,153.00,153.00,153.00,153.00,153.00,153.00,153.00,153.00,153.00,153.00,153.00,209.00,153.00,153.00,153.00,153.00,153.00,153.00,153.00,153.00,153.00,153.00,153.00,153.00,153.00,153.00,153.00,153.00,153.00
2026-08-30 22:55:39,153.00,153.00,153.00,153.00,153.00,153.00,153.00,153.00,153.00,153.00,153.00,209.00,153.00,153.00,153.00,153.00,153.00,153.00,153.00,153.00,153.00,153.00,153.00,153.00,153.00,153.00,153.00,153.00,153.00
2026-08-30 23:05:40,153.00,153.00,153.00,153.00,153.00,153.00,153.00,153.00,153.00,153.00,153.00,209.00,153.00,153.00,153.00,153.00,153.00,153.00,153.00,153.00,153.00,153.00,153.00,153.00,153.00,153.00,153.00,153.00,153.00
2026-08-30 23:15:36,153.00,153.00,153.00,153.00,153.00,153.00,153.00,153.00,153.00,153.00,153.00,209.00,153.00,153.00,153.00,153.00,153.00,153.00,153.00,153.00,153.00,153.00,153.00,153.00,153.00,153.00,153.00,153.00,153.00
2026-08-30 23:25:28,153.00,153.00,153.00,153.00,153.00,153.00,153.00,153.00,153.00,153.00,153.00,209.00,153.00,153.00,153.00,153.00,153.00,153.00,153.00,153.00,153.00,153.00,153.00,153.00,153.00,153.00,153.00,153.00,153.00
2026-08-30 23:35:38,153.00,153.00,153.00,153.00,153.00,153.00,153.00,153.00,153.00,153.00,153.00,209.00,153.00,153.00,153.00,153.00,153.00,153.00,153.00,153.00,153.00,153.00,153.00,153.00,153.00,153.00,153.00,153.00,153.00
2026-08-30 23:45:33,153.00,153.00,153.00,153.00,153.00,153.00,153.00,153.00,153.00,153.00,153.00,209.00,153.00,153.00,153.00,153.00,153.00,153.00,153.00,153.00,153.00,153.00,153.00,153.00,153.00,153.00,153.00,153.00,153.00
2026-08-30 23:55:24,153.00,153.00,153.00,153.00,153.00,153.00,153.00,153.00,153.00,153.00,153.00,209.00,153.00,153.00,153.00,153.00,153.00,153.00,153.00,153.00,153.00,153.00,153.00,153.00,153.00,153.00,153.00,153.00,153.00
2026-08-31 00:05:40,153.00,153.00,153.00,153.00,153.00,153.00,153.00,153.00,153.00,153.00,153.00,209.00,153.00,153.00,153.00,153.00,153.00,153.00,153.00,153.00,153.00,153.00,153.00,153.00,153.00,153.00,153.00,153.00,153.00
2026-08-31 00:15:38,153.00,153.00,153.00,153.00,153.00,153.00,153.00,153.00,153.00,153.00,153.00,209.00,153.00,153.00,153.00,153.00,153.00,153.00,153.00,153.00,153.00,153.00,153.00,153.00,153.00,153.00,153.00,153.00,153.00
2026-08-31 00:25:37,153.00,153.00,153.00,153.00,153.00,153.00,153.00,153.00,153.00,153.00,153.00,209.00,153.00,153.00,153.00,153.00,153.00,153.00,153.00,153.00,153.00,153.00,153.00,153.00,153.00,153.00,153.00,153.00,153.00
2026-08-31 00:35:40,153.00,153.00,153.00,153.00,153.00,153.00,153.00,153.00,153.00,153.00,153.00,209.00,153.00,153.00,153.00,153.00,153.00,153.00,153.00,153.00,153.00,153.00,153.00,153.00,153.00,153.00,153.00,153.00,153.00
2026-08-31 00:45:40,153.00,153.00,153.00,153.00,153.00,153.00,153.00,153.00,153.00,153.00,153.00,209.00,153.00,153.00,153.00,153.00,153.00,153.00,153.00,153.00,153.00,153.00,153.00,153.00,153.00,153.00,153.00,153.00,153.00
2026-08-31 00:55:40,153.00,153.00,153.00,153.00,153.00,153.00,153.00,153.00,153.00,153.00,153.00,209.00,153.00,153.00,153.00,153.00,153.00,153.00,153.00,153.00,153.00,153.00,153.00,153.00,153.00,153.00,153.00,153.00,153.00
2026-08-31 01:05:33,153.00,153.00,153.00,153.00,153.00,153.00,153.00,153.00,153.00,153.00,153.00,209.00,153.00,153.00,153.00,153.00,153.00,153.00,153.00,153.00,153.00,153.00,153.00,153.00,153.00,153.00,153.00,153.00,153.00
2026-08-31 01:15:38,153.00,153.00,153.00,153.00,153.00,153.00,153.00,153.00,153.00,153.00,153.00,209.00,153.00,153.00,153.00,153.00,153.00,153.00,153.00,153.00,153.00,153.00,153.00,153.00,153.00,153.00,153.00,153.00,153.00
2026-08-31 01:25:37,153.00,153.00,153.00,153.00,153.00,153.00,153.00,153.00,153.00,153.00,153.00,209.00,153.00,153.00,153.00,153.00,153.00,153.00,153.00,153.00,153.00,153.00,153.00,153.00,153.00,153.00,153.00,153.00,153.00
2026-08-31 01:35:26,153.00,153.00,153.00,153.00,153.00,153.00,153.00,153.00,153.00,153.00,153.00,209.00,153.00,153.00,153.00,153.00,153.00,153.00,153.00,153.00,153.00,153.00,153.00,153.00,153.00,153.00,153.00,153.00,153.00
2026-08-31 01:45:36,153.00,153.00,153.00,153.00,153.00,153.00,153.00,153.00,153.00,153.00,153.00,209.00,153.00,153.00,153.00,153.00,153.00,153.00,153.00,153.00,153.00,153.00,153.00,153.00,153.00,153.00,153.00,153.00,153.00
2026-08-31 01:55:31,153.00,153.00,153.00,153.00,153.00,153.00,153.00,153.00,153.00,153.00,153.00,209.00,153.00,153.00,153.00,153.00,153.00,153.00,153.00,153.00,153.00,153.00,153.00,153.00,153.00,153.00,153.00,153.00,153.00
2026-08-31 02:05:35,153.00,153.00,153.00,153.00,153.00,153.00,153.00,153.00,153.00,153.00,153.00,209.00,153.00,153.00,153.00,153.00,153.00,153.00,153.00,153.00,153.00,153.00,153.00,153.00,153.00,153.00,153.00,153.00,153.00
2026-08-31 02:15:35,153.00,153.00,153.00,153.00,153.00,153.00,153.00,153.00,153.00,153.00,153.00,209.00,153.00,153.00,153.00,153.00,153.00,153.00,153.00,153.00,153.00,153.00,153.00,153.00,153.00,153.00,153.00,153.00,153.00
2026-08-31 02:25:30,153.00,153.00,153.00,153.00,153.00,153.00,153.00,153.00,153.00,153.00,153.00,209.00,153.00,153.00,153.00,153.00,153.00,153.00,153.00,153.00,153.00,153.00,153.00,153.00,153.00,153.00,153.00,153.00,153.00
2026-08-31 02:35:38,153.00,153.00,153.00,153.00,153.00,153.00,153.00,153.00,153.00,153.00,153.00,209.00,153.00,153.00,153.00,153.00,153.00,153.00,153.00,153.00,153.00,153.00,153.00,153.00,153.00,153.00,153.00,153.00,153.00
2026-08-31 02:45:36,153.00,153.00,153.00,153.00,153.00,153.00,153.00,153.00,153.00,153.00,153.00,209.00,153.00,153.00,153.00,153.00,153.00,153.00,153.00,153.00,153.00,153.00,153.00,153.00,153.00,153.00,153.00,153.00,153.00
2026-08-31 02:55:34,153.00,153.00,153.00,153.00,153.00,153.00,153.00,153.00,153.00,153.00,153.00,209.00,153.00,153.00,153.00,153.00,153.00,153.00,153.00,153.00,153.00,153.00,153.00,153.00,153.00,153.00,153.00,153.00,153.00
2026-08-31 03:05:38,153.00,153.00,153.00,153.00,153.00,153.00,153.00,153.00,153.00,153.00,153.00,209.00,153.00,153.00,153.00,153.00,153.00,153.00,153.00,153.00,153.00,153.00,153.00,153.00,153.00,153.00,153.00,153.00,153.00
2026-08-31 03:15:28,153.00,153.00,153.00,153.00,153.00,153.00,153.00,153.00,153.00,153.00,153.00,209.00,153.00,153.00,153.00,153.00,153.00,153.00,153.00,153.00,153.00,153.00,153.00,153.00,153.00,153.00,153.00,153.00,153.00
2026-08-31 03:25:37,153.00,153.00,153.00,153.00,153.00,153.00,153.00,153.00,153.00,153.00,153.00,209.00,153.00,153.00,153.00,153.00,153.00,153.00,153.00,153.00,153.00,153.00,153.00,153.00,153.00,153.00,153.00,153.00,153.00
2026-08-31 03:35:25,153.00,153.00,153.00,153.00,153.00,153.00,153.00,153.00,153.00,153.00,153.00,209.00,153.00,153.00,153.00,153.00,153.00,153.00,153.00,153.00,153.00,153.00,153.00,153.00,153.00,153.00,153.00,153.00,153.00
2026-08-31 03:45:40,153.00,153.00,153.00,153.00,153.00,153.00,153.00,153.00,153.00,153.00,153.00,209.00,153.00,153.00,153.00,153.00,153.00,153.00,153.00,153.00,153.00,153.00,153.00,153.00,153.00,153.00,153.00,153.00,153.00
2026-08-31 03:55:39,153.00,153.00,153.00,153.00,153.00,153.00,153.00,153.00,153.00,153.00,153.00,209.00,153.00,153.00,153.00,153.00,153.00,153.00,153.00,153.00,153.00,153.00,153.00,153.00,153.00,153.00,153.00,153.00,153.00
2026-08-31 04:05:33,153.00,153.00,153.00,153.00,153.00,153.00,153.00,153.00,153.00,153.00,153.00,209.00,153.00,153.00,153.00,153.00,153.00,153.00,153.00,153.00,153.00,153.00,153.00,153.00,153.00,153.00,153.00,153.00,153.00
2026-08-31 04:15:36,153.00,153.00,153.00,153.00,153.00,153.00,153.00,153.00,153.00,153.00,153.00,209.00,153.00,153.00,153.00,153.00,153.00,153.00,153.00,153.00,153.00,153.00,153.00,153.00,153.00,153.00,153.00,153.00,153.00
2026-08-31 04:25:35,153.00,153.00,153.00,153.00,153.00,153.00,153.00,153.00,153.00,153.00,153.00,209.00,153.00,153.00,153.00,153.00,153.00,153.00,153.00,153.00,153.00,153.00,153.00,153.00,153.00,153.00,153.00,153.00,153.00
2026-08-31 04:35:35,153.00,153.00,153.00,153.00,153.00,153.00,153.00,153.00,153.00,153.00,153.00,209.00,153.00,153.00,153.00,153.00,153.00,153.00,153.00,153.00,153.00,153.00,153.00,153.00,153.00,153.00,153.00,153.00,153.00
2026-08-31 04:45:40,153.00,153.00,153.00,153.00,153.00,153.00,153.00,153.00,153.00,153.00,153.00,209.00,153.00,153.00,153.00,153.00,153.00,153.00,153.00,153.00,153.00,153.00,153.00,153.00,153.00,153.00,153.00,153.00,153.00
2026-08-31 04:55:27,153.00,153.00,153.00,153.00,153.00,153.00,153.00,153.00,153.00,153.00,153.00,209.00,153.00,153.00,153.00,153.00,153.00,153.00,153.00,153.00,153.00,153.00,153.00,153.00,153.00,153.00,153.00,153.00,153.00
2026-08-31 05:05:41,153.00,153.00,153.00,153.00,153.00,153.00,153.00,153.00,153.00,153.00,153.00,209.00,153.00,153.00,153.00,153.00,153.00,153.00,153.00,153.00,153.00,153.00,153.00,153.00,153.00,153.00,153.00,153.00,153.00
2026-08-31 05:15:33,153.00,153.00,153.00,153.00,153.00,153.00,153.00,153.00,153.00,153.00,153.00,209.00,153.00,153.00,153.00,153.00,153.00,153.00,153.00,153.00,153.00,153.00,153.00,153.00,153.00,153.00,153.00,153.00,153.00
2026-08-31 05:25:39,153.00,153.00,153.00,153.00,153.00,153.00,153.00,153.00,153.00,153.00,153.00,209.00,153.00,153.00,153.00,153.00,153.00,153.00,153.00,153.00,153.00,153.00,153.00,153.00,153.00,153.00,153.00,153.00,153.00
2026-08-31 05:35:38,153.00,153.00,153.00,153.00,153.00,153.00,153.00,153.00,153.00,153.00,153.00,209.00,153.00,153.00,153.00,153.00,153.00,153.00,153.00,153.00,153.00,153.00,153.00,153.00,153.00,153.00,153.00,153.00,153.00
2026-08-31 05:45:35,153.00,153.00,153.00,153.00,153.00,153.00,153.00,153.00,153.00,153.00,153.00,209.00,153.00,153.00,153.00,153.00,153.00,153.00,153.00,153.00,153.00,153.00,153.00,153.00,153.00,153.00,153.00,153.00,153.00
2026-08-31 05:55:39,153.00,153.00,153.00,153.00,153.00,153.00,153.00,153.00,153.00,153.00,153.00,209.00,153.00,153.00,153.00,153.00,153.00,153.00,153.00,153.00,153.00,153.00,153.00,153.00,153.00,153.00,153.00,153.00,153.00
2026-08-31 06:05:36,153.00,153.00,153.00,153.00,153.00,153.00,153.00,153.00,153.00,153.00,153.00,209.00,153.00,153.00,153.00,153.00,153.00,153.00,153.00,153.00,153.00,153.00,153.00,153.00,153.00,153.00,153.00,153.00,153.00
2026-08-31 06:15:30,153.00,153.00,153.00,153.00,153.00,153.00,153.00,153.00,153.00,153.00,153.00,153.00,153.00,153.00,153.00,153.00,153.00,153.00,153.00,153.00,153.00,153.00,153.00,153.00,153.00,153.00,153.00,153.00,153.00
2026-08-31 06:25:26,153.00,153.00,153.00,153.00,153.00,153.00,153.00,153.00,153.00,153.00,153.00,153.00,153.00,153.00,153.00,153.00,153.00,153.00,153.00,153.00,153.00,153.00,153.00,153.00,153.00,153.00,153.00,153.00,153.00
2026-08-31 06:35:35,153.00,153.00,153.00,153.00,153.00,153.00,153.00,153.00,153.00,153.00,153.00,153.00,153.00,153.00,153.00,153.00,153.00,153.00,153.00,153.00,153.00,153.00,153.00,153.00,153.00,153.00,153.00,153.00,153.00
2026-08-31 06:45:32,153.00,153.00,153.00,153.00,153.00,153.00,153.00,153.00,153.00,153.00,153.00,153.00,153.00,153.00,153.00,153.00,153.00,153.00,153.00,153.00,153.00,153.00,153.00,153.00,153.00,153.00,153.00,153.00,153.00
2026-08-31 06:55:37,153.00,153.00,153.00,153.00,153.00,153.00,153.00,153.00,153.00,153.00,153.00,153.00,153.00,153.00,153.00,153.00,153.00,153.00,153.00,153.00,153.00,153.00,153.00,153.00,153.00,153.00,153.00,153.00,153.00
2026-08-31 07:05:38,153.00,153.00,153.00,153.00,153.00,153.00,153.00,153.00,153.00,153.00,153.00,153.00,153.00,153.00,153.00,153.00,153.00,153.00,153.00,153.00,153.00,153.00,153.00,153.00,153.00,153.00,153.00,153.00,153.00
2026-08-31 07:15:25,153.00,153.00,153.00,153.00,153.00,153.00,153.00,153.00,153.00,153.00,153.00,153.00,153.00,153.00,153.00,153.00,153.00,153.00,153.00,153.00,153.00,153.00,153.00,153.00,153.00,153.00,153.00,153.00,153.00
2026-08-31 07:25:41,153.00,153.00,153.00,153.00,153.00,153.00,153.00,153.00,153.00,153.00,153.00,153.00,153.00,153.00,153.00,153.00,153.00,153.00,153.00,153.00,153.00,153.00,153.00,153.00,153.00,153.00,153.00,153.00,153.00
2026-08-31 07:35:36,153.00,153.00,153.00,153.00,153.00,153.00,153.00,153.00,153.00,153.00,153.00,153.00,153.00,153.00,153.00,153.00,153.00,153.00,153.00,153.00,153.00,153.00,153.00,153.00,153.00,153.00,153.00,153.00,153.00
2026-08-31 07:45:24,153.00,153.00,153.00,153.00,153.00,153.00,153.00,153.00,153.00,153.00,153.00,153.00,153.00,153.00,153.00,153.00,153.00,153.00,153.00,153.00,153.00,153.00,153.00,153.00,153.00,153.00,153.00,153.00,153.00
2026-08-31 07:55:34,153.00,153.00,153.00,153.00,153.00,153.00,153.00,153.00,153.00,153.00,153.00,153.00,153.00,153.00,153.00,153.00,153.00,153.00,153.00,153.00,153.00,153.00,153.00,153.00,153.00,153.00,153.00,153.00,153.00
2026-08-31 08:05:35,153.00,153.00,153.00,153.00,153.00,153.00,153.00,153.00,153.00,153.00,153.00,153.00,153.00,153.00,153.00,153.00,153.00,153.00,153.00,153.00,153.00,153.00,153.00,153.00,153.00,153.00,153.00,153.00,153.00
2026-08-31 08:15:21,153.00,153.00,153.00,153.00,153.00,153.00,153.00,153.00,153.00,153.00,153.00,153.00,153.00,153.00,153.00,153.00,153.00,153.00,153.00,153.00,153.00,153.00,153.00,153.00,153.00,153.00,153.00,153.00,153.00
2026-08-31 08:25:34,153.00,153.00,153.00,153.00,153.00,153.00,153.00,153.00,153.00,153.00,153.00,153.00,153.00,153.00,153.00,153.00,153.00,153.00,153.00,153.00,153.00,153.00,153.00,153.00,153.00,153.00,153.00,153.00,153.00
2026-08-31 08:35:36,153.00,153.00,153.00,153.00,153.00,153.00,153.00,153.00,153.00,153.00,153.00,153.00,153.00,153.00,153.00,153.00,153.00,153.00,153.00,153.00,153.00,153.00,153.00,153.00,153.00,153.00,153.00,153.00,153.00
2026-08-31 08:45:34,153.00,153.00,153.00,153.00,153.00,153.00,153.00,153.00,153.00,153.00,153.00,153.00,153.00,153.00,153.00,153.00,153.00,153.00,153.00,153.00,153.00,153.00,153.00,153.00,153.00,153.00,153.00,153.00,153.00
2026-08-31 08:55:43,153.00,153.00,153.00,153.00,153.00,153.00,153.00,153.00,153.00,153.00,153.00,153.00,153.00,153.00,153.00,153.00,153.00,153.00,153.00,153.00,153.00,153.00,153.00,153.00,153.00,153.00,153.00,153.00,153.00
2026-08-31 09:05:36,153.00,153.00,153.00,153.00,153.00,153.00,153.00,153.00,153.00,153.00,153.00,153.00,153.00,153.00,153.00,153.00,153.00,153.00,153.00,153.00,153.00,153.00,153.00,153.00,153.00,153.00,153.00,153.00,153.00
2026-08-31 09:15:34,153.00,153.00,153.00,153.00,153.00,153.00,153.00,153.00,153.00,153.00,153.00,153.00,153.00,153.00,153.00,153.00,153.00,153.00,153.00,153.00,153.00,153.00,153.00,153.00,153.00,153.00,153.00,153.00,153.00
2026-08-31 09:25:38,153.00,153.00,153.00,153.00,153.00,153.00,153.00,153.00,153.00,153.00,153.00,153.00,153.00,153.00,153.00,153.00,153.00,153.00,153.00,153.00,153.00,153.00,153.00,153.00,153.00,153.00,153.00,153.00,153.00
2026-08-31 09:35:29,153.00,153.00,153.00,153.00,153.00,153.00,153.00,153.00,153.00,153.00,153.00,153.00,153.00,153.00,153.00,153.00,153.00,153.00,153.00,153.00,153.00,153.00,153.00,153.00,153.00,153.00,153.00,153.00,153.00
2026-08-31 09:45:37,153.00,153.00,153.00,153.00,153.00,153.00,153.00,153.00,153.00,153.00,153.00,153.00,153.00,153.00,153.00,153.00,153.00,153.00,153.00,153.00,153.00,153.00,153.00,153.00,153.00,153.00,153.00,153.00,153.00
2026-08-31 09:55:30,153.00,153.00,153.00,153.00,153.00,153.00,153.00,153.00,153.00,153.00,153.00,153.00,153.00,153.00,153.00,153.00,153.00,153.00,153.00,153.00,153.00,153.00,153.00,153.00,153.00,153.00,153.00,153.00,153.00
2026-08-31 10:05:40,153.00,153.00,153.00,153.00,153.00,153.00,153.00,153.00,153.00,153.00,153.00,153.00,153.00,153.00,153.00,153.00,153.00,153.00,153.00,153.00,153.00,153.00,153.00,153.00,153.00,153.00,153.00,153.00,153.00
2026-08-31 10:16:29,,153.00,,,153.00,153.00,153.00,,,153.00,153.00,,,153.00,153.00,153.00,153.00,153.00,,,153.00,153.00,153.00,,,,153.00,,153.00
2026-08-31 10:25:57,153.00,153.00,153.00,153.00,153.00,153.00,153.00,153.00,153.00,153.00,153.00,153.00,153.00,153.00,153.00,153.00,153.00,153.00,153.00,153.00,153.00,153.00,153.00,153.00,153.00,153.00,153.00,153.00,153.00
2026-08-31 10:35:38,153.00,153.00,153.00,153.00,153.00,153.00,153.00,153.00,153.00,153.00,153.00,153.00,153.00,153.00,153.00,153.00,153.00,153.00,153.00,153.00,153.00,153.00,153.00,153.00,153.00,153.00,153.00,153.00,153.00
2026-08-31 10:45:26,153.00,153.00,153.00,153.00,153.00,153.00,153.00,153.00,153.00,153.00,153.00,153.00,153.00,153.00,153.00,153.00,153.00,153.00,153.00,153.00,153.00,153.00,153.00,153.00,153.00,153.00,153.00,153.00,153.00
2026-08-31 10:55:36,153.00,153.00,153.00,153.00,153.00,153.00,153.00,153.00,153.00,153.00,153.00,153.00,153.00,153.00,153.00,153.00,153.00,153.00,153.00,153.00,153.00,153.00,153.00,153.00,153.00,153.00,153.00,153.00,153.00
2026-08-31 11:05:44,153.00,153.00,153.00,153.00,153.00,153.00,153.00,153.00,153.00,153.00,153.00,153.00,153.00,153.00,153.00,153.00,153.00,153.00,153.00,153.00,153.00,153.00,153.00,153.00,153.00,153.00,153.00,153.00,153.00
2026-08-31 11:15:37,153.00,153.00,153.00,153.00,153.00,153.00,153.00,153.00,153.00,153.00,153.00,153.00,153.00,153.00,153.00,153.00,153.00,153.00,153.00,153.00,153.00,153.00,153.00,153.00,153.00,153.00,153.00,153.00,153.00
2026-08-31 11:25:22,153.00,153.00,153.00,153.00,153.00,153.00,153.00,153.00,153.00,153.00,153.00,153.00,153.00,153.00,153.00,153.00,153.00,153.00,153.00,153.00,153.00,153.00,153.00,153.00,153.00,153.00,153.00,153.00,153.00
2026-08-31 11:35:27,153.00,153.00,153.00,153.00,153.00,153.00,153.00,153.00,153.00,153.00,153.00,153.00,153.00,153.00,153.00,153.00,153.00,153.00,153.00,153.00,153.00,153.00,153.00,153.00,153.00,153.00,153.00,153.00,153.00
2026-08-31 11:46:26,153.00,153.00,153.00,153.00,153.00,153.00,153.00,153.00,153.00,153.00,153.00,153.00,153.00,153.00,153.00,153.00,153.00,153.00,153.00,153.00,153.00,153.00,153.00,153.00,153.00,153.00,153.00,153.00,153.00
2026-08-31 11:55:37,153.00,153.00,153.00,153.00,153.00,153.00,153.00,153.00,153.00,153.00,153.00,153.00,153.00,153.00,153.00,153.00,153.00,153.00,153.00,153.00,153.00,153.00,153.00,153.00,153.00,153.00,153.00,153.00,153.00
2026-08-31 12:05:37,153.00,153.00,153.00,153.00,153.00,153.00,153.00,153.00,153.00,153.00,153.00,153.00,153.00,153.00,153.00,153.00,153.00,153.00,153.00,153.00,153.00,153.00,153.00,153.00,153.00,153.00,153.00,153.00,153.00
2026-08-31 12:15:42,153.00,153.00,153.00,153.00,153.00,153.00,153.00,153.00,153.00,153.00,153.00,153.00,153.00,153.00,153.00,153.00,153.00,153.00,153.00,153.00,153.00,153.00,153.00,153.00,153.00,153.00,153.00,153.00,153.00
2026-08-31 12:25:38,153.00,153.00,153.00,153.00,153.00,153.00,153.00,153.00,153.00,153.00,153.00,153.00,153.00,153.00,153.00,153.00,153.00,153.00,153.00,153.00,153.00,153.00,153.00,153.00,153.00,153.00,153.00,153.00,153.00
2026-08-31 12:35:39,153.00,153.00,153.00,153.00,153.00,153.00,153.00,153.00,153.00,153.00,153.00,153.00,153.00,153.00,153.00,153.00,153.00,153.00,153.00,153.00,153.00,153.00,153.00,153.00,153.00,153.00,153.00,153.00,153.00
2026-08-31 12:45:37,153.00,153.00,153.00,153.00,153.00,153.00,153.00,153.00,153.00,153.00,153.00,153.00,153.00,153.00,153.00,153.00,153.00,153.00,153.00,153.00,153.00,153.00,153.00,153.00,153.00,153.00,153.00,153.00,153.00
2026-08-31 12:55:39,153.00,153.00,153.00,153.00,153.00,153.00,153.00,153.00,153.00,153.00,153.00,153.00,153.00,153.00,153.00,153.00,153.00,153.00,153.00,153.00,153.00,153.00,153.00,153.00,153.00,153.00,153.00,153.00,153.00
2026-08-31 13:05:39,153.00,153.00,153.00,153.00,153.00,153.00,153.00,153.00,153.00,153.00,153.00,153.00,153.00,153.00,153.00,153.00,153.00,153.00,153.00,153.00,153.00,153.00,153.00,153.00,153.00,153.00,153.00,153.00,153.00
2026-08-31 13:15:41,153.00,153.00,153.00,153.00,153.00,153.00,153.00,153.00,153.00,153.00,153.00,153.00,153.00,153.00,153.00,153.00,153.00,153.00,153.00,153.00,153.00,153.00,153.00,153.00,153.00,153.00,153.00,153.00,153.00
2026-08-31 13:25:40,153.00,153.00,153.00,153.00,153.00,153.00,153.00,153.00,153.00,153.00,153.00,153.00,153.00,153.00,153.00,153.00,153.00,153.00,153.00,153.00,153.00,153.00,153.00,153.00,153.00,153.00,153.00,153.00,153.00
2026-08-31 13:35:30,153.00,153.00,153.00,153.00,153.00,153.00,153.00,153.00,153.00,153.00,153.00,153.00,153.00,153.00,153.00,153.00,153.00,153.00,153.00,153.00,153.00,153.00,153.00,153.00,153.00,153.00,153.00,153.00,153.00
2026-08-31 13:45:38,153.00,153.00,153.00,153.00,199.00,153.00,153.00,153.00,153.00,153.00,153.00,153.00,153.00,153.00,153.00,153.00,153.00,153.00,153.00,153.00,153.00,153.00,153.00,153.00,153.00,153.00,153.00,153.00,153.00
2026-08-31 13:55:43,153.00,153.00,153.00,153.00,199.00,153.00,153.00,153.00,153.00,153.00,153.00,153.00,153.00,153.00,153.00,153.00,153.00,153.00,153.00,153.00,153.00,153.00,153.00,153.00,153.00,153.00,153.00,153.00,153.00
2026-08-31 14:05:32,153.00,153.00,153.00,153.00,199.00,153.00,153.00,153.00,153.00,153.00,153.00,153.00,153.00,153.00,153.00,153.00,153.00,153.00,153.00,153.00,153.00,153.00,153.00,153.00,153.00,153.00,153.00,153.00,153.00
2026-08-31 14:15:40,153.00,153.00,153.00,153.00,199.00,153.00,153.00,153.00,153.00,153.00,153.00,153.00,153.00,153.00,153.00,153.00,153.00,153.00,153.00,153.00,153.00,153.00,153.00,153.00,153.00,153.00,153.00,153.00,153.00
2026-08-31 14:25:35,153.00,153.00,153.00,153.00,199.00,153.00,153.00,153.00,153.00,153.00,153.00,153.00,153.00,153.00,153.00,153.00,153.00,153.00,153.00,153.00,153.00,153.00,153.00,153.00,153.00,153.00,153.00,153.00,153.00
2026-08-31 14:35:37,153.00,153.00,153.00,153.00,199.00,153.00,153.00,153.00,153.00,153.00,153.00,153.00,153.00,153.00,153.00,153.00,153.00,153.00,153.00,153.00,153.00,153.00,153.00,153.00,153.00,153.00,153.00,153.00,153.00
2026-08-31 14:45:41,153.00,153.00,153.00,153.00,199.00,153.00,153.00,153.00,153.00,153.00,153.00,153.00,153.00,153.00,153.00,153.00,153.00,153.00,153.00,153.00,153.00,153.00,153.00,153.00,153.00,153.00,153.00,153.00,153.00
2026-08-31 14:55:34,153.00,153.00,153.00,153.00,199.00,153.00,153.00,153.00,153.00,153.00,153.00,153.00,153.00,153.00,153.00,153.00,153.00,153.00,153.00,153.00,153.00,153.00,153.00,153.00,153.00,153.00,153.00,153.00,153.00
2026-08-31 15:05:42,153.00,153.00,153.00,153.00,199.00,153.00,153.00,153.00,153.00,153.00,153.00,153.00,153.00,153.00,153.00,153.00,153.00,153.00,153.00,153.00,153.00,153.00,153.00,153.00,153.00,153.00,153.00,153.00,153.00
2026-08-31 15:25:41,153.00,153.00,153.00,153.00,199.00,153.00,153.00,153.00,153.00,153.00,153.00,153.00,153.00,153.00,153.00,153.00,153.00,153.00,153.00,153.00,153.00,153.00,153.00,153.00,153.00,153.00,153.00,153.00,153.00
2026-08-31 15:35:30,153.00,,153.00,153.00,,,,153.00,153.00,,,153.00,153.00,,,153.00,153.00,,153.00,153.00,,,,153.00,153.00,153.00,,153.00,
2026-08-31 15:45:43,153.00,153.00,153.00,153.00,199.00,153.00,153.00,153.00,153.00,153.00,153.00,153.00,153.00,153.00,153.00,153.00,153.00,153.00,153.00,153.00,153.00,153.00,153.00,153.00,153.00,153.00,153.00,153.00,153.00
2026-08-31 15:55:43,153.00,153.00,153.00,153.00,199.00,153.00,153.00,153.00,153.00,153.00,153.00,153.00,153.00,153.00,153.00,153.00,153.00,153.00,153.00,153.00,153.00,153.00,153.00,153.00,153.00,153.00,153.00,153.00,153.00
2026-08-31 16:05:42,153.00,153.00,153.00,153.00,199.00,153.00,153.00,153.00,153.00,153.00,153.00,153.00,153.00,153.00,153.00,153.00,153.00,153.00,153.00,153.00,153.00,153.00,153.00,153.00,153.00,153.00,153.00,153.00,153.00
2026-08-31 16:15:37,153.00,153.00,153.00,153.00,199.00,153.00,153.00,153.00,153.00,153.00,153.00,153.00,153.00,153.00,153.00,153.00,153.00,153.00,153.00,153.00,153.00,153.00,153.00,153.00,153.00,153.00,153.00,153.00,153.00
2026-08-31 16:25:43,153.00,153.00,153.00,153.00,199.00,153.00,153.00,153.00,153.00,153.00,153.00,153.00,153.00,153.00,153.00,153.00,153.00,153.00,153.00,153.00,153.00,153.00,153.00,153.00,153.00,153.00,153.00,153.00,153.00
2026-08-31 16:35:36,153.00,153.00,153.00,153.00,199.00,153.00,153.00,153.00,153.00,153.00,153.00,153.00,153.00,153.00,153.00,153.00,153.00,153.00,153.00,153.00,153.00,153.00,153.00,153.00,153.00,153.00,153.00,153.00,153.00
2026-08-31 16:45:42,153.00,153.00,153.00,153.00,199.00,153.00,153.00,153.00,153.00,153.00,153.00,153.00,153.00,153.00,153.00,153.00,153.00,153.00,153.00,153.00,153.00,153.00,153.00,153.00,153.00,153.00,153.00,153.00,153.00
2026-08-31 16:55:40,153.00,153.00,153.00,153.00,199.00,153.00,153.00,153.00,153.00,153.00,153.00,153.00,153.00,153.00,153.00,153.00,153.00,153.00,153.00,153.00,153.00,153.00,153.00,153.00,153.00,153.00,153.00,153.00,153.00
2026-08-31 17:05:41,153.00,153.00,153.00,153.00,199.00,153.00,153.00,153.00,153.00,153.00,153.00,153.00,153.00,153.00,153.00,153.00,153.00,153.00,153.00,153.00,153.00,153.00,153.00,153.00,153.00,153.00,153.00,153.00,153.00
2026-08-31 17:15:42,153.00,153.00,153.00,153.00,199.00,153.00,153.00,153.00,153.00,153.00,153.00,153.00,153.00,153.00,153.00,153.00,153.00,153.00,153.00,153.00,153.00,153.00,153.00,153.00,153.00,153.00,153.00,153.00,153.00
2026-08-31 17:25:40,153.00,153.00,153.00,153.00,199.00,153.00,153.00,153.00,153.00,153.00,153.00,153.00,153.00,153.00,153.00,153.00,153.00,153.00,153.00,153.00,153.00,153.00,153.00,153.00,153.00,153.00,153.00,153.00,153.00
2026-08-31 17:35:30,153.00,153.00,153.00,153.00,199.00,153.00,153.00,153.00,153.00,153.00,153.00,153.00,153.00,153.00,153.00,153.00,153.00,153.00,153.00,153.00,153.00,153.00,153.00,153.00,153.00,153.00,153.00,153.00,153.00
2026-08-31 17:45:42,153.00,153.00,153.00,153.00,199.00,153.00,153.00,153.00,153.00,153.00,153.00,153.00,153.00,153.00,153.00,153.00,153.00,153.00,153.00,153.00,153.00,153.00,153.00,153.00,153.00,153.00,153.00,153.00,153.00
2026-08-31 17:55:39,153.00,153.00,153.00,153.00,199.00,153.00,153.00,153.00,153.00,153.00,153.00,153.00,153.00,153.00,153.00,153.00,153.00,153.00,153.00,153.00,153.00,153.00,153.00,153.00,153.00,153.00,153.00,153.00,153.00
2026-08-31 18:05:38,153.00,153.00,153.00,153.00,199.00,153.00,153.00,153.00,153.00,153.00,153.00,153.00,153.00,153.00,153.00,153.00,153.00,153.00,153.00,153.00,153.00,153.00,153.00,153.00,153.00,153.00,153.00,153.00,153.00
2026-08-31 18:15:52,153.00,153.00,153.00,153.00,199.00,153.00,153.00,153.00,153.00,153.00,153.00,153.00,153.00,153.00,153.00,153.00,153.00,153.00,153.00,153.00,153.00,153.00,153.00,153.00,153.00,153.00,153.00,153.00,153.00
2026-08-31 18:25:48,153.00,153.00,153.00,153.00,199.00,153.00,153.00,153.00,153.00,153.00,153.00,153.00,153.00,153.00,153.00,153.00,153.00,153.00,153.00,153.00,153.00,153.00,153.00,153.00,153.00,153.00,153.00,153.00,153.00
2026-08-31 18:35:31,153.00,153.00,153.00,153.00,199.00,153.00,153.00,153.00,153.00,153.00,153.00,153.00,153.00,153.00,153.00,153.00,153.00,153.00,153.00,153.00,153.00,153.00,153.00,153.00,153.00,153.00,153.00,153.00,153.00
2026-08-31 18:45:40,153.00,153.00,153.00,153.00,199.00,153.00,153.00,153.00,153.00,153.00,153.00,153.00,153.00,153.00,153.00,153.00,153.00,153.00,153.00,153.00,153.00,153.00,153.00,153.00,153.00,153.00,153.00,153.00,153.00
2026-08-31 18:55:37,153.00,153.00,153.00,153.00,199.00,153.00,153.00,153.00,153.00,153.00,153.00,153.00,153.00,153.00,153.00,153.00,153.00,153.00,153.00,153.00,153.00,153.00,153.00,153.00,153.00,153.00,153.00,153.00,153.00
2026-08-31 19:05:35,153.00,153.00,153.00,153.00,199.00,153.00,153.00,153.00,153.00,153.00,153.00,153.00,153.00,153.00,153.00,153.00,153.00,153.00,153.00,153.00,153.00,153.00,153.00,153.00,153.00,153.00,153.00,153.00,153.00
2026-08-31 19:15:45,153.00,153.00,153.00,153.00,199.00,153.00,153.00,153.00,153.00,153.00,153.00,153.00,153.00,153.00,153.00,153.00,153.00,153.00,153.00,153.00,153.00,153.00,153.00,153.00,153.00,153.00,153.00,153.00,153.00
2026-08-31 19:25:32,153.00,153.00,153.00,153.00,199.00,153.00,153.00,153.00,153.00,153.00,153.00,153.00,153.00,153.00,153.00,153.00,153.00,153.00,153.00,153.00,153.00,153.00,153.00,153.00,153.00,153.00,153.00,153.00,153.00
2026-08-31 19:35:49,153.00,153.00,153.00,153.00,199.00,153.00,153.00,153.00,153.00,153.00,153.00,153.00,153.00,153.00,153.00,153.00,153.00,153.00,153.00,153.00,153.00,153.00,153.00,153.00,153.00,153.00,153.00,153.00,153.00
2026-08-31 19:45:39,153.00,153.00,153.00,153.00,199.00,153.00,153.00,153.00,153.00,153.00,153.00,153.00,153.00,153.00,153.00,153.00,153.00,153.00,153.00,153.00,153.00,153.00,153.00,153.00,153.00,153.00,153.00,153.00,153.00
2026-08-31 19:55:40,153.00,153.00,153.00,153.00,199.00,153.00,153.00,153.00,153.00,153.00,153.00,153.00,153.00,153.00,153.00,153.00,153.00,153.00,153.00,153.00,153.00,153.00,153.00,153.00,153.00,153.00,153.00,153.00,153.00
2026-08-31 20:05:42,153.00,153.00,153.00,153.00,199.00,153.00,153.00,153.00,153.00,153.00,153.00,153.00,153.00,153.00,153.00,153.00,153.00,153.00,153.00,153.00,153.00,153.00,153.00,153.00,153.00,153.00,153.00,153.00,153.00
2026-08-31 20:15:45,153.00,153.00,153.00,153.00,199.00,153.00,153.00,153.00,153.00,153.00,153.00,153.00,153.00,153.00,153.00,153.00,153.00,153.00,153.00,153.00,153.00,153.00,153.00,153.00,153.00,153.00,153.00,153.00,153.00
2026-08-31 20:25:40,153.00,153.00,153.00,153.00,199.00,153.00,153.00,153.00,153.00,153.00,153.00,153.00,153.00,153.00,153.00,153.00,153.00,153.00,153.00,153.00,153.00,153.00,153.00,153.00,153.00,153.00,153.00,153.00,153.00
2026-08-31 20:35:36,153.00,153.00,153.00,153.00,199.00,153.00,153.00,153.00,153.00,153.00,163.00,163.00,153.00,163.00,163.00,163.00,163.00,270.00,153.00,270.00,270.00,270.00,270.00,270.00,270.00,153.00,270.00,270.00,270.00
2026-08-31 20:45:42,153.00,153.00,153.00,153.00,199.00,153.00,153.00,153.00,153.00,153.00,163.00,163.00,163.00,163.00,163.00,163.00,163.00,270.00,270.00,270.00,270.00,270.00,270.00,270.00,270.00,270.00,270.00,270.00,270.00
2026-08-31 20:55:45,153.00,153.00,153.00,153.00,199.00,153.00,153.00,153.00,153.00,153.00,163.00,163.00,163.00,163.00,163.00,163.00,163.00,270.00,270.00,270.00,270.00,270.00,270.00,270.00,270.00,270.00,270.00,270.00,270.00
2026-08-31 21:05:36,153.00,153.00,153.00,153.00,199.00,153.00,153.00,153.00,153.00,153.00,163.00,163.00,163.00,163.00,163.00,163.00,163.00,270.00,270.00,270.00,270.00,270.00,270.00,270.00,270.00,270.00,270.00,270.00,270.00
2026-08-31 21:15:33,153.00,153.00,153.00,153.00,199.00,153.00,153.00,153.00,153.00,153.00,163.00,163.00,163.00,163.00,163.00,163.00,163.00,270.00,270.00,270.00,270.00,270.00,270.00,270.00,270.00,270.00,270.00,270.00,270.00
2026-08-31 21:26:02,,153.00,,,199.00,153.00,153.00,,,153.00,163.00,,,163.00,163.00,163.00,163.00,270.00,,,270.00,270.00,270.00,,,,270.00,,270.00
2026-08-31 21:35:40,153.00,153.00,153.00,153.00,199.00,153.00,153.00,153.00,153.00,153.00,163.00,163.00,163.00,163.00,163.00,163.00,163.00,270.00,270.00,270.00,270.00,270.00,270.00,270.00,270.00,270.00,270.00,270.00,270.00
2026-08-31 21:45:49,153.00,153.00,153.00,153.00,199.00,153.00,153.00,153.00,153.00,153.00,163.00,163.00,163.00,163.00,163.00,163.00,163.00,270.00,270.00,270.00,270.00,270.00,270.00,270.00,270.00,270.00,270.00,270.00,270.00
2026-08-31 21:55:30,153.00,153.00,153.00,153.00,199.00,153.00,153.00,153.00,153.00,153.00,163.00,163.00,163.00,163.00,163.00,163.00,163.00,270.00,270.00,270.00,270.00,270.00,270.00,270.00,270.00,270.00,270.00,270.00,270.00
2026-08-31 22:05:45,153.00,153.00,153.00,153.00,199.00,153.00,153.00,153.00,153.00,153.00,163.00,163.00,163.00,163.00,163.00,163.00,163.00,270.00,270.00,270.00,270.00,270.00,270.00,270.00,270.00,270.00,270.00,270.00,270.00
2026-08-31 22:17:27,,153.00,,,199.00,153.00,153.00,,,153.00,163.00,,,163.00,163.00,163.00,163.00,270.00,,,270.00,270.00,270.00,,,,270.00,,270.00
2026-08-31 22:25:42,153.00,153.00,153.00,153.00,199.00,153.00,153.00,153.00,153.00,153.00,163.00,163.00,163.00,163.00,163.00,163.00,163.00,270.00,270.00,270.00,270.00,270.00,270.00,270.00,270.00,270.00,270.00,270.00,270.00
2026-08-31 22:35:41,153.00,153.00,153.00,153.00,199.00,153.00,153.00,153.00,153.00,153.00,163.00,163.00,163.00,163.00,163.00,163.00,163.00,270.00,270.00,270.00,270.00,270.00,270.00,270.00,270.00,270.00,270.00,270.00,270.00
2026-08-31 22:45:42,153.00,153.00,153.00,153.00,199.00,153.00,153.00,153.00,153.00,153.00,163.00,163.00,163.00,163.00,163.00,163.00,163.00,270.00,270.00,270.00,270.00,270.00,270.00,270.00,270.00,270.00,270.00,270.00,270.00
2026-08-31 22:55:37,153.00,153.00,153.00,153.00,199.00,153.00,153.00,153.00,153.00,153.00,163.00,163.00,163.00,163.00,163.00,163.00,163.00,270.00,270.00,270.00,270.00,270.00,270.00,270.00,270.00,270.00,270.00,270.00,270.00
2026-08-31 23:05:40,153.00,153.00,153.00,153.00,199.00,153.00,153.00,153.00,153.00,153.00,163.00,163.00,163.00,163.00,163.00,163.00,163.00,270.00,270.00,270.00,270.00,270.00,270.00,270.00,270.00,270.00,270.00,270.00,270.00
2026-08-31 23:15:43,153.00,153.00,153.00,153.00,199.00,153.00,153.00,153.00,153.00,153.00,163.00,219.00,163.00,163.00,163.00,163.00,163.00,270.00,270.00,270.00,270.00,270.00,270.00,270.00,270.00,270.00,270.00,270.00,270.00
2026-08-31 23:27:18,153.00,153.00,153.00,153.00,199.00,153.00,153.00,153.00,153.00,153.00,163.00,219.00,163.00,163.00,163.00,163.00,163.00,270.00,270.00,270.00,270.00,270.00,270.00,270.00,270.00,270.00,270.00,270.00,270.00
2026-08-31 23:35:44,153.00,153.00,153.00,153.00,199.00,153.00,153.00,153.00,153.00,153.00,163.00,163.00,163.00,163.00,163.00,163.00,163.00,270.00,270.00,270.00,270.00,270.00,270.00,270.00,270.00,270.00,270.00,270.00,270.00
2026-08-31 23:45:39,153.00,153.00,153.00,153.00,199.00,153.00,153.00,153.00,153.00,153.00,163.00,163.00,163.00,163.00,163.00,163.00,163.00,270.00,270.00,270.00,270.00,270.00,270.00,270.00,270.00,270.00,270.00,270.00,270.00
2026-08-31 23:55:42,153.00,153.00,153.00,153.00,199.00,153.00,153.00,153.00,153.00,153.00,163.00,163.00,163.00,163.00,163.00,163.00,163.00,270.00,270.00,270.00,270.00,270.00,270.00,270.00,270.00,270.00,270.00,270.00,270.00
2026-09-01 00:05:42,153.00,153.00,153.00,153.00,199.00,153.00,153.00,153.00,153.00,153.00,163.00,163.00,163.00,163.00,163.00,163.00,163.00,270.00,270.00,270.00,270.00,270.00,270.00,270.00,270.00,270.00,270.00,270.00,270.00
2026-09-01 00:15:42,153.00,153.00,153.00,153.00,199.00,153.00,153.00,153.00,153.00,153.00,163.00,163.00,163.00,163.00,163.00,163.00,163.00,270.00,270.00,270.00,270.00,270.00,270.00,270.00,270.00,270.00,270.00,270.00,270.00
2026-09-01 00:25:35,153.00,153.00,153.00,153.00,199.00,153.00,153.00,153.00,153.00,153.00,163.00,163.00,163.00,163.00,163.00,163.00,163.00,270.00,270.00,270.00,270.00,270.00,270.00,270.00,270.00,270.00,270.00,270.00,270.00
2026-09-01 00:35:41,153.00,153.00,153.00,153.00,199.00,153.00,153.00,153.00,153.00,153.00,163.00,163.00,163.00,163.00,163.00,163.00,163.00,270.00,270.00,270.00,270.00,270.00,270.00,270.00,270.00,270.00,270.00,270.00,270.00
2026-09-01 00:45:40,153.00,153.00,153.00,153.00,199.00,153.00,153.00,153.00,153.00,153.00,163.00,163.00,163.00,163.00,163.00,163.00,163.00,270.00,270.00,270.00,270.00,270.00,270.00,270.00,270.00,270.00,270.00,270.00,270.00
2026-09-01 00:55:28,153.00,153.00,153.00,153.00,199.00,153.00,153.00,153.00,153.00,153.00,163.00,163.00,163.00,163.00,163.00,163.00,163.00,270.00,270.00,270.00,270.00,270.00,270.00,270.00,270.00,270.00,270.00,270.00,270.00
2026-09-01 01:05:38,153.00,153.00,153.00,153.00,199.00,153.00,153.00,153.00,153.00,153.00,163.00,163.00,163.00,163.00,163.00,163.00,163.00,270.00,270.00,270.00,270.00,270.00,270.00,270.00,270.00,270.00,270.00,270.00,270.00
2026-09-01 01:15:36,153.00,153.00,153.00,153.00,199.00,153.00,153.00,153.00,153.00,153.00,163.00,163.00,163.00,163.00,163.00,163.00,163.00,270.00,270.00,270.00,270.00,270.00,270.00,270.00,270.00,270.00,270.00,270.00,270.00
2026-09-01 01:25:36,153.00,153.00,153.00,153.00,199.00,153.00,153.00,153.00,153.00,153.00,163.00,163.00,163.00,163.00,163.00,163.00,163.00,270.00,270.00,270.00,270.00,270.00,270.00,270.00,270.00,270.00,270.00,270.00,270.00
2026-09-01 01:35:45,153.00,153.00,153.00,153.00,199.00,153.00,153.00,153.00,153.00,153.00,163.00,163.00,163.00,163.00,163.00,163.00,163.00,270.00,270.00,270.00,270.00,270.00,270.00,270.00,270.00,270.00,270.00,270.00,270.00
2026-09-01 01:45:41,153.00,153.00,153.00,153.00,199.00,153.00,153.00,153.00,153.00,153.00,163.00,163.00,163.00,163.00,163.00,163.00,163.00,270.00,270.00,270.00,270.00,270.00,270.00,270.00,270.00,270.00,270.00,270.00,270.00
2026-09-01 01:55:46,153.00,153.00,153.00,153.00,199.00,153.00,153.00,153.00,153.00,153.00,163.00,163.00,163.00,163.00,163.00,163.00,163.00,270.00,270.00,270.00,270.00,270.00,270.00,270.00,270.00,270.00,270.00,270.00,270.00
2026-09-01 02:05:43,153.00,153.00,153.00,153.00,199.00,153.00,153.00,153.00,153.00,153.00,163.00,163.00,163.00,163.00,163.00,163.00,163.00,270.00,270.00,270.00,270.00,270.00,270.00,270.00,270.00,270.00,270.00,270.00,270.00
2026-09-01 02:15:48,153.00,153.00,153.00,153.00,199.00,153.00,153.00,153.00,153.00,153.00,163.00,163.00,163.00,163.00,163.00,163.00,163.00,270.00,270.00,270.00,270.00,270.00,270.00,270.00,270.00,270.00,270.00,270.00,270.00
2026-09-01 02:25:36,153.00,153.00,153.00,153.00,199.00,153.00,153.00,153.00,153.00,153.00,163.00,163.00,163.00,163.00,163.00,163.00,163.00,270.00,270.00,270.00,270.00,270.00,270.00,270.00,270.00,270.00,270.00,270.00,270.00
2026-09-01 02:35:41,153.00,153.00,153.00,153.00,199.00,153.00,153.00,153.00,153.00,153.00,163.00,163.00,163.00,163.00,163.00,163.00,163.00,270.00,270.00,270.00,270.00,270.00,270.00,270.00,270.00,270.00,270.00,270.00,270.00
2026-09-01 02:45:59,,153.00,,,199.00,153.00,153.00,,,153.00,163.00,,,163.00,163.00,163.00,163.00,270.00,,,270.00,270.00,270.00,,,,270.00,,270.00
2026-09-01 02:55:45,153.00,153.00,153.00,153.00,199.00,153.00,153.00,153.00,153.00,153.00,163.00,163.00,163.00,163.00,163.00,163.00,163.00,270.00,270.00,270.00,270.00,270.00,270.00,270.00,270.00,270.00,270.00,270.00,270.00
2026-09-01 03:05:41,153.00,153.00,153.00,153.00,199.00,153.00,153.00,153.00,153.00,153.00,163.00,163.00,163.00,163.00,163.00,163.00,163.00,270.00,270.00,270.00,270.00,270.00,270.00,270.00,270.00,270.00,270.00,270.00,270.00
2026-09-01 03:15:42,153.00,153.00,153.00,153.00,199.00,153.00,153.00,153.00,153.00,153.00,163.00,163.00,163.00,163.00,163.00,163.00,163.00,270.00,270.00,270.00,270.00,270.00,270.00,270.00,270.00,270.00,270.00,270.00,270.00
2026-09-01 03:28:13,,153.00,,,199.00,153.00,153.00,,,153.00,163.00,,,163.00,163.00,163.00,163.00,270.00,,,270.00,270.00,270.00,,,,270.00,,270.00
2026-09-01 03:35:40,153.00,153.00,153.00,153.00,199.00,153.00,153.00,153.00,153.00,153.00,163.00,163.00,163.00,163.00,163.00,163.00,163.00,270.00,270.00,270.00,270.00,270.00,270.00,270.00,270.00,270.00,270.00,270.00,270.00
2026-09-01 03:45:43,153.00,153.00,153.00,153.00,199.00,153.00,153.00,153.00,153.00,153.00,163.00,163.00,163.00,163.00,163.00,163.00,163.00,270.00,270.00,270.00,270.00,270.00,270.00,270.00,270.00,270.00,270.00,270.00,270.00
2026-09-01 03:55:38,153.00,153.00,153.00,153.00,199.00,153.00,153.00,153.00,153.00,153.00,163.00,163.00,163.00,163.00,163.00,163.00,163.00,270.00,270.00,270.00,270.00,270.00,270.00,270.00,270.00,270.00,270.00,270.00,270.00
2026-09-01 04:05:54,,153.00,,,199.00,153.00,153.00,,,153.00,163.00,,,163.00,163.00,163.00,163.00,270.00,,,270.00,270.00,270.00,,,,270.00,,270.00
2026-09-01 04:15:34,153.00,153.00,153.00,153.00,199.00,153.00,153.00,153.00,153.00,153.00,163.00,163.00,163.00,163.00,163.00,163.00,163.00,270.00,270.00,270.00,270.00,270.00,270.00,270.00,270.00,270.00,270.00,270.00,270.00
2026-09-01 04:25:45,153.00,153.00,153.00,153.00,199.00,153.00,153.00,153.00,153.00,153.00,163.00,163.00,163.00,163.00,163.00,163.00,163.00,270.00,270.00,270.00,270.00,270.00,270.00,270.00,270.00,270.00,270.00,270.00,270.00
2026-09-01 04:35:36,153.00,153.00,153.00,153.00,199.00,153.00,153.00,153.00,153.00,153.00,163.00,163.00,163.00,163.00,163.00,163.00,163.00,270.00,270.00,270.00,270.00,270.00,270.00,270.00,270.00,270.00,270.00,270.00,270.00
2026-09-01 04:45:39,153.00,153.00,153.00,153.00,199.00,153.00,153.00,153.00,153.00,153.00,163.00,163.00,163.00,163.00,163.00,163.00,163.00,270.00,270.00,270.00,270.00,270.00,270.00,270.00,270.00,270.00,270.00,270.00,270.00
2026-09-01 04:55:48,153.00,153.00,153.00,153.00,199.00,153.00,153.00,153.00,153.00,153.00,163.00,163.00,163.00,163.00,163.00,163.00,163.00,270.00,270.00,270.00,270.00,270.00,270.00,270.00,270.00,270.00,270.00,270.00,270.00
2026-09-01 05:07:50,153.00,153.00,153.00,153.00,199.00,153.00,153.00,153.00,153.00,153.00,163.00,163.00,163.00,163.00,163.00,163.00,163.00,270.00,270.00,270.00,270.00,270.00,270.00,270.00,270.00,270.00,270.00,270.00,270.00
2026-09-01 05:37:26,153.00,153.00,153.00,153.00,199.00,153.00,153.00,153.00,153.00,153.00,163.00,163.00,163.00,163.00,163.00,163.00,163.00,270.00,270.00,270.00,270.00,270.00,270.00,270.00,270.00,270.00,270.00,270.00,270.00
2026-09-01 05:45:39,153.00,153.00,153.00,153.00,199.00,153.00,153.00,153.00,153.00,153.00,163.00,163.00,163.00,163.00,163.00,163.00,163.00,270.00,270.00,270.00,270.00,270.00,270.00,270.00,270.00,270.00,270.00,270.00,270.00
2026-09-01 05:55:31,153.00,153.00,153.00,153.00,199.00,153.00,153.00,153.00,153.00,153.00,163.00,163.00,163.00,163.00,163.00,163.00,163.00,270.00,270.00,270.00,270.00,270.00,270.00,270.00,270.00,270.00,270.00,270.00,270.00
2026-09-01 06:05:44,153.00,153.00,153.00,153.00,199.00,153.00,153.00,153.00,153.00,153.00,163.00,219.00,163.00,163.00,163.00,163.00,163.00,270.00,270.00,270.00,270.00,270.00,270.00,270.00,270.00,270.00,270.00,270.00,270.00
2026-09-01 06:15:43,153.00,153.00,153.00,153.00,199.00,153.00,153.00,153.00,153.00,153.00,163.00,219.00,163.00,163.00,163.00,163.00,163.00,270.00,270.00,270.00,270.00,270.00,270.00,270.00,270.00,270.00,270.00,270.00,270.00
2026-09-01 06:25:37,153.00,153.00,153.00,153.00,199.00,153.00,153.00,153.00,153.00,153.00,163.00,219.00,163.00,163.00,163.00,163.00,163.00,270.00,270.00,270.00,270.00,270.00,270.00,270.00,270.00,270.00,270.00,270.00,270.00
2026-09-01 06:35:39,153.00,153.00,153.00,153.00,199.00,153.00,153.00,153.00,153.00,153.00,163.00,219.00,163.00,163.00,163.00,163.00,163.00,270.00,270.00,270.00,270.00,270.00,270.00,270.00,270.00,270.00,270.00,270.00,270.00
2026-09-01 06:45:43,153.00,153.00,153.00,153.00,199.00,153.00,153.00,153.00,153.00,153.00,163.00,219.00,163.00,163.00,163.00,163.00,163.00,270.00,270.00,270.00,270.00,270.00,270.00,270.00,270.00,270.00,270.00,270.00,270.00
2026-09-01 06:55:44,153.00,153.00,153.00,153.00,199.00,153.00,153.00,153.00,153.00,153.00,163.00,219.00,163.00,163.00,163.00,163.00,163.00,270.00,270.00,270.00,270.00,270.00,270.00,270.00,270.00,270.00,270.00,270.00,270.00
2026-09-01 07:05:43,153.00,153.00,153.00,153.00,199.00,153.00,153.00,153.00,153.00,153.00,163.00,219.00,163.00,163.00,163.00,163.00,163.00,270.00,270.00,270.00,270.00,270.00,270.00,270.00,270.00,270.00,270.00,270.00,270.00
2026-09-01 07:15:42,153.00,153.00,153.00,153.00,199.00,153.00,153.00,153.00,153.00,153.00,163.00,219.00,163.00,163.00,163.00,163.00,163.00,270.00,270.00,270.00,270.00,270.00,270.00,270.00,270.00,270.00,270.00,270.00,270.00
2026-09-01 07:25:37,153.00,153.00,153.00,153.00,199.00,153.00,153.00,153.00,153.00,153.00,163.00,219.00,163.00,163.00,163.00,163.00,163.00,270.00,270.00,270.00,270.00,270.00,270.00,270.00,270.00,270.00,270.00,270.00,270.00
2026-09-01 07:35:40,153.00,153.00,153.00,153.00,199.00,153.00,153.00,153.00,153.00,153.00,163.00,219.00,163.00,163.00,163.00,163.00,163.00,270.00,270.00,270.00,270.00,270.00,270.00,270.00,270.00,270.00,270.00,270.00,270.00
2026-09-01 07:46:13,153.00,153.00,153.00,153.00,199.00,153.00,153.00,153.00,153.00,153.00,163.00,219.00,163.00,163.00,163.00,163.00,163.00,270.00,270.00,270.00,270.00,270.00,270.00,270.00,270.00,270.00,270.00,270.00,270.00
2026-09-01 07:55:41,153.00,153.00,153.00,153.00,199.00,153.00,153.00,153.00,153.00,153.00,163.00,219.00,163.00,163.00,163.00,163.00,163.00,270.00,270.00,270.00,270.00,270.00,270.00,270.00,270.00,270.00,270.00,270.00,270.00
2026-09-01 08:05:40,153.00,153.00,153.00,153.00,199.00,153.00,153.00,153.00,153.00,153.00,163.00,219.00,163.00,163.00,163.00,163.00,163.00,270.00,270.00,270.00,270.00,270.00,270.00,270.00,270.00,270.00,270.00,270.00,270.00
2026-09-01 08:15:41,153.00,153.00,153.00,153.00,199.00,153.00,153.00,153.00,153.00,153.00,163.00,219.00,163.00,163.00,163.00,163.00,163.00,270.00,270.00,270.00,270.00,270.00,270.00,270.00,270.00,270.00,270.00,270.00,270.00
2026-09-01 08:25:44,153.00,153.00,153.00,153.00,199.00,153.00,153.00,153.00,153.00,153.00,163.00,219.00,163.00,163.00,163.00,163.00,163.00,270.00,270.00,270.00,270.00,270.00,270.00,270.00,270.00,270.00,270.00,270.00,270.00
2026-09-01 08:35:43,153.00,153.00,153.00,153.00,199.00,153.00,153.00,153.00,153.00,153.00,163.00,219.00,163.00,163.00,163.00,163.00,163.00,270.00,270.00,270.00,270.00,270.00,270.00,270.00,270.00,270.00,270.00,270.00,270.00
2026-09-01 08:45:43,153.00,153.00,153.00,153.00,199.00,153.00,153.00,153.00,153.00,153.00,163.00,219.00,163.00,163.00,163.00,163.00,163.00,270.00,270.00,270.00,270.00,270.00,270.00,270.00,270.00,270.00,270.00,270.00,270.00
2026-09-01 08:55:42,153.00,153.00,153.00,153.00,199.00,153.00,153.00,153.00,153.00,153.00,163.00,219.00,163.00,163.00,163.00,163.00,163.00,270.00,270.00,270.00,270.00,270.00,270.00,270.00,270.00,270.00,270.00,270.00,270.00
2026-09-01 09:05:41,153.00,153.00,153.00,153.00,199.00,153.00,153.00,153.00,153.00,153.00,163.00,219.00,163.00,163.00,163.00,163.00,163.00,270.00,270.00,270.00,270.00,270.00,270.00,270.00,270.00,270.00,270.00,270.00,270.00
2026-09-01 09:15:44,153.00,153.00,153.00,153.00,199.00,153.00,153.00,153.00,153.00,153.00,163.00,219.00,163.00,163.00,163.00,163.00,163.00,270.00,270.00,270.00,270.00,270.00,270.00,270.00,270.00,270.00,270.00,270.00,270.00
2026-09-01 09:25:20,153.00,153.00,153.00,153.00,199.00,153.00,153.00,153.00,153.00,153.00,163.00,219.00,163.00,163.00,163.00,163.00,163.00,270.00,270.00,270.00,270.00,270.00,270.00,270.00,270.00,270.00,270.00,270.00,270.00
2026-09-01 09:35:38,153.00,153.00,153.00,153.00,199.00,153.00,153.00,153.00,153.00,153.00,163.00,219.00,163.00,163.00,163.00,163.00,163.00,270.00,270.00,270.00,270.00,270.00,270.00,270.00,270.00,270.00,270.00,270.00,270.00
2026-09-01 09:45:44,153.00,153.00,153.00,153.00,199.00,153.00,153.00,153.00,153.00,153.00,163.00,219.00,163.00,163.00,163.00,163.00,163.00,270.00,270.00,270.00,270.00,270.00,270.00,270.00,270.00,270.00,270.00,270.00,270.00
2026-09-01 09:55:42,153.00,153.00,153.00,153.00,199.00,153.00,153.00,153.00,153.00,153.00,163.00,219.00,163.00,163.00,163.00,163.00,163.00,270.00,270.00,270.00,270.00,270.00,270.00,270.00,270.00,270.00,270.00,270.00,270.00
2026-09-01 10:05:40,153.00,153.00,153.00,153.00,199.00,153.00,153.00,153.00,153.00,153.00,163.00,219.00,163.00,163.00,163.00,163.00,163.00,270.00,270.00,270.00,270.00,270.00,270.00,270.00,270.00,270.00,270.00,270.00,270.00
2026-09-01 10:15:42,153.00,153.00,153.00,153.00,199.00,153.00,153.00,153.00,153.00,153.00,163.00,219.00,163.00,163.00,163.00,163.00,163.00,270.00,270.00,270.00,270.00,270.00,270.00,270.00,270.00,270.00,270.00,270.00,270.00
2026-09-01 10:26:16,153.00,153.00,153.00,153.00,199.00,153.00,153.00,153.00,153.00,153.00,163.00,219.00,163.00,163.00,163.00,163.00,163.00,270.00,270.00,270.00,270.00,270.00,270.00,270.00,270.00,270.00,270.00,270.00,270.00
2026-09-01 10:35:44,153.00,153.00,153.00,153.00,199.00,153.00,153.00,153.00,153.00,153.00,163.00,219.00,163.00,163.00,163.00,163.00,163.00,270.00,270.00,270.00,270.00,270.00,270.00,270.00,270.00,270.00,270.00,270.00,270.00
2026-09-01 10:45:42,153.00,153.00,153.00,153.00,199.00,153.00,153.00,153.00,153.00,153.00,163.00,219.00,163.00,163.00,163.00,163.00,163.00,270.00,270.00,270.00,270.00,270.00,270.00,270.00,270.00,270.00,270.00,270.00,270.00
2026-09-01 10:55:30,153.00,153.00,153.00,153.00,199.00,153.00,153.00,153.00,153.00,153.00,163.00,219.00,163.00,163.00,163.00,163.00,163.00,270.00,270.00,270.00,270.00,270.00,270.00,270.00,270.00,270.00,270.00,270.00,270.00
2026-09-01 11:05:44,153.00,153.00,153.00,153.00,199.00,153.00,153.00,153.00,153.00,153.00,163.00,219.00,163.00,163.00,163.00,163.00,163.00,270.00,270.00,270.00,270.00,270.00,270.00,270.00,270.00,270.00,270.00,270.00,270.00
2026-09-01 11:15:42,153.00,153.00,153.00,153.00,199.00,153.00,153.00,153.00,153.00,153.00,163.00,219.00,163.00,163.00,163.00,163.00,163.00,270.00,270.00,270.00,270.00,270.00,270.00,270.00,270.00,270.00,270.00,270.00,270.00
2026-09-01 11:25:38,153.00,153.00,153.00,153.00,199.00,153.00,153.00,153.00,153.00,153.00,163.00,219.00,163.00,163.00,163.00,163.00,163.00,270.00,270.00,270.00,270.00,270.00,270.00,270.00,270.00,270.00,270.00,270.00,270.00
2026-09-01 11:35:44,153.00,153.00,153.00,153.00,199.00,153.00,153.00,153.00,153.00,153.00,163.00,219.00,163.00,163.00,163.00,163.00,163.00,270.00,270.00,270.00,270.00,270.00,270.00,270.00,270.00,270.00,270.00,270.00,270.00
2026-09-01 11:45:44,153.00,153.00,153.00,153.00,199.00,153.00,153.00,153.00,153.00,153.00,163.00,219.00,163.00,163.00,163.00,163.00,163.00,270.00,270.00,270.00,270.00,270.00,270.00,270.00,270.00,270.00,270.00,270.00,270.00
2026-09-01 11:55:39,153.00,153.00,153.00,153.00,199.00,153.00,153.00,153.00,153.00,153.00,163.00,219.00,163.00,163.00,163.00,163.00,163.00,270.00,270.00,270.00,270.00,270.00,270.00,270.00,270.00,270.00,270.00,270.00,270.00
2026-09-01 12:05:41,153.00,153.00,153.00,153.00,199.00,153.00,153.00,153.00,153.00,153.00,163.00,219.00,163.00,163.00,163.00,163.00,163.00,270.00,270.00,270.00,270.00,270.00,270.00,270.00,270.00,270.00,270.00,270.00,270.00
2026-09-01 12:15:39,153.00,153.00,153.00,153.00,199.00,153.00,153.00,153.00,153.00,153.00,163.00,219.00,163.00,163.00,163.00,163.00,163.00,270.00,270.00,270.00,270.00,270.00,270.00,270.00,270.00,270.00,270.00,270.00,270.00
2026-09-01 12:25:46,153.00,153.00,153.00,153.00,199.00,153.00,153.00,153.00,153.00,153.00,163.00,219.00,163.00,163.00,163.00,163.00,163.00,270.00,270.00,270.00,270.00,270.00,270.00,270.00,270.00,270.00,270.00,270.00,270.00
2026-09-01 12:35:45,153.00,153.00,153.00,153.00,199.00,153.00,153.00,153.00,153.00,153.00,163.00,219.00,163.00,163.00,163.00,163.00,163.00,270.00,270.00,270.00,270.00,270.00,270.00,270.00,270.00,270.00,270.00,270.00,270.00
2026-09-01 12:45:39,153.00,153.00,153.00,153.00,199.00,153.00,153.00,153.00,153.00,153.00,163.00,219.00,163.00,163.00,163.00,163.00,163.00,270.00,270.00,270.00,270.00,270.00,270.00,270.00,270.00,270.00,270.00,270.00,270.00
2026-09-01 12:55:48,153.00,153.00,153.00,153.00,199.00,153.00,153.00,153.00,153.00,153.00,163.00,219.00,163.00,163.00,163.00,163.00,163.00,270.00,270.00,270.00,270.00,270.00,270.00,270.00,270.00,270.00,270.00,270.00,270.00
2026-09-01 13:05:43,153.00,153.00,153.00,153.00,199.00,153.00,153.00,153.00,153.00,153.00,163.00,219.00,163.00,163.00,163.00,163.00,163.00,270.00,270.00,270.00,270.00,270.00,270.00,270.00,270.00,270.00,270.00,270.00,270.00
2026-09-01 13:15:44,153.00,153.00,153.00,153.00,199.00,153.00,153.00,153.00,153.00,153.00,163.00,219.00,163.00,163.00,163.00,163.00,163.00,270.00,270.00,270.00,270.00,270.00,270.00,270.00,270.00,270.00,270.00,270.00,270.00
2026-09-01 13:25:43,153.00,153.00,153.00,153.00,199.00,153.00,153.00,153.00,153.00,153.00,163.00,219.00,163.00,163.00,163.00,163.00,163.00,270.00,270.00,270.00,270.00,270.00,270.00,270.00,270.00,270.00,270.00,270.00,270.00
2026-09-01 13:35:46,153.00,153.00,153.00,153.00,199.00,153.00,153.00,153.00,153.00,153.00,163.00,219.00,163.00,163.00,163.00,163.00,163.00,270.00,270.00,270.00,270.00,270.00,270.00,270.00,270.00,270.00,270.00,270.00,270.00
2026-09-01 13:45:46,153.00,153.00,153.00,153.00,199.00,153.00,153.00,153.00,153.00,153.00,163.00,219.00,163.00,163.00,163.00,163.00,163.00,270.00,270.00,270.00,270.00,270.00,270.00,270.00,270.00,270.00,270.00,270.00,270.00
2026-09-01 13:55:47,153.00,153.00,153.00,153.00,199.00,153.00,153.00,153.00,153.00,153.00,163.00,219.00,163.00,163.00,163.00,163.00,163.00,270.00,270.00,270.00,270.00,270.00,270.00,270.00,270.00,270.00,270.00,270.00,270.00
2026-09-01 14:07:03,153.00,153.00,153.00,153.00,199.00,153.00,153.00,153.00,153.00,153.00,163.00,219.00,163.00,163.00,163.00,163.00,163.00,270.00,270.00,270.00,270.00,270.00,270.00,270.00,270.00,270.00,270.00,270.00,270.00
2026-09-01 14:16:12,153.00,153.00,153.00,153.00,199.00,153.00,153.00,153.00,153.00,153.00,163.00,219.00,163.00,163.00,163.00,163.00,163.00,270.00,270.00,270.00,270.00,270.00,270.00,270.00,270.00,270.00,270.00,270.00,270.00
2026-09-01 14:25:40,153.00,153.00,153.00,153.00,199.00,153.00,153.00,153.00,153.00,153.00,163.00,219.00,163.00,163.00,163.00,163.00,163.00,270.00,270.00,270.00,270.00,270.00,270.00,270.00,270.00,270.00,270.00,270.00,270.00
2026-09-01 14:35:36,153.00,153.00,153.00,153.00,199.00,153.00,153.00,153.00,153.00,153.00,163.00,219.00,163.00,163.00,163.00,163.00,163.00,270.00,270.00,270.00,270.00,270.00,270.00,270.00,270.00,270.00,270.00,270.00,270.00
2026-09-01 14:45:43,153.00,153.00,153.00,153.00,199.00,153.00,153.00,153.00,153.00,153.00,163.00,219.00,163.00,163.00,163.00,163.00,163.00,270.00,270.00,270.00,270.00,270.00,270.00,270.00,270.00,270.00,270.00,270.00,270.00
2026-09-01 14:55:44,153.00,153.00,153.00,153.00,199.00,153.00,153.00,153.00,153.00,153.00,163.00,219.00,163.00,163.00,163.00,163.00,163.00,270.00,270.00,270.00,270.00,270.00,270.00,270.00,270.00,270.00,270.00,270.00,270.00
2026-09-01 15:05:56,153.00,153.00,153.00,153.00,199.00,153.00,153.00,153.00,153.00,153.00,163.00,219.00,163.00,163.00,163.00,163.00,163.00,270.00,270.00,270.00,270.00,270.00,270.00,270.00,270.00,270.00,270.00,270.00,270.00
2026-09-01 15:15:33,153.00,153.00,153.00,153.00,199.00,153.00,153.00,153.00,153.00,153.00,163.00,219.00,163.00,163.00,163.00,163.00,163.00,270.00,270.00,270.00,270.00,270.00,270.00,270.00,270.00,270.00,270.00,270.00,270.00
2026-09-01 15:35:43,153.00,153.00,153.00,153.00,199.00,153.00,153.00,153.00,153.00,153.00,163.00,219.00,163.00,163.00,163.00,163.00,163.00,270.00,270.00,270.00,270.00,270.00,270.00,270.00,270.00,270.00,270.00,270.00,270.00
2026-09-01 15:45:46,153.00,153.00,153.00,153.00,199.00,153.00,153.00,153.00,153.00,153.00,163.00,219.00,163.00,163.00,163.00,163.00,163.00,270.00,270.00,270.00,270.00,270.00,270.00,270.00,270.00,270.00,270.00,270.00,270.00
2026-09-01 15:55:42,153.00,153.00,153.00,153.00,199.00,153.00,153.00,153.00,153.00,153.00,163.00,219.00,163.00,163.00,163.00,163.00,163.00,270.00,270.00,270.00,270.00,270.00,270.00,270.00,270.00,270.00,270.00,270.00,270.00
2026-09-01 16:05:48,153.00,153.00,153.00,153.00,199.00,153.00,153.00,153.00,153.00,153.00,163.00,219.00,163.00,163.00,163.00,163.00,163.00,270.00,270.00,270.00,270.00,270.00,270.00,270.00,270.00,270.00,270.00,270.00,270.00
2026-09-01 16:15:44,153.00,153.00,153.00,153.00,199.00,153.00,153.00,153.00,153.00,153.00,163.00,219.00,163.00,163.00,163.00,163.00,163.00,270.00,270.00,270.00,270.00,270.00,270.00,270.00,270.00,270.00,270.00,270.00,270.00
2026-09-01 16:25:41,153.00,153.00,153.00,153.00,199.00,153.00,153.00,153.00,153.00,153.00,163.00,219.00,163.00,163.00,163.00,163.00,163.00,270.00,270.00,270.00,270.00,270.00,270.00,270.00,270.00,270.00,270.00,270.00,270.00
2026-09-01 16:35:45,153.00,153.00,153.00,153.00,199.00,153.00,153.00,153.00,153.00,153.00,163.00,219.00,163.00,163.00,163.00,163.00,163.00,270.00,270.00,270.00,270.00,270.00,270.00,270.00,270.00,270.00,270.00,270.00,270.00
2026-09-01 16:45:48,153.00,153.00,153.00,153.00,199.00,153.00,153.00,153.00,153.00,153.00,163.00,219.00,163.00,163.00,163.00,163.00,163.00,270.00,270.00,270.00,270.00,270.00,270.00,270.00,270.00,270.00,270.00,270.00,270.00
2026-09-01 16:55:44,153.00,153.00,153.00,153.00,199.00,153.00,153.00,153.00,153.00,153.00,163.00,219.00,163.00,163.00,163.00,163.00,163.00,270.00,270.00,270.00,270.00,270.00,270.00,270.00,270.00,270.00,270.00,270.00,270.00
2026-09-01 17:05:44,153.00,153.00,153.00,153.00,199.00,153.00,153.00,153.00,153.00,153.00,163.00,219.00,163.00,163.00,163.00,163.00,163.00,270.00,270.00,270.00,270.00,270.00,270.00,270.00,270.00,270.00,270.00,270.00,270.00
2026-09-01 17:15:53,153.00,153.00,153.00,153.00,199.00,153.00,153.00,153.00,153.00,153.00,163.00,219.00,163.00,163.00,163.00,163.00,163.00,270.00,270.00,270.00,270.00,270.00,270.00,270.00,270.00,270.00,270.00,270.00,270.00
2026-09-01 17:26:38,153.00,153.00,153.00,153.00,199.00,153.00,153.00,153.00,153.00,153.00,163.00,219.00,163.00,163.00,163.00,163.00,163.00,270.00,270.00,270.00,270.00,270.00,270.00,270.00,270.00,270.00,270.00,270.00,270.00
2026-09-01 17:35:47,153.00,153.00,153.00,153.00,199.00,153.00,153.00,153.00,153.00,153.00,163.00,219.00,163.00,163.00,163.00,163.00,163.00,270.00,270.00,270.00,270.00,270.00,270.00,270.00,270.00,270.00,270.00,270.00,270.00
2026-09-01 17:45:48,153.00,153.00,153.00,153.00,199.00,153.00,153.00,153.00,153.00,153.00,163.00,219.00,163.00,163.00,163.00,163.00,163.00,270.00,270.00,270.00,270.00,270.00,270.00,270.00,270.00,270.00,270.00,270.00,270.00
2026-09-01 17:55:46,153.00,153.00,153.00,153.00,199.00,153.00,153.00,153.00,153.00,153.00,163.00,219.00,163.00,163.00,163.00,163.00,163.00,270.00,270.00,270.00,270.00,270.00,270.00,270.00,270.00,270.00,270.00,270.00,270.00
2026-09-01 18:05:56,,153.00,,,199.00,153.00,153.00,,,153.00,163.00,,,163.00,163.00,163.00,163.00,270.00,,,270.00,270.00,270.00,,,,270.00,,270.00
2026-09-01 18:15:50,153.00,153.00,153.00,153.00,199.00,153.00,153.00,153.00,153.00,153.00,163.00,219.00,163.00,163.00,163.00,163.00,163.00,270.00,270.00,270.00,270.00,270.00,270.00,270.00,270.00,270.00,270.00,270.00,270.00
2026-09-01 18:25:35,153.00,153.00,153.00,153.00,199.00,153.00,153.00,153.00,153.00,153.00,163.00,219.00,163.00,163.00,163.00,163.00,163.00,270.00,270.00,270.00,270.00,270.00,270.00,270.00,270.00,270.00,270.00,270.00,270.00
2026-09-01 18:35:45,153.00,153.00,153.00,153.00,199.00,153.00,153.00,153.00,153.00,153.00,163.00,219.00,163.00,163.00,163.00,163.00,163.00,270.00,270.00,270.00,270.00,270.00,270.00,270.00,270.00,270.00,270.00,270.00,270.00
2026-09-01 18:45:46,153.00,153.00,153.00,153.00,199.00,153.00,153.00,153.00,153.00,153.00,163.00,219.00,163.00,163.00,163.00,163.00,163.00,270.00,270.00,270.00,270.00,270.00,270.00,270.00,270.00,270.00,270.00,270.00,270.00
2026-09-01 18:55:47,153.00,153.00,153.00,153.00,199.00,153.00,153.00,153.00,153.00,153.00,163.00,219.00,163.00,163.00,163.00,163.00,163.00,270.00,270.00,270.00,270.00,270.00,270.00,270.00,270.00,270.00,270.00,270.00,270.00
2026-09-01 19:05:44,153.00,153.00,153.00,153.00,199.00,153.00,153.00,153.00,153.00,153.00,163.00,219.00,163.00,163.00,163.00,163.00,163.00,270.00,270.00,270.00,270.00,270.00,270.00,270.00,270.00,270.00,270.00,270.00,270.00
2026-09-01 19:15:50,153.00,153.00,153.00,153.00,199.00,153.00,153.00,153.00,153.00,153.00,163.00,219.00,163.00,163.00,163.00,163.00,163.00,270.00,270.00,270.00,270.00,270.00,270.00,270.00,270.00,270.00,270.00,270.00,270.00
2026-09-01 19:35:39,153.00,153.00,153.00,153.00,199.00,153.00,153.00,153.00,153.00,153.00,163.00,219.00,163.00,163.00,163.00,163.00,163.00,270.00,270.00,270.00,270.00,270.00,270.00,270.00,270.00,270.00,270.00,270.00,270.00
2026-09-01 19:45:43,153.00,153.00,153.00,153.00,199.00,153.00,153.00,153.00,153.00,153.00,163.00,219.00,163.00,163.00,163.00,163.00,163.00,270.00,270.00,270.00,270.00,270.00,270.00,270.00,270.00,270.00,270.00,270.00,270.00
2026-09-01 19:55:44,153.00,153.00,153.00,153.00,199.00,153.00,153.00,153.00,153.00,153.00,163.00,219.00,163.00,163.00,163.00,163.00,163.00,270.00,270.00,270.00,270.00,270.00,270.00,270.00,270.00,270.00,270.00,270.00,270.00
2026-09-01 20:05:43,153.00,153.00,153.00,153.00,199.00,153.00,153.00,153.00,153.00,153.00,163.00,219.00,163.00,163.00,163.00,163.00,163.00,270.00,270.00,270.00,270.00,270.00,270.00,270.00,270.00,270.00,270.00,270.00,270.00
2026-09-01 20:15:43,153.00,153.00,153.00,153.00,199.00,153.00,153.00,153.00,153.00,153.00,163.00,219.00,163.00,163.00,163.00,163.00,163.00,270.00,270.00,270.00,270.00,270.00,270.00,270.00,270.00,270.00,270.00,270.00,270.00
2026-09-01 20:25:47,153.00,153.00,153.00,153.00,199.00,153.00,153.00,153.00,153.00,153.00,163.00,219.00,163.00,163.00,163.00,163.00,163.00,270.00,270.00,270.00,270.00,270.00,270.00,270.00,270.00,270.00,270.00,270.00,270.00
2026-09-01 20:35:47,153.00,153.00,153.00,153.00,199.00,153.00,153.00,153.00,153.00,153.00,163.00,219.00,163.00,163.00,163.00,163.00,163.00,270.00,270.00,270.00,270.00,270.00,270.00,270.00,270.00,270.00,270.00,270.00,270.00
2026-09-01 20:45:44,153.00,153.00,153.00,153.00,199.00,153.00,153.00,153.00,153.00,153.00,163.00,219.00,163.00,163.00,163.00,163.00,163.00,270.00,270.00,270.00,270.00,270.00,270.00,270.00,270.00,270.00,270.00,270.00,270.00
2026-09-01 20:55:51,153.00,153.00,153.00,153.00,199.00,153.00,153.00,153.00,153.00,153.00,163.00,219.00,163.00,163.00,163.00,163.00,163.00,270.00,270.00,270.00,270.00,270.00,270.00,270.00,270.00,270.00,270.00,270.00,270.00
2026-09-01 21:05:46,153.00,153.00,153.00,153.00,199.00,153.00,153.00,153.00,153.00,153.00,163.00,219.00,163.00,163.00,163.00,163.00,163.00,270.00,270.00,270.00,270.00,270.00,270.00,270.00,270.00,270.00,270.00,270.00,270.00
2026-09-01 21:15:48,153.00,153.00,153.00,153.00,199.00,153.00,153.00,153.00,153.00,153.00,163.00,279.00,163.00,163.00,163.00,163.00,163.00,270.00,270.00,270.00,270.00,270.00,270.00,270.00,270.00,270.00,270.00,270.00,270.00
2026-09-01 21:28:32,,153.00,,,199.00,153.00,153.00,,,153.00,163.00,,,163.00,163.00,163.00,163.00,270.00,,,270.00,270.00,270.00,,,,270.00,,270.00
2026-09-01 21:35:50,153.00,153.00,153.00,153.00,199.00,153.00,153.00,153.00,153.00,153.00,163.00,279.00,163.00,163.00,163.00,163.00,163.00,270.00,270.00,270.00,270.00,270.00,270.00,270.00,270.00,270.00,270.00,270.00,270.00
2026-09-01 21:45:51,153.00,153.00,153.00,153.00,199.00,153.00,153.00,153.00,153.00,153.00,163.00,279.00,163.00,163.00,163.00,163.00,163.00,270.00,270.00,270.00,270.00,270.00,270.00,270.00,270.00,270.00,270.00,270.00,270.00
2026-09-01 21:55:50,153.00,153.00,153.00,153.00,199.00,153.00,153.00,153.00,153.00,153.00,163.00,279.00,163.00,163.00,163.00,163.00,163.00,270.00,270.00,270.00,270.00,270.00,270.00,270.00,270.00,270.00,270.00,270.00,270.00
2026-09-01 22:05:36,153.00,153.00,153.00,153.00,199.00,153.00,153.00,153.00,153.00,153.00,163.00,279.00,163.00,163.00,163.00,163.00,163.00,270.00,270.00,270.00,270.00,270.00,270.00,270.00,270.00,270.00,270.00,270.00,270.00
2026-09-01 22:15:38,153.00,153.00,153.00,153.00,199.00,153.00,153.00,153.00,153.00,153.00,163.00,279.00,163.00,163.00,163.00,163.00,163.00,270.00,270.00,270.00,270.00,270.00,270.00,270.00,270.00,270.00,270.00,270.00,270.00
2026-09-01 22:25:54,153.00,153.00,153.00,153.00,199.00,153.00,153.00,153.00,153.00,153.00,163.00,279.00,163.00,163.00,163.00,163.00,163.00,270.00,270.00,270.00,270.00,270.00,270.00,270.00,270.00,270.00,270.00,270.00,270.00
2026-09-01 22:35:40,153.00,153.00,153.00,153.00,199.00,153.00,153.00,153.00,153.00,153.00,163.00,279.00,163.00,163.00,163.00,163.00,163.00,270.00,270.00,270.00,270.00,270.00,270.00,270.00,270.00,270.00,270.00,270.00,270.00
2026-09-01 22:45:47,153.00,153.00,153.00,153.00,199.00,153.00,153.00,153.00,153.00,153.00,163.00,279.00,163.00,163.00,163.00,163.00,163.00,270.00,270.00,270.00,270.00,270.00,270.00,270.00,270.00,270.00,270.00,270.00,270.00
2026-09-01 22:55:47,153.00,153.00,153.00,153.00,199.00,153.00,153.00,153.00,153.00,153.00,163.00,279.00,163.00,163.00,163.00,163.00,163.00,270.00,270.00,270.00,270.00,270.00,270.00,270.00,270.00,270.00,270.00,270.00,270.00
2026-09-01 23:05:51,153.00,153.00,153.00,153.00,199.00,153.00,153.00,153.00,153.00,153.00,163.00,279.00,163.00,163.00,163.00,163.00,163.00,270.00,270.00,270.00,270.00,270.00,270.00,270.00,270.00,270.00,270.00,270.00,270.00
2026-09-01 23:15:49,153.00,153.00,153.00,153.00,199.00,153.00,153.00,153.00,153.00,153.00,163.00,279.00,163.00,163.00,163.00,163.00,163.00,270.00,270.00,270.00,270.00,270.00,270.00,270.00,270.00,270.00,270.00,270.00,270.00
2026-09-01 23:25:55,153.00,153.00,153.00,153.00,199.00,153.00,153.00,153.00,153.00,153.00,163.00,279.00,163.00,163.00,163.00,163.00,163.00,270.00,270.00,270.00,270.00,270.00,270.00,270.00,270.00,270.00,270.00,270.00,270.00
2026-09-01 23:35:46,153.00,153.00,153.00,153.00,199.00,153.00,153.00,153.00,153.00,153.00,163.00,279.00,163.00,163.00,163.00,163.00,163.00,270.00,270.00,270.00,270.00,270.00,270.00,270.00,270.00,270.00,270.00,270.00,270.00
2026-09-01 23:45:48,153.00,153.00,153.00,153.00,199.00,153.00,153.00,153.00,153.00,153.00,163.00,279.00,163.00,163.00,163.00,163.00,163.00,270.00,270.00,270.00,270.00,270.00,270.00,270.00,270.00,270.00,270.00,270.00,270.00
2026-09-01 23:55:52,153.00,153.00,153.00,153.00,199.00,153.00,153.00,153.00,153.00,153.00,163.00,279.00,163.00,163.00,163.00,163.00,163.00,270.00,270.00,270.00,270.00,270.00,270.00,270.00,270.00,270.00,270.00,270.00,270.00
2026-09-02 00:05:51,153.00,153.00,153.00,153.00,199.00,153.00,153.00,153.00,153.00,153.00,163.00,279.00,163.00,163.00,163.00,163.00,163.00,270.00,270.00,270.00,270.00,270.00,270.00,270.00,270.00,270.00,270.00,270.00,270.00
2026-09-02 00:15:37,153.00,153.00,153.00,153.00,199.00,153.00,153.00,153.00,153.00,153.00,163.00,279.00,163.00,163.00,163.00,163.00,163.00,270.00,270.00,270.00,270.00,270.00,270.00,270.00,270.00,270.00,270.00,270.00,270.00
2026-09-02 00:25:51,153.00,153.00,153.00,153.00,199.00,153.00,153.00,153.00,153.00,153.00,163.00,279.00,163.00,163.00,163.00,163.00,163.00,270.00,270.00,270.00,270.00,270.00,270.00,270.00,270.00,270.00,270.00,270.00,270.00
2026-09-02 00:35:53,153.00,153.00,153.00,153.00,199.00,153.00,153.00,153.00,153.00,153.00,163.00,279.00,163.00,163.00,163.00,163.00,163.00,270.00,270.00,270.00,270.00,270.00,270.00,270.00,270.00,270.00,270.00,270.00,270.00
2026-09-02 00:45:53,153.00,153.00,153.00,153.00,199.00,153.00,153.00,153.00,153.00,153.00,163.00,279.00,163.00,163.00,163.00,163.00,163.00,270.00,270.00,270.00,270.00,270.00,270.00,270.00,270.00,270.00,270.00,270.00,270.00
2026-09-02 00:55:37,153.00,153.00,153.00,153.00,199.00,153.00,153.00,153.00,153.00,153.00,163.00,279.00,163.00,163.00,163.00,163.00,163.00,270.00,270.00,270.00,270.00,270.00,270.00,270.00,270.00,270.00,270.00,270.00,270.00
2026-09-02 01:05:41,153.00,,153.00,153.00,,,,153.00,153.00,,,279.00,163.00,,,163.00,163.00,,270.00,270.00,,,,270.00,270.00,270.00,,270.00,
2026-09-02 01:15:49,153.00,153.00,153.00,153.00,199.00,153.00,153.00,153.00,153.00,153.00,163.00,279.00,163.00,163.00,163.00,163.00,163.00,270.00,270.00,270.00,270.00,270.00,270.00,270.00,270.00,270.00,270.00,270.00,270.00
2026-09-02 01:25:49,153.00,153.00,153.00,153.00,199.00,153.00,153.00,153.00,153.00,153.00,163.00,279.00,163.00,163.00,163.00,163.00,163.00,270.00,270.00,270.00,270.00,270.00,270.00,270.00,270.00,270.00,270.00,270.00,270.00
2026-09-02 01:35:49,153.00,153.00,153.00,153.00,199.00,153.00,153.00,153.00,153.00,153.00,163.00,279.00,163.00,163.00,163.00,163.00,163.00,270.00,270.00,270.00,270.00,270.00,270.00,270.00,270.00,270.00,270.00,270.00,270.00
2026-09-02 01:45:55,153.00,153.00,153.00,153.00,199.00,153.00,153.00,153.00,153.00,153.00,163.00,279.00,163.00,163.00,163.00,163.00,163.00,270.00,270.00,270.00,270.00,270.00,270.00,270.00,270.00,270.00,270.00,270.00,270.00
2026-09-02 01:55:38,153.00,153.00,153.00,153.00,199.00,153.00,153.00,153.00,153.00,153.00,163.00,279.00,163.00,163.00,163.00,163.00,163.00,270.00,270.00,270.00,270.00,270.00,270.00,270.00,270.00,270.00,270.00,270.00,270.00
2026-09-02 02:05:43,153.00,153.00,153.00,153.00,199.00,153.00,153.00,153.00,153.00,153.00,163.00,279.00,163.00,163.00,163.00,163.00,163.00,270.00,270.00,270.00,270.00,270.00,270.00,270.00,270.00,270.00,270.00,270.00,270.00
2026-09-02 02:16:00,153.00,153.00,153.00,153.00,199.00,153.00,153.00,153.00,153.00,153.00,163.00,279.00,163.00,163.00,163.00,163.00,163.00,270.00,270.00,270.00,270.00,270.00,270.00,270.00,270.00,270.00,270.00,270.00,270.00
2026-09-02 02:25:55,153.00,153.00,153.00,153.00,199.00,153.00,153.00,153.00,153.00,153.00,163.00,279.00,163.00,163.00,163.00,163.00,163.00,270.00,270.00,270.00,270.00,270.00,270.00,270.00,270.00,270.00,270.00,270.00,270.00
2026-09-02 02:35:50,153.00,153.00,153.00,153.00,199.00,153.00,153.00,153.00,153.00,153.00,163.00,279.00,163.00,163.00,163.00,163.00,163.00,270.00,270.00,270.00,270.00,270.00,270.00,270.00,270.00,270.00,270.00,270.00,270.00
2026-09-02 02:45:54,153.00,153.00,153.00,153.00,199.00,153.00,153.00,153.00,153.00,153.00,163.00,279.00,163.00,163.00,163.00,163.00,163.00,270.00,270.00,270.00,270.00,270.00,270.00,270.00,270.00,270.00,270.00,270.00,270.00
2026-09-02 02:55:44,153.00,153.00,153.00,153.00,199.00,153.00,153.00,153.00,153.00,153.00,163.00,279.00,163.00,163.00,163.00,163.00,163.00,270.00,270.00,270.00,270.00,270.00,270.00,270.00,270.00,270.00,270.00,270.00,270.00
2026-09-02 03:05:47,153.00,153.00,153.00,153.00,199.00,153.00,153.00,153.00,153.00,153.00,163.00,279.00,163.00,163.00,163.00,163.00,163.00,270.00,270.00,270.00,270.00,270.00,270.00,270.00,270.00,270.00,270.00,270.00,270.00
2026-09-02 03:15:48,153.00,153.00,153.00,153.00,199.00,153.00,153.00,153.00,153.00,153.00,163.00,279.00,163.00,163.00,163.00,163.00,163.00,270.00,270.00,270.00,270.00,270.00,270.00,270.00,270.00,270.00,270.00,270.00,270.00
2026-09-02 03:26:02,153.00,153.00,153.00,153.00,199.00,153.00,153.00,153.00,153.00,153.00,163.00,279.00,163.00,163.00,163.00,163.00,163.00,270.00,270.00,270.00,270.00,270.00,270.00,270.00,270.00,270.00,270.00,270.00,270.00
2026-09-02 03:35:39,153.00,153.00,153.00,153.00,199.00,153.00,153.00,153.00,153.00,153.00,163.00,279.00,163.00,163.00,163.00,163.00,163.00,270.00,270.00,270.00,270.00,270.00,270.00,270.00,270.00,270.00,270.00,270.00,270.00
2026-09-02 03:45:39,153.00,153.00,153.00,153.00,199.00,153.00,153.00,153.00,153.00,153.00,163.00,279.00,163.00,163.00,163.00,163.00,163.00,270.00,270.00,270.00,270.00,270.00,270.00,270.00,270.00,270.00,270.00,270.00,270.00
2026-09-02 03:55:49,153.00,153.00,153.00,153.00,199.00,153.00,153.00,153.00,153.00,153.00,163.00,279.00,163.00,163.00,163.00,163.00,163.00,270.00,270.00,270.00,270.00,270.00,270.00,270.00,270.00,270.00,270.00,270.00,270.00
2026-09-02 04:05:50,153.00,153.00,153.00,153.00,199.00,153.00,153.00,153.00,153.00,153.00,163.00,279.00,163.00,163.00,163.00,163.00,163.00,270.00,270.00,270.00,270.00,270.00,270.00,270.00,270.00,270.00,270.00,270.00,270.00
2026-09-02 04:15:46,153.00,153.00,153.00,153.00,199.00,153.00,153.00,153.00,153.00,153.00,163.00,279.00,163.00,163.00,163.00,163.00,163.00,270.00,270.00,270.00,270.00,270.00,270.00,270.00,270.00,270.00,270.00,270.00,270.00
2026-09-02 04:25:34,153.00,153.00,153.00,153.00,199.00,153.00,153.00,153.00,153.00,153.00,163.00,219.00,163.00,163.00,163.00,163.00,163.00,270.00,270.00,270.00,270.00,270.00,270.00,270.00,270.00,270.00,270.00,270.00,270.00
2026-09-02 04:35:27,153.00,153.00,153.00,153.00,199.00,153.00,153.00,153.00,153.00,153.00,163.00,219.00,163.00,163.00,163.00,163.00,163.00,270.00,270.00,270.00,270.00,270.00,270.00,270.00,270.00,270.00,270.00,270.00,270.00
2026-09-02 04:45:43,153.00,153.00,153.00,153.00,199.00,153.00,153.00,153.00,153.00,153.00,163.00,219.00,163.00,163.00,163.00,163.00,163.00,270.00,270.00,270.00,270.00,270.00,270.00,270.00,270.00,270.00,270.00,270.00,270.00
2026-09-02 04:55:38,153.00,153.00,153.00,153.00,199.00,153.00,153.00,153.00,153.00,153.00,163.00,219.00,163.00,163.00,163.00,163.00,163.00,270.00,270.00,270.00,270.00,270.00,270.00,270.00,270.00,270.00,270.00,270.00,270.00
2026-09-02 05:05:32,153.00,153.00,153.00,153.00,199.00,153.00,153.00,153.00,153.00,153.00,163.00,219.00,163.00,163.00,163.00,163.00,163.00,270.00,270.00,270.00,270.00,270.00,270.00,270.00,270.00,270.00,270.00,270.00,270.00
2026-09-02 05:15:38,153.00,153.00,153.00,153.00,199.00,153.00,153.00,153.00,153.00,153.00,163.00,219.00,163.00,163.00,163.00,163.00,163.00,270.00,270.00,270.00,270.00,270.00,270.00,270.00,270.00,270.00,270.00,270.00,270.00
2026-09-02 05:25:36,153.00,153.00,153.00,153.00,199.00,153.00,153.00,153.00,153.00,153.00,163.00,219.00,163.00,163.00,163.00,163.00,163.00,270.00,270.00,270.00,270.00,270.00,270.00,270.00,270.00,270.00,270.00,270.00,270.00
2026-09-02 05:35:35,153.00,153.00,153.00,153.00,199.00,153.00,153.00,153.00,153.00,153.00,163.00,219.00,163.00,163.00,163.00,163.00,163.00,270.00,270.00,270.00,270.00,270.00,270.00,270.00,270.00,270.00,270.00,270.00,270.00
2026-09-02 05:45:44,153.00,153.00,153.00,153.00,199.00,153.00,153.00,153.00,153.00,153.00,163.00,219.00,163.00,163.00,163.00,163.00,163.00,270.00,270.00,270.00,270.00,270.00,270.00,270.00,270.00,270.00,270.00,270.00,270.00
2026-09-02 05:55:38,153.00,153.00,153.00,153.00,199.00,153.00,153.00,153.00,153.00,153.00,163.00,219.00,163.00,163.00,163.00,163.00,163.00,270.00,270.00,270.00,270.00,270.00,270.00,270.00,270.00,270.00,270.00,270.00,270.00
2026-09-02 06:05:49,153.00,153.00,153.00,153.00,199.00,153.00,153.00,153.00,153.00,153.00,163.00,219.00,163.00,163.00,163.00,163.00,163.00,270.00,270.00,270.00,270.00,270.00,270.00,270.00,270.00,270.00,270.00,270.00,270.00
2026-09-02 06:15:37,153.00,153.00,153.00,153.00,199.00,153.00,153.00,153.00,153.00,153.00,163.00,219.00,163.00,163.00,163.00,163.00,163.00,270.00,270.00,270.00,270.00,270.00,270.00,270.00,270.00,270.00,270.00,270.00,270.00
2026-09-02 06:25:45,153.00,153.00,153.00,153.00,199.00,153.00,153.00,153.00,153.00,153.00,163.00,188.00,163.00,163.00,163.00,163.00,163.00,270.00,270.00,270.00,270.00,270.00,270.00,270.00,270.00,270.00,270.00,270.00,270.00
2026-09-02 06:35:35,153.00,153.00,153.00,153.00,199.00,153.00,153.00,153.00,153.00,153.00,163.00,188.00,163.00,163.00,163.00,163.00,163.00,270.00,270.00,270.00,270.00,270.00,270.00,270.00,270.00,270.00,270.00,270.00,270.00
2026-09-02 06:45:46,153.00,153.00,153.00,153.00,199.00,153.00,153.00,153.00,153.00,153.00,163.00,188.00,163.00,163.00,163.00,163.00,163.00,270.00,270.00,270.00,270.00,270.00,270.00,270.00,270.00,270.00,270.00,270.00,270.00
2026-09-02 06:55:48,153.00,153.00,153.00,153.00,199.00,153.00,153.00,153.00,153.00,153.00,163.00,188.00,163.00,163.00,163.00,163.00,163.00,270.00,270.00,270.00,270.00,270.00,270.00,270.00,270.00,270.00,270.00,270.00,270.00
2026-09-02 07:05:47,153.00,153.00,153.00,153.00,199.00,153.00,153.00,153.00,153.00,153.00,163.00,188.00,163.00,163.00,163.00,163.00,163.00,270.00,270.00,270.00,270.00,270.00,270.00,270.00,270.00,270.00,270.00,270.00,270.00
2026-09-02 07:15:49,153.00,153.00,153.00,153.00,199.00,153.00,153.00,153.00,153.00,153.00,163.00,188.00,163.00,163.00,163.00,163.00,163.00,270.00,270.00,270.00,270.00,270.00,270.00,270.00,270.00,270.00,270.00,270.00,270.00
2026-09-02 07:25:26,153.00,153.00,153.00,153.00,199.00,153.00,153.00,153.00,153.00,153.00,163.00,188.00,163.00,163.00,163.00,163.00,163.00,270.00,270.00,270.00,270.00,270.00,270.00,270.00,270.00,270.00,270.00,270.00,270.00
2026-09-02 07:35:48,153.00,153.00,153.00,153.00,199.00,153.00,153.00,153.00,153.00,153.00,163.00,188.00,163.00,163.00,163.00,163.00,163.00,270.00,270.00,270.00,270.00,270.00,270.00,270.00,270.00,270.00,270.00,270.00,270.00
2026-09-02 07:45:43,153.00,153.00,153.00,153.00,199.00,153.00,153.00,153.00,153.00,153.00,163.00,188.00,163.00,163.00,163.00,163.00,163.00,270.00,270.00,270.00,270.00,270.00,270.00,270.00,270.00,270.00,270.00,270.00,270.00
2026-09-02 07:55:43,153.00,153.00,153.00,153.00,199.00,153.00,153.00,153.00,153.00,153.00,163.00,188.00,163.00,163.00,163.00,163.00,163.00,270.00,270.00,270.00,270.00,270.00,270.00,270.00,270.00,270.00,270.00,270.00,270.00
2026-09-02 08:05:46,153.00,153.00,153.00,153.00,199.00,153.00,153.00,153.00,153.00,153.00,163.00,188.00,163.00,163.00,163.00,163.00,163.00,270.00,270.00,270.00,270.00,270.00,270.00,270.00,270.00,270.00,270.00,270.00,270.00
2026-09-02 08:15:43,153.00,153.00,153.00,153.00,199.00,153.00,153.00,153.00,153.00,153.00,163.00,188.00,163.00,163.00,163.00,163.00,163.00,270.00,270.00,270.00,270.00,270.00,270.00,270.00,270.00,270.00,270.00,270.00,270.00
2026-09-02 08:25:44,153.00,153.00,153.00,153.00,199.00,153.00,153.00,153.00,153.00,153.00,163.00,188.00,163.00,163.00,163.00,163.00,163.00,270.00,270.00,270.00,270.00,270.00,270.00,270.00,270.00,270.00,270.00,270.00,270.00
2026-09-02 08:35:43,153.00,153.00,153.00,153.00,199.00,153.00,153.00,153.00,153.00,153.00,163.00,188.00,163.00,163.00,163.00,163.00,163.00,270.00,270.00,270.00,270.00,270.00,270.00,270.00,270.00,270.00,270.00,270.00,270.00
2026-09-02 08:45:50,153.00,153.00,153.00,153.00,199.00,153.00,153.00,153.00,153.00,153.00,163.00,188.00,163.00,163.00,163.00,163.00,163.00,270.00,270.00,270.00,270.00,270.00,270.00,270.00,270.00,270.00,270.00,270.00,270.00
2026-09-02 08:55:39,153.00,153.00,153.00,153.00,199.00,153.00,153.00,153.00,153.00,153.00,163.00,188.00,163.00,163.00,163.00,163.00,163.00,270.00,270.00,270.00,270.00,270.00,270.00,270.00,270.00,270.00,270.00,270.00,270.00
2026-09-02 09:05:39,153.00,153.00,153.00,153.00,199.00,153.00,153.00,153.00,153.00,153.00,163.00,188.00,163.00,163.00,163.00,163.00,163.00,270.00,270.00,270.00,270.00,270.00,270.00,270.00,270.00,270.00,270.00,270.00,270.00
2026-09-02 09:15:50,153.00,153.00,153.00,153.00,199.00,153.00,153.00,153.00,153.00,153.00,163.00,188.00,163.00,163.00,163.00,163.00,163.00,270.00,270.00,270.00,270.00,270.00,270.00,270.00,270.00,270.00,270.00,270.00,270.00
2026-09-02 09:25:45,153.00,153.00,153.00,153.00,199.00,153.00,153.00,153.00,153.00,153.00,163.00,188.00,163.00,163.00,163.00,163.00,163.00,270.00,270.00,270.00,270.00,270.00,270.00,270.00,270.00,270.00,270.00,270.00,270.00
2026-09-02 09:35:47,153.00,153.00,153.00,153.00,199.00,153.00,153.00,153.00,153.00,153.00,163.00,188.00,163.00,163.00,163.00,163.00,163.00,270.00,270.00,270.00,270.00,270.00,270.00,270.00,270.00,270.00,270.00,270.00,270.00
2026-09-02 09:45:49,153.00,153.00,153.00,153.00,199.00,153.00,153.00,153.00,153.00,153.00,163.00,188.00,163.00,163.00,163.00,163.00,163.00,270.00,270.00,270.00,270.00,270.00,270.00,270.00,270.00,270.00,270.00,270.00,270.00
2026-09-02 09:55:39,153.00,153.00,153.00,153.00,199.00,153.00,153.00,153.00,153.00,153.00,163.00,188.00,163.00,163.00,163.00,163.00,163.00,270.00,270.00,270.00,270.00,270.00,270.00,270.00,270.00,270.00,270.00,270.00,270.00
2026-09-02 10:05:45,153.00,153.00,153.00,153.00,199.00,153.00,153.00,153.00,153.00,153.00,163.00,188.00,163.00,163.00,163.00,163.00,163.00,270.00,270.00,270.00,270.00,270.00,270.00,270.00,270.00,270.00,270.00,270.00,270.00
2026-09-02 10:15:45,153.00,153.00,153.00,153.00,199.00,153.00,153.00,153.00,153.00,153.00,163.00,188.00,163.00,163.00,163.00,163.00,163.00,270.00,270.00,270.00,270.00,270.00,270.00,270.00,270.00,270.00,270.00,270.00,270.00
2026-09-02 10:25:43,153.00,153.00,153.00,153.00,199.00,153.00,153.00,153.00,153.00,153.00,163.00,188.00,163.00,163.00,163.00,163.00,163.00,270.00,270.00,270.00,270.00,270.00,270.00,270.00,270.00,270.00,270.00,270.00,270.00
2026-09-02 10:35:37,153.00,153.00,153.00,153.00,199.00,153.00,153.00,153.00,153.00,153.00,163.00,188.00,163.00,163.00,163.00,163.00,163.00,270.00,270.00,270.00,270.00,270.00,270.00,270.00,270.00,270.00,270.00,270.00,270.00
2026-09-02 10:45:43,153.00,153.00,153.00,153.00,199.00,153.00,153.00,153.00,153.00,153.00,163.00,188.00,163.00,163.00,163.00,163.00,163.00,270.00,270.00,270.00,270.00,270.00,270.00,270.00,270.00,270.00,270.00,270.00,270.00
2026-09-02 10:55:45,153.00,153.00,153.00,153.00,199.00,153.00,153.00,153.00,153.00,153.00,163.00,188.00,163.00,163.00,163.00,163.00,163.00,270.00,270.00,270.00,270.00,270.00,270.00,270.00,270.00,270.00,270.00,270.00,270.00
2026-09-02 11:05:52,153.00,153.00,153.00,153.00,199.00,153.00,153.00,153.00,153.00,153.00,163.00,188.00,163.00,163.00,163.00,163.00,163.00,270.00,270.00,270.00,270.00,270.00,270.00,270.00,270.00,270.00,270.00,270.00,270.00
2026-09-02 11:15:27,153.00,153.00,153.00,153.00,199.00,153.00,153.00,153.00,153.00,153.00,163.00,188.00,163.00,163.00,163.00,163.00,163.00,270.00,270.00,270.00,270.00,270.00,270.00,270.00,270.00,270.00,270.00,270.00,270.00
2026-09-02 11:25:47,153.00,153.00,153.00,153.00,199.00,153.00,153.00,153.00,153.00,153.00,163.00,188.00,163.00,163.00,163.00,163.00,163.00,270.00,270.00,270.00,270.00,270.00,270.00,270.00,270.00,270.00,270.00,270.00,270.00
2026-09-02 11:35:48,153.00,153.00,153.00,153.00,199.00,153.00,153.00,153.00,153.00,153.00,163.00,188.00,163.00,163.00,163.00,163.00,163.00,270.00,270.00,270.00,270.00,270.00,270.00,270.00,270.00,270.00,270.00,270.00,270.00
2026-09-02 11:45:51,153.00,153.00,153.00,153.00,199.00,153.00,153.00,153.00,153.00,153.00,163.00,188.00,163.00,163.00,163.00,163.00,163.00,270.00,270.00,270.00,270.00,270.00,270.00,270.00,270.00,270.00,270.00,270.00,270.00
2026-09-02 11:55:47,153.00,153.00,153.00,153.00,199.00,153.00,153.00,153.00,153.00,153.00,163.00,188.00,163.00,163.00,163.00,163.00,163.00,270.00,270.00,270.00,270.00,270.00,270.00,270.00,270.00,270.00,270.00,270.00,270.00
2026-09-02 12:05:44,153.00,153.00,153.00,153.00,199.00,153.00,153.00,153.00,153.00,153.00,163.00,188.00,163.00,163.00,163.00,163.00,163.00,270.00,270.00,270.00,270.00,270.00,270.00,270.00,270.00,270.00,270.00,270.00,270.00
2026-09-02 12:15:46,153.00,153.00,153.00,153.00,199.00,153.00,153.00,153.00,153.00,153.00,163.00,188.00,163.00,163.00,163.00,163.00,163.00,270.00,270.00,270.00,270.00,270.00,270.00,270.00,270.00,270.00,270.00,270.00,270.00
2026-09-02 12:25:33,153.00,153.00,153.00,153.00,199.00,153.00,153.00,153.00,153.00,153.00,163.00,188.00,163.00,163.00,163.00,163.00,163.00,270.00,270.00,270.00,270.00,270.00,270.00,270.00,270.00,270.00,270.00,270.00,270.00
2026-09-02 12:35:50,153.00,153.00,153.00,153.00,199.00,153.00,153.00,153.00,153.00,153.00,163.00,188.00,163.00,163.00,163.00,163.00,163.00,270.00,270.00,270.00,270.00,270.00,270.00,270.00,270.00,270.00,270.00,270.00,270.00
2026-09-02 12:45:47,153.00,153.00,153.00,153.00,199.00,153.00,153.00,153.00,153.00,153.00,163.00,188.00,163.00,163.00,163.00,163.00,163.00,270.00,270.00,270.00,270.00,270.00,270.00,270.00,270.00,270.00,270.00,270.00,270.00
2026-09-02 12:55:47,153.00,153.00,153.00,153.00,199.00,153.00,153.00,153.00,153.00,153.00,163.00,188.00,163.00,163.00,163.00,163.00,163.00,270.00,270.00,270.00,270.00,270.00,270.00,270.00,270.00,270.00,270.00,270.00,270.00
2026-09-02 13:05:27,153.00,153.00,153.00,153.00,199.00,153.00,153.00,153.00,153.00,153.00,163.00,188.00,163.00,163.00,163.00,163.00,163.00,270.00,270.00,270.00,270.00,270.00,270.00,270.00,270.00,270.00,270.00,270.00,270.00
2026-09-02 13:15:47,153.00,153.00,153.00,153.00,199.00,153.00,153.00,153.00,153.00,153.00,163.00,188.00,163.00,163.00,163.00,163.00,163.00,270.00,270.00,270.00,270.00,270.00,270.00,270.00,270.00,270.00,270.00,270.00,270.00
2026-09-02 13:25:49,153.00,153.00,153.00,153.00,199.00,153.00,153.00,153.00,153.00,153.00,163.00,188.00,163.00,163.00,163.00,163.00,163.00,270.00,270.00,270.00,270.00,270.00,270.00,270.00,270.00,270.00,270.00,270.00,270.00
2026-09-02 13:35:50,153.00,153.00,153.00,153.00,199.00,153.00,153.00,153.00,153.00,153.00,163.00,188.00,163.00,163.00,163.00,163.00,163.00,270.00,270.00,270.00,270.00,270.00,270.00,270.00,270.00,270.00,270.00,270.00,270.00
2026-09-02 13:55:49,153.00,153.00,153.00,153.00,199.00,153.00,153.00,153.00,153.00,153.00,163.00,188.00,163.00,163.00,163.00,163.00,163.00,270.00,270.00,270.00,270.00,270.00,270.00,270.00,270.00,270.00,270.00,270.00,270.00
2026-09-02 14:05:59,153.00,153.00,153.00,153.00,199.00,153.00,153.00,153.00,153.00,153.00,163.00,188.00,163.00,163.00,163.00,163.00,163.00,270.00,270.00,270.00,270.00,270.00,270.00,270.00,270.00,270.00,270.00,270.00,270.00
2026-09-02 14:15:43,153.00,153.00,153.00,153.00,199.00,153.00,153.00,153.00,153.00,153.00,163.00,188.00,163.00,163.00,163.00,163.00,163.00,270.00,270.00,270.00,270.00,270.00,270.00,270.00,270.00,270.00,270.00,270.00,270.00
2026-09-02 14:25:51,153.00,153.00,153.00,153.00,199.00,153.00,153.00,153.00,153.00,153.00,163.00,188.00,163.00,163.00,163.00,163.00,163.00,270.00,270.00,270.00,270.00,270.00,270.00,270.00,270.00,270.00,270.00,270.00,270.00
2026-09-02 14:35:44,153.00,153.00,153.00,153.00,199.00,153.00,153.00,153.00,153.00,153.00,163.00,188.00,163.00,163.00,163.00,163.00,163.00,270.00,270.00,270.00,270.00,270.00,270.00,270.00,270.00,270.00,270.00,270.00,270.00
2026-09-02 14:45:45,153.00,153.00,153.00,153.00,199.00,153.00,153.00,153.00,153.00,153.00,163.00,188.00,163.00,163.00,163.00,163.00,163.00,270.00,270.00,270.00,270.00,270.00,270.00,270.00,270.00,270.00,270.00,270.00,270.00
2026-09-02 14:55:48,153.00,153.00,153.00,153.00,188.00,153.00,153.00,153.00,153.00,153.00,163.00,188.00,163.00,163.00,163.00,163.00,163.00,270.00,270.00,270.00,270.00,270.00,270.00,270.00,270.00,270.00,270.00,270.00,270.00
2026-09-02 15:05:44,153.00,153.00,153.00,153.00,188.00,153.00,153.00,153.00,153.00,153.00,163.00,188.00,163.00,163.00,163.00,163.00,163.00,270.00,270.00,270.00,270.00,270.00,270.00,270.00,270.00,270.00,270.00,270.00,270.00
2026-09-02 15:15:54,153.00,153.00,153.00,153.00,188.00,153.00,153.00,153.00,153.00,153.00,163.00,188.00,163.00,163.00,163.00,163.00,163.00,270.00,270.00,270.00,270.00,270.00,270.00,270.00,270.00,270.00,270.00,270.00,270.00
2026-09-02 15:26:37,153.00,153.00,153.00,153.00,188.00,153.00,153.00,153.00,153.00,153.00,163.00,188.00,163.00,163.00,163.00,163.00,163.00,270.00,270.00,270.00,270.00,270.00,270.00,270.00,270.00,270.00,270.00,270.00,270.00
2026-09-02 15:35:49,153.00,153.00,153.00,153.00,188.00,153.00,153.00,153.00,153.00,153.00,163.00,188.00,163.00,163.00,163.00,163.00,163.00,270.00,270.00,270.00,270.00,270.00,270.00,270.00,270.00,270.00,270.00,270.00,270.00
2026-09-02 15:45:50,153.00,153.00,153.00,153.00,188.00,153.00,153.00,153.00,153.00,153.00,163.00,188.00,163.00,163.00,163.00,163.00,163.00,270.00,270.00,270.00,270.00,270.00,270.00,270.00,270.00,270.00,270.00,270.00,270.00
2026-09-02 15:55:50,153.00,153.00,153.00,153.00,188.00,153.00,153.00,153.00,153.00,153.00,163.00,188.00,163.00,163.00,163.00,163.00,163.00,270.00,270.00,270.00,270.00,270.00,270.00,270.00,270.00,270.00,270.00,270.00,270.00
2026-09-02 16:05:52,153.00,153.00,153.00,153.00,188.00,153.00,153.00,153.00,153.00,153.00,163.00,219.00,163.00,163.00,163.00,163.00,163.00,270.00,270.00,270.00,270.00,270.00,270.00,270.00,270.00,270.00,270.00,270.00,270.00
2026-09-02 16:15:51,153.00,153.00,153.00,153.00,188.00,153.00,153.00,153.00,153.00,153.00,163.00,219.00,163.00,163.00,163.00,163.00,163.00,270.00,270.00,270.00,270.00,270.00,270.00,270.00,270.00,270.00,270.00,270.00,270.00
2026-09-02 16:25:40,153.00,153.00,153.00,153.00,188.00,153.00,153.00,153.00,153.00,153.00,163.00,219.00,163.00,163.00,163.00,163.00,163.00,270.00,270.00,270.00,270.00,270.00,270.00,270.00,270.00,270.00,270.00,270.00,270.00
2026-09-02 16:35:51,153.00,153.00,153.00,153.00,188.00,153.00,153.00,153.00,153.00,153.00,163.00,219.00,163.00,163.00,163.00,163.00,163.00,270.00,270.00,270.00,270.00,270.00,270.00,270.00,270.00,270.00,270.00,270.00,270.00
2026-09-02 16:45:33,153.00,153.00,153.00,153.00,188.00,153.00,153.00,153.00,153.00,153.00,163.00,219.00,163.00,163.00,163.00,163.00,163.00,270.00,270.00,270.00,270.00,270.00,270.00,270.00,270.00,270.00,270.00,270.00,270.00
2026-09-02 16:55:49,153.00,153.00,153.00,153.00,188.00,153.00,153.00,153.00,153.00,153.00,163.00,219.00,163.00,163.00,163.00,163.00,163.00,270.00,270.00,270.00,270.00,270.00,270.00,270.00,270.00,270.00,270.00,270.00,270.00
2026-09-02 17:05:34,153.00,153.00,153.00,153.00,188.00,153.00,153.00,153.00,153.00,153.00,163.00,219.00,163.00,163.00,163.00,163.00,163.00,270.00,270.00,270.00,270.00,270.00,270.00,270.00,270.00,270.00,270.00,270.00,270.00
2026-09-02 17:15:47,153.00,153.00,153.00,153.00,188.00,153.00,153.00,153.00,153.00,153.00,163.00,219.00,163.00,163.00,163.00,163.00,163.00,270.00,270.00,270.00,270.00,270.00,270.00,270.00,270.00,270.00,270.00,270.00,270.00
2026-09-02 17:27:19,153.00,153.00,153.00,153.00,188.00,153.00,153.00,153.00,153.00,153.00,163.00,219.00,163.00,163.00,163.00,163.00,163.00,270.00,270.00,270.00,270.00,270.00,270.00,270.00,270.00,270.00,270.00,270.00,270.00
2026-09-02 17:35:45,153.00,153.00,153.00,153.00,188.00,153.00,153.00,153.00,153.00,153.00,163.00,219.00,163.00,163.00,163.00,163.00,163.00,270.00,270.00,270.00,270.00,270.00,270.00,270.00,270.00,270.00,270.00,270.00,270.00
2026-09-02 17:45:46,153.00,153.00,153.00,153.00,188.00,153.00,153.00,153.00,153.00,153.00,153.00,209.00,153.00,153.00,153.00,153.00,153.00,270.00,270.00,270.00,270.00,270.00,270.00,270.00,270.00,270.00,270.00,270.00,270.00
2026-09-02 17:55:39,153.00,153.00,153.00,153.00,188.00,153.00,153.00,153.00,153.00,153.00,153.00,209.00,153.00,153.00,153.00,153.00,153.00,270.00,270.00,270.00,270.00,270.00,270.00,270.00,270.00,270.00,270.00,270.00,270.00
2026-09-02 18:05:48,153.00,153.00,153.00,153.00,188.00,153.00,153.00,153.00,153.00,153.00,153.00,209.00,153.00,153.00,153.00,153.00,153.00,270.00,270.00,270.00,270.00,270.00,270.00,270.00,270.00,270.00,270.00,270.00,270.00
2026-09-02 18:15:41,153.00,153.00,153.00,153.00,188.00,153.00,153.00,153.00,153.00,153.00,153.00,209.00,153.00,153.00,153.00,153.00,153.00,270.00,270.00,270.00,270.00,270.00,270.00,270.00,270.00,270.00,270.00,270.00,270.00
2026-09-02 18:25:51,153.00,153.00,153.00,153.00,188.00,153.00,153.00,153.00,153.00,153.00,153.00,209.00,153.00,153.00,153.00,153.00,153.00,270.00,270.00,270.00,270.00,270.00,270.00,270.00,270.00,270.00,270.00,270.00,270.00
2026-09-02 18:35:49,153.00,153.00,153.00,153.00,188.00,153.00,153.00,153.00,153.00,153.00,153.00,209.00,153.00,153.00,153.00,153.00,153.00,270.00,270.00,270.00,270.00,270.00,270.00,270.00,270.00,270.00,270.00,270.00,270.00
2026-09-02 18:45:40,153.00,153.00,153.00,153.00,188.00,153.00,153.00,153.00,153.00,153.00,153.00,209.00,153.00,153.00,153.00,153.00,153.00,270.00,270.00,270.00,270.00,270.00,270.00,270.00,270.00,270.00,270.00,270.00,270.00
2026-09-02 18:55:54,153.00,153.00,153.00,153.00,188.00,153.00,153.00,153.00,153.00,153.00,153.00,209.00,153.00,153.00,153.00,153.00,153.00,270.00,270.00,270.00,270.00,270.00,270.00,270.00,270.00,270.00,270.00,270.00,270.00
2026-09-02 19:05:42,153.00,153.00,153.00,153.00,188.00,153.00,153.00,153.00,153.00,153.00,153.00,209.00,153.00,153.00,153.00,153.00,153.00,270.00,270.00,270.00,270.00,270.00,270.00,270.00,270.00,270.00,270.00,270.00,270.00
2026-09-02 19:15:56,153.00,153.00,153.00,153.00,188.00,153.00,153.00,153.00,153.00,153.00,153.00,209.00,153.00,153.00,153.00,153.00,153.00,270.00,270.00,270.00,270.00,270.00,270.00,270.00,270.00,270.00,270.00,270.00,270.00
2026-09-02 19:25:46,153.00,153.00,153.00,153.00,188.00,153.00,153.00,153.00,153.00,153.00,153.00,209.00,153.00,153.00,153.00,153.00,153.00,270.00,270.00,270.00,270.00,270.00,270.00,270.00,270.00,270.00,270.00,270.00,270.00
2026-09-02 19:36:02,153.00,153.00,153.00,153.00,188.00,153.00,153.00,153.00,153.00,153.00,153.00,209.00,153.00,153.00,153.00,153.00,153.00,270.00,270.00,270.00,270.00,270.00,270.00,270.00,270.00,270.00,270.00,270.00,270.00
2026-09-02 19:45:50,153.00,153.00,153.00,153.00,188.00,153.00,153.00,153.00,153.00,153.00,153.00,209.00,153.00,153.00,153.00,153.00,153.00,270.00,270.00,270.00,270.00,270.00,270.00,270.00,270.00,270.00,270.00,270.00,270.00
2026-09-02 19:55:45,153.00,153.00,153.00,153.00,188.00,153.00,153.00,153.00,153.00,153.00,153.00,209.00,153.00,153.00,153.00,153.00,153.00,270.00,270.00,270.00,270.00,270.00,270.00,270.00,270.00,270.00,270.00,270.00,270.00
2026-09-02 20:05:42,153.00,153.00,153.00,153.00,188.00,153.00,153.00,153.00,153.00,153.00,153.00,209.00,153.00,153.00,153.00,153.00,153.00,270.00,270.00,270.00,270.00,270.00,270.00,270.00,270.00,270.00,270.00,270.00,270.00
2026-09-02 20:15:48,153.00,153.00,153.00,153.00,188.00,153.00,153.00,153.00,153.00,153.00,153.00,209.00,153.00,153.00,153.00,153.00,153.00,270.00,270.00,270.00,270.00,270.00,270.00,270.00,270.00,270.00,270.00,270.00,270.00
2026-09-02 20:25:49,153.00,153.00,153.00,153.00,188.00,153.00,153.00,153.00,153.00,153.00,153.00,209.00,153.00,153.00,153.00,153.00,153.00,270.00,270.00,270.00,270.00,270.00,270.00,270.00,270.00,270.00,270.00,270.00,270.00
2026-09-02 20:35:48,153.00,153.00,153.00,153.00,188.00,153.00,153.00,153.00,153.00,153.00,153.00,209.00,153.00,153.00,153.00,153.00,153.00,270.00,270.00,270.00,270.00,270.00,270.00,270.00,270.00,270.00,270.00,270.00,270.00
2026-09-02 20:45:37,153.00,153.00,153.00,153.00,188.00,153.00,153.00,153.00,153.00,153.00,153.00,209.00,153.00,153.00,153.00,153.00,153.00,270.00,270.00,270.00,270.00,270.00,270.00,270.00,270.00,270.00,270.00,270.00,270.00
2026-09-02 20:55:51,153.00,153.00,153.00,153.00,188.00,153.00,153.00,153.00,153.00,153.00,153.00,209.00,153.00,153.00,153.00,153.00,153.00,270.00,270.00,270.00,270.00,270.00,270.00,270.00,270.00,270.00,270.00,270.00,270.00
2026-09-03 18:05:54,153.00,153.00,153.00,153.00,243.00,153.00,243.00,153.00,153.00,153.00,153.00,243.00,153.00,153.00,153.00,153.00,153.00,360.00,360.00,360.00,360.00,360.00,360.00,360.00,360.00,360.00,360.00,360.00,360.00
2026-09-03 18:15:49,153.00,153.00,153.00,153.00,243.00,153.00,243.00,153.00,153.00,153.00,153.00,243.00,153.00,153.00,153.00,153.00,153.00,360.00,360.00,360.00,360.00,360.00,360.00,360.00,360.00,360.00,360.00,360.00,360.00
2026-09-03 18:25:51,153.00,153.00,153.00,153.00,243.00,153.00,243.00,153.00,153.00,153.00,153.00,243.00,153.00,153.00,153.00,153.00,153.00,360.00,360.00,360.00,360.00,360.00,360.00,360.00,360.00,360.00,360.00,360.00,360.00
2026-09-03 18:35:58,153.00,153.00,153.00,153.00,243.00,153.00,243.00,153.00,153.00,153.00,153.00,243.00,153.00,153.00,153.00,153.00,153.00,360.00,360.00,360.00,360.00,360.00,360.00,360.00,360.00,360.00,360.00,360.00,360.00
2026-09-03 18:45:52,153.00,153.00,153.00,153.00,243.00,153.00,243.00,153.00,153.00,153.00,153.00,243.00,153.00,153.00,153.00,153.00,153.00,360.00,360.00,360.00,360.00,360.00,360.00,360.00,360.00,360.00,360.00,360.00,360.00
2026-09-03 18:55:51,153.00,153.00,153.00,153.00,243.00,153.00,243.00,153.00,153.00,153.00,153.00,243.00,153.00,153.00,153.00,153.00,153.00,360.00,360.00,360.00,360.00,360.00,360.00,360.00,360.00,360.00,360.00,360.00,360.00
2026-09-03 19:05:49,153.00,153.00,153.00,153.00,243.00,153.00,243.00,153.00,153.00,153.00,153.00,243.00,153.00,153.00,153.00,153.00,153.00,360.00,360.00,360.00,360.00,360.00,360.00,360.00,360.00,360.00,360.00,360.00,360.00
2026-09-03 19:15:44,153.00,153.00,153.00,153.00,243.00,153.00,243.00,153.00,153.00,153.00,153.00,243.00,153.00,153.00,153.00,153.00,153.00,360.00,360.00,360.00,360.00,360.00,360.00,360.00,360.00,360.00,360.00,360.00,360.00
2026-09-03 19:25:52,153.00,153.00,153.00,153.00,243.00,153.00,243.00,153.00,153.00,153.00,153.00,243.00,153.00,153.00,153.00,153.00,153.00,360.00,360.00,360.00,360.00,360.00,360.00,360.00,360.00,360.00,360.00,360.00,360.00
2026-09-03 19:35:51,153.00,153.00,153.00,153.00,243.00,153.00,243.00,153.00,153.00,153.00,153.00,243.00,153.00,153.00,153.00,153.00,153.00,360.00,360.00,360.00,360.00,360.00,360.00,360.00,360.00,360.00,360.00,360.00,360.00
2026-09-03 19:45:54,153.00,153.00,153.00,153.00,243.00,153.00,243.00,153.00,153.00,153.00,153.00,243.00,153.00,153.00,153.00,153.00,153.00,360.00,360.00,360.00,360.00,360.00,360.00,360.00,360.00,360.00,360.00,360.00,360.00
2026-09-03 19:55:48,153.00,153.00,153.00,153.00,243.00,153.00,243.00,153.00,153.00,153.00,153.00,243.00,153.00,153.00,153.00,153.00,153.00,360.00,360.00,360.00,360.00,360.00,360.00,360.00,360.00,360.00,360.00,360.00,360.00
2026-09-03 20:05:47,153.00,153.00,153.00,153.00,243.00,153.00,243.00,153.00,153.00,153.00,153.00,243.00,153.00,153.00,153.00,153.00,153.00,360.00,360.00,360.00,360.00,360.00,360.00,360.00,360.00,360.00,360.00,360.00,360.00
2026-09-03 20:15:49,153.00,153.00,153.00,153.00,243.00,153.00,243.00,153.00,153.00,153.00,153.00,243.00,153.00,153.00,153.00,153.00,153.00,360.00,360.00,360.00,360.00,360.00,360.00,360.00,360.00,360.00,360.00,360.00,360.00
2026-09-03 20:25:50,153.00,153.00,153.00,153.00,243.00,153.00,243.00,153.00,153.00,153.00,153.00,243.00,153.00,153.00,153.00,153.00,153.00,360.00,360.00,360.00,360.00,360.00,360.00,360.00,360.00,360.00,360.00,360.00,360.00
2026-09-03 20:35:34,153.00,153.00,153.00,153.00,243.00,153.00,243.00,153.00,153.00,153.00,153.00,243.00,153.00,153.00,153.00,153.00,153.00,360.00,360.00,360.00,360.00,360.00,360.00,360.00,360.00,360.00,360.00,360.00,360.00
2026-09-03 20:45:51,153.00,153.00,153.00,153.00,243.00,153.00,243.00,153.00,153.00,153.00,153.00,243.00,153.00,153.00,153.00,153.00,153.00,360.00,360.00,360.00,360.00,360.00,360.00,360.00,360.00,360.00,360.00,360.00,360.00
2026-09-03 20:55:43,153.00,153.00,153.00,153.00,243.00,153.00,243.00,153.00,153.00,153.00,153.00,243.00,153.00,153.00,153.00,153.00,153.00,360.00,360.00,360.00,360.00,360.00,360.00,360.00,360.00,360.00,360.00,360.00,360.00
2026-09-03 21:05:48,153.00,153.00,153.00,153.00,243.00,153.00,243.00,153.00,153.00,153.00,153.00,243.00,153.00,153.00,153.00,153.00,153.00,360.00,360.00,360.00,360.00,360.00,360.00,360.00,360.00,360.00,360.00,360.00,360.00
2026-09-03 21:16:06,153.00,153.00,153.00,153.00,243.00,153.00,243.00,153.00,153.00,153.00,153.00,243.00,153.00,153.00,153.00,153.00,153.00,360.00,360.00,360.00,360.00,360.00,360.00,360.00,360.00,360.00,360.00,360.00,360.00
2026-09-03 21:30:13,153.00,153.00,153.00,153.00,243.00,153.00,243.00,153.00,153.00,153.00,153.00,243.00,153.00,153.00,153.00,153.00,153.00,360.00,360.00,360.00,360.00,360.00,360.00,360.00,360.00,360.00,360.00,360.00,360.00
2026-09-03 21:35:53,153.00,153.00,153.00,153.00,243.00,153.00,243.00,153.00,153.00,153.00,153.00,243.00,153.00,153.00,153.00,153.00,153.00,360.00,360.00,360.00,360.00,360.00,360.00,360.00,360.00,360.00,360.00,360.00,360.00
2026-09-03 21:45:55,153.00,153.00,153.00,153.00,243.00,153.00,243.00,153.00,153.00,153.00,153.00,243.00,153.00,153.00,153.00,153.00,153.00,360.00,360.00,360.00,360.00,360.00,360.00,360.00,360.00,360.00,360.00,360.00,360.00
2026-09-03 21:55:46,153.00,153.00,153.00,153.00,243.00,153.00,243.00,153.00,153.00,153.00,153.00,243.00,153.00,153.00,153.00,153.00,153.00,360.00,360.00,360.00,360.00,360.00,360.00,360.00,360.00,360.00,360.00,360.00,360.00
2026-09-03 22:05:48,153.00,153.00,153.00,153.00,243.00,153.00,243.00,153.00,153.00,153.00,153.00,243.00,153.00,153.00,153.00,153.00,153.00,360.00,360.00,360.00,360.00,360.00,360.00,360.00,360.00,360.00,360.00,360.00,360.00
2026-09-03 22:15:50,153.00,153.00,153.00,153.00,243.00,153.00,243.00,153.00,153.00,153.00,153.00,243.00,153.00,153.00,153.00,153.00,153.00,360.00,360.00,360.00,360.00,360.00,360.00,360.00,360.00,360.00,360.00,360.00,360.00
2026-09-03 22:25:48,153.00,153.00,153.00,153.00,243.00,153.00,243.00,153.00,153.00,153.00,153.00,243.00,153.00,153.00,153.00,153.00,153.00,360.00,360.00,360.00,360.00,360.00,360.00,360.00,360.00,360.00,360.00,360.00,360.00
2026-09-03 22:35:51,153.00,153.00,153.00,153.00,243.00,153.00,243.00,153.00,153.00,153.00,153.00,243.00,153.00,153.00,153.00,153.00,153.00,360.00,360.00,360.00,360.00,360.00,360.00,360.00,360.00,360.00,360.00,360.00,360.00
2026-09-03 22:45:45,153.00,153.00,153.00,153.00,243.00,153.00,243.00,153.00,153.00,153.00,153.00,243.00,153.00,153.00,153.00,153.00,153.00,360.00,360.00,360.00,360.00,360.00,360.00,360.00,360.00,360.00,360.00,360.00,360.00
2026-09-03 22:55:52,153.00,153.00,153.00,153.00,243.00,153.00,243.00,153.00,153.00,153.00,153.00,243.00,153.00,153.00,153.00,153.00,153.00,360.00,360.00,360.00,360.00,360.00,360.00,360.00,360.00,360.00,360.00,360.00,360.00
2026-09-03 23:05:55,153.00,153.00,153.00,153.00,243.00,153.00,243.00,153.00,153.00,153.00,153.00,243.00,153.00,153.00,153.00,153.00,153.00,360.00,360.00,360.00,360.00,360.00,360.00,360.00,360.00,360.00,360.00,360.00,360.00
2026-09-03 23:15:51,153.00,153.00,153.00,153.00,243.00,153.00,243.00,153.00,153.00,153.00,153.00,243.00,153.00,153.00,153.00,153.00,153.00,360.00,360.00,360.00,360.00,360.00,360.00,360.00,360.00,360.00,360.00,360.00,360.00
2026-09-03 23:25:49,153.00,153.00,153.00,153.00,243.00,153.00,243.00,153.00,153.00,153.00,153.00,243.00,153.00,153.00,153.00,153.00,153.00,360.00,360.00,360.00,360.00,360.00,360.00,360.00,360.00,360.00,360.00,360.00,360.00
2026-09-03 23:36:32,153.00,153.00,153.00,153.00,243.00,153.00,243.00,153.00,153.00,153.00,153.00,243.00,153.00,153.00,153.00,153.00,153.00,360.00,360.00,360.00,360.00,360.00,360.00,360.00,360.00,360.00,360.00,360.00,360.00
2026-09-03 23:45:54,153.00,153.00,153.00,153.00,243.00,153.00,243.00,153.00,153.00,153.00,153.00,243.00,153.00,153.00,153.00,153.00,153.00,360.00,360.00,360.00,360.00,360.00,360.00,360.00,360.00,360.00,360.00,360.00,360.00
2026-09-03 23:55:47,153.00,153.00,153.00,153.00,243.00,153.00,243.00,153.00,153.00,153.00,153.00,243.00,153.00,153.00,153.00,153.00,153.00,360.00,360.00,360.00,360.00,360.00,360.00,360.00,360.00,360.00,360.00,360.00,360.00
2026-09-04 00:05:54,153.00,153.00,153.00,153.00,243.00,153.00,243.00,153.00,153.00,153.00,153.00,243.00,153.00,153.00,153.00,153.00,153.00,360.00,360.00,360.00,360.00,360.00,360.00,360.00,360.00,360.00,360.00,360.00,360.00
2026-09-04 00:16:26,153.00,153.00,153.00,153.00,243.00,153.00,243.00,153.00,153.00,153.00,153.00,243.00,153.00,153.00,153.00,153.00,153.00,360.00,360.00,360.00,360.00,360.00,360.00,360.00,360.00,360.00,360.00,360.00,360.00
2026-09-04 00:25:48,153.00,153.00,153.00,153.00,243.00,153.00,243.00,153.00,153.00,153.00,153.00,243.00,153.00,153.00,153.00,153.00,153.00,360.00,360.00,360.00,360.00,360.00,360.00,360.00,360.00,360.00,360.00,360.00,360.00
2026-09-04 00:35:48,153.00,153.00,153.00,153.00,243.00,153.00,243.00,153.00,153.00,153.00,153.00,243.00,153.00,153.00,153.00,153.00,153.00,360.00,360.00,360.00,360.00,360.00,360.00,360.00,360.00,360.00,360.00,360.00,360.00
2026-09-04 00:45:49,153.00,153.00,153.00,153.00,243.00,153.00,243.00,153.00,153.00,153.00,163.00,253.00,163.00,163.00,163.00,163.00,163.00,139.00,139.00,139.00,139.00,139.00,139.00,139.00,139.00,139.00,139.00,139.00,139.00
2026-09-04 00:55:32,153.00,153.00,153.00,153.00,243.00,153.00,243.00,153.00,153.00,153.00,163.00,253.00,163.00,163.00,163.00,163.00,163.00,139.00,139.00,139.00,139.00,139.00,139.00,139.00,139.00,139.00,139.00,139.00,139.00
2026-09-04 01:05:49,153.00,153.00,153.00,153.00,243.00,153.00,243.00,153.00,153.00,153.00,163.00,253.00,163.00,163.00,163.00,163.00,163.00,139.00,139.00,139.00,139.00,139.00,139.00,139.00,139.00,139.00,139.00,139.00,139.00
2026-09-04 01:15:56,153.00,153.00,153.00,153.00,243.00,153.00,243.00,153.00,153.00,153.00,163.00,253.00,163.00,163.00,163.00,163.00,163.00,139.00,139.00,139.00,139.00,139.00,139.00,139.00,139.00,139.00,139.00,139.00,139.00
2026-09-04 01:25:52,153.00,153.00,153.00,153.00,243.00,153.00,243.00,153.00,153.00,153.00,163.00,253.00,163.00,163.00,163.00,163.00,163.00,139.00,139.00,139.00,139.00,139.00,139.00,139.00,139.00,139.00,139.00,139.00,139.00
2026-09-04 01:35:52,153.00,153.00,153.00,153.00,243.00,153.00,243.00,153.00,153.00,153.00,163.00,253.00,163.00,163.00,163.00,163.00,163.00,139.00,139.00,139.00,139.00,139.00,139.00,139.00,139.00,139.00,139.00,139.00,139.00
2026-09-04 01:45:51,153.00,153.00,153.00,153.00,243.00,153.00,243.00,153.00,153.00,153.00,163.00,253.00,163.00,163.00,163.00,163.00,163.00,139.00,139.00,139.00,139.00,139.00,139.00,139.00,139.00,139.00,139.00,139.00,139.00
2026-09-04 01:55:49,153.00,153.00,153.00,153.00,243.00,153.00,243.00,153.00,153.00,153.00,163.00,253.00,163.00,163.00,163.00,163.00,163.00,139.00,139.00,139.00,139.00,139.00,139.00,139.00,139.00,139.00,139.00,139.00,139.00
2026-09-04 02:05:27,153.00,153.00,153.00,153.00,243.00,153.00,243.00,153.00,153.00,153.00,163.00,253.00,163.00,163.00,163.00,163.00,163.00,139.00,139.00,139.00,139.00,139.00,139.00,139.00,139.00,139.00,139.00,139.00,139.00
2026-09-04 02:15:49,153.00,153.00,153.00,153.00,243.00,153.00,243.00,153.00,153.00,153.00,163.00,253.00,163.00,163.00,163.00,163.00,163.00,139.00,139.00,139.00,139.00,139.00,139.00,139.00,139.00,139.00,139.00,139.00,139.00
2026-09-04 02:25:45,153.00,153.00,153.00,153.00,243.00,153.00,243.00,153.00,153.00,153.00,163.00,253.00,163.00,163.00,163.00,163.00,163.00,139.00,139.00,139.00,139.00,139.00,139.00,139.00,139.00,139.00,139.00,139.00,139.00
2026-09-04 02:35:47,153.00,153.00,153.00,153.00,243.00,153.00,243.00,153.00,153.00,153.00,163.00,253.00,163.00,163.00,163.00,163.00,163.00,139.00,139.00,139.00,139.00,139.00,139.00,139.00,139.00,139.00,139.00,139.00,139.00
2026-09-04 02:45:41,153.00,153.00,153.00,153.00,243.00,153.00,243.00,153.00,153.00,153.00,163.00,253.00,163.00,163.00,163.00,163.00,163.00,139.00,139.00,139.00,139.00,139.00,139.00,139.00,139.00,139.00,139.00,139.00,139.00
2026-09-04 02:55:49,153.00,153.00,153.00,153.00,243.00,153.00,243.00,153.00,153.00,153.00,163.00,253.00,163.00,163.00,163.00,163.00,163.00,139.00,139.00,139.00,139.00,139.00,139.00,139.00,139.00,139.00,139.00,139.00,139.00
2026-09-04 03:05:34,153.00,153.00,153.00,153.00,243.00,153.00,243.00,153.00,153.00,153.00,163.00,253.00,163.00,163.00,163.00,163.00,163.00,139.00,139.00,139.00,139.00,139.00,139.00,139.00,139.00,139.00,139.00,139.00,139.00
2026-09-04 03:15:54,153.00,153.00,153.00,153.00,243.00,153.00,243.00,153.00,153.00,153.00,163.00,253.00,163.00,163.00,163.00,163.00,163.00,139.00,139.00,139.00,139.00,139.00,139.00,139.00,139.00,139.00,139.00,139.00,139.00
2026-09-04 03:25:50,153.00,153.00,153.00,153.00,243.00,153.00,243.00,153.00,153.00,153.00,163.00,253.00,163.00,163.00,163.00,163.00,163.00,139.00,139.00,139.00,139.00,139.00,139.00,139.00,139.00,139.00,139.00,139.00,139.00
2026-09-04 03:35:47,153.00,153.00,153.00,153.00,243.00,153.00,243.00,153.00,153.00,153.00,163.00,253.00,163.00,163.00,163.00,163.00,163.00,139.00,139.00,139.00,139.00,139.00,139.00,139.00,139.00,139.00,139.00,139.00,139.00
2026-09-04 03:45:49,153.00,153.00,153.00,153.00,243.00,153.00,243.00,153.00,153.00,153.00,163.00,253.00,163.00,163.00,163.00,163.00,163.00,139.00,139.00,139.00,139.00,139.00,139.00,139.00,139.00,139.00,139.00,139.00,139.00
2026-09-04 03:55:48,153.00,153.00,153.00,153.00,243.00,153.00,243.00,153.00,153.00,153.00,163.00,253.00,163.00,163.00,163.00,163.00,163.00,139.00,139.00,139.00,139.00,139.00,139.00,139.00,139.00,139.00,139.00,139.00,139.00
2026-09-04 04:05:44,153.00,153.00,153.00,153.00,243.00,153.00,243.00,153.00,153.00,153.00,163.00,253.00,163.00,163.00,163.00,163.00,163.00,139.00,139.00,139.00,139.00,139.00,139.00,139.00,139.00,139.00,139.00,139.00,139.00
2026-09-04 04:15:45,153.00,153.00,153.00,153.00,243.00,153.00,243.00,153.00,153.00,153.00,163.00,253.00,163.00,163.00,163.00,163.00,163.00,139.00,139.00,139.00,139.00,139.00,139.00,139.00,139.00,139.00,139.00,139.00,139.00
2026-09-04 04:25:45,153.00,153.00,153.00,153.00,243.00,153.00,243.00,153.00,153.00,153.00,163.00,253.00,163.00,163.00,163.00,163.00,163.00,139.00,139.00,139.00,139.00,139.00,139.00,139.00,139.00,139.00,139.00,139.00,139.00
2026-09-04 04:35:45,153.00,153.00,153.00,153.00,243.00,153.00,243.00,153.00,153.00,153.00,163.00,253.00,163.00,163.00,163.00,163.00,163.00,139.00,139.00,139.00,139.00,139.00,139.00,139.00,139.00,139.00,139.00,139.00,139.00
2026-09-04 04:45:49,153.00,153.00,153.00,153.00,243.00,153.00,243.00,153.00,153.00,153.00,163.00,253.00,163.00,163.00,163.00,163.00,163.00,139.00,139.00,139.00,139.00,139.00,139.00,139.00,139.00,139.00,139.00,139.00,139.00
2026-09-04 04:55:49,153.00,153.00,153.00,153.00,243.00,153.00,243.00,153.00,153.00,153.00,163.00,253.00,163.00,163.00,163.00,163.00,163.00,139.00,139.00,139.00,139.00,139.00,139.00,139.00,139.00,139.00,139.00,139.00,139.00
2026-09-04 05:05:45,153.00,153.00,153.00,153.00,243.00,153.00,243.00,153.00,153.00,153.00,163.00,253.00,163.00,163.00,163.00,163.00,163.00,243.00,243.00,243.00,243.00,243.00,243.00,243.00,243.00,243.00,243.00,243.00,243.00
2026-09-04 05:15:53,153.00,153.00,153.00,153.00,243.00,153.00,243.00,153.00,153.00,153.00,163.00,253.00,163.00,163.00,163.00,163.00,163.00,243.00,243.00,243.00,243.00,243.00,243.00,243.00,243.00,243.00,243.00,243.00,243.00
2026-09-04 05:25:50,153.00,153.00,153.00,153.00,243.00,153.00,243.00,153.00,153.00,153.00,163.00,253.00,163.00,163.00,163.00,163.00,163.00,243.00,243.00,243.00,243.00,243.00,243.00,243.00,243.00,243.00,243.00,243.00,243.00
2026-09-04 05:36:00,153.00,153.00,153.00,153.00,243.00,153.00,243.00,153.00,153.00,153.00,163.00,253.00,163.00,163.00,163.00,163.00,163.00,243.00,243.00,243.00,243.00,243.00,243.00,243.00,243.00,243.00,243.00,243.00,243.00
2026-09-04 05:45:44,153.00,153.00,153.00,153.00,243.00,153.00,243.00,153.00,153.00,153.00,163.00,253.00,163.00,163.00,163.00,163.00,163.00,243.00,243.00,243.00,243.00,243.00,243.00,243.00,243.00,243.00,243.00,243.00,243.00
2026-09-04 05:55:47,153.00,153.00,153.00,153.00,243.00,153.00,243.00,153.00,153.00,153.00,163.00,253.00,163.00,163.00,163.00,163.00,163.00,243.00,243.00,243.00,243.00,243.00,243.00,243.00,243.00,243.00,243.00,243.00,243.00
2026-09-04 06:05:51,153.00,153.00,153.00,153.00,243.00,153.00,243.00,153.00,153.00,153.00,163.00,253.00,163.00,163.00,163.00,163.00,163.00,243.00,243.00,243.00,243.00,243.00,243.00,243.00,243.00,243.00,243.00,243.00,243.00
2026-09-04 06:15:57,153.00,153.00,153.00,153.00,243.00,153.00,243.00,153.00,153.00,153.00,163.00,163.00,163.00,163.00,163.00,163.00,163.00,243.00,243.00,243.00,243.00,243.00,243.00,243.00,243.00,243.00,243.00,243.00,243.00
2026-09-04 06:25:48,153.00,153.00,153.00,153.00,243.00,153.00,243.00,153.00,153.00,153.00,163.00,163.00,163.00,163.00,163.00,163.00,163.00,243.00,243.00,243.00,243.00,243.00,243.00,243.00,243.00,243.00,243.00,243.00,243.00
2026-09-04 06:35:46,153.00,153.00,153.00,153.00,243.00,153.00,243.00,153.00,153.00,153.00,163.00,163.00,163.00,163.00,163.00,163.00,163.00,243.00,243.00,243.00,243.00,243.00,243.00,243.00,243.00,243.00,243.00,243.00,243.00
2026-09-04 06:45:41,153.00,153.00,153.00,153.00,243.00,153.00,243.00,153.00,153.00,153.00,163.00,163.00,163.00,163.00,163.00,163.00,163.00,243.00,243.00,243.00,243.00,243.00,243.00,243.00,243.00,243.00,243.00,243.00,243.00
2026-09-04 06:55:52,153.00,153.00,153.00,153.00,243.00,153.00,243.00,153.00,153.00,153.00,163.00,163.00,163.00,163.00,163.00,163.00,163.00,243.00,243.00,243.00,243.00,243.00,243.00,243.00,243.00,243.00,243.00,243.00,243.00
2026-09-04 07:05:49,153.00,153.00,153.00,153.00,243.00,153.00,243.00,153.00,153.00,153.00,163.00,163.00,163.00,163.00,163.00,163.00,163.00,243.00,243.00,243.00,243.00,243.00,243.00,243.00,243.00,243.00,243.00,243.00,243.00
2026-09-04 07:15:35,153.00,153.00,153.00,153.00,243.00,153.00,243.00,153.00,153.00,153.00,163.00,163.00,163.00,163.00,163.00,163.00,163.00,243.00,243.00,243.00,243.00,243.00,243.00,243.00,243.00,243.00,243.00,243.00,243.00
2026-09-04 07:28:03,153.00,153.00,153.00,153.00,243.00,153.00,243.00,153.00,153.00,153.00,163.00,163.00,163.00,163.00,163.00,163.00,163.00,243.00,243.00,243.00,243.00,243.00,243.00,243.00,243.00,243.00,243.00,243.00,243.00
2026-09-04 07:35:48,153.00,153.00,153.00,153.00,243.00,153.00,243.00,153.00,153.00,153.00,163.00,163.00,163.00,163.00,163.00,163.00,163.00,243.00,243.00,243.00,243.00,243.00,243.00,243.00,243.00,243.00,243.00,243.00,243.00
2026-09-04 07:45:46,153.00,153.00,153.00,153.00,243.00,153.00,243.00,153.00,153.00,153.00,163.00,163.00,163.00,163.00,163.00,163.00,163.00,243.00,243.00,243.00,243.00,243.00,243.00,243.00,243.00,243.00,243.00,243.00,243.00
2026-09-04 07:55:51,153.00,153.00,153.00,153.00,243.00,153.00,243.00,153.00,153.00,153.00,163.00,163.00,163.00,163.00,163.00,163.00,163.00,243.00,243.00,243.00,243.00,243.00,243.00,243.00,243.00,243.00,243.00,243.00,243.00
2026-09-04 08:05:44,153.00,153.00,153.00,153.00,243.00,153.00,243.00,153.00,153.00,153.00,163.00,163.00,163.00,163.00,163.00,163.00,163.00,243.00,243.00,243.00,243.00,243.00,243.00,243.00,243.00,243.00,243.00,243.00,243.00
2026-09-04 08:15:44,153.00,153.00,153.00,153.00,243.00,153.00,243.00,153.00,153.00,153.00,163.00,163.00,163.00,163.00,163.00,163.00,163.00,243.00,243.00,243.00,243.00,243.00,243.00,243.00,243.00,243.00,243.00,243.00,243.00
2026-09-04 08:25:39,153.00,153.00,153.00,153.00,243.00,153.00,243.00,153.00,153.00,153.00,163.00,163.00,163.00,163.00,163.00,163.00,163.00,243.00,243.00,243.00,243.00,243.00,243.00,243.00,243.00,243.00,243.00,243.00,243.00
2026-09-04 08:35:43,153.00,153.00,153.00,153.00,243.00,153.00,243.00,153.00,153.00,153.00,163.00,163.00,163.00,163.00,163.00,163.00,163.00,243.00,243.00,243.00,243.00,243.00,243.00,243.00,243.00,243.00,243.00,243.00,243.00
2026-09-04 08:45:44,153.00,153.00,153.00,153.00,243.00,153.00,243.00,153.00,153.00,153.00,163.00,163.00,163.00,163.00,163.00,163.00,163.00,243.00,243.00,243.00,243.00,243.00,243.00,243.00,243.00,243.00,243.00,243.00,243.00
2026-09-04 08:55:30,153.00,153.00,153.00,153.00,243.00,153.00,243.00,153.00,153.00,153.00,163.00,163.00,163.00,163.00,163.00,163.00,163.00,243.00,243.00,243.00,243.00,243.00,243.00,243.00,243.00,243.00,243.00,243.00,243.00
2026-09-04 09:05:47,153.00,153.00,153.00,153.00,243.00,153.00,243.00,153.00,153.00,153.00,163.00,163.00,163.00,163.00,163.00,163.00,163.00,243.00,243.00,243.00,243.00,243.00,243.00,243.00,243.00,243.00,243.00,243.00,243.00
2026-09-04 09:16:25,153.00,153.00,153.00,153.00,243.00,153.00,243.00,153.00,153.00,153.00,163.00,163.00,163.00,163.00,163.00,163.00,163.00,243.00,243.00,243.00,243.00,243.00,243.00,243.00,243.00,243.00,243.00,243.00,243.00
2026-09-04 09:25:30,153.00,153.00,153.00,153.00,243.00,153.00,243.00,153.00,153.00,153.00,163.00,163.00,163.00,163.00,163.00,163.00,163.00,243.00,243.00,243.00,243.00,243.00,243.00,243.00,243.00,243.00,243.00,243.00,243.00
2026-09-04 09:35:50,153.00,153.00,153.00,153.00,243.00,153.00,243.00,153.00,153.00,153.00,163.00,163.00,163.00,163.00,163.00,163.00,163.00,243.00,243.00,243.00,243.00,243.00,243.00,243.00,243.00,243.00,243.00,243.00,243.00
2026-09-04 09:45:46,153.00,153.00,153.00,153.00,243.00,153.00,243.00,153.00,153.00,153.00,163.00,163.00,163.00,163.00,163.00,163.00,163.00,243.00,243.00,243.00,243.00,243.00,243.00,243.00,243.00,243.00,243.00,243.00,243.00
2026-09-04 09:55:52,153.00,153.00,153.00,153.00,243.00,153.00,243.00,153.00,153.00,153.00,163.00,163.00,163.00,163.00,163.00,163.00,163.00,243.00,243.00,243.00,243.00,243.00,243.00,243.00,243.00,243.00,243.00,243.00,243.00
2026-09-04 10:05:51,153.00,153.00,153.00,153.00,243.00,153.00,243.00,153.00,153.00,153.00,163.00,163.00,163.00,163.00,163.00,163.00,163.00,243.00,243.00,243.00,243.00,243.00,243.00,243.00,243.00,243.00,243.00,243.00,243.00
2026-09-04 10:15:50,153.00,153.00,153.00,153.00,243.00,153.00,243.00,153.00,153.00,153.00,163.00,163.00,163.00,163.00,163.00,163.00,163.00,243.00,243.00,243.00,243.00,243.00,243.00,243.00,243.00,243.00,243.00,243.00,243.00
2026-09-04 10:25:45,153.00,153.00,153.00,153.00,243.00,153.00,243.00,153.00,153.00,153.00,163.00,163.00,163.00,163.00,163.00,163.00,163.00,243.00,243.00,243.00,243.00,243.00,243.00,243.00,243.00,243.00,243.00,243.00,243.00
2026-09-04 10:35:49,153.00,153.00,153.00,153.00,243.00,153.00,243.00,153.00,153.00,153.00,163.00,163.00,163.00,163.00,163.00,163.00,163.00,243.00,243.00,243.00,243.00,243.00,243.00,243.00,243.00,243.00,243.00,243.00,243.00
2026-09-04 10:45:49,153.00,153.00,153.00,153.00,243.00,153.00,243.00,153.00,153.00,153.00,163.00,163.00,163.00,163.00,163.00,163.00,163.00,243.00,243.00,243.00,243.00,243.00,243.00,243.00,243.00,243.00,243.00,243.00,243.00
2026-09-04 10:55:46,153.00,153.00,153.00,153.00,243.00,153.00,243.00,153.00,153.00,153.00,163.00,163.00,163.00,163.00,163.00,163.00,163.00,243.00,243.00,243.00,243.00,243.00,243.00,243.00,243.00,243.00,243.00,243.00,243.00
2026-09-04 11:05:47,153.00,153.00,153.00,153.00,243.00,153.00,243.00,153.00,153.00,153.00,163.00,163.00,163.00,163.00,163.00,163.00,163.00,243.00,243.00,243.00,243.00,243.00,243.00,243.00,243.00,243.00,243.00,243.00,243.00
2026-09-04 11:15:51,153.00,153.00,153.00,153.00,243.00,153.00,243.00,153.00,153.00,153.00,163.00,163.00,163.00,163.00,163.00,163.00,163.00,243.00,243.00,243.00,243.00,243.00,243.00,243.00,243.00,243.00,243.00,243.00,243.00
2026-09-04 11:35:43,153.00,153.00,153.00,153.00,243.00,153.00,243.00,153.00,153.00,153.00,163.00,163.00,163.00,163.00,163.00,163.00,163.00,243.00,243.00,243.00,243.00,243.00,243.00,243.00,243.00,243.00,243.00,243.00,243.00
2026-09-04 11:45:54,153.00,153.00,153.00,153.00,243.00,153.00,243.00,153.00,153.00,153.00,163.00,163.00,163.00,163.00,163.00,163.00,163.00,243.00,243.00,243.00,243.00,243.00,243.00,243.00,243.00,243.00,243.00,243.00,243.00
2026-09-04 11:56:00,153.00,153.00,153.00,153.00,243.00,153.00,243.00,153.00,153.00,153.00,163.00,163.00,163.00,163.00,163.00,163.00,163.00,243.00,243.00,243.00,243.00,243.00,243.00,243.00,243.00,243.00,243.00,243.00,243.00
2026-09-04 12:05:47,153.00,153.00,153.00,153.00,243.00,153.00,243.00,153.00,153.00,153.00,163.00,163.00,163.00,163.00,163.00,163.00,163.00,243.00,243.00,243.00,243.00,243.00,243.00,243.00,243.00,243.00,243.00,243.00,243.00
2026-09-04 12:15:53,153.00,153.00,153.00,153.00,243.00,153.00,243.00,153.00,153.00,153.00,163.00,163.00,163.00,163.00,163.00,163.00,163.00,243.00,243.00,243.00,243.00,243.00,243.00,243.00,243.00,243.00,243.00,243.00,243.00
2026-09-04 12:25:37,153.00,153.00,153.00,153.00,243.00,153.00,243.00,153.00,153.00,153.00,163.00,163.00,163.00,163.00,163.00,163.00,163.00,243.00,243.00,243.00,243.00,243.00,243.00,243.00,243.00,243.00,243.00,243.00,243.00
2026-09-04 12:35:47,153.00,153.00,153.00,153.00,243.00,153.00,243.00,153.00,153.00,153.00,163.00,163.00,163.00,163.00,163.00,163.00,163.00,243.00,243.00,243.00,243.00,243.00,243.00,243.00,243.00,243.00,243.00,243.00,243.00
2026-09-04 12:45:52,153.00,153.00,153.00,153.00,243.00,153.00,243.00,153.00,153.00,153.00,163.00,163.00,163.00,163.00,163.00,163.00,163.00,243.00,243.00,243.00,243.00,243.00,243.00,243.00,243.00,243.00,243.00,243.00,243.00
2026-09-04 12:55:59,153.00,153.00,153.00,153.00,243.00,153.00,243.00,153.00,153.00,153.00,163.00,163.00,163.00,163.00,163.00,163.00,163.00,243.00,243.00,243.00,243.00,243.00,243.00,243.00,243.00,243.00,243.00,243.00,243.00
2026-09-04 13:05:48,153.00,153.00,153.00,153.00,243.00,153.00,243.00,153.00,153.00,153.00,163.00,163.00,163.00,163.00,163.00,163.00,163.00,243.00,243.00,243.00,243.00,243.00,243.00,243.00,243.00,243.00,243.00,243.00,243.00
2026-09-04 13:15:50,153.00,153.00,153.00,153.00,243.00,153.00,243.00,153.00,153.00,153.00,163.00,163.00,163.00,163.00,163.00,163.00,163.00,243.00,243.00,243.00,243.00,243.00,243.00,243.00,243.00,243.00,243.00,243.00,243.00
2026-09-04 13:27:51,153.00,153.00,153.00,153.00,243.00,153.00,243.00,153.00,153.00,153.00,163.00,163.00,163.00,163.00,163.00,163.00,163.00,243.00,243.00,243.00,243.00,243.00,243.00,243.00,243.00,243.00,243.00,243.00,243.00
2026-09-04 13:35:51,153.00,153.00,153.00,153.00,243.00,153.00,243.00,153.00,153.00,153.00,163.00,163.00,163.00,163.00,163.00,163.00,163.00,243.00,243.00,243.00,243.00,243.00,243.00,243.00,243.00,243.00,243.00,243.00,243.00
2026-09-04 13:45:53,153.00,153.00,153.00,153.00,243.00,153.00,243.00,153.00,153.00,153.00,163.00,163.00,163.00,163.00,163.00,163.00,163.00,243.00,243.00,243.00,243.00,243.00,243.00,243.00,243.00,243.00,243.00,243.00,243.00
2026-09-04 13:55:53,153.00,153.00,153.00,153.00,243.00,153.00,243.00,153.00,153.00,153.00,163.00,163.00,163.00,163.00,163.00,163.00,163.00,243.00,243.00,243.00,243.00,243.00,243.00,243.00,243.00,243.00,243.00,243.00,243.00
2026-09-04 14:05:53,153.00,153.00,153.00,153.00,243.00,153.00,243.00,153.00,153.00,153.00,163.00,163.00,163.00,163.00,163.00,163.00,163.00,243.00,243.00,243.00,243.00,243.00,243.00,243.00,243.00,243.00,243.00,243.00,243.00
2026-09-04 14:15:36,153.00,153.00,153.00,153.00,243.00,153.00,243.00,153.00,153.00,153.00,163.00,163.00,163.00,163.00,163.00,163.00,163.00,243.00,243.00,243.00,243.00,243.00,243.00,243.00,243.00,243.00,243.00,243.00,243.00
2026-09-04 14:25:47,153.00,153.00,153.00,153.00,243.00,153.00,243.00,153.00,153.00,153.00,163.00,163.00,163.00,163.00,163.00,163.00,163.00,243.00,243.00,243.00,243.00,243.00,243.00,243.00,243.00,243.00,243.00,243.00,243.00
2026-09-04 14:35:51,153.00,153.00,153.00,153.00,243.00,153.00,243.00,153.00,153.00,153.00,163.00,163.00,163.00,163.00,163.00,163.00,163.00,243.00,243.00,243.00,243.00,243.00,243.00,243.00,243.00,243.00,243.00,243.00,243.00
2026-09-04 14:45:39,153.00,153.00,153.00,153.00,243.00,153.00,243.00,153.00,153.00,153.00,163.00,163.00,163.00,163.00,163.00,163.00,163.00,243.00,243.00,243.00,243.00,243.00,243.00,243.00,243.00,243.00,243.00,243.00,243.00
2026-09-04 14:55:48,153.00,153.00,153.00,153.00,243.00,153.00,243.00,153.00,153.00,153.00,163.00,163.00,163.00,163.00,163.00,163.00,163.00,243.00,243.00,243.00,,243.00,243.00,243.00,243.00,243.00,243.00,243.00,243.00
2026-09-04 15:05:50,153.00,153.00,153.00,153.00,243.00,153.00,243.00,153.00,153.00,153.00,163.00,163.00,163.00,163.00,163.00,163.00,163.00,243.00,243.00,243.00,243.00,243.00,243.00,243.00,243.00,243.00,243.00,243.00,243.00
2026-09-04 15:16:03,153.00,153.00,153.00,153.00,243.00,153.00,243.00,153.00,153.00,153.00,163.00,163.00,163.00,163.00,163.00,163.00,163.00,243.00,243.00,243.00,243.00,243.00,243.00,243.00,243.00,243.00,243.00,243.00,243.00
2026-09-04 15:25:49,153.00,153.00,153.00,153.00,243.00,153.00,243.00,153.00,153.00,153.00,163.00,163.00,163.00,163.00,163.00,163.00,163.00,243.00,243.00,243.00,243.00,243.00,243.00,243.00,243.00,243.00,243.00,243.00,243.00
2026-09-04 15:35:38,153.00,153.00,153.00,153.00,243.00,153.00,243.00,153.00,153.00,153.00,163.00,163.00,163.00,163.00,163.00,163.00,163.00,243.00,243.00,243.00,243.00,243.00,243.00,243.00,243.00,243.00,243.00,243.00,243.00
2026-09-04 15:45:52,153.00,153.00,153.00,153.00,243.00,153.00,243.00,153.00,153.00,153.00,163.00,163.00,163.00,163.00,163.00,163.00,163.00,243.00,243.00,243.00,243.00,243.00,243.00,243.00,243.00,243.00,243.00,243.00,243.00
2026-09-04 15:55:50,153.00,153.00,153.00,153.00,243.00,153.00,243.00,153.00,153.00,153.00,163.00,163.00,163.00,163.00,163.00,163.00,163.00,243.00,243.00,243.00,243.00,243.00,243.00,243.00,243.00,243.00,243.00,243.00,243.00
2026-09-04 16:05:55,153.00,153.00,153.00,153.00,243.00,153.00,243.00,153.00,153.00,153.00,163.00,253.00,163.00,163.00,163.00,163.00,163.00,243.00,243.00,243.00,243.00,243.00,243.00,243.00,243.00,243.00,243.00,243.00,243.00
2026-09-04 16:15:52,153.00,153.00,153.00,153.00,243.00,153.00,243.00,153.00,153.00,153.00,163.00,253.00,163.00,163.00,163.00,163.00,163.00,243.00,243.00,243.00,243.00,243.00,243.00,243.00,243.00,243.00,243.00,243.00,243.00
2026-09-04 16:25:54,153.00,153.00,153.00,153.00,243.00,153.00,243.00,153.00,153.00,153.00,163.00,253.00,163.00,163.00,163.00,163.00,163.00,243.00,243.00,243.00,243.00,243.00,243.00,243.00,243.00,243.00,243.00,243.00,243.00
2026-09-04 16:35:49,153.00,153.00,153.00,153.00,243.00,153.00,243.00,153.00,153.00,153.00,163.00,253.00,163.00,163.00,163.00,163.00,163.00,243.00,243.00,243.00,243.00,243.00,243.00,243.00,243.00,243.00,243.00,243.00,243.00
2026-09-04 16:45:48,153.00,153.00,153.00,153.00,243.00,153.00,243.00,153.00,153.00,153.00,163.00,253.00,163.00,163.00,163.00,163.00,163.00,243.00,243.00,243.00,243.00,243.00,243.00,243.00,243.00,243.00,243.00,243.00,243.00
2026-09-04 16:55:50,153.00,153.00,153.00,153.00,243.00,153.00,243.00,153.00,153.00,153.00,163.00,253.00,163.00,163.00,163.00,163.00,163.00,243.00,243.00,243.00,243.00,243.00,243.00,243.00,243.00,243.00,243.00,243.00,243.00
2026-09-04 17:05:44,153.00,153.00,153.00,153.00,243.00,153.00,243.00,153.00,153.00,153.00,163.00,253.00,163.00,163.00,163.00,163.00,163.00,243.00,243.00,243.00,243.00,243.00,243.00,243.00,243.00,243.00,243.00,243.00,243.00
2026-09-04 17:15:55,153.00,153.00,153.00,153.00,243.00,153.00,243.00,153.00,153.00,153.00,163.00,253.00,163.00,163.00,163.00,163.00,163.00,243.00,243.00,243.00,243.00,243.00,243.00,243.00,243.00,243.00,243.00,243.00,243.00
2026-09-04 17:27:46,,153.00,,,243.00,153.00,243.00,,,153.00,163.00,,,163.00,163.00,163.00,163.00,243.00,,,243.00,243.00,243.00,,,,243.00,,243.00
2026-09-04 17:35:50,153.00,153.00,153.00,153.00,243.00,153.00,243.00,153.00,153.00,153.00,163.00,253.00,163.00,163.00,163.00,163.00,163.00,243.00,243.00,243.00,243.00,243.00,243.00,243.00,243.00,243.00,243.00,243.00,243.00
2026-09-04 17:45:55,153.00,153.00,153.00,153.00,243.00,153.00,243.00,153.00,153.00,153.00,163.00,253.00,163.00,163.00,163.00,163.00,163.00,243.00,243.00,243.00,243.00,243.00,243.00,243.00,243.00,243.00,243.00,243.00,243.00
2026-09-04 17:55:48,153.00,153.00,153.00,153.00,243.00,153.00,243.00,153.00,153.00,153.00,163.00,253.00,163.00,163.00,163.00,163.00,163.00,243.00,243.00,243.00,243.00,243.00,243.00,243.00,243.00,243.00,243.00,243.00,243.00
2026-09-04 18:05:47,153.00,153.00,153.00,153.00,243.00,153.00,243.00,153.00,153.00,153.00,163.00,253.00,163.00,163.00,163.00,163.00,163.00,243.00,243.00,243.00,243.00,243.00,243.00,243.00,243.00,243.00,243.00,243.00,243.00
2026-09-04 18:15:54,153.00,153.00,153.00,153.00,243.00,153.00,243.00,153.00,153.00,153.00,163.00,253.00,163.00,163.00,163.00,163.00,163.00,243.00,243.00,243.00,243.00,243.00,243.00,243.00,243.00,243.00,243.00,243.00,243.00
2026-09-04 18:25:51,153.00,153.00,153.00,153.00,243.00,153.00,243.00,153.00,153.00,153.00,163.00,253.00,163.00,163.00,163.00,163.00,163.00,243.00,243.00,243.00,243.00,243.00,243.00,243.00,243.00,243.00,243.00,243.00,243.00
2026-09-04 18:35:51,153.00,153.00,153.00,153.00,243.00,153.00,243.00,153.00,153.00,153.00,163.00,253.00,163.00,163.00,163.00,163.00,163.00,243.00,243.00,243.00,243.00,243.00,243.00,243.00,243.00,243.00,243.00,243.00,243.00
2026-09-04 18:45:27,153.00,153.00,153.00,153.00,243.00,153.00,243.00,153.00,153.00,153.00,163.00,253.00,163.00,163.00,163.00,163.00,163.00,243.00,243.00,243.00,243.00,243.00,243.00,243.00,243.00,243.00,243.00,243.00,243.00
2026-09-04 18:55:47,153.00,153.00,153.00,153.00,243.00,153.00,243.00,153.00,153.00,153.00,163.00,253.00,163.00,163.00,163.00,163.00,163.00,243.00,243.00,243.00,243.00,243.00,243.00,243.00,243.00,243.00,243.00,243.00,243.00
2026-09-04 19:05:47,153.00,153.00,153.00,153.00,243.00,153.00,243.00,153.00,153.00,153.00,163.00,253.00,163.00,163.00,163.00,163.00,163.00,243.00,243.00,243.00,243.00,243.00,243.00,243.00,243.00,243.00,243.00,243.00,243.00
2026-09-04 19:15:50,153.00,153.00,153.00,153.00,243.00,153.00,243.00,153.00,153.00,153.00,163.00,253.00,163.00,163.00,163.00,163.00,163.00,243.00,243.00,243.00,243.00,243.00,243.00,243.00,243.00,243.00,243.00,243.00,243.00
2026-09-04 19:25:50,153.00,,153.00,153.00,,,,153.00,153.00,,,253.00,163.00,,,163.00,319.00,,243.00,243.00,,,,243.00,243.00,243.00,,243.00,
2026-09-04 19:35:54,153.00,153.00,153.00,153.00,243.00,153.00,243.00,153.00,153.00,153.00,163.00,253.00,163.00,163.00,163.00,163.00,163.00,243.00,243.00,243.00,243.00,243.00,243.00,243.00,243.00,243.00,243.00,243.00,243.00
2026-09-04 19:45:47,153.00,153.00,153.00,153.00,243.00,153.00,243.00,153.00,153.00,153.00,163.00,253.00,163.00,163.00,163.00,163.00,163.00,243.00,243.00,243.00,243.00,243.00,243.00,243.00,243.00,243.00,243.00,243.00,243.00
2026-09-04 19:55:51,153.00,153.00,153.00,153.00,243.00,153.00,243.00,153.00,153.00,153.00,163.00,253.00,163.00,163.00,163.00,163.00,163.00,243.00,243.00,243.00,243.00,243.00,243.00,243.00,243.00,243.00,243.00,243.00,243.00
2026-09-04 20:06:02,153.00,153.00,153.00,153.00,243.00,153.00,243.00,153.00,153.00,153.00,163.00,253.00,163.00,163.00,163.00,163.00,163.00,243.00,243.00,243.00,243.00,243.00,243.00,243.00,243.00,243.00,243.00,243.00,243.00
2026-09-04 20:15:54,153.00,153.00,153.00,153.00,243.00,153.00,243.00,153.00,153.00,153.00,163.00,253.00,163.00,163.00,163.00,163.00,163.00,243.00,243.00,243.00,243.00,243.00,243.00,243.00,243.00,243.00,243.00,243.00,243.00
2026-09-04 20:25:51,153.00,153.00,153.00,153.00,243.00,153.00,243.00,153.00,153.00,153.00,163.00,253.00,163.00,163.00,163.00,163.00,163.00,243.00,243.00,243.00,243.00,243.00,243.00,243.00,243.00,243.00,243.00,243.00,243.00
2026-09-04 20:35:49,153.00,153.00,153.00,153.00,243.00,153.00,243.00,153.00,153.00,153.00,163.00,253.00,163.00,163.00,163.00,163.00,163.00,243.00,243.00,243.00,243.00,243.00,243.00,243.00,243.00,243.00,243.00,243.00,243.00
2026-09-04 20:45:53,153.00,153.00,153.00,153.00,243.00,153.00,243.00,153.00,153.00,153.00,163.00,253.00,163.00,163.00,163.00,163.00,163.00,253.00,253.00,253.00,253.00,253.00,253.00,253.00,253.00,253.00,253.00,253.00,253.00
2026-09-04 20:55:57,153.00,153.00,153.00,153.00,243.00,153.00,243.00,153.00,153.00,153.00,163.00,253.00,163.00,163.00,163.00,163.00,163.00,253.00,253.00,253.00,253.00,253.00,253.00,253.00,253.00,253.00,253.00,253.00,253.00
2026-09-04 21:05:48,153.00,153.00,153.00,153.00,243.00,153.00,243.00,153.00,153.00,153.00,163.00,253.00,163.00,163.00,163.00,163.00,163.00,253.00,253.00,253.00,253.00,253.00,253.00,253.00,253.00,253.00,253.00,253.00,253.00
2026-09-04 21:15:44,153.00,153.00,153.00,153.00,243.00,153.00,243.00,153.00,153.00,153.00,163.00,253.00,163.00,163.00,163.00,163.00,163.00,253.00,253.00,253.00,253.00,253.00,253.00,253.00,253.00,253.00,253.00,253.00,253.00
2026-09-04 21:27:22,153.00,,153.00,153.00,,,,153.00,153.00,,,253.00,163.00,,,163.00,319.00,,253.00,253.00,,,,253.00,253.00,253.00,,253.00,
2026-09-04 21:35:47,153.00,153.00,153.00,153.00,243.00,153.00,243.00,153.00,153.00,153.00,163.00,253.00,163.00,163.00,163.00,163.00,163.00,253.00,253.00,253.00,253.00,253.00,253.00,253.00,253.00,253.00,253.00,253.00,253.00
2026-09-04 21:45:40,153.00,153.00,153.00,153.00,243.00,153.00,243.00,153.00,153.00,153.00,163.00,253.00,163.00,163.00,163.00,163.00,163.00,253.00,253.00,253.00,253.00,253.00,253.00,253.00,253.00,253.00,253.00,253.00,253.00
2026-09-04 21:55:50,153.00,153.00,153.00,153.00,243.00,153.00,243.00,153.00,153.00,153.00,163.00,253.00,163.00,163.00,163.00,163.00,163.00,253.00,253.00,253.00,253.00,253.00,253.00,253.00,253.00,253.00,253.00,253.00,253.00
2026-09-04 22:05:49,153.00,153.00,153.00,153.00,243.00,153.00,243.00,153.00,153.00,153.00,163.00,253.00,163.00,163.00,163.00,163.00,163.00,253.00,253.00,253.00,253.00,253.00,253.00,253.00,253.00,253.00,253.00,253.00,253.00
2026-09-04 22:15:49,153.00,153.00,153.00,153.00,243.00,153.00,243.00,153.00,153.00,153.00,163.00,253.00,163.00,163.00,163.00,163.00,163.00,253.00,253.00,253.00,253.00,253.00,253.00,253.00,253.00,253.00,253.00,253.00,253.00
2026-09-04 22:25:40,153.00,153.00,153.00,153.00,243.00,153.00,243.00,153.00,153.00,153.00,163.00,253.00,163.00,163.00,163.00,163.00,163.00,253.00,253.00,253.00,253.00,253.00,253.00,253.00,253.00,253.00,253.00,253.00,253.00
2026-09-04 22:35:53,153.00,153.00,153.00,153.00,243.00,153.00,243.00,153.00,153.00,153.00,163.00,253.00,163.00,163.00,163.00,163.00,163.00,253.00,253.00,253.00,253.00,253.00,253.00,253.00,253.00,253.00,253.00,253.00,253.00
2026-09-04 22:45:53,153.00,153.00,153.00,153.00,243.00,153.00,243.00,153.00,153.00,153.00,163.00,253.00,163.00,163.00,163.00,163.00,163.00,253.00,253.00,253.00,253.00,253.00,253.00,253.00,253.00,253.00,253.00,253.00,253.00
2026-09-04 22:55:46,153.00,153.00,153.00,153.00,243.00,153.00,243.00,153.00,153.00,153.00,163.00,253.00,163.00,163.00,163.00,163.00,163.00,253.00,253.00,253.00,253.00,253.00,253.00,253.00,253.00,253.00,253.00,253.00,253.00
2026-09-04 23:05:48,153.00,153.00,153.00,153.00,243.00,153.00,243.00,153.00,153.00,153.00,163.00,253.00,163.00,163.00,163.00,163.00,163.00,253.00,253.00,253.00,253.00,253.00,253.00,253.00,253.00,253.00,253.00,253.00,253.00
2026-09-04 23:15:51,153.00,153.00,153.00,153.00,243.00,153.00,243.00,153.00,153.00,153.00,163.00,253.00,163.00,163.00,163.00,163.00,163.00,253.00,253.00,253.00,253.00,253.00,253.00,253.00,253.00,253.00,253.00,253.00,253.00
2026-09-04 23:26:53,153.00,153.00,153.00,153.00,243.00,153.00,243.00,153.00,153.00,153.00,163.00,253.00,163.00,163.00,163.00,163.00,163.00,253.00,253.00,253.00,253.00,253.00,253.00,253.00,253.00,253.00,253.00,253.00,253.00
2026-09-04 23:35:54,153.00,,153.00,153.00,,,,153.00,153.00,,,253.00,163.00,,,163.00,319.00,,253.00,253.00,,,,253.00,253.00,253.00,,253.00,
2026-09-04 23:45:54,153.00,153.00,153.00,153.00,243.00,153.00,243.00,153.00,153.00,153.00,163.00,253.00,163.00,163.00,163.00,163.00,163.00,253.00,253.00,253.00,253.00,253.00,253.00,253.00,253.00,253.00,253.00,253.00,253.00
2026-09-05 00:05:52,153.00,153.00,153.00,153.00,243.00,153.00,243.00,153.00,153.00,153.00,163.00,253.00,163.00,163.00,163.00,163.00,163.00,253.00,253.00,253.00,253.00,253.00,253.00,253.00,253.00,253.00,253.00,253.00,253.00
2026-09-05 00:15:43,153.00,153.00,153.00,153.00,243.00,153.00,243.00,153.00,153.00,153.00,163.00,253.00,163.00,163.00,163.00,163.00,163.00,253.00,253.00,253.00,253.00,253.00,253.00,253.00,253.00,253.00,253.00,253.00,253.00
2026-09-05 00:25:41,153.00,153.00,153.00,153.00,243.00,153.00,243.00,153.00,153.00,153.00,163.00,253.00,163.00,163.00,163.00,163.00,163.00,253.00,253.00,253.00,253.00,253.00,253.00,253.00,253.00,253.00,253.00,253.00,253.00
2026-09-05 00:35:38,153.00,153.00,153.00,153.00,243.00,153.00,243.00,153.00,153.00,153.00,163.00,253.00,163.00,163.00,163.00,163.00,163.00,253.00,253.00,253.00,253.00,253.00,253.00,253.00,253.00,253.00,253.00,253.00,253.00
2026-09-05 00:45:33,153.00,153.00,153.00,153.00,243.00,153.00,243.00,153.00,153.00,153.00,163.00,253.00,163.00,163.00,163.00,163.00,163.00,253.00,253.00,253.00,253.00,253.00,253.00,253.00,253.00,253.00,253.00,253.00,253.00
2026-09-05 00:55:47,153.00,153.00,153.00,153.00,243.00,153.00,243.00,153.00,153.00,153.00,163.00,253.00,163.00,163.00,163.00,163.00,163.00,253.00,253.00,253.00,253.00,253.00,253.00,253.00,253.00,253.00,253.00,253.00,253.00
2026-09-05 01:05:51,153.00,153.00,153.00,153.00,243.00,153.00,243.00,153.00,153.00,153.00,163.00,253.00,163.00,163.00,163.00,163.00,163.00,253.00,253.00,253.00,253.00,253.00,253.00,253.00,253.00,253.00,253.00,253.00,253.00
2026-09-05 01:15:46,153.00,153.00,153.00,153.00,243.00,153.00,243.00,153.00,153.00,153.00,163.00,253.00,163.00,163.00,163.00,163.00,163.00,253.00,253.00,253.00,253.00,253.00,253.00,253.00,253.00,253.00,253.00,253.00,253.00
2026-09-05 01:25:52,153.00,153.00,153.00,153.00,243.00,153.00,243.00,153.00,153.00,153.00,163.00,253.00,163.00,163.00,163.00,163.00,163.00,253.00,253.00,253.00,253.00,253.00,253.00,253.00,253.00,253.00,253.00,253.00,253.00
2026-09-05 01:35:39,153.00,153.00,153.00,153.00,243.00,153.00,243.00,153.00,153.00,153.00,163.00,253.00,163.00,163.00,163.00,163.00,163.00,253.00,253.00,253.00,253.00,253.00,253.00,253.00,253.00,253.00,253.00,253.00,253.00
2026-09-05 01:45:36,153.00,153.00,153.00,153.00,243.00,153.00,243.00,153.00,153.00,153.00,163.00,253.00,163.00,163.00,163.00,163.00,163.00,253.00,253.00,253.00,253.00,253.00,253.00,253.00,253.00,253.00,253.00,253.00,253.00
2026-09-05 01:55:50,153.00,153.00,153.00,153.00,243.00,153.00,243.00,153.00,153.00,153.00,163.00,253.00,163.00,163.00,163.00,163.00,163.00,253.00,253.00,253.00,253.00,253.00,253.00,253.00,253.00,253.00,253.00,253.00,253.00
2026-09-05 02:05:51,153.00,153.00,153.00,153.00,243.00,153.00,243.00,153.00,153.00,153.00,163.00,253.00,163.00,163.00,163.00,163.00,163.00,253.00,253.00,253.00,253.00,253.00,253.00,253.00,253.00,253.00,253.00,253.00,253.00
2026-09-05 02:15:51,153.00,153.00,153.00,153.00,243.00,153.00,243.00,153.00,153.00,153.00,163.00,253.00,163.00,163.00,163.00,163.00,163.00,253.00,253.00,253.00,253.00,253.00,253.00,253.00,253.00,253.00,253.00,253.00,253.00
2026-09-05 02:25:54,153.00,153.00,153.00,153.00,243.00,153.00,243.00,153.00,153.00,153.00,163.00,253.00,163.00,163.00,163.00,163.00,163.00,253.00,253.00,253.00,253.00,253.00,253.00,253.00,253.00,253.00,253.00,253.00,253.00
2026-09-05 02:35:39,153.00,153.00,153.00,153.00,243.00,153.00,243.00,153.00,153.00,153.00,163.00,253.00,163.00,163.00,163.00,163.00,163.00,253.00,253.00,253.00,253.00,253.00,253.00,253.00,253.00,253.00,253.00,253.00,253.00
2026-09-05 02:45:52,153.00,153.00,153.00,153.00,243.00,153.00,243.00,153.00,153.00,153.00,163.00,253.00,163.00,163.00,163.00,163.00,163.00,253.00,253.00,253.00,253.00,253.00,253.00,253.00,253.00,253.00,253.00,253.00,253.00
2026-09-05 02:55:37,153.00,153.00,153.00,153.00,243.00,153.00,243.00,153.00,153.00,153.00,163.00,253.00,163.00,163.00,163.00,163.00,163.00,253.00,253.00,253.00,253.00,253.00,253.00,253.00,253.00,253.00,253.00,253.00,253.00
2026-09-05 03:05:47,153.00,153.00,153.00,153.00,243.00,153.00,243.00,153.00,153.00,153.00,163.00,253.00,163.00,163.00,163.00,163.00,163.00,253.00,253.00,253.00,253.00,253.00,253.00,253.00,253.00,253.00,253.00,253.00,253.00
2026-09-05 03:15:40,153.00,153.00,153.00,153.00,243.00,153.00,243.00,153.00,153.00,153.00,163.00,253.00,163.00,163.00,163.00,163.00,163.00,253.00,253.00,253.00,253.00,253.00,253.00,253.00,253.00,253.00,253.00,253.00,253.00
2026-09-05 03:25:52,153.00,153.00,153.00,153.00,243.00,153.00,243.00,153.00,153.00,153.00,163.00,253.00,163.00,163.00,163.00,163.00,163.00,253.00,253.00,253.00,253.00,253.00,253.00,253.00,253.00,253.00,253.00,253.00,253.00
2026-09-05 03:35:49,153.00,153.00,153.00,153.00,243.00,153.00,243.00,153.00,153.00,153.00,163.00,253.00,163.00,163.00,163.00,163.00,163.00,253.00,253.00,253.00,253.00,253.00,253.00,253.00,253.00,253.00,253.00,253.00,253.00
2026-09-05 03:45:54,153.00,153.00,153.00,153.00,243.00,153.00,243.00,153.00,153.00,153.00,163.00,253.00,163.00,163.00,163.00,163.00,163.00,253.00,253.00,253.00,253.00,253.00,253.00,253.00,253.00,253.00,253.00,253.00,253.00
2026-09-05 03:55:52,153.00,153.00,153.00,153.00,243.00,153.00,243.00,153.00,153.00,153.00,163.00,253.00,163.00,163.00,163.00,163.00,163.00,253.00,253.00,253.00,253.00,253.00,253.00,253.00,253.00,253.00,253.00,253.00,253.00
2026-09-05 04:05:52,153.00,153.00,153.00,153.00,243.00,153.00,243.00,153.00,153.00,153.00,163.00,253.00,163.00,163.00,163.00,163.00,163.00,253.00,253.00,253.00,253.00,253.00,253.00,253.00,253.00,253.00,253.00,253.00,253.00
2026-09-05 04:15:46,153.00,153.00,153.00,153.00,243.00,153.00,243.00,153.00,153.00,153.00,163.00,253.00,163.00,163.00,163.00,163.00,163.00,253.00,253.00,253.00,253.00,253.00,253.00,253.00,253.00,253.00,253.00,253.00,253.00
2026-09-05 04:25:47,153.00,153.00,153.00,153.00,243.00,153.00,243.00,153.00,153.00,153.00,163.00,253.00,163.00,163.00,163.00,163.00,163.00,253.00,253.00,253.00,253.00,253.00,253.00,253.00,253.00,253.00,253.00,253.00,253.00
2026-09-05 04:35:52,153.00,153.00,153.00,153.00,243.00,153.00,243.00,153.00,153.00,153.00,163.00,253.00,163.00,163.00,163.00,163.00,163.00,253.00,253.00,253.00,253.00,253.00,253.00,253.00,253.00,253.00,253.00,253.00,253.00
2026-09-05 04:45:54,153.00,153.00,153.00,153.00,243.00,153.00,243.00,153.00,153.00,153.00,163.00,253.00,163.00,163.00,163.00,163.00,163.00,253.00,253.00,253.00,253.00,253.00,253.00,253.00,253.00,253.00,253.00,253.00,253.00
2026-09-05 04:55:49,153.00,153.00,153.00,153.00,243.00,153.00,243.00,153.00,153.00,153.00,163.00,253.00,163.00,163.00,163.00,163.00,163.00,253.00,253.00,253.00,253.00,253.00,253.00,253.00,253.00,253.00,253.00,253.00,253.00
2026-09-05 05:05:49,153.00,153.00,153.00,153.00,243.00,153.00,243.00,153.00,153.00,153.00,163.00,253.00,163.00,163.00,163.00,163.00,163.00,253.00,253.00,253.00,253.00,253.00,253.00,253.00,253.00,253.00,253.00,253.00,253.00
2026-09-05 05:15:52,153.00,153.00,153.00,153.00,243.00,153.00,243.00,153.00,153.00,153.00,163.00,253.00,163.00,163.00,163.00,163.00,163.00,253.00,253.00,253.00,253.00,253.00,253.00,253.00,253.00,253.00,253.00,253.00,253.00
2026-09-05 05:25:36,153.00,153.00,153.00,153.00,243.00,153.00,243.00,153.00,153.00,153.00,163.00,253.00,163.00,163.00,163.00,163.00,163.00,253.00,253.00,253.00,253.00,253.00,253.00,253.00,253.00,253.00,253.00,253.00,253.00
2026-09-05 05:35:52,153.00,153.00,153.00,153.00,243.00,153.00,243.00,153.00,153.00,153.00,163.00,253.00,163.00,163.00,163.00,163.00,163.00,253.00,253.00,253.00,253.00,253.00,253.00,253.00,253.00,253.00,253.00,253.00,253.00
2026-09-05 05:45:49,153.00,153.00,153.00,153.00,243.00,153.00,243.00,153.00,153.00,153.00,163.00,253.00,163.00,163.00,163.00,163.00,163.00,253.00,253.00,253.00,253.00,253.00,253.00,253.00,253.00,253.00,253.00,253.00,253.00
2026-09-05 05:55:51,153.00,153.00,153.00,153.00,243.00,153.00,243.00,153.00,153.00,153.00,163.00,253.00,163.00,163.00,163.00,163.00,163.00,253.00,253.00,253.00,253.00,253.00,253.00,253.00,253.00,253.00,253.00,253.00,253.00
2026-09-05 06:05:50,153.00,153.00,153.00,153.00,243.00,153.00,243.00,153.00,153.00,153.00,163.00,253.00,163.00,163.00,163.00,163.00,163.00,253.00,253.00,253.00,253.00,253.00,253.00,253.00,253.00,253.00,253.00,253.00,253.00
2026-09-05 06:15:52,153.00,153.00,153.00,153.00,243.00,153.00,243.00,153.00,153.00,153.00,163.00,253.00,163.00,163.00,163.00,163.00,163.00,253.00,253.00,253.00,253.00,253.00,253.00,253.00,253.00,253.00,253.00,253.00,253.00
2026-09-05 06:25:49,153.00,153.00,153.00,153.00,243.00,153.00,243.00,153.00,153.00,153.00,163.00,253.00,163.00,163.00,163.00,163.00,163.00,253.00,253.00,253.00,253.00,253.00,253.00,253.00,253.00,253.00,253.00,253.00,253.00
2026-09-05 06:35:51,153.00,153.00,153.00,153.00,243.00,153.00,243.00,153.00,153.00,153.00,163.00,253.00,163.00,163.00,163.00,163.00,163.00,253.00,253.00,253.00,253.00,253.00,253.00,253.00,253.00,253.00,253.00,253.00,253.00
2026-09-05 06:45:29,153.00,153.00,153.00,153.00,243.00,153.00,243.00,153.00,153.00,153.00,163.00,253.00,163.00,163.00,163.00,163.00,163.00,253.00,253.00,253.00,253.00,253.00,253.00,253.00,253.00,253.00,253.00,253.00,253.00
2026-09-05 07:05:47,153.00,153.00,153.00,153.00,243.00,153.00,243.00,153.00,153.00,153.00,163.00,253.00,163.00,163.00,163.00,163.00,163.00,253.00,253.00,253.00,253.00,253.00,253.00,253.00,253.00,253.00,253.00,253.00,253.00
2026-09-05 07:15:55,153.00,153.00,153.00,153.00,243.00,153.00,243.00,153.00,153.00,153.00,163.00,253.00,163.00,163.00,163.00,163.00,163.00,253.00,253.00,253.00,253.00,253.00,253.00,253.00,253.00,253.00,253.00,253.00,253.00
2026-09-05 07:25:57,153.00,153.00,153.00,153.00,243.00,153.00,243.00,153.00,153.00,153.00,163.00,253.00,163.00,163.00,163.00,163.00,163.00,253.00,253.00,253.00,253.00,253.00,253.00,253.00,253.00,253.00,253.00,253.00,253.00
2026-09-05 07:35:50,153.00,153.00,153.00,153.00,243.00,153.00,243.00,153.00,153.00,153.00,163.00,253.00,163.00,163.00,163.00,163.00,163.00,253.00,253.00,253.00,253.00,253.00,253.00,253.00,253.00,253.00,253.00,253.00,253.00
2026-09-05 07:47:40,153.00,153.00,153.00,153.00,243.00,153.00,243.00,153.00,153.00,153.00,163.00,253.00,163.00,163.00,163.00,163.00,163.00,253.00,253.00,253.00,253.00,253.00,253.00,253.00,253.00,253.00,253.00,253.00,253.00
2026-09-05 07:55:48,153.00,153.00,153.00,153.00,243.00,153.00,243.00,153.00,153.00,153.00,163.00,253.00,163.00,163.00,163.00,163.00,163.00,253.00,253.00,253.00,253.00,253.00,253.00,253.00,253.00,253.00,253.00,253.00,253.00
2026-09-05 08:05:54,153.00,153.00,153.00,153.00,243.00,153.00,243.00,153.00,153.00,153.00,163.00,253.00,163.00,163.00,163.00,163.00,163.00,253.00,253.00,253.00,253.00,253.00,253.00,253.00,253.00,253.00,253.00,253.00,253.00
2026-09-05 08:15:50,153.00,153.00,153.00,153.00,243.00,153.00,243.00,153.00,153.00,153.00,163.00,253.00,163.00,163.00,163.00,163.00,163.00,253.00,253.00,253.00,253.00,253.00,253.00,253.00,253.00,253.00,253.00,253.00,253.00
2026-09-05 08:25:51,153.00,153.00,153.00,153.00,243.00,153.00,243.00,153.00,153.00,153.00,163.00,253.00,163.00,163.00,163.00,163.00,163.00,253.00,253.00,253.00,253.00,253.00,253.00,253.00,253.00,253.00,253.00,253.00,253.00
2026-09-05 08:35:30,153.00,153.00,153.00,153.00,243.00,153.00,243.00,153.00,153.00,153.00,163.00,253.00,163.00,163.00,163.00,163.00,163.00,253.00,253.00,253.00,253.00,253.00,253.00,253.00,253.00,253.00,253.00,253.00,253.00
2026-09-05 08:45:50,153.00,153.00,153.00,153.00,243.00,153.00,243.00,153.00,153.00,153.00,163.00,253.00,163.00,163.00,163.00,163.00,163.00,253.00,253.00,253.00,253.00,253.00,253.00,253.00,253.00,253.00,253.00,253.00,253.00
2026-09-05 08:55:54,153.00,153.00,153.00,153.00,243.00,153.00,243.00,153.00,153.00,153.00,163.00,253.00,163.00,163.00,163.00,163.00,163.00,253.00,253.00,253.00,253.00,253.00,253.00,253.00,253.00,253.00,253.00,253.00,253.00
2026-09-05 09:05:49,153.00,153.00,153.00,153.00,243.00,153.00,243.00,153.00,153.00,153.00,163.00,253.00,163.00,163.00,163.00,163.00,163.00,253.00,253.00,253.00,253.00,253.00,253.00,253.00,253.00,253.00,253.00,253.00,253.00
2026-09-05 09:15:54,153.00,153.00,153.00,153.00,243.00,153.00,243.00,153.00,153.00,153.00,163.00,253.00,163.00,163.00,163.00,163.00,163.00,253.00,253.00,253.00,253.00,253.00,253.00,253.00,253.00,253.00,253.00,253.00,253.00
2026-09-05 09:25:51,153.00,153.00,153.00,153.00,243.00,153.00,243.00,153.00,153.00,153.00,163.00,253.00,163.00,163.00,163.00,163.00,163.00,253.00,253.00,253.00,253.00,253.00,253.00,253.00,253.00,253.00,253.00,253.00,253.00
2026-09-05 09:35:52,153.00,153.00,153.00,153.00,243.00,153.00,243.00,153.00,153.00,153.00,163.00,253.00,163.00,163.00,163.00,163.00,163.00,253.00,253.00,253.00,253.00,253.00,253.00,253.00,253.00,253.00,253.00,253.00,253.00
2026-09-05 09:45:51,153.00,153.00,153.00,153.00,243.00,153.00,243.00,153.00,153.00,153.00,163.00,253.00,163.00,163.00,163.00,163.00,163.00,253.00,253.00,253.00,253.00,253.00,253.00,253.00,253.00,253.00,253.00,253.00,253.00
2026-09-05 09:55:45,153.00,153.00,153.00,153.00,243.00,153.00,243.00,153.00,153.00,153.00,163.00,253.00,163.00,163.00,163.00,163.00,163.00,253.00,253.00,253.00,253.00,253.00,253.00,253.00,253.00,253.00,253.00,253.00,253.00
2026-09-05 10:05:47,153.00,153.00,153.00,153.00,243.00,153.00,243.00,153.00,153.00,153.00,163.00,253.00,163.00,163.00,163.00,163.00,163.00,253.00,253.00,253.00,253.00,253.00,253.00,253.00,253.00,253.00,253.00,253.00,253.00
2026-09-05 10:15:52,153.00,153.00,153.00,153.00,243.00,153.00,243.00,153.00,153.00,153.00,163.00,253.00,163.00,163.00,163.00,163.00,163.00,253.00,253.00,253.00,253.00,253.00,253.00,253.00,253.00,253.00,253.00,253.00,253.00
2026-09-05 10:25:42,153.00,153.00,153.00,153.00,243.00,153.00,243.00,153.00,153.00,153.00,163.00,253.00,163.00,163.00,163.00,163.00,163.00,253.00,253.00,253.00,253.00,253.00,253.00,253.00,253.00,253.00,253.00,253.00,253.00
2026-09-05 10:35:50,153.00,153.00,153.00,153.00,243.00,153.00,243.00,153.00,153.00,153.00,163.00,253.00,163.00,163.00,163.00,163.00,163.00,253.00,253.00,253.00,253.00,253.00,253.00,253.00,253.00,253.00,253.00,253.00,253.00
2026-09-05 10:45:50,153.00,153.00,153.00,153.00,243.00,153.00,243.00,153.00,153.00,153.00,163.00,253.00,163.00,163.00,163.00,163.00,163.00,253.00,253.00,253.00,253.00,253.00,253.00,253.00,253.00,253.00,253.00,253.00,253.00
2026-09-05 10:55:48,153.00,153.00,153.00,153.00,243.00,153.00,243.00,153.00,153.00,153.00,163.00,253.00,163.00,163.00,163.00,163.00,163.00,253.00,253.00,253.00,253.00,253.00,253.00,253.00,253.00,253.00,253.00,253.00,253.00
2026-09-05 11:05:47,153.00,153.00,153.00,153.00,243.00,153.00,243.00,153.00,153.00,153.00,163.00,253.00,163.00,163.00,163.00,163.00,163.00,253.00,253.00,253.00,253.00,253.00,253.00,253.00,253.00,253.00,253.00,253.00,253.00
2026-09-05 11:15:50,153.00,153.00,153.00,153.00,243.00,153.00,243.00,153.00,153.00,153.00,163.00,253.00,163.00,163.00,163.00,163.00,163.00,253.00,253.00,253.00,253.00,253.00,253.00,253.00,253.00,253.00,253.00,253.00,253.00
2026-09-05 11:25:47,153.00,153.00,153.00,153.00,243.00,153.00,243.00,153.00,153.00,153.00,163.00,253.00,163.00,163.00,163.00,163.00,163.00,253.00,253.00,253.00,253.00,253.00,253.00,253.00,253.00,253.00,253.00,253.00,253.00
2026-09-05 11:35:49,153.00,153.00,153.00,153.00,243.00,153.00,243.00,153.00,153.00,153.00,163.00,253.00,163.00,163.00,163.00,163.00,163.00,253.00,253.00,253.00,253.00,253.00,253.00,253.00,253.00,253.00,253.00,253.00,253.00
2026-09-05 11:45:54,153.00,153.00,153.00,153.00,243.00,153.00,243.00,153.00,153.00,153.00,163.00,253.00,163.00,163.00,163.00,163.00,163.00,253.00,253.00,253.00,253.00,253.00,253.00,253.00,253.00,253.00,253.00,253.00,253.00
2026-09-05 11:55:50,153.00,153.00,153.00,153.00,243.00,153.00,243.00,153.00,153.00,153.00,163.00,253.00,163.00,163.00,163.00,163.00,163.00,253.00,253.00,253.00,253.00,253.00,253.00,253.00,253.00,253.00,253.00,253.00,253.00
2026-09-05 12:05:36,153.00,153.00,153.00,153.00,243.00,153.00,243.00,153.00,153.00,153.00,163.00,253.00,163.00,163.00,163.00,163.00,163.00,253.00,253.00,253.00,253.00,253.00,253.00,253.00,253.00,253.00,253.00,253.00,253.00
2026-09-05 12:15:50,153.00,153.00,153.00,153.00,243.00,153.00,243.00,153.00,153.00,153.00,163.00,253.00,163.00,163.00,163.00,163.00,163.00,253.00,253.00,253.00,253.00,253.00,253.00,253.00,253.00,253.00,253.00,253.00,253.00
2026-09-05 12:25:54,153.00,153.00,153.00,153.00,243.00,153.00,243.00,153.00,153.00,153.00,163.00,253.00,163.00,163.00,163.00,163.00,163.00,253.00,253.00,253.00,253.00,253.00,253.00,253.00,253.00,253.00,253.00,253.00,253.00
2026-09-05 12:35:53,153.00,153.00,153.00,153.00,243.00,153.00,243.00,153.00,153.00,153.00,163.00,253.00,163.00,163.00,163.00,163.00,163.00,253.00,253.00,253.00,253.00,253.00,253.00,253.00,253.00,253.00,253.00,253.00,253.00
2026-09-05 12:45:40,153.00,153.00,153.00,153.00,243.00,243.00,243.00,153.00,153.00,153.00,163.00,253.00,163.00,163.00,163.00,163.00,163.00,253.00,253.00,253.00,253.00,253.00,253.00,253.00,253.00,253.00,253.00,253.00,253.00
2026-09-05 12:55:37,153.00,153.00,153.00,153.00,243.00,243.00,243.00,153.00,153.00,153.00,163.00,253.00,163.00,163.00,163.00,163.00,163.00,253.00,253.00,253.00,253.00,253.00,253.00,253.00,253.00,253.00,253.00,253.00,253.00
2026-09-05 13:05:40,153.00,153.00,153.00,153.00,243.00,243.00,243.00,153.00,153.00,153.00,163.00,253.00,163.00,163.00,163.00,163.00,163.00,253.00,253.00,253.00,253.00,253.00,253.00,253.00,253.00,253.00,253.00,253.00,253.00
2026-09-05 13:15:54,153.00,153.00,153.00,153.00,243.00,243.00,243.00,153.00,153.00,153.00,163.00,253.00,163.00,163.00,163.00,163.00,163.00,253.00,253.00,253.00,253.00,253.00,253.00,253.00,253.00,253.00,253.00,253.00,253.00
2026-09-05 13:25:49,153.00,153.00,153.00,153.00,243.00,243.00,243.00,153.00,153.00,153.00,163.00,253.00,163.00,163.00,163.00,163.00,163.00,253.00,253.00,253.00,253.00,253.00,253.00,253.00,253.00,253.00,253.00,253.00,253.00
2026-09-05 13:35:53,153.00,153.00,153.00,153.00,243.00,243.00,243.00,153.00,153.00,153.00,163.00,253.00,163.00,163.00,163.00,163.00,163.00,253.00,253.00,253.00,253.00,253.00,253.00,253.00,253.00,253.00,253.00,253.00,253.00
2026-09-05 13:45:54,153.00,153.00,153.00,153.00,243.00,243.00,243.00,153.00,153.00,153.00,163.00,253.00,163.00,163.00,163.00,163.00,163.00,253.00,253.00,253.00,253.00,253.00,253.00,253.00,253.00,253.00,253.00,253.00,253.00
2026-09-05 13:55:50,153.00,153.00,153.00,153.00,243.00,243.00,243.00,153.00,153.00,153.00,163.00,253.00,163.00,163.00,163.00,163.00,163.00,253.00,253.00,253.00,253.00,253.00,253.00,253.00,253.00,253.00,253.00,253.00,253.00
2026-09-05 14:05:52,153.00,153.00,153.00,153.00,243.00,243.00,153.00,153.00,153.00,153.00,163.00,253.00,163.00,163.00,163.00,163.00,163.00,253.00,253.00,253.00,253.00,253.00,253.00,253.00,253.00,253.00,253.00,253.00,253.00
2026-09-05 14:15:53,153.00,153.00,153.00,153.00,243.00,243.00,153.00,153.00,153.00,153.00,163.00,253.00,163.00,163.00,163.00,163.00,163.00,253.00,253.00,253.00,253.00,253.00,253.00,253.00,253.00,253.00,253.00,253.00,253.00
2026-09-05 14:25:57,153.00,153.00,153.00,153.00,243.00,243.00,153.00,153.00,153.00,153.00,163.00,253.00,163.00,163.00,163.00,163.00,163.00,253.00,253.00,253.00,253.00,253.00,253.00,253.00,253.00,253.00,253.00,253.00,253.00
2026-09-05 14:39:24,,153.00,,,243.00,243.00,153.00,,,153.00,163.00,,,163.00,163.00,163.00,163.00,253.00,,,253.00,253.00,253.00,,,,253.00,,253.00
2026-09-05 14:46:11,153.00,153.00,153.00,153.00,243.00,243.00,153.00,153.00,153.00,153.00,163.00,253.00,163.00,163.00,163.00,163.00,163.00,253.00,253.00,253.00,253.00,253.00,253.00,253.00,253.00,253.00,253.00,253.00,253.00
2026-09-05 14:55:56,153.00,153.00,153.00,153.00,243.00,243.00,153.00,153.00,153.00,153.00,163.00,253.00,163.00,163.00,163.00,163.00,163.00,253.00,253.00,253.00,253.00,253.00,253.00,253.00,253.00,253.00,253.00,253.00,253.00
2026-09-05 15:05:52,153.00,153.00,153.00,153.00,243.00,243.00,153.00,153.00,153.00,153.00,163.00,253.00,163.00,163.00,163.00,163.00,163.00,253.00,253.00,253.00,253.00,253.00,253.00,253.00,253.00,253.00,253.00,253.00,253.00
2026-09-05 15:15:51,153.00,153.00,153.00,153.00,243.00,243.00,153.00,153.00,153.00,153.00,163.00,253.00,163.00,163.00,163.00,163.00,163.00,253.00,253.00,253.00,253.00,253.00,253.00,253.00,253.00,253.00,253.00,253.00,253.00
2026-09-05 15:25:55,153.00,153.00,153.00,153.00,243.00,243.00,153.00,153.00,153.00,153.00,163.00,253.00,163.00,163.00,163.00,163.00,163.00,253.00,253.00,253.00,253.00,253.00,253.00,253.00,253.00,253.00,253.00,253.00,253.00
2026-09-05 15:35:51,153.00,153.00,153.00,153.00,243.00,243.00,153.00,153.00,153.00,153.00,163.00,253.00,163.00,163.00,163.00,163.00,163.00,253.00,253.00,253.00,253.00,253.00,253.00,253.00,253.00,253.00,253.00,253.00,253.00
2026-09-05 15:45:56,153.00,153.00,153.00,153.00,243.00,243.00,153.00,153.00,153.00,153.00,163.00,253.00,163.00,163.00,163.00,163.00,163.00,253.00,253.00,253.00,253.00,253.00,253.00,253.00,253.00,253.00,253.00,253.00,253.00
2026-09-05 15:55:41,153.00,153.00,153.00,153.00,243.00,243.00,153.00,153.00,153.00,153.00,163.00,253.00,163.00,163.00,163.00,163.00,163.00,253.00,253.00,253.00,253.00,253.00,253.00,253.00,253.00,253.00,253.00,253.00,253.00
2026-09-05 16:05:53,153.00,153.00,153.00,153.00,243.00,243.00,153.00,153.00,153.00,153.00,163.00,253.00,163.00,163.00,163.00,163.00,163.00,253.00,253.00,253.00,253.00,253.00,253.00,253.00,253.00,253.00,253.00,253.00,253.00
2026-09-05 16:15:51,153.00,153.00,153.00,153.00,243.00,243.00,153.00,153.00,153.00,153.00,163.00,253.00,163.00,163.00,163.00,163.00,163.00,253.00,253.00,253.00,253.00,253.00,253.00,253.00,253.00,253.00,253.00,253.00,253.00
2026-09-05 16:25:55,153.00,153.00,153.00,153.00,243.00,243.00,153.00,153.00,153.00,153.00,163.00,253.00,163.00,163.00,163.00,163.00,163.00,253.00,253.00,253.00,253.00,253.00,253.00,253.00,253.00,253.00,253.00,253.00,253.00
2026-09-05 16:36:03,153.00,153.00,153.00,153.00,243.00,243.00,153.00,153.00,153.00,153.00,163.00,253.00,163.00,163.00,163.00,163.00,163.00,253.00,253.00,253.00,253.00,253.00,253.00,253.00,253.00,253.00,253.00,253.00,253.00
2026-09-05 16:45:30,153.00,153.00,153.00,153.00,243.00,243.00,153.00,153.00,153.00,153.00,163.00,253.00,163.00,163.00,163.00,163.00,163.00,253.00,253.00,253.00,253.00,253.00,253.00,253.00,253.00,253.00,253.00,253.00,253.00
2026-09-05 16:55:54,153.00,153.00,153.00,153.00,243.00,243.00,153.00,153.00,153.00,153.00,163.00,253.00,163.00,163.00,163.00,163.00,163.00,253.00,253.00,253.00,253.00,253.00,253.00,253.00,253.00,253.00,253.00,253.00,253.00
2026-09-05 17:05:51,153.00,153.00,153.00,153.00,243.00,243.00,153.00,153.00,153.00,153.00,163.00,253.00,163.00,163.00,163.00,163.00,163.00,253.00,253.00,253.00,253.00,253.00,253.00,253.00,253.00,253.00,253.00,253.00,253.00
2026-09-05 17:15:41,153.00,153.00,153.00,153.00,243.00,243.00,153.00,153.00,153.00,153.00,163.00,253.00,163.00,163.00,163.00,163.00,163.00,253.00,253.00,253.00,253.00,253.00,253.00,253.00,253.00,253.00,253.00,253.00,253.00
2026-09-05 17:25:52,153.00,153.00,153.00,153.00,243.00,243.00,153.00,153.00,153.00,153.00,163.00,253.00,163.00,163.00,163.00,163.00,163.00,253.00,253.00,253.00,253.00,253.00,253.00,253.00,253.00,253.00,253.00,253.00,253.00
2026-09-05 17:35:50,153.00,153.00,153.00,153.00,243.00,243.00,153.00,153.00,153.00,153.00,163.00,253.00,163.00,163.00,163.00,163.00,163.00,253.00,253.00,253.00,253.00,253.00,253.00,253.00,253.00,253.00,253.00,253.00,253.00
2026-09-05 17:45:50,153.00,153.00,153.00,153.00,243.00,243.00,153.00,153.00,153.00,153.00,163.00,253.00,163.00,163.00,163.00,163.00,163.00,253.00,253.00,253.00,253.00,253.00,253.00,253.00,253.00,253.00,253.00,253.00,253.00
2026-09-05 17:55:56,153.00,153.00,153.00,153.00,243.00,243.00,153.00,153.00,153.00,153.00,163.00,253.00,163.00,163.00,163.00,163.00,163.00,253.00,253.00,253.00,253.00,253.00,253.00,253.00,253.00,253.00,253.00,253.00,253.00
2026-09-05 18:05:53,153.00,153.00,153.00,153.00,243.00,243.00,153.00,153.00,153.00,153.00,163.00,253.00,163.00,163.00,163.00,163.00,163.00,253.00,253.00,253.00,253.00,253.00,253.00,253.00,253.00,253.00,253.00,253.00,253.00
2026-09-05 18:15:55,153.00,153.00,153.00,153.00,243.00,243.00,153.00,153.00,153.00,153.00,163.00,253.00,163.00,163.00,163.00,163.00,163.00,253.00,253.00,253.00,253.00,253.00,253.00,253.00,253.00,253.00,253.00,253.00,253.00
2026-09-05 18:25:38,153.00,153.00,153.00,153.00,243.00,243.00,153.00,153.00,153.00,153.00,163.00,253.00,163.00,163.00,163.00,163.00,163.00,253.00,253.00,253.00,253.00,253.00,253.00,253.00,253.00,253.00,253.00,253.00,253.00
2026-09-05 18:35:52,153.00,153.00,153.00,153.00,243.00,243.00,243.00,153.00,153.00,153.00,163.00,253.00,163.00,163.00,163.00,163.00,163.00,253.00,253.00,253.00,253.00,253.00,253.00,253.00,253.00,253.00,253.00,253.00,253.00
2026-09-05 18:45:51,153.00,153.00,153.00,153.00,243.00,243.00,243.00,153.00,153.00,153.00,163.00,253.00,163.00,163.00,163.00,163.00,163.00,253.00,253.00,253.00,253.00,253.00,253.00,253.00,253.00,253.00,253.00,253.00,253.00
2026-09-05 18:55:41,153.00,153.00,153.00,153.00,243.00,243.00,243.00,153.00,153.00,153.00,163.00,253.00,163.00,163.00,163.00,163.00,163.00,253.00,253.00,253.00,253.00,253.00,253.00,253.00,253.00,253.00,253.00,253.00,253.00
2026-09-05 19:05:48,153.00,153.00,153.00,153.00,243.00,243.00,243.00,153.00,153.00,153.00,163.00,253.00,163.00,163.00,163.00,163.00,163.00,253.00,253.00,253.00,253.00,253.00,253.00,253.00,253.00,253.00,253.00,253.00,253.00
2026-09-05 19:15:42,153.00,153.00,153.00,153.00,243.00,243.00,243.00,153.00,153.00,153.00,163.00,253.00,163.00,163.00,163.00,163.00,163.00,253.00,253.00,253.00,253.00,253.00,253.00,253.00,253.00,253.00,253.00,253.00,253.00
2026-09-05 19:25:54,153.00,153.00,153.00,153.00,243.00,243.00,243.00,153.00,153.00,153.00,163.00,253.00,163.00,163.00,163.00,163.00,163.00,253.00,253.00,253.00,253.00,253.00,253.00,253.00,253.00,253.00,253.00,253.00,253.00
2026-09-05 19:35:52,153.00,153.00,153.00,153.00,243.00,243.00,243.00,153.00,153.00,153.00,163.00,253.00,163.00,163.00,163.00,163.00,163.00,253.00,253.00,253.00,253.00,253.00,253.00,253.00,253.00,253.00,253.00,253.00,253.00
2026-09-05 19:45:51,153.00,153.00,153.00,153.00,243.00,243.00,153.00,153.00,153.00,153.00,163.00,253.00,163.00,163.00,163.00,163.00,163.00,253.00,253.00,253.00,253.00,253.00,253.00,253.00,253.00,253.00,253.00,253.00,253.00
2026-09-05 19:55:55,153.00,153.00,153.00,153.00,243.00,243.00,153.00,153.00,153.00,153.00,163.00,253.00,163.00,163.00,163.00,163.00,163.00,253.00,253.00,253.00,253.00,253.00,253.00,253.00,253.00,253.00,253.00,253.00,253.00
2026-09-05 20:05:51,153.00,153.00,153.00,153.00,243.00,243.00,153.00,153.00,153.00,153.00,163.00,253.00,163.00,163.00,163.00,163.00,163.00,253.00,253.00,253.00,253.00,253.00,253.00,253.00,253.00,253.00,253.00,253.00,253.00
2026-09-05 20:15:39,153.00,153.00,153.00,153.00,243.00,243.00,153.00,153.00,153.00,153.00,163.00,253.00,163.00,163.00,163.00,163.00,163.00,253.00,253.00,253.00,253.00,253.00,253.00,253.00,253.00,253.00,253.00,253.00,253.00
2026-09-05 20:25:46,153.00,153.00,153.00,153.00,243.00,243.00,153.00,153.00,153.00,153.00,163.00,253.00,163.00,163.00,163.00,163.00,163.00,253.00,253.00,253.00,253.00,253.00,253.00,253.00,253.00,253.00,253.00,253.00,253.00
2026-09-05 20:35:29,153.00,153.00,153.00,153.00,243.00,243.00,153.00,153.00,153.00,153.00,163.00,253.00,163.00,163.00,163.00,163.00,163.00,253.00,253.00,253.00,253.00,253.00,253.00,253.00,253.00,253.00,253.00,253.00,253.00
2026-09-05 20:45:49,153.00,153.00,153.00,153.00,243.00,243.00,153.00,153.00,153.00,153.00,163.00,253.00,163.00,163.00,163.00,163.00,163.00,253.00,253.00,253.00,253.00,253.00,253.00,253.00,253.00,253.00,253.00,253.00,253.00
2026-09-05 20:55:52,153.00,153.00,153.00,153.00,243.00,243.00,153.00,153.00,153.00,153.00,163.00,253.00,163.00,163.00,163.00,163.00,163.00,253.00,253.00,253.00,253.00,253.00,253.00,253.00,253.00,253.00,253.00,253.00,253.00
2026-09-05 21:05:44,153.00,153.00,153.00,153.00,243.00,243.00,153.00,153.00,153.00,153.00,163.00,253.00,163.00,163.00,163.00,163.00,163.00,253.00,253.00,253.00,253.00,253.00,253.00,253.00,253.00,253.00,253.00,253.00,253.00
2026-09-05 21:15:50,153.00,153.00,153.00,153.00,243.00,243.00,153.00,153.00,153.00,153.00,163.00,253.00,163.00,163.00,163.00,163.00,163.00,253.00,253.00,253.00,253.00,253.00,253.00,253.00,253.00,253.00,253.00,253.00,253.00
2026-09-05 21:25:50,153.00,153.00,153.00,153.00,243.00,243.00,153.00,153.00,153.00,153.00,163.00,253.00,163.00,163.00,163.00,163.00,163.00,253.00,253.00,253.00,253.00,253.00,253.00,253.00,253.00,253.00,253.00,253.00,253.00
2026-09-05 21:35:40,153.00,153.00,153.00,153.00,243.00,243.00,153.00,153.00,153.00,153.00,163.00,253.00,163.00,163.00,163.00,163.00,163.00,253.00,253.00,253.00,253.00,253.00,253.00,253.00,253.00,253.00,253.00,253.00,253.00
2026-09-05 21:45:54,153.00,153.00,153.00,153.00,243.00,243.00,153.00,153.00,153.00,153.00,163.00,253.00,163.00,163.00,163.00,163.00,163.00,253.00,253.00,253.00,253.00,253.00,253.00,253.00,253.00,253.00,253.00,253.00,253.00
2026-09-05 21:55:57,153.00,153.00,153.00,153.00,243.00,243.00,153.00,153.00,153.00,153.00,163.00,253.00,163.00,163.00,163.00,163.00,163.00,253.00,253.00,253.00,253.00,253.00,253.00,253.00,253.00,253.00,253.00,253.00,253.00
2026-09-05 22:05:48,153.00,153.00,153.00,153.00,243.00,243.00,153.00,153.00,153.00,153.00,163.00,253.00,163.00,163.00,163.00,163.00,163.00,253.00,253.00,253.00,253.00,253.00,253.00,253.00,253.00,253.00,253.00,253.00,253.00
2026-09-05 22:15:31,153.00,153.00,153.00,153.00,243.00,243.00,153.00,153.00,153.00,153.00,163.00,253.00,163.00,163.00,163.00,163.00,163.00,253.00,253.00,253.00,253.00,253.00,253.00,253.00,253.00,253.00,253.00,253.00,253.00
2026-09-05 22:25:38,153.00,153.00,153.00,153.00,243.00,243.00,153.00,153.00,153.00,153.00,163.00,253.00,163.00,163.00,163.00,163.00,163.00,253.00,253.00,253.00,253.00,253.00,253.00,253.00,253.00,253.00,253.00,253.00,253.00
2026-09-05 22:35:50,153.00,153.00,153.00,153.00,243.00,243.00,153.00,153.00,153.00,153.00,163.00,253.00,163.00,163.00,163.00,163.00,163.00,253.00,253.00,253.00,253.00,253.00,253.00,253.00,253.00,253.00,253.00,253.00,253.00
2026-09-05 22:45:50,153.00,153.00,153.00,153.00,243.00,243.00,153.00,153.00,153.00,153.00,163.00,253.00,163.00,163.00,163.00,163.00,163.00,253.00,253.00,253.00,253.00,253.00,253.00,253.00,253.00,253.00,253.00,253.00,253.00
2026-09-05 22:55:52,153.00,153.00,153.00,153.00,243.00,243.00,153.00,153.00,153.00,153.00,163.00,253.00,163.00,163.00,163.00,163.00,163.00,253.00,253.00,253.00,253.00,253.00,253.00,253.00,253.00,253.00,253.00,253.00,253.00
2026-09-05 23:05:53,153.00,153.00,153.00,153.00,243.00,243.00,153.00,153.00,153.00,153.00,163.00,253.00,163.00,163.00,163.00,163.00,163.00,253.00,253.00,253.00,253.00,253.00,253.00,253.00,253.00,253.00,253.00,253.00,253.00
2026-09-05 23:15:56,153.00,153.00,153.00,153.00,243.00,243.00,153.00,153.00,153.00,153.00,163.00,253.00,163.00,163.00,163.00,163.00,163.00,253.00,253.00,253.00,253.00,253.00,253.00,253.00,253.00,253.00,253.00,253.00,253.00
2026-09-05 23:25:49,153.00,153.00,153.00,153.00,243.00,243.00,153.00,153.00,153.00,153.00,163.00,253.00,163.00,163.00,163.00,163.00,163.00,253.00,253.00,253.00,253.00,253.00,253.00,253.00,253.00,253.00,253.00,253.00,253.00
2026-09-05 23:35:56,153.00,153.00,153.00,153.00,243.00,243.00,153.00,153.00,153.00,153.00,163.00,253.00,163.00,163.00,163.00,163.00,163.00,253.00,253.00,253.00,253.00,253.00,253.00,253.00,253.00,253.00,253.00,253.00,253.00
2026-09-05 23:45:39,153.00,153.00,153.00,153.00,243.00,243.00,153.00,153.00,153.00,153.00,163.00,253.00,163.00,163.00,163.00,163.00,163.00,253.00,253.00,253.00,253.00,253.00,253.00,253.00,253.00,253.00,253.00,253.00,253.00
2026-09-05 23:55:54,153.00,153.00,153.00,153.00,243.00,243.00,153.00,153.00,153.00,153.00,163.00,253.00,163.00,163.00,163.00,163.00,163.00,253.00,253.00,253.00,253.00,253.00,253.00,253.00,253.00,253.00,253.00,253.00,253.00
2026-09-06 00:05:59,153.00,153.00,153.00,153.00,243.00,243.00,153.00,153.00,153.00,153.00,163.00,253.00,163.00,163.00,163.00,163.00,163.00,253.00,253.00,253.00,253.00,253.00,253.00,253.00,253.00,253.00,253.00,253.00,253.00
2026-09-06 00:15:54,153.00,153.00,153.00,153.00,243.00,243.00,153.00,153.00,153.00,153.00,163.00,253.00,163.00,163.00,163.00,163.00,163.00,253.00,253.00,253.00,253.00,253.00,253.00,253.00,253.00,253.00,253.00,253.00,253.00
2026-09-06 00:25:58,153.00,153.00,153.00,153.00,243.00,243.00,153.00,153.00,153.00,153.00,163.00,253.00,163.00,163.00,163.00,163.00,163.00,253.00,253.00,253.00,253.00,253.00,253.00,253.00,253.00,253.00,253.00,253.00,253.00
2026-09-06 00:35:49,153.00,153.00,153.00,153.00,243.00,243.00,153.00,153.00,153.00,153.00,163.00,253.00,163.00,163.00,163.00,163.00,163.00,253.00,253.00,253.00,253.00,253.00,253.00,253.00,253.00,253.00,253.00,253.00,253.00
2026-09-06 00:45:55,153.00,153.00,153.00,153.00,243.00,243.00,153.00,153.00,153.00,153.00,163.00,253.00,163.00,163.00,163.00,163.00,163.00,253.00,253.00,253.00,253.00,253.00,253.00,253.00,253.00,253.00,253.00,253.00,253.00
2026-09-06 00:55:53,153.00,153.00,153.00,153.00,243.00,243.00,153.00,153.00,153.00,153.00,163.00,253.00,163.00,163.00,163.00,163.00,163.00,253.00,253.00,253.00,253.00,253.00,253.00,253.00,253.00,253.00,253.00,253.00,253.00
2026-09-06 01:05:56,153.00,153.00,153.00,153.00,243.00,243.00,153.00,153.00,153.00,153.00,163.00,253.00,163.00,163.00,163.00,163.00,163.00,253.00,253.00,253.00,253.00,253.00,253.00,253.00,253.00,253.00,253.00,253.00,253.00
2026-09-06 01:15:48,153.00,153.00,153.00,153.00,243.00,243.00,153.00,153.00,153.00,153.00,163.00,253.00,163.00,163.00,163.00,163.00,163.00,253.00,253.00,253.00,253.00,253.00,253.00,253.00,253.00,253.00,253.00,253.00,253.00
2026-09-06 01:25:55,153.00,153.00,153.00,153.00,243.00,243.00,243.00,153.00,153.00,153.00,163.00,253.00,163.00,163.00,163.00,163.00,163.00,253.00,253.00,253.00,253.00,253.00,253.00,253.00,253.00,253.00,253.00,253.00,253.00
2026-09-06 01:35:54,153.00,153.00,153.00,153.00,243.00,243.00,243.00,153.00,153.00,153.00,163.00,253.00,163.00,163.00,163.00,163.00,163.00,253.00,253.00,253.00,253.00,253.00,253.00,253.00,253.00,253.00,253.00,253.00,253.00
2026-09-06 01:45:56,153.00,153.00,153.00,153.00,243.00,243.00,243.00,153.00,153.00,153.00,163.00,253.00,163.00,163.00,163.00,163.00,163.00,253.00,253.00,253.00,253.00,253.00,253.00,253.00,253.00,253.00,253.00,253.00,253.00
2026-09-06 01:55:56,153.00,153.00,153.00,153.00,243.00,243.00,243.00,153.00,153.00,153.00,163.00,253.00,163.00,163.00,163.00,163.00,163.00,253.00,253.00,253.00,253.00,253.00,253.00,253.00,253.00,253.00,253.00,253.00,253.00
2026-09-06 02:05:50,153.00,153.00,153.00,153.00,243.00,243.00,243.00,153.00,153.00,153.00,163.00,253.00,163.00,163.00,163.00,163.00,163.00,253.00,253.00,253.00,253.00,253.00,253.00,253.00,253.00,253.00,253.00,253.00,253.00
2026-09-06 02:15:35,153.00,153.00,153.00,153.00,243.00,243.00,243.00,153.00,153.00,153.00,163.00,253.00,163.00,163.00,163.00,163.00,163.00,253.00,253.00,253.00,253.00,253.00,253.00,253.00,253.00,253.00,253.00,253.00,253.00
2026-09-06 02:25:37,153.00,153.00,153.00,153.00,243.00,243.00,243.00,153.00,153.00,153.00,163.00,253.00,163.00,163.00,163.00,163.00,163.00,253.00,253.00,253.00,253.00,253.00,253.00,253.00,253.00,253.00,253.00,253.00,253.00
2026-09-06 02:35:50,153.00,153.00,153.00,153.00,243.00,243.00,243.00,153.00,153.00,153.00,163.00,253.00,163.00,163.00,163.00,163.00,163.00,253.00,253.00,253.00,253.00,253.00,253.00,253.00,253.00,253.00,253.00,253.00,253.00
2026-09-06 02:45:48,153.00,,153.00,153.00,,,,153.00,153.00,,,253.00,163.00,,,163.00,319.00,,253.00,253.00,,,,253.00,253.00,253.00,,253.00,
2026-09-06 02:55:35,153.00,153.00,153.00,153.00,243.00,243.00,243.00,153.00,153.00,153.00,163.00,253.00,163.00,163.00,163.00,163.00,163.00,253.00,253.00,253.00,253.00,253.00,253.00,253.00,253.00,253.00,253.00,253.00,253.00
2026-09-06 03:05:57,153.00,153.00,153.00,153.00,243.00,243.00,243.00,153.00,153.00,153.00,163.00,253.00,163.00,163.00,163.00,163.00,163.00,253.00,253.00,253.00,253.00,253.00,253.00,253.00,253.00,253.00,253.00,253.00,253.00
2026-09-06 03:16:03,153.00,153.00,153.00,153.00,243.00,243.00,243.00,153.00,153.00,153.00,163.00,253.00,163.00,163.00,163.00,163.00,163.00,253.00,253.00,253.00,253.00,253.00,253.00,253.00,253.00,253.00,253.00,253.00,253.00
2026-09-06 03:25:54,153.00,153.00,153.00,153.00,243.00,243.00,243.00,153.00,153.00,153.00,163.00,253.00,163.00,163.00,163.00,163.00,163.00,253.00,253.00,253.00,253.00,253.00,253.00,253.00,253.00,253.00,253.00,253.00,253.00
2026-09-06 03:35:52,153.00,153.00,153.00,153.00,243.00,243.00,243.00,153.00,153.00,153.00,163.00,253.00,163.00,163.00,163.00,163.00,163.00,253.00,253.00,253.00,253.00,253.00,253.00,253.00,253.00,253.00,253.00,253.00,253.00
2026-09-06 03:45:53,153.00,153.00,153.00,153.00,243.00,243.00,243.00,153.00,153.00,153.00,163.00,253.00,163.00,163.00,163.00,163.00,163.00,253.00,253.00,253.00,253.00,253.00,253.00,253.00,253.00,253.00,253.00,253.00,253.00
2026-09-06 03:55:39,153.00,153.00,153.00,153.00,243.00,243.00,243.00,153.00,153.00,153.00,163.00,253.00,163.00,163.00,163.00,163.00,163.00,253.00,253.00,253.00,253.00,253.00,253.00,253.00,253.00,253.00,253.00,253.00,253.00
2026-09-06 04:05:56,153.00,153.00,153.00,153.00,243.00,243.00,243.00,153.00,153.00,153.00,163.00,253.00,163.00,163.00,163.00,163.00,163.00,253.00,253.00,253.00,253.00,253.00,253.00,253.00,253.00,253.00,253.00,253.00,253.00
2026-09-06 04:15:53,153.00,153.00,153.00,153.00,243.00,243.00,243.00,153.00,153.00,153.00,163.00,253.00,163.00,163.00,163.00,163.00,163.00,253.00,253.00,253.00,253.00,253.00,253.00,253.00,253.00,253.00,253.00,253.00,253.00
2026-09-06 04:25:51,153.00,153.00,153.00,153.00,243.00,243.00,243.00,153.00,153.00,153.00,163.00,253.00,163.00,163.00,163.00,163.00,163.00,253.00,253.00,253.00,253.00,253.00,253.00,253.00,253.00,253.00,253.00,253.00,253.00
2026-09-06 04:35:53,153.00,153.00,153.00,153.00,243.00,243.00,243.00,153.00,153.00,153.00,163.00,253.00,163.00,163.00,163.00,163.00,163.00,253.00,253.00,253.00,253.00,253.00,253.00,253.00,253.00,253.00,253.00,253.00,253.00
2026-09-06 04:45:56,153.00,153.00,153.00,153.00,243.00,243.00,243.00,153.00,153.00,153.00,163.00,253.00,163.00,163.00,163.00,163.00,163.00,253.00,253.00,253.00,253.00,253.00,253.00,253.00,253.00,253.00,253.00,253.00,253.00
2026-09-06 04:55:43,153.00,153.00,153.00,153.00,243.00,243.00,243.00,153.00,153.00,153.00,163.00,253.00,163.00,163.00,163.00,163.00,163.00,253.00,253.00,253.00,253.00,253.00,253.00,253.00,253.00,253.00,253.00,253.00,253.00
2026-09-06 05:05:57,153.00,153.00,153.00,153.00,243.00,243.00,243.00,153.00,153.00,153.00,163.00,253.00,163.00,163.00,163.00,163.00,163.00,253.00,253.00,253.00,253.00,253.00,253.00,253.00,253.00,253.00,253.00,253.00,253.00
2026-09-06 05:15:49,153.00,153.00,153.00,153.00,243.00,243.00,243.00,153.00,153.00,153.00,163.00,253.00,163.00,163.00,163.00,163.00,163.00,253.00,253.00,253.00,253.00,253.00,253.00,253.00,253.00,253.00,253.00,253.00,253.00
2026-09-06 05:25:52,153.00,153.00,153.00,153.00,243.00,243.00,243.00,153.00,153.00,153.00,163.00,253.00,163.00,163.00,163.00,163.00,163.00,253.00,253.00,253.00,253.00,253.00,253.00,253.00,253.00,253.00,253.00,253.00,253.00
2026-09-06 05:35:42,153.00,153.00,153.00,153.00,243.00,243.00,243.00,153.00,153.00,153.00,163.00,253.00,163.00,163.00,163.00,163.00,163.00,253.00,253.00,253.00,253.00,253.00,253.00,253.00,253.00,253.00,253.00,253.00,253.00
2026-09-06 05:45:54,153.00,153.00,153.00,153.00,243.00,243.00,243.00,153.00,153.00,153.00,163.00,253.00,163.00,163.00,163.00,163.00,163.00,253.00,253.00,253.00,253.00,253.00,253.00,253.00,253.00,253.00,253.00,253.00,253.00
2026-09-06 05:55:55,153.00,153.00,153.00,153.00,243.00,243.00,243.00,153.00,153.00,153.00,163.00,253.00,163.00,163.00,163.00,163.00,163.00,253.00,253.00,253.00,253.00,253.00,253.00,253.00,253.00,253.00,253.00,253.00,253.00
2026-09-06 06:05:54,153.00,153.00,153.00,153.00,243.00,243.00,243.00,153.00,153.00,153.00,163.00,253.00,163.00,163.00,163.00,163.00,163.00,253.00,253.00,253.00,253.00,253.00,253.00,253.00,253.00,253.00,253.00,253.00,253.00
2026-09-06 06:15:55,153.00,153.00,153.00,153.00,243.00,243.00,243.00,153.00,153.00,153.00,163.00,163.00,163.00,163.00,163.00,163.00,163.00,253.00,253.00,253.00,253.00,253.00,253.00,253.00,253.00,253.00,253.00,253.00,253.00
2026-09-06 06:25:58,153.00,153.00,153.00,153.00,243.00,243.00,243.00,153.00,153.00,153.00,163.00,163.00,163.00,163.00,163.00,163.00,163.00,253.00,253.00,253.00,253.00,253.00,253.00,253.00,253.00,253.00,253.00,253.00,253.00
2026-09-06 06:36:00,153.00,153.00,153.00,153.00,243.00,243.00,243.00,153.00,153.00,153.00,163.00,163.00,163.00,163.00,163.00,163.00,163.00,253.00,253.00,253.00,253.00,253.00,253.00,253.00,253.00,253.00,253.00,253.00,253.00
2026-09-06 06:45:53,153.00,153.00,153.00,153.00,243.00,243.00,243.00,153.00,153.00,153.00,163.00,163.00,163.00,163.00,163.00,163.00,163.00,253.00,253.00,253.00,253.00,253.00,253.00,253.00,253.00,253.00,253.00,253.00,253.00
2026-09-06 06:55:51,153.00,153.00,153.00,153.00,243.00,243.00,243.00,153.00,153.00,153.00,163.00,163.00,163.00,163.00,163.00,163.00,163.00,253.00,253.00,253.00,253.00,253.00,253.00,253.00,253.00,253.00,253.00,253.00,253.00
2026-09-06 07:05:56,153.00,153.00,153.00,153.00,243.00,243.00,243.00,153.00,153.00,153.00,163.00,163.00,163.00,163.00,163.00,163.00,163.00,253.00,253.00,253.00,253.00,253.00,253.00,253.00,253.00,253.00,253.00,253.00,253.00
2026-09-06 07:15:53,153.00,153.00,153.00,153.00,243.00,243.00,243.00,153.00,153.00,153.00,163.00,163.00,163.00,163.00,163.00,163.00,163.00,253.00,253.00,253.00,253.00,253.00,253.00,253.00,253.00,253.00,253.00,253.00,253.00
2026-09-06 07:25:35,153.00,153.00,153.00,153.00,243.00,243.00,243.00,153.00,153.00,153.00,163.00,163.00,163.00,163.00,163.00,163.00,163.00,253.00,253.00,253.00,253.00,253.00,253.00,253.00,253.00,253.00,253.00,253.00,253.00
2026-09-06 07:35:53,153.00,153.00,153.00,153.00,243.00,243.00,243.00,153.00,153.00,153.00,163.00,163.00,163.00,163.00,163.00,163.00,163.00,253.00,253.00,253.00,253.00,253.00,253.00,253.00,253.00,253.00,253.00,253.00,253.00
2026-09-06 07:45:37,153.00,153.00,153.00,153.00,243.00,243.00,243.00,153.00,153.00,153.00,163.00,163.00,163.00,163.00,163.00,163.00,163.00,253.00,253.00,253.00,253.00,253.00,253.00,253.00,253.00,253.00,253.00,253.00,253.00
2026-09-06 07:55:52,153.00,153.00,153.00,153.00,243.00,243.00,243.00,153.00,153.00,153.00,163.00,163.00,163.00,163.00,163.00,163.00,163.00,253.00,253.00,253.00,253.00,253.00,253.00,253.00,253.00,253.00,253.00,253.00,253.00
2026-09-06 08:05:58,153.00,153.00,153.00,153.00,243.00,243.00,243.00,153.00,153.00,153.00,163.00,163.00,163.00,163.00,163.00,163.00,163.00,253.00,253.00,253.00,253.00,253.00,253.00,253.00,253.00,253.00,253.00,253.00,253.00
2026-09-06 08:15:58,153.00,153.00,153.00,153.00,243.00,243.00,243.00,153.00,153.00,153.00,163.00,163.00,163.00,163.00,163.00,163.00,163.00,253.00,253.00,253.00,253.00,253.00,253.00,253.00,253.00,253.00,253.00,253.00,253.00
2026-09-06 08:25:40,153.00,153.00,153.00,153.00,243.00,243.00,243.00,153.00,153.00,153.00,163.00,163.00,163.00,163.00,163.00,163.00,163.00,253.00,253.00,253.00,253.00,253.00,253.00,253.00,253.00,253.00,253.00,253.00,253.00
2026-09-06 08:35:53,153.00,153.00,153.00,153.00,243.00,243.00,243.00,153.00,153.00,153.00,163.00,163.00,163.00,163.00,163.00,163.00,163.00,253.00,253.00,253.00,253.00,253.00,253.00,253.00,253.00,253.00,253.00,253.00,253.00
2026-09-06 08:45:52,153.00,153.00,153.00,153.00,243.00,243.00,243.00,153.00,153.00,153.00,163.00,163.00,163.00,163.00,163.00,163.00,163.00,253.00,253.00,253.00,253.00,253.00,253.00,253.00,253.00,253.00,253.00,253.00,253.00
2026-09-06 08:55:51,153.00,153.00,153.00,153.00,243.00,243.00,243.00,153.00,153.00,153.00,163.00,163.00,163.00,163.00,163.00,163.00,163.00,253.00,253.00,253.00,253.00,253.00,253.00,253.00,253.00,253.00,253.00,253.00,253.00
2026-09-06 09:05:41,153.00,153.00,153.00,153.00,243.00,243.00,243.00,153.00,153.00,153.00,163.00,163.00,163.00,163.00,163.00,163.00,163.00,253.00,253.00,253.00,253.00,253.00,253.00,253.00,253.00,253.00,253.00,253.00,253.00
2026-09-06 09:15:53,153.00,153.00,153.00,153.00,243.00,243.00,243.00,153.00,153.00,153.00,163.00,163.00,163.00,163.00,163.00,163.00,163.00,253.00,253.00,253.00,253.00,253.00,253.00,253.00,253.00,253.00,253.00,253.00,253.00
2026-09-06 09:25:54,153.00,153.00,153.00,153.00,243.00,243.00,243.00,153.00,153.00,153.00,163.00,163.00,163.00,163.00,163.00,163.00,163.00,253.00,253.00,253.00,253.00,253.00,253.00,253.00,253.00,253.00,253.00,253.00,253.00
2026-09-06 09:35:53,153.00,153.00,153.00,153.00,243.00,243.00,243.00,153.00,153.00,153.00,163.00,163.00,163.00,163.00,163.00,163.00,163.00,253.00,253.00,253.00,253.00,253.00,253.00,253.00,253.00,253.00,253.00,253.00,253.00
2026-09-06 09:55:57,153.00,153.00,153.00,153.00,243.00,243.00,243.00,153.00,153.00,153.00,163.00,163.00,163.00,163.00,163.00,163.00,163.00,253.00,253.00,253.00,253.00,253.00,253.00,253.00,253.00,253.00,253.00,253.00,253.00
2026-09-06 10:05:53,153.00,153.00,153.00,153.00,243.00,243.00,243.00,153.00,153.00,153.00,163.00,163.00,163.00,163.00,163.00,163.00,163.00,253.00,253.00,253.00,253.00,253.00,253.00,253.00,253.00,253.00,253.00,253.00,253.00
2026-09-06 10:16:13,153.00,153.00,153.00,153.00,243.00,243.00,243.00,153.00,153.00,153.00,163.00,163.00,163.00,163.00,163.00,163.00,163.00,253.00,253.00,253.00,253.00,253.00,253.00,253.00,253.00,253.00,253.00,253.00,253.00
2026-09-06 10:25:42,153.00,153.00,153.00,153.00,243.00,243.00,243.00,153.00,153.00,153.00,163.00,163.00,163.00,163.00,163.00,163.00,163.00,253.00,253.00,253.00,253.00,253.00,253.00,253.00,253.00,253.00,253.00,253.00,253.00
2026-09-06 10:35:55,153.00,153.00,153.00,153.00,243.00,243.00,243.00,153.00,153.00,153.00,163.00,163.00,163.00,163.00,163.00,163.00,163.00,253.00,253.00,253.00,253.00,253.00,253.00,253.00,253.00,253.00,253.00,253.00,253.00
2026-09-06 10:45:46,153.00,153.00,153.00,153.00,243.00,243.00,243.00,153.00,153.00,153.00,163.00,163.00,163.00,163.00,163.00,163.00,163.00,253.00,253.00,253.00,253.00,253.00,253.00,253.00,253.00,253.00,253.00,253.00,253.00
2026-09-06 10:55:58,153.00,153.00,153.00,153.00,243.00,243.00,243.00,153.00,153.00,153.00,163.00,163.00,163.00,163.00,163.00,163.00,163.00,253.00,253.00,253.00,253.00,253.00,253.00,253.00,253.00,253.00,253.00,253.00,253.00
2026-09-06 11:05:54,153.00,153.00,153.00,153.00,243.00,243.00,243.00,153.00,153.00,153.00,163.00,163.00,163.00,163.00,163.00,163.00,163.00,253.00,253.00,253.00,253.00,253.00,253.00,253.00,253.00,253.00,253.00,253.00,253.00
2026-09-06 11:16:31,153.00,153.00,153.00,153.00,243.00,243.00,243.00,153.00,153.00,153.00,163.00,163.00,163.00,163.00,163.00,163.00,163.00,253.00,253.00,253.00,253.00,253.00,253.00,253.00,253.00,253.00,253.00,253.00,253.00
2026-09-06 11:25:52,153.00,153.00,153.00,153.00,243.00,243.00,243.00,153.00,153.00,153.00,163.00,163.00,163.00,163.00,163.00,163.00,163.00,253.00,253.00,253.00,253.00,253.00,253.00,253.00,253.00,253.00,253.00,253.00,253.00
2026-09-06 11:35:44,153.00,153.00,153.00,153.00,243.00,243.00,243.00,153.00,153.00,153.00,163.00,163.00,163.00,163.00,163.00,163.00,163.00,253.00,253.00,253.00,253.00,253.00,253.00,253.00,253.00,253.00,253.00,253.00,253.00
2026-09-06 11:45:56,153.00,153.00,153.00,153.00,243.00,243.00,243.00,153.00,153.00,153.00,163.00,163.00,163.00,163.00,163.00,163.00,163.00,253.00,253.00,253.00,253.00,253.00,253.00,253.00,253.00,253.00,253.00,253.00,253.00
2026-09-06 11:55:54,153.00,153.00,153.00,153.00,243.00,243.00,243.00,153.00,153.00,153.00,163.00,163.00,163.00,163.00,163.00,163.00,163.00,253.00,253.00,253.00,253.00,253.00,253.00,253.00,253.00,253.00,253.00,253.00,253.00
2026-09-06 12:05:54,153.00,153.00,153.00,153.00,243.00,243.00,243.00,153.00,153.00,153.00,163.00,163.00,163.00,163.00,163.00,163.00,163.00,253.00,253.00,253.00,253.00,253.00,253.00,253.00,253.00,253.00,253.00,253.00,253.00
2026-09-06 12:15:41,153.00,153.00,153.00,153.00,243.00,243.00,243.00,153.00,153.00,153.00,163.00,163.00,163.00,163.00,163.00,163.00,163.00,253.00,253.00,253.00,253.00,253.00,253.00,253.00,253.00,253.00,253.00,253.00,253.00
2026-09-06 12:25:58,153.00,153.00,153.00,153.00,243.00,243.00,243.00,153.00,153.00,153.00,163.00,163.00,163.00,163.00,163.00,163.00,163.00,253.00,253.00,253.00,253.00,253.00,253.00,253.00,253.00,253.00,253.00,253.00,253.00
2026-09-06 12:35:55,153.00,153.00,153.00,153.00,243.00,243.00,243.00,153.00,153.00,153.00,163.00,163.00,163.00,163.00,163.00,163.00,163.00,253.00,253.00,253.00,253.00,253.00,253.00,253.00,253.00,253.00,253.00,253.00,253.00
2026-09-06 12:45:54,153.00,153.00,153.00,153.00,243.00,243.00,243.00,153.00,153.00,153.00,163.00,163.00,163.00,163.00,163.00,163.00,163.00,253.00,253.00,253.00,253.00,253.00,253.00,253.00,253.00,253.00,253.00,253.00,253.00
2026-09-06 12:55:55,153.00,153.00,153.00,153.00,243.00,243.00,243.00,153.00,153.00,153.00,163.00,163.00,163.00,163.00,163.00,163.00,163.00,253.00,253.00,253.00,253.00,253.00,253.00,253.00,253.00,253.00,253.00,253.00,253.00
2026-09-06 13:07:56,153.00,153.00,153.00,153.00,243.00,243.00,243.00,153.00,153.00,153.00,163.00,163.00,163.00,163.00,163.00,163.00,163.00,253.00,253.00,253.00,253.00,253.00,253.00,253.00,253.00,253.00,253.00,253.00,253.00
2026-09-06 13:15:42,153.00,153.00,153.00,153.00,243.00,243.00,243.00,153.00,153.00,153.00,163.00,163.00,163.00,163.00,163.00,163.00,163.00,253.00,253.00,253.00,253.00,253.00,253.00,253.00,253.00,253.00,253.00,253.00,253.00
2026-09-06 13:25:45,153.00,153.00,153.00,153.00,243.00,243.00,243.00,153.00,153.00,153.00,163.00,163.00,163.00,163.00,163.00,163.00,163.00,253.00,253.00,253.00,253.00,253.00,253.00,253.00,253.00,253.00,253.00,253.00,253.00
2026-09-06 13:35:55,153.00,153.00,153.00,153.00,243.00,243.00,243.00,153.00,153.00,153.00,163.00,163.00,163.00,163.00,163.00,163.00,163.00,253.00,253.00,253.00,253.00,253.00,253.00,253.00,253.00,253.00,253.00,253.00,253.00
2026-09-06 13:45:51,153.00,153.00,153.00,153.00,243.00,243.00,243.00,153.00,153.00,153.00,163.00,163.00,163.00,163.00,163.00,163.00,163.00,253.00,253.00,253.00,253.00,253.00,253.00,253.00,253.00,253.00,253.00,253.00,253.00
2026-09-06 13:55:32,153.00,153.00,153.00,153.00,243.00,243.00,243.00,153.00,153.00,153.00,163.00,163.00,163.00,163.00,163.00,163.00,163.00,253.00,253.00,253.00,253.00,253.00,253.00,253.00,253.00,253.00,253.00,253.00,253.00
2026-09-06 14:05:56,153.00,153.00,153.00,153.00,243.00,243.00,243.00,153.00,153.00,153.00,163.00,163.00,163.00,163.00,163.00,163.00,163.00,253.00,253.00,253.00,253.00,253.00,253.00,253.00,253.00,253.00,253.00,253.00,253.00
2026-09-06 14:15:59,153.00,153.00,153.00,153.00,243.00,243.00,243.00,153.00,153.00,153.00,163.00,163.00,163.00,163.00,163.00,163.00,163.00,253.00,253.00,253.00,253.00,253.00,253.00,253.00,253.00,253.00,253.00,253.00,253.00
2026-09-06 14:25:54,153.00,153.00,153.00,153.00,243.00,243.00,243.00,153.00,153.00,153.00,163.00,163.00,163.00,163.00,163.00,163.00,163.00,253.00,253.00,253.00,253.00,253.00,253.00,253.00,253.00,253.00,253.00,253.00,253.00
2026-09-06 14:35:39,153.00,153.00,153.00,153.00,243.00,243.00,243.00,153.00,153.00,153.00,163.00,163.00,163.00,163.00,163.00,163.00,163.00,253.00,253.00,253.00,253.00,253.00,253.00,253.00,253.00,253.00,253.00,253.00,253.00
2026-09-06 14:46:02,153.00,153.00,153.00,153.00,243.00,243.00,243.00,153.00,153.00,153.00,163.00,163.00,163.00,163.00,163.00,163.00,163.00,253.00,253.00,253.00,253.00,253.00,253.00,253.00,253.00,253.00,253.00,253.00,253.00
