checked_at,AS286,B61573,B62074,UA1403,UA1981,UA2096,UA2127,UA2434,UA2445,UA2679,UA2692,UA2743
2026-08-18 16:05:45,218.00,169.00,199.00,169.00,213.00,302.00,202.00,169.00,169.00,224.00,273.00,169.00
2026-08-18 16:15:22,218.00,169.00,199.00,169.00,213.00,302.00,202.00,169.00,169.00,224.00,273.00,169.00
2026-08-18 16:25:23,218.00,169.00,199.00,169.00,213.00,302.00,202.00,169.00,169.00,224.00,273.00,169.00
2026-08-18 16:33:35,218.00,169.00,199.00,169.00,213.00,302.00,202.00,169.00,169.00,224.00,273.00,169.00
2026-08-18 16:39:51,218.00,169.00,199.00,169.00,213.00,302.00,202.00,169.00,169.00,224.00,273.00,169.00
2026-08-18 16:46:11,218.00,169.00,199.00,169.00,213.00,302.00,202.00,169.00,169.00,224.00,273.00,169.00
2026-08-18 16:55:40,194.00,169.00,199.00,169.00,213.00,302.00,202.00,169.00,169.00,224.00,273.00,169.00
2026-08-18 17:03:52,194.00,169.00,199.00,169.00,213.00,302.00,202.00,169.00,169.00,224.00,273.00,169.00
2026-08-18 17:09:55,194.00,169.00,199.00,169.00,213.00,324.00,202.00,169.00,169.00,213.00,273.00,169.00
2026-08-18 17:15:58,194.00,169.00,199.00,169.00,213.00,324.00,202.00,169.00,169.00,213.00,273.00,169.00
2026-08-18 17:25:40,194.00,169.00,199.00,169.00,213.00,324.00,224.00,169.00,169.00,213.00,273.00,169.00
2026-08-18 17:35:26,194.00,169.00,199.00,169.00,213.00,324.00,224.00,169.00,169.00,213.00,273.00,169.00
2026-08-18 17:45:28,194.00,169.00,199.00,169.00,213.00,324.00,224.00,169.00,169.00,213.00,273.00,169.00
2026-08-18 17:55:09,194.00,169.00,199.00,169.00,213.00,324.00,224.00,169.00,169.00,213.00,273.00,169.00
2026-08-18 18:05:36,194.00,169.00,199.00,169.00,213.00,324.00,224.00,169.00,169.00,213.00,273.00,169.00
2026-08-18 18:15:25,194.00,169.00,199.00,169.00,213.00,324.00,224.00,169.00,169.00,213.00,273.00,169.00
2026-08-18 18:25:24,194.00,169.00,199.00,169.00,213.00,324.00,224.00,169.00,169.00,213.00,273.00,169.00
2026-08-18 18:35:35,194.00,169.00,199.00,169.00,213.00,324.00,224.00,169.00,169.00,213.00,273.00,169.00
2026-08-18 18:45:37,194.00,169.00,199.00,169.00,213.00,324.00,224.00,169.00,169.00,213.00,273.00,169.00
2026-08-18 18:55:29,194.00,169.00,199.00,169.00,213.00,324.00,224.00,169.00,169.00,213.00,273.00,169.00
2026-08-18 19:05:39,194.00,169.00,199.00,169.00,213.00,324.00,224.00,169.00,169.00,213.00,273.00,169.00
2026-08-18 19:15:35,194.00,169.00,199.00,169.00,213.00,324.00,224.00,169.00,169.00,213.00,273.00,169.00
2026-08-18 19:25:40,194.00,169.00,199.00,169.00,213.00,324.00,224.00,169.00,169.00,213.00,273.00,169.00
2026-08-18 19:35:44,194.00,169.00,199.00,169.00,213.00,324.00,224.00,169.00,169.00,213.00,273.00,169.00
2026-08-18 19:45:29,194.00,169.00,199.00,169.00,213.00,324.00,224.00,169.00,169.00,213.00,273.00,169.00
2026-08-18 19:55:32,194.00,169.00,199.00,169.00,213.00,324.00,224.00,169.00,169.00,213.00,273.00,169.00
2026-08-18 20:05:41,194.00,169.00,199.00,169.00,213.00,324.00,224.00,169.00,169.00,213.00,273.00,169.00
2026-08-18 20:15:49,194.00,169.00,199.00,169.00,213.00,324.00,224.00,169.00,169.00,213.00,273.00,169.00
2026-08-18 20:25:58,194.00,169.00,199.00,169.00,213.00,324.00,224.00,169.00,169.00,213.00,273.00,169.00
2026-08-18 20:35:53,194.00,169.00,194.00,169.00,213.00,324.00,224.00,169.00,169.00,213.00,273.00,169.00
2026-08-18 20:45:31,194.00,169.00,194.00,169.00,213.00,324.00,224.00,169.00,169.00,213.00,273.00,201.00
2026-08-18 20:55:20,194.00,169.00,194.00,169.00,213.00,324.00,224.00,169.00,169.00,213.00,273.00,201.00
2026-08-18 21:05:55,194.00,169.00,194.00,169.00,213.00,324.00,224.00,169.00,169.00,213.00,273.00,201.00
2026-08-18 21:15:22,194.00,169.00,194.00,169.00,213.00,324.00,224.00,169.00,169.00,213.00,273.00,201.00
2026-08-18 21:25:33,194.00,169.00,194.00,169.00,213.00,324.00,224.00,169.00,169.00,213.00,273.00,201.00
2026-08-18 21:35:44,194.00,169.00,194.00,169.00,213.00,324.00,224.00,169.00,169.00,213.00,273.00,201.00
2026-08-18 21:45:38,194.00,169.00,194.00,169.00,213.00,324.00,224.00,169.00,169.00,213.00,273.00,201.00
2026-08-18 21:55:35,194.00,169.00,194.00,169.00,213.00,324.00,224.00,169.00,169.00,213.00,273.00,201.00
2026-08-18 22:05:40,194.00,169.00,194.00,169.00,213.00,324.00,224.00,169.00,169.00,213.00,273.00,201.00
2026-08-18 22:15:34,194.00,169.00,194.00,169.00,213.00,324.00,224.00,169.00,169.00,213.00,273.00,201.00
2026-08-18 22:25:23,194.00,169.00,194.00,169.00,213.00,324.00,224.00,169.00,169.00,213.00,273.00,201.00
2026-08-18 22:35:40,194.00,169.00,194.00,169.00,213.00,324.00,224.00,169.00,169.00,213.00,273.00,201.00
2026-08-18 22:45:59,194.00,169.00,194.00,169.00,213.00,324.00,224.00,169.00,169.00,213.00,273.00,201.00
2026-08-18 22:55:38,214.00,169.00,194.00,169.00,213.00,324.00,224.00,169.00,169.00,213.00,273.00,201.00
2026-08-18 23:05:49,214.00,169.00,194.00,169.00,213.00,324.00,224.00,169.00,169.00,213.00,273.00,201.00
2026-08-18 23:15:26,214.00,169.00,194.00,169.00,213.00,324.00,224.00,169.00,169.00,213.00,273.00,201.00
2026-08-18 23:26:12,214.00,169.00,194.00,169.00,213.00,324.00,224.00,169.00,169.00,213.00,273.00,201.00
2026-08-18 23:35:47,214.00,169.00,194.00,169.00,213.00,324.00,224.00,169.00,169.00,213.00,273.00,201.00
2026-08-18 23:45:42,214.00,169.00,194.00,169.00,213.00,324.00,224.00,169.00,169.00,213.00,273.00,201.00
2026-08-18 23:55:38,214.00,169.00,194.00,169.00,213.00,324.00,224.00,169.00,169.00,213.00,273.00,201.00
2026-08-19 00:05:38,214.00,169.00,194.00,169.00,213.00,324.00,224.00,169.00,169.00,213.00,273.00,201.00
2026-08-19 00:15:32,214.00,169.00,194.00,169.00,213.00,324.00,224.00,169.00,169.00,213.00,273.00,201.00
2026-08-19 00:25:37,214.00,169.00,194.00,169.00,213.00,324.00,224.00,169.00,169.00,213.00,273.00,201.00
2026-08-19 00:35:46,214.00,169.00,194.00,169.00,213.00,324.00,224.00,169.00,169.00,213.00,273.00,201.00
2026-08-19 00:45:38,214.00,169.00,194.00,169.00,213.00,324.00,224.00,169.00,169.00,213.00,273.00,201.00
2026-08-19 00:55:39,214.00,169.00,194.00,169.00,213.00,324.00,224.00,169.00,169.00,213.00,273.00,201.00
2026-08-19 01:05:55,214.00,169.00,194.00,169.00,213.00,324.00,224.00,169.00,169.00,213.00,273.00,201.00
2026-08-19 01:15:32,214.00,169.00,194.00,169.00,213.00,324.00,224.00,169.00,169.00,213.00,273.00,201.00
2026-08-19 01:25:46,214.00,169.00,194.00,169.00,213.00,324.00,224.00,169.00,169.00,213.00,273.00,201.00
2026-08-19 01:35:47,214.00,169.00,194.00,169.00,213.00,324.00,224.00,169.00,169.00,213.00,273.00,201.00
2026-08-19 01:45:30,214.00,169.00,194.00,169.00,213.00,324.00,224.00,169.00,169.00,213.00,273.00,201.00
2026-08-19 01:55:41,214.00,169.00,194.00,169.00,213.00,324.00,224.00,169.00,169.00,213.00,273.00,201.00
2026-08-19 02:05:51,218.00,169.00,194.00,169.00,213.00,324.00,224.00,169.00,169.00,213.00,273.00,201.00
2026-08-19 02:16:02,218.00,169.00,194.00,169.00,213.00,324.00,224.00,169.00,169.00,213.00,273.00,201.00
2026-08-19 02:26:06,218.00,169.00,194.00,169.00,213.00,324.00,224.00,169.00,169.00,213.00,273.00,201.00
2026-08-19 02:35:43,218.00,169.00,194.00,169.00,213.00,324.00,224.00,169.00,169.00,213.00,273.00,201.00
2026-08-19 02:46:07,218.00,169.00,194.00,169.00,213.00,315.00,224.00,169.00,169.00,213.00,268.00,205.00
2026-08-19 02:55:58,218.00,169.00,194.00,169.00,213.00,315.00,224.00,169.00,169.00,213.00,268.00,205.00
2026-08-19 03:05:55,218.00,169.00,194.00,169.00,213.00,315.00,224.00,169.00,169.00,213.00,268.00,205.00
2026-08-19 03:15:50,218.00,169.00,194.00,169.00,213.00,315.00,224.00,169.00,169.00,213.00,268.00,205.00
2026-08-19 03:25:47,218.00,169.00,194.00,169.00,213.00,315.00,224.00,169.00,169.00,213.00,268.00,205.00
2026-08-19 03:36:01,218.00,169.00,194.00,169.00,213.00,315.00,224.00,169.00,169.00,213.00,268.00,205.00
2026-08-19 03:45:52,218.00,169.00,194.00,169.00,213.00,315.00,224.00,169.00,169.00,213.00,268.00,205.00
2026-08-19 03:55:51,218.00,169.00,194.00,169.00,213.00,315.00,224.00,169.00,169.00,213.00,268.00,205.00
2026-08-19 04:06:00,218.00,169.00,194.00,169.00,213.00,315.00,224.00,169.00,169.00,213.00,268.00,205.00
2026-08-19 04:15:46,218.00,169.00,194.00,169.00,213.00,315.00,224.00,169.00,169.00,213.00,268.00,205.00
2026-08-19 04:25:53,218.00,169.00,194.00,169.00,213.00,315.00,224.00,169.00,169.00,213.00,268.00,205.00
2026-08-19 04:36:07,218.00,169.00,194.00,169.00,213.00,315.00,224.00,169.00,169.00,213.00,268.00,205.00
2026-08-19 04:45:38,218.00,169.00,194.00,169.00,213.00,315.00,224.00,169.00,169.00,213.00,268.00,205.00
2026-08-19 04:55:53,218.00,169.00,194.00,169.00,213.00,315.00,224.00,169.00,169.00,213.00,268.00,205.00
2026-08-19 05:05:41,220.00,169.00,194.00,169.00,213.00,315.00,224.00,169.00,169.00,213.00,268.00,205.00
2026-08-19 05:15:51,220.00,169.00,194.00,169.00,213.00,315.00,224.00,169.00,169.00,213.00,268.00,205.00
2026-08-19 05:25:35,220.00,169.00,194.00,169.00,213.00,315.00,224.00,169.00,169.00,213.00,268.00,205.00
2026-08-19 05:35:44,220.00,169.00,194.00,169.00,213.00,315.00,224.00,169.00,169.00,213.00,268.00,205.00
2026-08-19 05:45:35,220.00,169.00,194.00,169.00,213.00,315.00,224.00,169.00,169.00,213.00,268.00,205.00
2026-08-19 05:55:46,220.00,169.00,194.00,169.00,213.00,315.00,224.00,169.00,169.00,213.00,268.00,205.00
2026-08-19 06:05:44,220.00,169.00,194.00,169.00,213.00,315.00,224.00,169.00,169.00,213.00,268.00,205.00
2026-08-19 06:15:40,220.00,169.00,194.00,169.00,213.00,315.00,224.00,169.00,169.00,213.00,268.00,205.00
2026-08-19 06:25:41,220.00,169.00,239.00,169.00,213.00,315.00,224.00,169.00,169.00,213.00,268.00,205.00
2026-08-19 06:35:45,220.00,169.00,239.00,169.00,213.00,315.00,224.00,169.00,169.00,213.00,268.00,205.00
2026-08-19 06:45:41,220.00,169.00,239.00,169.00,213.00,315.00,224.00,169.00,169.00,213.00,268.00,205.00
2026-08-19 06:55:45,220.00,169.00,239.00,169.00,213.00,315.00,224.00,169.00,169.00,213.00,268.00,205.00
2026-08-19 07:05:47,220.00,169.00,239.00,169.00,213.00,315.00,224.00,169.00,169.00,213.00,268.00,205.00
2026-08-19 07:15:55,224.00,169.00,239.00,169.00,213.00,315.00,224.00,169.00,169.00,213.00,268.00,205.00
2026-08-19 07:25:53,224.00,169.00,239.00,169.00,213.00,315.00,224.00,169.00,169.00,213.00,268.00,205.00
2026-08-19 07:35:50,224.00,169.00,239.00,169.00,213.00,315.00,224.00,169.00,169.00,213.00,268.00,205.00
2026-08-19 07:45:39,224.00,169.00,239.00,169.00,213.00,315.00,224.00,169.00,169.00,213.00,268.00,205.00
2026-08-19 07:55:51,224.00,169.00,239.00,169.00,213.00,315.00,224.00,169.00,169.00,213.00,268.00,205.00
2026-08-19 08:05:54,224.00,169.00,239.00,169.00,213.00,315.00,169.00,169.00,169.00,213.00,268.00,205.00
2026-08-19 08:15:47,224.00,169.00,239.00,169.00,213.00,315.00,169.00,169.00,169.00,213.00,268.00,205.00
2026-08-19 08:25:39,224.00,169.00,239.00,169.00,213.00,315.00,169.00,169.00,169.00,213.00,268.00,205.00
2026-08-19 08:35:56,224.00,169.00,239.00,169.00,213.00,315.00,169.00,169.00,169.00,169.00,268.00,205.00
2026-08-19 08:45:45,224.00,169.00,239.00,169.00,169.00,315.00,169.00,169.00,169.00,169.00,268.00,205.00
2026-08-19 08:55:51,224.00,169.00,239.00,169.00,169.00,274.00,169.00,169.00,169.00,169.00,268.00,205.00
2026-08-19 09:05:56,224.00,169.00,239.00,169.00,169.00,274.00,169.00,169.00,169.00,169.00,268.00,205.00
2026-08-19 09:15:37,224.00,169.00,239.00,169.00,169.00,274.00,169.00,169.00,169.00,169.00,268.00,169.00
2026-08-19 09:25:45,224.00,169.00,239.00,169.00,169.00,274.00,169.00,169.00,169.00,169.00,268.00,169.00
2026-08-19 09:35:46,224.00,169.00,239.00,169.00,169.00,274.00,169.00,169.00,169.00,169.00,268.00,169.00
2026-08-19 09:45:43,224.00,169.00,239.00,169.00,169.00,274.00,169.00,169.00,169.00,169.00,268.00,169.00
2026-08-19 09:55:42,224.00,169.00,239.00,169.00,169.00,274.00,169.00,169.00,169.00,169.00,268.00,169.00
2026-08-19 10:05:54,224.00,169.00,239.00,169.00,169.00,274.00,169.00,169.00,169.00,169.00,268.00,169.00
2026-08-19 10:15:45,224.00,169.00,239.00,169.00,169.00,274.00,169.00,169.00,169.00,169.00,268.00,169.00
2026-08-19 10:25:35,224.00,169.00,239.00,169.00,169.00,274.00,169.00,169.00,169.00,169.00,268.00,169.00
2026-08-19 10:35:46,224.00,169.00,239.00,169.00,169.00,274.00,169.00,169.00,169.00,169.00,268.00,169.00
2026-08-19 10:45:43,224.00,169.00,239.00,169.00,169.00,274.00,169.00,169.00,169.00,169.00,268.00,169.00
2026-08-19 10:55:36,224.00,169.00,239.00,169.00,169.00,274.00,169.00,169.00,169.00,169.00,268.00,169.00
2026-08-19 11:05:47,224.00,169.00,239.00,169.00,169.00,274.00,169.00,169.00,169.00,169.00,268.00,169.00
2026-08-19 11:15:42,224.00,169.00,239.00,169.00,169.00,274.00,169.00,169.00,169.00,169.00,268.00,169.00
2026-08-19 11:25:56,224.00,169.00,239.00,169.00,169.00,274.00,169.00,169.00,169.00,169.00,268.00,169.00
2026-08-19 11:35:41,224.00,169.00,239.00,169.00,169.00,274.00,169.00,169.00,169.00,169.00,268.00,169.00
2026-08-19 11:45:36,224.00,169.00,239.00,169.00,169.00,274.00,169.00,169.00,169.00,169.00,268.00,169.00
2026-08-19 11:55:53,224.00,169.00,239.00,169.00,169.00,274.00,169.00,169.00,169.00,169.00,268.00,169.00
2026-08-19 12:05:43,224.00,169.00,239.00,169.00,169.00,274.00,169.00,169.00,169.00,169.00,268.00,169.00
2026-08-19 12:15:48,224.00,169.00,239.00,169.00,169.00,274.00,169.00,169.00,169.00,169.00,268.00,169.00
2026-08-19 12:26:01,224.00,169.00,239.00,169.00,169.00,274.00,169.00,169.00,169.00,169.00,268.00,169.00
2026-08-19 12:36:10,224.00,169.00,239.00,169.00,169.00,274.00,169.00,169.00,169.00,169.00,268.00,169.00
2026-08-19 12:45:57,224.00,169.00,239.00,169.00,169.00,274.00,169.00,169.00,169.00,169.00,268.00,169.00
2026-08-19 12:55:35,224.00,169.00,239.00,169.00,169.00,274.00,169.00,169.00,169.00,169.00,268.00,169.00
2026-08-19 13:05:54,224.00,169.00,239.00,169.00,169.00,274.00,169.00,169.00,169.00,169.00,268.00,169.00
2026-08-19 13:16:05,224.00,169.00,194.00,169.00,169.00,274.00,169.00,169.00,169.00,169.00,268.00,169.00
2026-08-19 13:25:55,224.00,169.00,194.00,169.00,169.00,274.00,169.00,169.00,169.00,169.00,268.00,169.00
2026-08-19 13:35:58,224.00,169.00,194.00,169.00,169.00,274.00,169.00,169.00,169.00,169.00,268.00,169.00
2026-08-19 13:45:55,224.00,169.00,194.00,169.00,169.00,274.00,169.00,169.00,169.00,169.00,268.00,169.00
2026-08-19 13:55:54,224.00,169.00,194.00,169.00,169.00,274.00,169.00,169.00,169.00,169.00,268.00,169.00
2026-08-19 14:06:04,224.00,169.00,194.00,169.00,169.00,274.00,169.00,169.00,169.00,169.00,268.00,169.00
2026-08-19 14:15:53,224.00,169.00,194.00,169.00,169.00,274.00,169.00,169.00,169.00,169.00,268.00,169.00
2026-08-19 14:25:55,224.00,169.00,194.00,169.00,169.00,274.00,169.00,169.00,169.00,169.00,268.00,169.00
2026-08-19 14:35:50,224.00,169.00,194.00,169.00,169.00,274.00,169.00,169.00,169.00,169.00,268.00,169.00
2026-08-19 14:45:58,224.00,169.00,194.00,169.00,169.00,274.00,169.00,169.00,169.00,169.00,268.00,169.00
2026-08-19 14:55:45,224.00,169.00,194.00,169.00,169.00,274.00,169.00,169.00,169.00,169.00,268.00,169.00
2026-08-19 15:06:06,224.00,169.00,194.00,169.00,205.00,274.00,169.00,169.00,169.00,169.00,268.00,169.00
2026-08-19 15:16:04,224.00,169.00,194.00,169.00,205.00,274.00,169.00,169.00,169.00,169.00,268.00,169.00
2026-08-19 15:25:53,224.00,169.00,194.00,169.00,234.00,274.00,169.00,169.00,169.00,169.00,268.00,169.00
2026-08-19 15:36:29,224.00,169.00,194.00,169.00,234.00,274.00,169.00,169.00,169.00,169.00,268.00,169.00
2026-08-19 15:46:04,224.00,169.00,194.00,169.00,234.00,274.00,169.00,169.00,169.00,169.00,268.00,169.00
2026-08-19 15:56:00,224.00,169.00,194.00,169.00,234.00,274.00,169.00,169.00,169.00,169.00,268.00,169.00
2026-08-19 16:06:06,224.00,169.00,194.00,169.00,234.00,274.00,169.00,169.00,169.00,169.00,274.00,169.00
2026-08-19 16:15:55,224.00,169.00,194.00,169.00,234.00,274.00,169.00,169.00,169.00,169.00,274.00,169.00
2026-08-19 16:26:03,224.00,169.00,194.00,169.00,234.00,274.00,169.00,169.00,169.00,169.00,274.00,169.00
2026-08-19 16:36:05,224.00,169.00,194.00,169.00,234.00,274.00,169.00,169.00,169.00,169.00,274.00,169.00
2026-08-19 16:45:53,224.00,169.00,194.00,169.00,234.00,274.00,169.00,169.00,169.00,169.00,274.00,169.00
2026-08-19 16:56:20,224.00,169.00,194.00,169.00,234.00,274.00,205.00,169.00,169.00,169.00,268.00,169.00
2026-08-19 17:06:09,224.00,169.00,194.00,169.00,234.00,274.00,205.00,169.00,169.00,169.00,268.00,169.00
2026-08-19 17:16:01,224.00,169.00,194.00,169.00,234.00,274.00,205.00,169.00,169.00,169.00,268.00,169.00
2026-08-19 17:26:00,224.00,169.00,194.00,169.00,234.00,274.00,205.00,169.00,169.00,169.00,268.00,169.00
2026-08-19 17:36:14,224.00,169.00,194.00,169.00,234.00,274.00,205.00,169.00,169.00,169.00,268.00,169.00
2026-08-19 17:46:07,224.00,169.00,194.00,169.00,234.00,274.00,205.00,169.00,169.00,169.00,268.00,169.00
2026-08-19 17:55:59,224.00,169.00,194.00,169.00,234.00,274.00,205.00,169.00,169.00,169.00,268.00,169.00
2026-08-19 18:06:13,224.00,169.00,169.00,169.00,234.00,274.00,205.00,169.00,169.00,169.00,268.00,169.00
2026-08-19 18:15:59,224.00,169.00,169.00,169.00,234.00,274.00,205.00,169.00,169.00,169.00,268.00,169.00
2026-08-19 18:26:03,224.00,169.00,169.00,169.00,234.00,274.00,205.00,169.00,169.00,169.00,268.00,169.00
2026-08-19 18:35:58,224.00,169.00,169.00,169.00,234.00,274.00,205.00,169.00,169.00,169.00,268.00,169.00
2026-08-19 18:46:02,224.00,169.00,169.00,169.00,234.00,274.00,205.00,169.00,169.00,169.00,268.00,169.00
2026-08-19 18:55:58,224.00,169.00,169.00,169.00,234.00,274.00,205.00,169.00,169.00,169.00,268.00,169.00
2026-08-19 19:05:58,224.00,169.00,169.00,169.00,234.00,274.00,205.00,169.00,169.00,169.00,268.00,169.00
2026-08-19 19:16:00,224.00,169.00,169.00,169.00,234.00,274.00,205.00,169.00,169.00,169.00,268.00,169.00
2026-08-19 19:26:04,224.00,169.00,169.00,169.00,234.00,274.00,205.00,169.00,169.00,169.00,268.00,169.00
2026-08-19 19:36:13,224.00,169.00,169.00,169.00,234.00,274.00,205.00,169.00,169.00,169.00,268.00,169.00
2026-08-19 19:45:57,224.00,169.00,169.00,169.00,234.00,274.00,205.00,169.00,169.00,169.00,268.00,169.00
2026-08-19 19:55:57,224.00,169.00,169.00,169.00,234.00,274.00,205.00,169.00,169.00,169.00,268.00,169.00
2026-08-19 20:06:05,224.00,169.00,169.00,169.00,234.00,274.00,205.00,169.00,169.00,169.00,268.00,169.00
2026-08-19 20:16:16,224.00,169.00,169.00,169.00,234.00,274.00,205.00,169.00,169.00,169.00,268.00,169.00
2026-08-19 20:25:55,224.00,169.00,169.00,169.00,234.00,274.00,205.00,169.00,169.00,169.00,268.00,169.00
2026-08-19 20:36:19,224.00,169.00,169.00,169.00,229.00,264.00,205.00,169.00,169.00,169.00,248.00,169.00
2026-08-19 20:46:06,224.00,169.00,169.00,169.00,229.00,264.00,205.00,169.00,169.00,169.00,268.00,169.00
2026-08-19 20:56:18,224.00,169.00,169.00,169.00,229.00,264.00,205.00,169.00,169.00,169.00,248.00,169.00
2026-08-19 21:06:23,224.00,169.00,169.00,169.00,229.00,264.00,205.00,169.00,169.00,169.00,248.00,169.00
2026-08-19 21:15:54,224.00,169.00,169.00,169.00,229.00,264.00,205.00,169.00,169.00,169.00,248.00,169.00
2026-08-19 21:25:51,224.00,169.00,169.00,169.00,229.00,264.00,205.00,169.00,169.00,169.00,248.00,169.00
2026-08-19 21:36:09,224.00,169.00,169.00,169.00,229.00,264.00,205.00,169.00,169.00,169.00,248.00,169.00
2026-08-19 21:46:10,224.00,169.00,169.00,169.00,229.00,264.00,205.00,169.00,169.00,169.00,248.00,169.00
2026-08-19 21:56:01,224.00,169.00,169.00,169.00,229.00,264.00,205.00,169.00,169.00,169.00,248.00,169.00
2026-08-19 22:06:18,224.00,169.00,169.00,169.00,229.00,315.00,205.00,169.00,169.00,169.00,248.00,169.00
2026-08-19 22:15:55,224.00,169.00,169.00,169.00,229.00,315.00,205.00,169.00,169.00,169.00,248.00,169.00
2026-08-19 22:26:00,224.00,169.00,169.00,169.00,229.00,315.00,205.00,169.00,169.00,169.00,248.00,169.00
2026-08-19 22:36:13,224.00,169.00,169.00,169.00,229.00,315.00,205.00,169.00,169.00,169.00,248.00,169.00
2026-08-19 22:45:57,224.00,169.00,169.00,169.00,229.00,315.00,205.00,169.00,169.00,169.00,248.00,169.00
2026-08-19 22:55:56,224.00,169.00,169.00,169.00,229.00,315.00,205.00,169.00,169.00,169.00,248.00,169.00
2026-08-19 23:06:01,224.00,169.00,169.00,169.00,229.00,315.00,205.00,169.00,169.00,169.00,254.00,169.00
2026-08-19 23:16:17,224.00,169.00,169.00,169.00,229.00,315.00,205.00,169.00,169.00,169.00,254.00,169.00
2026-08-19 23:25:54,224.00,169.00,169.00,169.00,229.00,315.00,205.00,169.00,169.00,169.00,254.00,169.00
2026-08-19 23:36:10,224.00,169.00,169.00,169.00,229.00,315.00,205.00,169.00,169.00,169.00,264.00,169.00
2026-08-19 23:45:51,224.00,169.00,169.00,169.00,229.00,315.00,205.00,169.00,169.00,169.00,264.00,169.00
2026-08-19 23:56:07,224.00,169.00,169.00,169.00,229.00,315.00,205.00,169.00,169.00,169.00,264.00,169.00
2026-08-20 00:06:32,224.00,169.00,169.00,169.00,229.00,315.00,205.00,169.00,169.00,169.00,264.00,169.00
2026-08-20 00:16:06,224.00,169.00,169.00,169.00,229.00,315.00,205.00,169.00,169.00,169.00,264.00,169.00
2026-08-20 00:26:16,224.00,169.00,169.00,169.00,229.00,315.00,205.00,169.00,169.00,169.00,264.00,169.00
2026-08-20 00:36:02,224.00,169.00,169.00,169.00,229.00,315.00,205.00,169.00,169.00,169.00,264.00,169.00
2026-08-20 00:46:02,224.00,169.00,169.00,169.00,229.00,315.00,205.00,169.00,169.00,169.00,264.00,169.00
2026-08-20 00:56:06,224.00,169.00,169.00,169.00,229.00,315.00,205.00,169.00,169.00,169.00,264.00,169.00
2026-08-20 01:06:19,224.00,169.00,169.00,169.00,229.00,315.00,205.00,169.00,169.00,169.00,264.00,169.00
2026-08-20 01:16:23,224.00,169.00,169.00,169.00,229.00,315.00,205.00,169.00,169.00,169.00,264.00,169.00
2026-08-20 01:26:08,224.00,169.00,169.00,169.00,229.00,315.00,205.00,169.00,169.00,169.00,264.00,169.00
2026-08-20 01:36:01,224.00,169.00,169.00,169.00,229.00,315.00,205.00,169.00,169.00,169.00,264.00,169.00
2026-08-20 01:45:57,224.00,169.00,169.00,169.00,229.00,315.00,205.00,169.00,169.00,169.00,264.00,169.00
2026-08-20 01:56:07,224.00,169.00,169.00,169.00,229.00,315.00,205.00,169.00,169.00,169.00,264.00,169.00
2026-08-20 02:06:31,224.00,169.00,169.00,169.00,229.00,315.00,205.00,169.00,169.00,169.00,264.00,169.00
2026-08-20 02:16:32,224.00,169.00,169.00,169.00,229.00,315.00,205.00,169.00,169.00,169.00,264.00,169.00
2026-08-20 02:26:09,224.00,169.00,169.00,169.00,229.00,315.00,205.00,169.00,169.00,169.00,264.00,169.00
2026-08-20 02:36:22,224.00,169.00,169.00,169.00,229.00,315.00,205.00,169.00,169.00,169.00,264.00,169.00
2026-08-20 02:46:14,224.00,169.00,169.00,169.00,229.00,315.00,205.00,169.00,169.00,169.00,264.00,169.00
2026-08-20 02:56:00,224.00,169.00,169.00,169.00,229.00,316.00,204.00,169.00,169.00,169.00,267.00,169.00
2026-08-20 03:06:14,224.00,169.00,169.00,169.00,229.00,316.00,204.00,169.00,169.00,169.00,267.00,169.00
2026-08-20 03:16:08,224.00,169.00,169.00,169.00,229.00,316.00,204.00,169.00,169.00,169.00,267.00,169.00
2026-08-20 03:25:51,224.00,169.00,169.00,169.00,229.00,316.00,204.00,169.00,169.00,169.00,267.00,169.00
2026-08-20 03:36:20,224.00,169.00,169.00,169.00,229.00,316.00,204.00,169.00,169.00,169.00,267.00,169.00
2026-08-20 03:46:09,224.00,169.00,169.00,169.00,229.00,316.00,204.00,169.00,169.00,169.00,267.00,169.00
2026-08-20 03:56:00,224.00,169.00,169.00,169.00,229.00,316.00,204.00,169.00,169.00,169.00,267.00,169.00
2026-08-20 04:06:20,224.00,169.00,169.00,169.00,229.00,316.00,204.00,169.00,169.00,169.00,267.00,169.00
2026-08-20 04:16:07,224.00,169.00,169.00,169.00,229.00,316.00,204.00,169.00,169.00,169.00,267.00,169.00
2026-08-20 04:26:15,224.00,169.00,169.00,169.00,229.00,316.00,204.00,169.00,169.00,169.00,267.00,169.00
2026-08-20 04:36:03,224.00,169.00,169.00,169.00,229.00,316.00,204.00,169.00,169.00,169.00,267.00,169.00
2026-08-20 04:46:08,224.00,169.00,169.00,169.00,229.00,316.00,204.00,169.00,169.00,169.00,267.00,169.00
2026-08-20 04:56:07,224.00,169.00,169.00,169.00,229.00,316.00,204.00,169.00,169.00,169.00,267.00,169.00
2026-08-20 05:06:10,224.00,169.00,169.00,169.00,229.00,316.00,204.00,169.00,169.00,169.00,267.00,169.00
2026-08-20 05:16:01,224.00,169.00,169.00,169.00,229.00,316.00,204.00,169.00,169.00,169.00,267.00,169.00
2026-08-20 05:26:04,224.00,169.00,169.00,169.00,229.00,316.00,204.00,169.00,169.00,169.00,267.00,169.00
2026-08-20 05:36:11,224.00,169.00,169.00,169.00,229.00,316.00,204.00,169.00,169.00,169.00,267.00,169.00
2026-08-20 05:46:03,224.00,169.00,169.00,169.00,229.00,316.00,204.00,169.00,169.00,169.00,267.00,169.00
2026-08-20 05:55:49,224.00,169.00,169.00,169.00,229.00,316.00,204.00,169.00,169.00,204.00,267.00,169.00
2026-08-20 06:06:25,224.00,169.00,169.00,169.00,229.00,316.00,204.00,169.00,169.00,204.00,267.00,169.00
2026-08-20 06:15:54,224.00,169.00,169.00,169.00,229.00,316.00,204.00,169.00,169.00,204.00,267.00,169.00
2026-08-20 06:25:50,224.00,169.00,239.00,169.00,229.00,316.00,204.00,169.00,169.00,204.00,267.00,169.00
2026-08-20 06:36:05,224.00,169.00,239.00,169.00,229.00,316.00,204.00,169.00,169.00,204.00,267.00,169.00
2026-08-20 06:46:02,224.00,169.00,239.00,169.00,229.00,316.00,204.00,169.00,169.00,204.00,267.00,169.00
2026-08-20 06:56:00,224.00,169.00,239.00,169.00,229.00,316.00,204.00,169.00,169.00,204.00,267.00,169.00
2026-08-20 07:06:11,224.00,169.00,239.00,169.00,229.00,316.00,204.00,169.00,169.00,204.00,267.00,169.00
2026-08-20 07:16:04,222.00,169.00,239.00,169.00,229.00,316.00,204.00,169.00,169.00,204.00,267.00,169.00
2026-08-20 07:25:59,222.00,169.00,239.00,169.00,229.00,316.00,204.00,169.00,169.00,204.00,267.00,169.00
2026-08-20 07:36:10,222.00,169.00,239.00,169.00,229.00,316.00,204.00,169.00,169.00,204.00,267.00,169.00
2026-08-20 07:46:04,222.00,169.00,239.00,169.00,229.00,316.00,204.00,169.00,169.00,204.00,267.00,169.00
2026-08-20 07:56:04,222.00,169.00,239.00,169.00,229.00,316.00,204.00,169.00,169.00,204.00,267.00,169.00
2026-08-20 08:06:05,222.00,169.00,239.00,169.00,229.00,316.00,204.00,169.00,169.00,204.00,267.00,169.00
2026-08-20 08:15:58,222.00,169.00,239.00,169.00,229.00,316.00,204.00,169.00,169.00,204.00,267.00,169.00
2026-08-20 08:26:03,222.00,169.00,239.00,169.00,229.00,316.00,213.00,169.00,169.00,204.00,267.00,169.00
2026-08-20 08:36:09,222.00,169.00,239.00,169.00,229.00,316.00,213.00,169.00,169.00,204.00,267.00,169.00
2026-08-20 08:46:00,222.00,169.00,239.00,169.00,229.00,316.00,213.00,169.00,169.00,204.00,267.00,169.00
2026-08-20 08:56:05,222.00,169.00,239.00,169.00,229.00,316.00,213.00,169.00,169.00,204.00,229.00,169.00
2026-08-20 09:06:10,222.00,169.00,239.00,169.00,229.00,316.00,213.00,169.00,169.00,204.00,229.00,169.00
2026-08-20 09:16:03,222.00,169.00,239.00,169.00,229.00,316.00,213.00,169.00,169.00,204.00,229.00,169.00
2026-08-20 09:25:54,222.00,169.00,239.00,169.00,224.00,305.00,213.00,169.00,169.00,204.00,229.00,169.00
2026-08-20 09:36:06,222.00,169.00,239.00,169.00,224.00,305.00,213.00,169.00,169.00,204.00,229.00,169.00
2026-08-20 09:45:49,222.00,169.00,239.00,169.00,224.00,305.00,213.00,169.00,169.00,204.00,229.00,169.00
2026-08-20 09:56:11,222.00,169.00,239.00,169.00,224.00,305.00,213.00,169.00,169.00,204.00,229.00,169.00
2026-08-20 10:06:03,222.00,169.00,239.00,169.00,224.00,305.00,213.00,169.00,169.00,204.00,229.00,169.00
2026-08-20 10:15:45,222.00,169.00,239.00,169.00,224.00,305.00,213.00,169.00,169.00,204.00,229.00,169.00
2026-08-20 10:26:05,222.00,169.00,239.00,169.00,224.00,305.00,213.00,169.00,169.00,204.00,229.00,169.00
2026-08-20 10:36:17,222.00,169.00,239.00,169.00,224.00,305.00,213.00,169.00,169.00,204.00,229.00,169.00
2026-08-20 10:46:16,222.00,169.00,239.00,169.00,224.00,305.00,213.00,169.00,169.00,204.00,229.00,169.00
2026-08-20 10:56:14,222.00,169.00,239.00,169.00,224.00,305.00,213.00,169.00,169.00,204.00,229.00,169.00
2026-08-20 11:06:28,222.00,169.00,239.00,169.00,224.00,305.00,213.00,169.00,169.00,204.00,229.00,169.00
2026-08-20 11:16:07,222.00,169.00,239.00,169.00,224.00,305.00,213.00,169.00,169.00,204.00,229.00,169.00
2026-08-20 11:26:14,222.00,169.00,239.00,169.00,224.00,305.00,213.00,169.00,169.00,204.00,229.00,169.00
2026-08-20 11:36:21,222.00,169.00,239.00,169.00,224.00,305.00,213.00,169.00,169.00,204.00,229.00,169.00
2026-08-20 11:46:28,222.00,169.00,239.00,169.00,224.00,305.00,213.00,169.00,169.00,204.00,229.00,169.00
2026-08-20 11:56:33,222.00,169.00,239.00,169.00,224.00,305.00,213.00,169.00,169.00,204.00,229.00,169.00
2026-08-20 12:06:42,222.00,169.00,239.00,169.00,224.00,305.00,213.00,169.00,169.00,204.00,229.00,169.00
2026-08-20 12:16:22,222.00,169.00,239.00,169.00,224.00,305.00,213.00,169.00,169.00,204.00,229.00,169.00
2026-08-20 12:26:17,222.00,169.00,239.00,169.00,224.00,305.00,213.00,169.00,169.00,204.00,229.00,169.00
2026-08-20 12:36:15,222.00,169.00,239.00,169.00,224.00,305.00,213.00,169.00,169.00,204.00,229.00,169.00
2026-08-20 12:46:24,222.00,169.00,239.00,169.00,224.00,305.00,213.00,169.00,169.00,204.00,229.00,169.00
2026-08-20 12:56:18,222.00,169.00,194.00,169.00,224.00,305.00,213.00,169.00,169.00,204.00,229.00,169.00
2026-08-20 13:06:59,222.00,169.00,194.00,169.00,229.00,305.00,213.00,169.00,169.00,204.00,229.00,169.00
2026-08-20 13:16:24,222.00,169.00,194.00,169.00,229.00,305.00,213.00,169.00,169.00,204.00,229.00,169.00
2026-08-20 13:26:21,222.00,169.00,194.00,169.00,229.00,305.00,213.00,169.00,169.00,204.00,229.00,169.00
2026-08-20 13:36:23,222.00,169.00,194.00,169.00,229.00,324.00,213.00,169.00,169.00,204.00,229.00,169.00
2026-08-20 13:46:11,222.00,169.00,194.00,169.00,229.00,324.00,213.00,169.00,169.00,204.00,229.00,169.00
2026-08-20 13:56:33,222.00,169.00,194.00,169.00,229.00,324.00,213.00,169.00,169.00,204.00,229.00,169.00
2026-08-20 14:06:35,222.00,169.00,194.00,169.00,229.00,324.00,213.00,169.00,169.00,204.00,229.00,169.00
2026-08-20 14:16:13,222.00,169.00,194.00,169.00,229.00,324.00,213.00,169.00,169.00,204.00,229.00,169.00
2026-08-20 14:26:17,222.00,169.00,194.00,169.00,229.00,324.00,213.00,169.00,169.00,204.00,229.00,169.00
2026-08-20 14:36:19,222.00,169.00,194.00,169.00,229.00,314.00,213.00,169.00,169.00,204.00,229.00,169.00
2026-08-20 14:46:28,222.00,169.00,194.00,169.00,229.00,314.00,213.00,169.00,169.00,204.00,229.00,169.00
2026-08-20 14:56:41,223.00,169.00,194.00,169.00,229.00,314.00,213.00,169.00,169.00,204.00,229.00,169.00
2026-08-20 15:06:13,223.00,169.00,194.00,169.00,229.00,314.00,213.00,169.00,169.00,204.00,229.00,169.00
2026-08-20 15:16:20,223.00,169.00,194.00,169.00,229.00,314.00,213.00,169.00,169.00,204.00,229.00,169.00
2026-08-20 15:26:27,223.00,169.00,194.00,169.00,229.00,314.00,213.00,169.00,169.00,204.00,229.00,169.00
2026-08-20 15:36:52,223.00,169.00,194.00,169.00,229.00,314.00,213.00,169.00,169.00,204.00,229.00,169.00
2026-08-20 15:46:16,223.00,169.00,194.00,169.00,229.00,314.00,213.00,169.00,169.00,204.00,229.00,169.00
2026-08-20 15:56:22,223.00,169.00,194.00,169.00,229.00,314.00,213.00,169.00,169.00,204.00,229.00,169.00
2026-08-20 16:06:11,223.00,169.00,194.00,169.00,229.00,314.00,213.00,169.00,169.00,204.00,229.00,169.00
2026-08-20 16:16:39,223.00,169.00,194.00,169.00,229.00,314.00,213.00,169.00,169.00,204.00,229.00,169.00
2026-08-20 16:26:22,223.00,169.00,194.00,169.00,229.00,314.00,213.00,169.00,169.00,204.00,229.00,169.00
2026-08-20 16:36:29,223.00,169.00,194.00,169.00,229.00,314.00,213.00,169.00,169.00,204.00,229.00,169.00
2026-08-20 16:46:38,,169.00,,,,,,169.00,169.00,204.00,229.00,
2026-08-20 16:56:23,223.00,169.00,194.00,169.00,229.00,314.00,213.00,169.00,169.00,204.00,229.00,169.00
2026-08-20 17:06:28,223.00,169.00,194.00,169.00,229.00,314.00,213.00,169.00,169.00,204.00,229.00,169.00
2026-08-20 17:21:35,223.00,169.00,194.00,169.00,229.00,314.00,213.00,169.00,169.00,204.00,229.00,169.00
2026-08-20 17:28:32,,169.00,,,,,,169.00,169.00,204.00,229.00,
2026-08-20 17:36:12,223.00,169.00,194.00,169.00,229.00,314.00,213.00,169.00,169.00,204.00,229.00,169.00
2026-08-20 17:46:38,223.00,169.00,194.00,169.00,229.00,314.00,213.00,169.00,169.00,204.00,248.00,169.00
2026-08-20 17:56:28,223.00,169.00,194.00,169.00,229.00,314.00,213.00,169.00,169.00,204.00,248.00,169.00
2026-08-20 18:06:39,223.00,169.00,194.00,169.00,229.00,314.00,213.00,169.00,169.00,204.00,248.00,169.00
2026-08-20 18:16:12,223.00,169.00,194.00,169.00,229.00,314.00,213.00,169.00,169.00,204.00,248.00,169.00
2026-08-20 18:26:21,223.00,169.00,194.00,169.00,229.00,314.00,213.00,169.00,169.00,204.00,248.00,204.00
2026-08-20 18:36:39,223.00,169.00,194.00,169.00,229.00,314.00,213.00,169.00,169.00,204.00,248.00,204.00
2026-08-20 18:46:29,223.00,169.00,194.00,169.00,229.00,314.00,213.00,169.00,169.00,204.00,248.00,204.00
2026-08-20 18:56:38,223.00,169.00,194.00,169.00,229.00,314.00,213.00,169.00,169.00,204.00,229.00,204.00
2026-08-20 19:06:53,223.00,169.00,194.00,169.00,229.00,314.00,213.00,169.00,169.00,204.00,229.00,204.00
2026-08-20 19:16:34,223.00,169.00,194.00,169.00,229.00,314.00,213.00,169.00,169.00,204.00,229.00,204.00
2026-08-20 19:26:42,223.00,169.00,194.00,169.00,229.00,314.00,213.00,169.00,169.00,204.00,229.00,204.00
2026-08-20 19:36:46,223.00,169.00,194.00,169.00,229.00,314.00,213.00,169.00,169.00,204.00,229.00,204.00
2026-08-20 19:46:39,223.00,169.00,194.00,169.00,229.00,314.00,213.00,169.00,169.00,204.00,229.00,204.00
2026-08-20 19:56:38,223.00,169.00,194.00,169.00,229.00,314.00,213.00,169.00,169.00,204.00,229.00,204.00
2026-08-20 20:06:44,223.00,169.00,194.00,169.00,229.00,314.00,213.00,169.00,169.00,204.00,229.00,204.00
2026-08-20 20:16:29,223.00,169.00,194.00,169.00,229.00,314.00,213.00,169.00,169.00,204.00,229.00,204.00
2026-08-20 20:26:10,223.00,169.00,194.00,169.00,229.00,314.00,213.00,169.00,169.00,204.00,229.00,204.00
2026-08-20 20:36:33,223.00,169.00,194.00,169.00,229.00,314.00,213.00,169.00,169.00,204.00,229.00,204.00
2026-08-20 20:46:32,223.00,169.00,194.00,169.00,229.00,314.00,213.00,169.00,169.00,204.00,229.00,204.00
2026-08-20 20:56:29,223.00,169.00,194.00,169.00,229.00,314.00,213.00,169.00,169.00,204.00,229.00,204.00
2026-08-20 21:06:35,223.00,169.00,194.00,169.00,229.00,314.00,213.00,169.00,169.00,204.00,229.00,204.00
2026-08-20 21:16:26,223.00,169.00,194.00,169.00,229.00,314.00,213.00,169.00,169.00,204.00,229.00,204.00
2026-08-20 21:26:44,223.00,169.00,194.00,169.00,229.00,314.00,213.00,169.00,169.00,204.00,229.00,204.00
2026-08-20 21:36:34,223.00,169.00,194.00,169.00,229.00,314.00,213.00,169.00,169.00,204.00,229.00,204.00
2026-08-20 21:46:34,223.00,169.00,194.00,169.00,229.00,314.00,213.00,169.00,169.00,204.00,229.00,204.00
2026-08-20 21:56:32,223.00,169.00,194.00,169.00,229.00,314.00,213.00,169.00,169.00,204.00,229.00,204.00
2026-08-20 22:06:35,223.00,169.00,194.00,169.00,229.00,314.00,213.00,169.00,169.00,204.00,229.00,204.00
2026-08-20 22:16:38,223.00,169.00,194.00,169.00,229.00,314.00,213.00,169.00,169.00,204.00,229.00,204.00
2026-08-20 22:26:41,223.00,169.00,194.00,169.00,229.00,314.00,213.00,169.00,169.00,204.00,229.00,204.00
2026-08-20 22:36:50,223.00,169.00,194.00,169.00,229.00,314.00,213.00,169.00,169.00,204.00,229.00,204.00
2026-08-20 22:46:23,223.00,169.00,194.00,169.00,229.00,314.00,213.00,169.00,169.00,204.00,229.00,204.00
2026-08-20 22:56:16,223.00,169.00,194.00,169.00,229.00,314.00,213.00,169.00,169.00,204.00,248.00,204.00
2026-08-20 23:06:46,223.00,169.00,194.00,169.00,229.00,314.00,213.00,169.00,169.00,204.00,248.00,204.00
2026-08-20 23:16:34,223.00,169.00,194.00,169.00,229.00,314.00,213.00,169.00,169.00,204.00,248.00,204.00
2026-08-20 23:26:22,223.00,169.00,194.00,169.00,229.00,314.00,213.00,169.00,169.00,204.00,248.00,204.00
2026-08-20 23:36:44,223.00,169.00,194.00,169.00,229.00,314.00,213.00,169.00,169.00,204.00,248.00,204.00
2026-08-20 23:46:53,223.00,169.00,194.00,169.00,229.00,314.00,213.00,169.00,169.00,204.00,248.00,204.00
2026-08-20 23:56:35,223.00,169.00,194.00,169.00,229.00,314.00,213.00,169.00,169.00,204.00,248.00,204.00
2026-08-21 00:07:10,223.00,169.00,194.00,169.00,229.00,314.00,213.00,169.00,169.00,204.00,248.00,204.00
2026-08-21 00:16:45,223.00,169.00,194.00,169.00,229.00,314.00,213.00,169.00,169.00,204.00,248.00,204.00
2026-08-21 00:27:09,223.00,169.00,194.00,169.00,229.00,314.00,213.00,169.00,169.00,204.00,248.00,204.00
2026-08-21 00:37:04,223.00,169.00,194.00,169.00,229.00,314.00,213.00,169.00,169.00,204.00,248.00,204.00
2026-08-21 00:56:45,223.00,169.00,194.00,169.00,229.00,314.00,213.00,169.00,169.00,204.00,248.00,204.00
2026-08-21 01:06:50,223.00,169.00,194.00,169.00,229.00,314.00,213.00,169.00,169.00,204.00,248.00,204.00
2026-08-21 01:16:50,223.00,169.00,194.00,169.00,229.00,314.00,213.00,169.00,169.00,204.00,248.00,204.00
2026-08-21 01:26:25,223.00,169.00,194.00,169.00,229.00,314.00,213.00,169.00,169.00,204.00,248.00,204.00
2026-08-21 01:36:44,223.00,169.00,194.00,169.00,229.00,314.00,213.00,169.00,169.00,204.00,248.00,204.00
2026-08-21 01:46:25,223.00,169.00,194.00,169.00,229.00,314.00,213.00,169.00,169.00,204.00,248.00,204.00
2026-08-21 01:56:37,223.00,169.00,194.00,169.00,229.00,314.00,213.00,169.00,169.00,204.00,248.00,204.00
2026-08-21 02:06:43,223.00,169.00,194.00,169.00,229.00,314.00,213.00,169.00,169.00,204.00,248.00,204.00
2026-08-21 02:16:28,223.00,169.00,194.00,169.00,229.00,314.00,213.00,169.00,169.00,204.00,248.00,204.00
2026-08-21 02:27:01,223.00,169.00,194.00,169.00,229.00,314.00,213.00,169.00,169.00,204.00,264.00,204.00
2026-08-21 02:37:03,223.00,169.00,194.00,169.00,229.00,314.00,213.00,169.00,169.00,204.00,264.00,204.00
2026-08-21 02:46:58,223.00,169.00,194.00,169.00,255.00,346.00,217.00,169.00,169.00,204.00,264.00,200.00
2026-08-21 02:56:49,223.00,169.00,194.00,169.00,255.00,346.00,217.00,169.00,169.00,207.00,264.00,200.00
2026-08-21 03:06:52,223.00,169.00,194.00,169.00,255.00,346.00,217.00,169.00,169.00,207.00,264.00,200.00
2026-08-21 03:16:46,223.00,169.00,194.00,169.00,255.00,346.00,217.00,169.00,169.00,207.00,264.00,200.00
2026-08-21 03:26:43,223.00,169.00,194.00,169.00,255.00,346.00,217.00,169.00,169.00,207.00,264.00,200.00
2026-08-21 03:36:34,223.00,169.00,194.00,169.00,255.00,346.00,217.00,169.00,169.00,207.00,264.00,200.00
2026-08-21 03:46:47,223.00,169.00,194.00,169.00,255.00,346.00,217.00,169.00,169.00,207.00,264.00,200.00
2026-08-21 03:56:36,223.00,169.00,194.00,169.00,255.00,346.00,217.00,169.00,169.00,207.00,264.00,200.00
2026-08-21 04:06:57,223.00,169.00,194.00,169.00,255.00,346.00,217.00,169.00,169.00,228.00,264.00,200.00
2026-08-21 04:16:30,223.00,169.00,194.00,169.00,255.00,346.00,217.00,169.00,169.00,228.00,264.00,200.00
2026-08-21 04:26:30,223.00,169.00,194.00,169.00,255.00,346.00,217.00,169.00,169.00,228.00,264.00,200.00
2026-08-21 04:36:16,223.00,169.00,194.00,169.00,255.00,346.00,217.00,169.00,169.00,228.00,264.00,200.00
2026-08-21 04:46:42,223.00,169.00,194.00,169.00,255.00,346.00,217.00,169.00,169.00,228.00,264.00,200.00
2026-08-21 04:56:54,223.00,169.00,194.00,169.00,255.00,346.00,217.00,169.00,169.00,228.00,264.00,200.00
2026-08-21 05:06:54,223.00,169.00,194.00,169.00,255.00,346.00,217.00,169.00,169.00,228.00,264.00,200.00
2026-08-21 05:16:38,223.00,169.00,194.00,169.00,255.00,346.00,217.00,169.00,169.00,228.00,264.00,200.00
2026-08-21 05:26:44,223.00,169.00,194.00,169.00,255.00,346.00,217.00,169.00,169.00,228.00,264.00,200.00
2026-08-21 05:36:32,223.00,169.00,194.00,169.00,255.00,346.00,217.00,169.00,169.00,228.00,264.00,200.00
2026-08-21 05:46:24,223.00,169.00,194.00,169.00,255.00,346.00,217.00,169.00,169.00,228.00,264.00,200.00
2026-08-21 05:56:48,223.00,169.00,194.00,169.00,255.00,346.00,217.00,169.00,169.00,228.00,264.00,200.00
2026-08-21 06:06:21,223.00,169.00,194.00,169.00,255.00,346.00,217.00,169.00,169.00,228.00,264.00,200.00
2026-08-21 06:16:47,223.00,169.00,194.00,169.00,255.00,346.00,217.00,169.00,169.00,228.00,264.00,200.00
2026-08-21 06:26:27,223.00,169.00,194.00,169.00,255.00,346.00,217.00,169.00,169.00,228.00,264.00,200.00
2026-08-21 06:36:47,223.00,169.00,194.00,169.00,255.00,346.00,217.00,169.00,169.00,228.00,264.00,200.00
2026-08-21 06:46:35,223.00,169.00,239.00,169.00,255.00,346.00,217.00,169.00,169.00,228.00,264.00,200.00
2026-08-21 06:56:36,223.00,169.00,239.00,169.00,255.00,346.00,217.00,169.00,169.00,228.00,264.00,200.00
2026-08-21 07:07:04,223.00,169.00,239.00,169.00,255.00,346.00,217.00,169.00,169.00,228.00,264.00,200.00
2026-08-21 07:16:46,223.00,169.00,239.00,169.00,255.00,346.00,217.00,169.00,169.00,228.00,264.00,200.00
2026-08-21 07:26:45,224.00,169.00,239.00,169.00,255.00,346.00,217.00,169.00,169.00,228.00,264.00,200.00
2026-08-21 07:36:40,224.00,169.00,239.00,169.00,255.00,346.00,217.00,169.00,169.00,228.00,264.00,200.00
2026-08-21 07:46:16,224.00,169.00,239.00,169.00,255.00,346.00,217.00,169.00,169.00,228.00,264.00,200.00
2026-08-21 07:56:34,224.00,169.00,239.00,169.00,255.00,346.00,200.00,169.00,169.00,228.00,264.00,200.00
2026-08-21 08:06:41,224.00,169.00,239.00,169.00,255.00,346.00,200.00,169.00,169.00,228.00,264.00,200.00
2026-08-21 08:16:42,224.00,169.00,239.00,169.00,255.00,346.00,200.00,169.00,169.00,228.00,264.00,200.00
2026-08-21 08:26:38,224.00,169.00,239.00,169.00,255.00,346.00,200.00,169.00,169.00,207.00,264.00,200.00
2026-08-21 08:36:45,224.00,169.00,239.00,169.00,255.00,346.00,200.00,169.00,169.00,207.00,264.00,200.00
2026-08-21 08:46:36,224.00,169.00,239.00,169.00,255.00,346.00,200.00,169.00,169.00,207.00,264.00,200.00
2026-08-21 08:56:37,224.00,169.00,239.00,169.00,228.00,314.00,200.00,169.00,169.00,207.00,264.00,200.00
2026-08-21 09:06:29,224.00,169.00,239.00,169.00,228.00,314.00,200.00,169.00,169.00,207.00,264.00,200.00
2026-08-21 09:16:46,224.00,169.00,239.00,169.00,228.00,314.00,200.00,169.00,169.00,207.00,264.00,200.00
2026-08-21 09:26:49,224.00,169.00,239.00,169.00,228.00,314.00,200.00,169.00,169.00,207.00,264.00,200.00
2026-08-21 09:36:43,279.00,169.00,239.00,169.00,228.00,314.00,200.00,169.00,169.00,207.00,264.00,200.00
2026-08-21 09:46:40,279.00,169.00,239.00,169.00,228.00,314.00,200.00,169.00,169.00,207.00,264.00,200.00
2026-08-21 09:56:24,279.00,169.00,239.00,169.00,228.00,314.00,200.00,169.00,169.00,207.00,264.00,200.00
2026-08-21 10:06:48,279.00,169.00,239.00,169.00,228.00,314.00,200.00,169.00,169.00,207.00,264.00,200.00
2026-08-21 10:16:40,279.00,169.00,239.00,169.00,228.00,314.00,200.00,169.00,169.00,207.00,264.00,200.00
2026-08-21 10:26:45,279.00,169.00,239.00,169.00,228.00,314.00,200.00,169.00,169.00,207.00,264.00,200.00
2026-08-21 10:36:53,279.00,169.00,239.00,169.00,228.00,314.00,200.00,169.00,169.00,207.00,264.00,200.00
2026-08-21 10:46:42,279.00,169.00,239.00,169.00,228.00,314.00,200.00,169.00,169.00,207.00,264.00,200.00
2026-08-21 10:57:54,279.00,,239.00,169.00,228.00,314.00,200.00,,,,,200.00
2026-08-21 11:07:16,279.00,169.00,239.00,169.00,228.00,314.00,200.00,169.00,169.00,207.00,264.00,200.00
2026-08-21 11:16:33,279.00,169.00,239.00,169.00,228.00,314.00,200.00,169.00,169.00,207.00,264.00,200.00
2026-08-21 11:36:30,279.00,169.00,239.00,169.00,228.00,314.00,200.00,169.00,169.00,207.00,264.00,200.00
2026-08-21 11:46:49,279.00,169.00,239.00,169.00,228.00,314.00,200.00,169.00,169.00,207.00,264.00,200.00
2026-08-21 11:56:38,279.00,169.00,239.00,169.00,228.00,314.00,200.00,169.00,169.00,207.00,264.00,200.00
2026-08-21 12:06:55,279.00,169.00,239.00,169.00,228.00,314.00,200.00,169.00,169.00,207.00,264.00,200.00
2026-08-21 12:16:53,279.00,169.00,239.00,169.00,228.00,314.00,200.00,169.00,169.00,207.00,264.00,200.00
2026-08-21 12:26:44,279.00,169.00,239.00,169.00,228.00,314.00,200.00,169.00,169.00,207.00,264.00,200.00
2026-08-21 12:36:25,279.00,169.00,239.00,169.00,228.00,314.00,200.00,169.00,169.00,207.00,264.00,200.00
2026-08-21 12:46:58,279.00,169.00,239.00,169.00,228.00,314.00,200.00,169.00,169.00,207.00,264.00,200.00
2026-08-21 12:56:18,279.00,169.00,239.00,169.00,228.00,314.00,200.00,169.00,169.00,207.00,264.00,200.00
2026-08-21 13:06:43,279.00,169.00,239.00,169.00,228.00,314.00,200.00,169.00,169.00,207.00,264.00,200.00
2026-08-21 13:16:35,279.00,169.00,194.00,169.00,228.00,314.00,200.00,169.00,169.00,207.00,264.00,200.00
2026-08-21 13:26:37,279.00,169.00,194.00,169.00,228.00,314.00,200.00,169.00,169.00,207.00,264.00,200.00
2026-08-21 13:36:50,279.00,169.00,194.00,169.00,228.00,314.00,200.00,169.00,169.00,207.00,264.00,200.00
2026-08-21 13:46:46,279.00,169.00,194.00,169.00,228.00,314.00,200.00,169.00,169.00,207.00,264.00,200.00
2026-08-21 13:56:49,,169.00,,,,,,169.00,169.00,207.00,264.00,
2026-08-21 14:07:04,279.00,169.00,194.00,169.00,228.00,314.00,200.00,169.00,169.00,207.00,264.00,200.00
2026-08-21 14:16:41,279.00,169.00,194.00,169.00,228.00,314.00,200.00,169.00,169.00,207.00,264.00,200.00
2026-08-21 14:26:47,279.00,169.00,194.00,169.00,228.00,314.00,200.00,169.00,169.00,207.00,264.00,200.00
2026-08-21 14:36:41,279.00,169.00,194.00,169.00,228.00,314.00,207.00,169.00,169.00,207.00,264.00,200.00
2026-08-21 14:47:11,279.00,,194.00,169.00,228.00,314.00,207.00,,,,,200.00
2026-08-21 14:56:20,279.00,169.00,194.00,169.00,228.00,314.00,207.00,169.00,169.00,207.00,264.00,200.00
2026-08-21 15:06:21,279.00,169.00,194.00,169.00,228.00,314.00,207.00,169.00,169.00,207.00,264.00,200.00
2026-08-21 15:16:30,279.00,169.00,194.00,169.00,228.00,314.00,207.00,169.00,169.00,207.00,264.00,200.00
2026-08-21 15:26:52,279.00,169.00,194.00,169.00,228.00,314.00,207.00,169.00,169.00,207.00,264.00,200.00
2026-08-21 15:36:54,279.00,169.00,194.00,169.00,228.00,314.00,207.00,169.00,169.00,207.00,264.00,200.00
2026-08-21 15:47:02,279.00,169.00,194.00,169.00,228.00,314.00,207.00,169.00,169.00,207.00,264.00,200.00
2026-08-21 15:56:50,279.00,169.00,194.00,169.00,228.00,314.00,207.00,169.00,169.00,207.00,264.00,200.00
2026-08-21 16:07:17,279.00,169.00,194.00,169.00,228.00,314.00,207.00,169.00,169.00,207.00,264.00,200.00
2026-08-21 16:17:02,279.00,169.00,194.00,169.00,228.00,314.00,207.00,169.00,169.00,207.00,264.00,200.00
2026-08-21 16:26:17,279.00,169.00,194.00,169.00,228.00,314.00,207.00,169.00,169.00,207.00,264.00,200.00
2026-08-21 16:36:51,279.00,169.00,194.00,169.00,228.00,314.00,207.00,169.00,169.00,207.00,264.00,200.00
2026-08-21 16:46:48,279.00,169.00,194.00,169.00,228.00,314.00,169.00,169.00,169.00,207.00,264.00,200.00
2026-08-21 16:56:41,279.00,169.00,194.00,169.00,228.00,314.00,169.00,169.00,169.00,207.00,264.00,200.00
2026-08-21 17:06:14,279.00,169.00,194.00,169.00,228.00,314.00,200.00,169.00,169.00,207.00,264.00,200.00
2026-08-21 17:16:48,279.00,169.00,194.00,169.00,228.00,314.00,200.00,169.00,169.00,207.00,264.00,200.00
2026-08-21 17:27:03,279.00,,194.00,169.00,228.00,314.00,200.00,,,,,200.00
2026-08-21 17:37:06,279.00,169.00,194.00,169.00,228.00,314.00,200.00,169.00,169.00,207.00,264.00,200.00
2026-08-21 17:46:32,,169.00,,,,,,169.00,169.00,207.00,264.00,
2026-08-21 17:57:12,279.00,169.00,194.00,169.00,228.00,314.00,200.00,169.00,169.00,207.00,264.00,200.00
2026-08-21 18:07:19,279.00,169.00,194.00,169.00,228.00,314.00,200.00,169.00,169.00,207.00,264.00,200.00
2026-08-21 18:16:50,279.00,169.00,194.00,169.00,228.00,314.00,200.00,169.00,169.00,207.00,264.00,200.00
2026-08-21 18:26:50,279.00,169.00,194.00,169.00,228.00,314.00,200.00,169.00,169.00,207.00,264.00,200.00
2026-08-21 18:37:00,279.00,169.00,194.00,169.00,228.00,314.00,200.00,169.00,169.00,207.00,264.00,200.00
2026-08-21 18:46:50,279.00,169.00,194.00,169.00,228.00,314.00,200.00,169.00,169.00,207.00,264.00,200.00
2026-08-21 18:56:53,279.00,169.00,194.00,169.00,228.00,314.00,200.00,169.00,169.00,207.00,264.00,200.00
2026-08-21 19:06:33,279.00,169.00,194.00,169.00,228.00,314.00,200.00,169.00,169.00,207.00,264.00,200.00
2026-08-21 19:16:47,279.00,169.00,194.00,169.00,228.00,314.00,200.00,169.00,169.00,207.00,264.00,200.00
2026-08-21 19:26:32,279.00,169.00,194.00,169.00,228.00,314.00,200.00,169.00,169.00,207.00,264.00,200.00
2026-08-21 19:36:49,279.00,169.00,194.00,169.00,228.00,314.00,200.00,169.00,169.00,207.00,264.00,200.00
2026-08-21 19:46:52,279.00,169.00,194.00,169.00,228.00,314.00,200.00,169.00,169.00,207.00,264.00,200.00
2026-08-21 19:56:48,279.00,169.00,194.00,169.00,228.00,314.00,200.00,169.00,169.00,207.00,264.00,200.00
2026-08-21 20:07:00,279.00,169.00,194.00,169.00,228.00,314.00,200.00,169.00,169.00,207.00,264.00,200.00
2026-08-21 20:16:11,279.00,169.00,194.00,169.00,228.00,314.00,200.00,169.00,169.00,207.00,264.00,200.00
2026-08-21 20:27:00,279.00,169.00,194.00,169.00,228.00,314.00,200.00,169.00,169.00,207.00,264.00,200.00
2026-08-21 20:37:02,279.00,169.00,194.00,169.00,228.00,314.00,200.00,169.00,169.00,207.00,264.00,200.00
2026-08-21 20:47:03,279.00,169.00,194.00,169.00,228.00,314.00,200.00,169.00,169.00,207.00,264.00,200.00
2026-08-21 20:56:55,279.00,169.00,194.00,169.00,228.00,314.00,200.00,169.00,169.00,207.00,264.00,200.00
2026-08-21 21:07:00,279.00,169.00,194.00,169.00,228.00,314.00,200.00,169.00,169.00,207.00,264.00,200.00
2026-08-21 21:17:04,279.00,169.00,194.00,169.00,228.00,314.00,200.00,169.00,169.00,207.00,264.00,200.00
2026-08-21 21:26:43,279.00,169.00,194.00,169.00,228.00,314.00,200.00,169.00,169.00,207.00,264.00,200.00
2026-08-21 21:37:05,279.00,169.00,194.00,169.00,228.00,314.00,200.00,169.00,169.00,207.00,264.00,200.00
2026-08-21 21:46:46,279.00,169.00,194.00,169.00,228.00,314.00,200.00,169.00,169.00,207.00,264.00,200.00
2026-08-21 21:56:56,279.00,169.00,194.00,169.00,228.00,314.00,200.00,169.00,169.00,207.00,264.00,200.00
2026-08-21 22:07:21,279.00,169.00,194.00,169.00,228.00,314.00,200.00,169.00,169.00,207.00,264.00,200.00
2026-08-21 22:16:45,279.00,169.00,194.00,169.00,228.00,314.00,200.00,169.00,169.00,207.00,264.00,200.00
2026-08-21 22:26:57,279.00,169.00,194.00,169.00,228.00,314.00,200.00,169.00,169.00,207.00,264.00,200.00
2026-08-21 22:36:37,279.00,169.00,194.00,169.00,228.00,314.00,200.00,169.00,169.00,207.00,264.00,200.00
2026-08-21 22:47:07,279.00,169.00,194.00,169.00,228.00,314.00,200.00,169.00,169.00,207.00,264.00,200.00
2026-08-21 22:56:52,279.00,169.00,194.00,169.00,228.00,314.00,200.00,169.00,169.00,207.00,264.00,200.00
2026-08-21 23:07:17,279.00,169.00,194.00,169.00,228.00,314.00,200.00,169.00,169.00,207.00,264.00,200.00
2026-08-21 23:16:48,279.00,169.00,194.00,169.00,228.00,314.00,200.00,169.00,169.00,207.00,264.00,200.00
2026-08-21 23:26:51,279.00,169.00,194.00,169.00,228.00,314.00,200.00,169.00,169.00,207.00,264.00,200.00
2026-08-21 23:36:57,279.00,169.00,194.00,169.00,228.00,314.00,200.00,169.00,169.00,207.00,264.00,200.00
2026-08-21 23:46:52,279.00,169.00,194.00,169.00,228.00,314.00,200.00,169.00,169.00,207.00,264.00,200.00
2026-08-21 23:56:49,279.00,169.00,194.00,169.00,228.00,314.00,200.00,169.00,169.00,207.00,264.00,200.00
2026-08-22 00:07:10,279.00,169.00,194.00,169.00,228.00,314.00,200.00,169.00,169.00,207.00,264.00,200.00
2026-08-22 00:16:10,279.00,169.00,194.00,169.00,228.00,314.00,200.00,169.00,169.00,207.00,264.00,200.00
2026-08-22 00:26:55,279.00,169.00,194.00,169.00,228.00,314.00,200.00,169.00,169.00,207.00,264.00,200.00
2026-08-22 00:37:28,279.00,,194.00,169.00,228.00,314.00,207.00,,,,,200.00
2026-08-22 00:46:52,279.00,169.00,194.00,169.00,228.00,314.00,207.00,169.00,169.00,207.00,264.00,200.00
2026-08-22 00:56:30,279.00,169.00,194.00,169.00,228.00,314.00,207.00,169.00,169.00,207.00,264.00,200.00
2026-08-22 01:06:56,279.00,169.00,194.00,169.00,228.00,314.00,207.00,169.00,169.00,207.00,264.00,200.00
2026-08-22 01:16:50,279.00,169.00,194.00,169.00,228.00,314.00,207.00,169.00,169.00,207.00,264.00,200.00
2026-08-22 01:27:03,279.00,169.00,194.00,169.00,228.00,314.00,207.00,169.00,169.00,207.00,264.00,200.00
2026-08-22 01:37:01,279.00,169.00,194.00,169.00,228.00,314.00,207.00,169.00,169.00,207.00,264.00,200.00
2026-08-22 01:47:10,279.00,169.00,194.00,169.00,228.00,314.00,207.00,169.00,169.00,207.00,264.00,200.00
2026-08-22 01:57:06,279.00,169.00,194.00,169.00,228.00,314.00,207.00,169.00,169.00,207.00,264.00,200.00
2026-08-22 02:07:12,279.00,169.00,194.00,169.00,228.00,314.00,207.00,169.00,169.00,207.00,264.00,200.00
2026-08-22 02:16:51,279.00,169.00,194.00,169.00,228.00,314.00,207.00,169.00,169.00,207.00,264.00,200.00
2026-08-22 02:27:15,279.00,169.00,194.00,169.00,228.00,314.00,207.00,169.00,169.00,207.00,264.00,200.00
2026-08-22 02:37:12,279.00,169.00,194.00,169.00,228.00,314.00,207.00,169.00,200.00,207.00,264.00,200.00
2026-08-22 02:47:08,279.00,169.00,194.00,169.00,228.00,314.00,207.00,169.00,169.00,207.00,264.00,200.00
2026-08-22 02:56:38,279.00,169.00,194.00,169.00,228.00,314.00,207.00,169.00,200.00,207.00,264.00,200.00
2026-08-22 03:06:34,279.00,169.00,194.00,169.00,228.00,314.00,207.00,169.00,200.00,207.00,264.00,200.00
2026-08-22 03:17:07,279.00,169.00,194.00,169.00,229.00,347.00,208.00,169.00,200.00,208.00,290.00,200.00
2026-08-22 03:27:03,279.00,169.00,194.00,169.00,229.00,347.00,208.00,169.00,200.00,208.00,290.00,200.00
2026-08-22 03:37:09,279.00,169.00,194.00,169.00,229.00,347.00,208.00,169.00,200.00,208.00,290.00,200.00
2026-08-22 03:46:48,279.00,169.00,194.00,169.00,229.00,347.00,208.00,169.00,200.00,208.00,290.00,200.00
2026-08-22 03:57:22,279.00,,194.00,169.00,229.00,347.00,208.00,,,,,200.00
2026-08-22 04:07:09,279.00,169.00,194.00,169.00,229.00,347.00,208.00,169.00,200.00,208.00,290.00,200.00
2026-08-22 04:17:01,279.00,169.00,194.00,169.00,229.00,347.00,208.00,169.00,200.00,208.00,290.00,200.00
2026-08-22 04:26:52,279.00,169.00,194.00,169.00,229.00,347.00,208.00,169.00,200.00,208.00,290.00,200.00
2026-08-22 04:36:56,279.00,169.00,194.00,169.00,229.00,347.00,208.00,169.00,200.00,208.00,290.00,200.00
2026-08-22 04:46:55,279.00,169.00,194.00,169.00,229.00,347.00,208.00,169.00,200.00,208.00,290.00,200.00
2026-08-22 04:57:01,279.00,169.00,194.00,169.00,229.00,347.00,208.00,169.00,200.00,208.00,290.00,200.00
2026-08-22 05:07:04,279.00,169.00,194.00,169.00,229.00,347.00,208.00,169.00,200.00,208.00,290.00,200.00
2026-08-22 05:17:03,279.00,169.00,194.00,169.00,229.00,347.00,208.00,169.00,200.00,208.00,290.00,200.00
2026-08-22 05:27:12,279.00,169.00,194.00,169.00,229.00,347.00,208.00,169.00,200.00,208.00,290.00,200.00
2026-08-22 05:36:11,279.00,169.00,194.00,169.00,229.00,347.00,208.00,169.00,200.00,208.00,290.00,200.00
2026-08-22 05:47:09,279.00,169.00,194.00,169.00,229.00,347.00,208.00,169.00,200.00,208.00,290.00,200.00
2026-08-22 05:56:32,279.00,169.00,194.00,169.00,229.00,347.00,208.00,169.00,200.00,208.00,290.00,200.00
2026-08-22 06:07:03,279.00,169.00,194.00,169.00,229.00,347.00,208.00,169.00,200.00,208.00,290.00,200.00
2026-08-22 06:17:17,279.00,169.00,194.00,169.00,229.00,347.00,208.00,169.00,200.00,208.00,290.00,200.00
2026-08-22 06:27:11,279.00,169.00,264.00,169.00,229.00,347.00,208.00,169.00,200.00,208.00,290.00,200.00
2026-08-22 06:37:14,279.00,169.00,264.00,169.00,229.00,347.00,208.00,169.00,200.00,208.00,290.00,200.00
2026-08-22 06:46:49,279.00,169.00,264.00,169.00,229.00,347.00,208.00,169.00,200.00,208.00,290.00,200.00
2026-08-22 06:56:18,279.00,169.00,264.00,169.00,229.00,347.00,208.00,169.00,200.00,208.00,290.00,200.00
2026-08-22 07:07:15,279.00,169.00,264.00,169.00,229.00,347.00,208.00,169.00,200.00,208.00,290.00,200.00
2026-08-22 07:17:01,279.00,169.00,264.00,169.00,229.00,347.00,169.00,169.00,200.00,208.00,290.00,200.00
2026-08-22 07:27:18,279.00,169.00,264.00,169.00,229.00,347.00,169.00,169.00,200.00,208.00,290.00,200.00
2026-08-22 07:37:14,273.00,169.00,264.00,169.00,229.00,347.00,169.00,169.00,200.00,208.00,290.00,200.00
2026-08-22 07:47:17,273.00,169.00,264.00,169.00,229.00,347.00,169.00,169.00,200.00,208.00,290.00,200.00
2026-08-22 07:57:10,273.00,169.00,264.00,169.00,229.00,347.00,169.00,169.00,200.00,208.00,290.00,200.00
2026-08-22 08:07:23,273.00,169.00,264.00,169.00,229.00,347.00,169.00,169.00,169.00,200.00,259.00,200.00
2026-08-22 08:17:06,273.00,169.00,264.00,169.00,229.00,347.00,169.00,169.00,169.00,200.00,259.00,200.00
2026-08-22 08:27:18,273.00,169.00,264.00,169.00,169.00,306.00,169.00,169.00,169.00,200.00,259.00,200.00
2026-08-22 08:37:20,273.00,169.00,264.00,169.00,169.00,306.00,169.00,169.00,169.00,200.00,259.00,200.00
2026-08-22 08:47:04,273.00,169.00,264.00,169.00,169.00,306.00,169.00,169.00,169.00,200.00,259.00,200.00
2026-08-22 08:56:40,273.00,169.00,264.00,169.00,169.00,306.00,169.00,169.00,169.00,200.00,259.00,200.00
2026-08-22 09:07:22,273.00,169.00,264.00,169.00,169.00,306.00,169.00,169.00,169.00,200.00,259.00,200.00
2026-08-22 09:16:46,273.00,169.00,264.00,169.00,169.00,306.00,169.00,169.00,169.00,200.00,259.00,200.00
2026-08-22 09:27:14,273.00,169.00,264.00,169.00,169.00,306.00,169.00,169.00,169.00,200.00,259.00,200.00
2026-08-22 09:37:07,273.00,169.00,264.00,169.00,169.00,306.00,169.00,169.00,169.00,200.00,259.00,200.00
2026-08-22 09:47:11,273.00,169.00,264.00,169.00,169.00,306.00,169.00,169.00,169.00,200.00,259.00,200.00
2026-08-22 09:56:26,273.00,169.00,264.00,169.00,169.00,306.00,169.00,169.00,169.00,200.00,259.00,200.00
2026-08-22 10:06:58,273.00,169.00,264.00,169.00,169.00,306.00,169.00,169.00,169.00,200.00,259.00,200.00
2026-08-22 10:27:08,273.00,169.00,264.00,169.00,169.00,306.00,169.00,169.00,169.00,200.00,259.00,200.00
2026-08-22 10:37:22,,169.00,,,,,,169.00,169.00,200.00,259.00,
2026-08-22 10:47:14,273.00,169.00,264.00,169.00,169.00,306.00,169.00,169.00,169.00,200.00,259.00,200.00
2026-08-22 10:57:08,273.00,169.00,264.00,169.00,169.00,306.00,169.00,169.00,169.00,200.00,259.00,200.00
2026-08-22 11:07:10,273.00,169.00,264.00,169.00,169.00,306.00,169.00,169.00,169.00,200.00,259.00,200.00
2026-08-22 11:17:10,273.00,169.00,264.00,169.00,169.00,306.00,169.00,169.00,169.00,200.00,259.00,200.00
2026-08-22 11:26:59,273.00,169.00,264.00,169.00,169.00,306.00,169.00,169.00,169.00,200.00,259.00,200.00
2026-08-22 11:37:20,273.00,169.00,264.00,169.00,169.00,306.00,169.00,169.00,169.00,200.00,259.00,200.00
2026-08-22 11:47:09,273.00,169.00,264.00,169.00,169.00,306.00,169.00,169.00,169.00,200.00,259.00,200.00
2026-08-22 11:57:11,273.00,169.00,264.00,169.00,169.00,306.00,169.00,169.00,169.00,200.00,259.00,200.00
2026-08-22 12:07:24,273.00,169.00,264.00,169.00,169.00,306.00,169.00,169.00,169.00,200.00,259.00,200.00
2026-08-22 12:16:36,273.00,169.00,264.00,169.00,169.00,306.00,169.00,169.00,169.00,200.00,259.00,200.00
2026-08-22 12:26:33,273.00,169.00,264.00,169.00,169.00,306.00,169.00,169.00,169.00,200.00,259.00,200.00
2026-08-22 12:37:21,273.00,169.00,264.00,169.00,169.00,306.00,169.00,169.00,169.00,200.00,259.00,200.00
2026-08-22 12:47:02,273.00,169.00,264.00,169.00,169.00,306.00,169.00,169.00,169.00,200.00,259.00,200.00
2026-08-22 12:57:17,273.00,169.00,239.00,169.00,169.00,306.00,169.00,169.00,169.00,200.00,259.00,200.00
2026-08-22 13:06:55,273.00,169.00,239.00,169.00,169.00,306.00,169.00,169.00,169.00,200.00,259.00,200.00
2026-08-22 13:16:48,273.00,169.00,239.00,169.00,169.00,306.00,169.00,,,,,200.00
2026-08-22 13:27:18,273.00,169.00,239.00,169.00,169.00,306.00,200.00,,,,,200.00
2026-08-22 13:37:11,273.00,169.00,239.00,169.00,169.00,306.00,200.00,,,,,200.00
2026-08-22 13:46:37,273.00,169.00,239.00,169.00,169.00,306.00,200.00,169.00,169.00,200.00,259.00,200.00
2026-08-22 13:56:56,273.00,169.00,239.00,169.00,169.00,306.00,200.00,169.00,169.00,200.00,259.00,200.00
2026-08-22 14:07:16,273.00,169.00,239.00,169.00,169.00,306.00,169.00,169.00,169.00,200.00,259.00,200.00
2026-08-22 14:17:09,273.00,169.00,239.00,169.00,169.00,306.00,169.00,169.00,169.00,200.00,259.00,200.00
2026-08-22 14:27:08,273.00,169.00,239.00,169.00,169.00,306.00,169.00,169.00,169.00,200.00,259.00,200.00
2026-08-22 14:37:16,273.00,169.00,239.00,169.00,169.00,306.00,169.00,169.00,169.00,200.00,259.00,200.00
2026-08-22 14:47:07,273.00,169.00,239.00,169.00,169.00,306.00,169.00,169.00,169.00,200.00,259.00,200.00
2026-08-22 14:57:13,273.00,169.00,239.00,169.00,169.00,306.00,169.00,169.00,169.00,200.00,259.00,200.00
2026-08-22 15:06:59,273.00,169.00,239.00,169.00,169.00,306.00,169.00,169.00,169.00,200.00,259.00,200.00
2026-08-22 15:16:54,273.00,169.00,239.00,169.00,169.00,306.00,169.00,169.00,169.00,200.00,259.00,200.00
2026-08-22 15:27:29,273.00,169.00,239.00,169.00,169.00,306.00,200.00,169.00,169.00,200.00,259.00,200.00
2026-08-22 15:37:10,273.00,169.00,239.00,169.00,169.00,306.00,200.00,169.00,169.00,200.00,259.00,200.00
2026-08-22 15:47:27,273.00,169.00,239.00,169.00,169.00,306.00,200.00,169.00,169.00,200.00,259.00,200.00
2026-08-22 15:56:55,273.00,169.00,239.00,169.00,169.00,306.00,200.00,169.00,169.00,200.00,259.00,200.00
2026-08-22 16:07:03,,169.00,,,,,,169.00,169.00,200.00,259.00,
2026-08-22 16:17:03,273.00,169.00,239.00,169.00,169.00,306.00,200.00,169.00,169.00,200.00,259.00,200.00
2026-08-22 16:27:07,273.00,169.00,239.00,169.00,169.00,306.00,200.00,169.00,169.00,200.00,259.00,200.00
2026-08-22 16:37:27,273.00,169.00,239.00,169.00,169.00,306.00,200.00,169.00,169.00,200.00,259.00,200.00
2026-08-22 16:46:16,273.00,169.00,239.00,169.00,169.00,306.00,200.00,169.00,169.00,200.00,259.00,200.00
2026-08-22 16:56:40,273.00,169.00,239.00,169.00,169.00,306.00,200.00,169.00,169.00,200.00,259.00,200.00
2026-08-22 17:16:46,273.00,169.00,239.00,169.00,169.00,306.00,169.00,169.00,169.00,200.00,259.00,200.00
2026-08-22 17:27:17,273.00,169.00,239.00,169.00,169.00,306.00,169.00,169.00,169.00,200.00,259.00,200.00
2026-08-22 17:37:12,273.00,169.00,239.00,169.00,169.00,306.00,169.00,169.00,169.00,200.00,259.00,200.00
2026-08-22 17:46:59,273.00,169.00,239.00,169.00,169.00,306.00,169.00,169.00,169.00,200.00,259.00,200.00
2026-08-22 17:57:23,273.00,169.00,239.00,169.00,169.00,306.00,169.00,169.00,169.00,200.00,259.00,200.00
2026-08-22 18:07:27,273.00,169.00,239.00,169.00,169.00,306.00,169.00,169.00,169.00,200.00,259.00,200.00
2026-08-22 18:17:26,273.00,169.00,239.00,169.00,169.00,306.00,169.00,169.00,169.00,200.00,259.00,200.00
2026-08-22 18:27:12,273.00,169.00,239.00,169.00,169.00,306.00,169.00,169.00,169.00,200.00,259.00,200.00
2026-08-22 18:37:16,273.00,169.00,239.00,169.00,169.00,306.00,169.00,169.00,169.00,200.00,259.00,200.00
2026-08-22 18:47:27,273.00,169.00,239.00,169.00,169.00,306.00,169.00,169.00,169.00,200.00,259.00,200.00
2026-08-22 18:57:14,,169.00,,,,,,169.00,169.00,200.00,259.00,
2026-08-22 19:07:22,273.00,169.00,239.00,169.00,169.00,306.00,169.00,169.00,169.00,200.00,259.00,200.00
2026-08-22 19:27:04,273.00,169.00,239.00,169.00,169.00,306.00,169.00,169.00,169.00,200.00,259.00,200.00
2026-08-22 19:37:34,273.00,169.00,239.00,169.00,169.00,306.00,169.00,169.00,169.00,200.00,259.00,200.00
2026-08-22 19:47:15,273.00,169.00,239.00,169.00,169.00,306.00,169.00,169.00,169.00,200.00,259.00,200.00
2026-08-22 19:57:11,273.00,169.00,239.00,169.00,169.00,306.00,169.00,169.00,169.00,200.00,259.00,200.00
2026-08-22 20:07:32,273.00,169.00,239.00,169.00,169.00,306.00,169.00,169.00,169.00,200.00,259.00,200.00
2026-08-22 20:17:30,273.00,169.00,239.00,169.00,169.00,306.00,169.00,169.00,169.00,200.00,259.00,200.00
2026-08-22 20:27:41,270.00,169.00,239.00,169.00,169.00,306.00,169.00,169.00,169.00,200.00,259.00,200.00
2026-08-22 20:37:21,270.00,169.00,239.00,169.00,169.00,306.00,169.00,169.00,169.00,200.00,259.00,200.00
2026-08-22 20:47:15,270.00,,239.00,169.00,169.00,306.00,169.00,,,,,200.00
2026-08-22 20:57:24,270.00,169.00,239.00,169.00,169.00,306.00,169.00,169.00,169.00,200.00,259.00,200.00
2026-08-22 21:07:17,270.00,169.00,239.00,169.00,169.00,306.00,169.00,169.00,169.00,200.00,259.00,200.00
2026-08-22 21:17:05,270.00,169.00,239.00,169.00,169.00,306.00,169.00,169.00,169.00,200.00,259.00,200.00
2026-08-22 21:26:52,270.00,169.00,239.00,169.00,169.00,306.00,169.00,169.00,169.00,200.00,259.00,200.00
2026-08-22 21:37:16,270.00,169.00,239.00,169.00,169.00,306.00,169.00,169.00,169.00,200.00,259.00,200.00
2026-08-22 21:47:06,270.00,169.00,239.00,169.00,169.00,306.00,169.00,169.00,169.00,200.00,259.00,200.00
2026-08-22 21:57:09,270.00,169.00,239.00,169.00,169.00,306.00,169.00,169.00,169.00,200.00,259.00,200.00
2026-08-22 22:07:07,270.00,169.00,239.00,169.00,169.00,306.00,169.00,169.00,169.00,200.00,259.00,200.00
2026-08-22 22:17:04,270.00,169.00,239.00,169.00,169.00,306.00,169.00,169.00,169.00,200.00,259.00,200.00
2026-08-22 22:37:16,270.00,169.00,239.00,169.00,169.00,306.00,169.00,169.00,169.00,200.00,259.00,200.00
2026-08-22 22:47:05,270.00,169.00,239.00,169.00,169.00,306.00,169.00,169.00,169.00,200.00,259.00,200.00
2026-08-22 22:56:44,270.00,169.00,239.00,169.00,169.00,306.00,169.00,169.00,169.00,200.00,259.00,200.00
2026-08-22 23:06:50,270.00,169.00,239.00,169.00,169.00,306.00,169.00,169.00,169.00,200.00,259.00,200.00
2026-08-22 23:16:58,270.00,169.00,239.00,169.00,169.00,306.00,169.00,169.00,169.00,200.00,259.00,200.00
2026-08-22 23:27:28,270.00,169.00,239.00,169.00,169.00,306.00,169.00,169.00,169.00,200.00,259.00,200.00
2026-08-22 23:37:18,270.00,169.00,239.00,169.00,169.00,306.00,169.00,169.00,169.00,200.00,259.00,200.00
2026-08-22 23:47:36,270.00,,239.00,169.00,169.00,306.00,169.00,,,,,200.00
2026-08-22 23:56:38,270.00,169.00,239.00,169.00,169.00,306.00,169.00,169.00,169.00,200.00,259.00,200.00
2026-08-23 00:07:32,270.00,169.00,239.00,169.00,169.00,306.00,169.00,169.00,169.00,200.00,259.00,200.00
2026-08-23 00:17:21,270.00,169.00,239.00,169.00,169.00,306.00,169.00,169.00,169.00,200.00,259.00,200.00
2026-08-23 00:27:16,270.00,169.00,239.00,169.00,169.00,306.00,169.00,169.00,169.00,200.00,259.00,200.00
2026-08-23 00:36:53,270.00,169.00,239.00,169.00,169.00,306.00,169.00,169.00,169.00,200.00,259.00,200.00
2026-08-23 00:47:39,270.00,,239.00,169.00,169.00,306.00,169.00,,,,,200.00
2026-08-23 01:07:43,270.00,169.00,239.00,169.00,169.00,306.00,169.00,169.00,169.00,200.00,259.00,200.00
2026-08-23 01:17:28,270.00,169.00,239.00,169.00,169.00,306.00,169.00,169.00,169.00,200.00,259.00,200.00
2026-08-23 01:27:48,270.00,169.00,239.00,169.00,169.00,306.00,169.00,169.00,169.00,200.00,259.00,200.00
2026-08-23 01:37:36,270.00,169.00,239.00,169.00,169.00,306.00,169.00,169.00,169.00,200.00,259.00,200.00
2026-08-23 01:47:18,270.00,169.00,239.00,169.00,169.00,306.00,169.00,169.00,169.00,200.00,259.00,200.00
2026-08-23 01:57:29,270.00,169.00,239.00,169.00,169.00,306.00,169.00,169.00,169.00,200.00,259.00,200.00
2026-08-23 02:07:40,270.00,169.00,239.00,169.00,169.00,306.00,169.00,169.00,169.00,200.00,259.00,200.00
2026-08-23 02:16:30,270.00,169.00,239.00,169.00,169.00,306.00,169.00,169.00,169.00,200.00,259.00,200.00
2026-08-23 02:27:07,270.00,169.00,239.00,169.00,169.00,306.00,169.00,169.00,169.00,200.00,259.00,200.00
2026-08-23 02:37:38,270.00,169.00,239.00,169.00,169.00,306.00,169.00,169.00,169.00,200.00,259.00,200.00
2026-08-23 02:47:22,270.00,169.00,239.00,169.00,169.00,306.00,169.00,169.00,169.00,201.00,259.00,200.00
2026-08-23 02:56:56,270.00,169.00,239.00,169.00,169.00,306.00,169.00,169.00,169.00,201.00,259.00,201.00
2026-08-23 03:07:41,270.00,169.00,239.00,169.00,169.00,306.00,169.00,169.00,169.00,201.00,259.00,201.00
2026-08-23 03:17:35,270.00,169.00,239.00,169.00,169.00,306.00,169.00,169.00,169.00,201.00,259.00,201.00
2026-08-23 03:27:36,270.00,169.00,239.00,169.00,169.00,306.00,169.00,169.00,169.00,201.00,259.00,201.00
2026-08-23 03:37:09,270.00,169.00,239.00,169.00,169.00,306.00,169.00,169.00,169.00,201.00,259.00,201.00
2026-08-23 03:46:51,270.00,169.00,239.00,169.00,169.00,306.00,169.00,169.00,169.00,201.00,259.00,201.00
2026-08-23 03:57:29,270.00,169.00,239.00,169.00,169.00,306.00,169.00,169.00,169.00,201.00,259.00,201.00
2026-08-23 04:07:42,270.00,169.00,239.00,169.00,169.00,306.00,169.00,169.00,169.00,201.00,259.00,201.00
2026-08-23 04:17:32,270.00,169.00,239.00,169.00,169.00,306.00,169.00,169.00,169.00,201.00,259.00,201.00
2026-08-23 04:27:11,270.00,169.00,239.00,169.00,169.00,306.00,169.00,169.00,169.00,201.00,259.00,201.00
2026-08-23 04:37:43,270.00,169.00,239.00,169.00,169.00,306.00,169.00,169.00,169.00,201.00,259.00,201.00
2026-08-23 04:46:39,270.00,169.00,239.00,169.00,169.00,306.00,169.00,169.00,169.00,201.00,259.00,201.00
2026-08-23 04:57:16,270.00,169.00,239.00,169.00,169.00,306.00,169.00,169.00,169.00,201.00,259.00,201.00
2026-08-23 05:07:35,270.00,169.00,239.00,169.00,169.00,306.00,169.00,169.00,169.00,201.00,259.00,201.00
2026-08-23 05:17:40,270.00,169.00,239.00,169.00,169.00,306.00,169.00,169.00,169.00,201.00,259.00,201.00
2026-08-23 05:27:24,270.00,169.00,239.00,169.00,169.00,306.00,169.00,169.00,169.00,201.00,259.00,201.00
2026-08-23 05:37:38,270.00,169.00,239.00,169.00,169.00,306.00,169.00,169.00,169.00,201.00,259.00,201.00
2026-08-23 05:47:43,270.00,169.00,239.00,169.00,169.00,306.00,169.00,169.00,169.00,201.00,259.00,201.00
2026-08-23 05:57:33,270.00,169.00,239.00,169.00,169.00,306.00,169.00,169.00,169.00,201.00,259.00,201.00
2026-08-23 06:07:44,270.00,169.00,239.00,169.00,169.00,306.00,169.00,169.00,169.00,201.00,259.00,201.00
2026-08-23 06:17:32,270.00,169.00,239.00,169.00,169.00,306.00,169.00,169.00,169.00,201.00,259.00,201.00
2026-08-23 06:28:23,270.00,169.00,239.00,169.00,169.00,306.00,169.00,169.00,169.00,201.00,259.00,201.00
2026-08-23 06:37:35,270.00,169.00,239.00,169.00,169.00,306.00,169.00,169.00,169.00,201.00,259.00,201.00
2026-08-23 06:47:37,270.00,169.00,239.00,169.00,169.00,306.00,169.00,169.00,169.00,201.00,259.00,201.00
2026-08-23 06:57:26,270.00,169.00,239.00,169.00,169.00,306.00,169.00,169.00,169.00,201.00,259.00,201.00
2026-08-23 07:07:50,270.00,169.00,239.00,169.00,169.00,306.00,169.00,169.00,169.00,201.00,259.00,201.00
2026-08-23 07:17:35,270.00,169.00,239.00,169.00,169.00,306.00,169.00,169.00,169.00,201.00,259.00,201.00
2026-08-23 07:27:34,279.00,169.00,239.00,169.00,169.00,306.00,169.00,169.00,169.00,201.00,259.00,201.00
2026-08-23 07:37:23,279.00,,239.00,169.00,169.00,306.00,169.00,,,,,201.00
2026-08-23 07:48:05,279.00,169.00,239.00,169.00,169.00,306.00,169.00,169.00,169.00,201.00,259.00,201.00
2026-08-23 07:56:47,279.00,169.00,239.00,169.00,169.00,306.00,169.00,169.00,169.00,201.00,259.00,201.00
2026-08-23 08:07:59,279.00,169.00,239.00,169.00,169.00,306.00,169.00,169.00,169.00,201.00,259.00,201.00
2026-08-23 08:17:52,279.00,169.00,239.00,169.00,169.00,306.00,169.00,169.00,169.00,201.00,259.00,201.00
2026-08-23 08:27:12,279.00,169.00,239.00,169.00,169.00,306.00,169.00,169.00,169.00,201.00,259.00,201.00
2026-08-23 08:37:39,279.00,169.00,239.00,169.00,169.00,306.00,169.00,169.00,169.00,201.00,259.00,201.00
2026-08-23 08:46:45,279.00,169.00,239.00,169.00,169.00,306.00,169.00,169.00,169.00,201.00,259.00,201.00
2026-08-23 08:57:44,279.00,169.00,239.00,169.00,169.00,306.00,169.00,169.00,169.00,201.00,259.00,201.00
2026-08-23 09:07:41,279.00,169.00,239.00,169.00,169.00,306.00,169.00,169.00,169.00,201.00,259.00,201.00
2026-08-23 09:17:42,279.00,169.00,239.00,169.00,169.00,306.00,169.00,169.00,169.00,201.00,259.00,201.00
2026-08-23 09:27:32,279.00,169.00,239.00,169.00,169.00,306.00,169.00,169.00,169.00,201.00,259.00,201.00
2026-08-23 09:36:45,279.00,169.00,239.00,169.00,169.00,306.00,169.00,169.00,169.00,201.00,259.00,201.00
2026-08-23 09:47:39,279.00,169.00,239.00,169.00,169.00,306.00,169.00,169.00,169.00,201.00,259.00,201.00
2026-08-23 09:56:43,279.00,169.00,239.00,169.00,169.00,306.00,169.00,169.00,169.00,201.00,259.00,201.00
2026-08-23 10:07:53,279.00,169.00,239.00,169.00,169.00,306.00,169.00,169.00,169.00,201.00,259.00,201.00
2026-08-23 10:17:57,279.00,169.00,239.00,169.00,169.00,306.00,169.00,169.00,169.00,201.00,259.00,201.00
2026-08-23 10:27:44,279.00,169.00,239.00,169.00,229.00,306.00,169.00,169.00,169.00,201.00,259.00,201.00
2026-08-23 10:37:50,279.00,169.00,239.00,169.00,229.00,347.00,169.00,169.00,169.00,201.00,259.00,201.00
2026-08-23 10:47:41,279.00,169.00,239.00,169.00,229.00,347.00,169.00,169.00,169.00,210.00,264.00,201.00
2026-08-23 10:57:45,279.00,169.00,239.00,169.00,229.00,347.00,169.00,169.00,169.00,210.00,264.00,201.00
2026-08-23 11:06:48,279.00,169.00,239.00,169.00,229.00,347.00,169.00,169.00,169.00,210.00,264.00,201.00
2026-08-23 11:17:44,279.00,169.00,239.00,169.00,220.00,306.00,169.00,169.00,169.00,210.00,264.00,169.00
2026-08-23 11:27:32,279.00,169.00,239.00,169.00,220.00,306.00,169.00,169.00,169.00,210.00,264.00,169.00
2026-08-23 11:38:08,279.00,169.00,239.00,169.00,220.00,306.00,169.00,169.00,169.00,210.00,264.00,169.00
2026-08-23 11:47:37,279.00,169.00,239.00,169.00,220.00,306.00,169.00,169.00,169.00,210.00,264.00,169.00
2026-08-23 11:57:13,279.00,169.00,239.00,169.00,220.00,306.00,169.00,169.00,169.00,210.00,264.00,169.00
2026-08-23 12:07:53,279.00,169.00,239.00,169.00,220.00,306.00,169.00,169.00,169.00,210.00,264.00,169.00
2026-08-23 12:17:51,279.00,169.00,239.00,169.00,220.00,306.00,169.00,169.00,169.00,210.00,264.00,169.00
2026-08-23 12:27:12,279.00,169.00,239.00,169.00,220.00,306.00,169.00,169.00,169.00,210.00,264.00,169.00
2026-08-23 12:36:48,279.00,169.00,239.00,169.00,220.00,306.00,169.00,169.00,169.00,210.00,264.00,169.00
2026-08-23 12:47:41,279.00,169.00,239.00,169.00,220.00,306.00,169.00,169.00,169.00,210.00,264.00,169.00
2026-08-23 12:57:46,279.00,169.00,239.00,169.00,220.00,306.00,169.00,169.00,169.00,210.00,264.00,169.00
2026-08-23 13:07:04,279.00,169.00,194.00,169.00,220.00,306.00,169.00,169.00,169.00,210.00,264.00,169.00
2026-08-23 13:17:58,279.00,,194.00,169.00,220.00,306.00,169.00,,,,,169.00
2026-08-23 13:26:53,279.00,169.00,194.00,169.00,220.00,306.00,169.00,169.00,169.00,210.00,264.00,169.00
2026-08-23 13:37:39,279.00,169.00,194.00,169.00,220.00,306.00,169.00,169.00,169.00,210.00,264.00,169.00
2026-08-23 13:47:50,279.00,169.00,194.00,169.00,220.00,306.00,169.00,169.00,169.00,210.00,264.00,169.00
2026-08-23 13:57:50,279.00,169.00,194.00,169.00,220.00,306.00,169.00,169.00,169.00,210.00,264.00,169.00
2026-08-23 14:07:36,279.00,169.00,194.00,169.00,220.00,306.00,169.00,169.00,169.00,210.00,264.00,169.00
2026-08-23 14:16:58,279.00,169.00,194.00,169.00,220.00,306.00,169.00,169.00,169.00,210.00,264.00,169.00
2026-08-23 14:27:07,279.00,169.00,194.00,169.00,220.00,306.00,169.00,169.00,169.00,210.00,264.00,169.00
2026-08-23 14:37:30,279.00,169.00,194.00,169.00,220.00,306.00,169.00,169.00,169.00,210.00,264.00,169.00
2026-08-23 14:47:39,279.00,169.00,194.00,169.00,220.00,306.00,169.00,169.00,169.00,210.00,264.00,169.00
2026-08-23 14:57:18,279.00,169.00,194.00,169.00,220.00,306.00,169.00,169.00,169.00,210.00,264.00,169.00
2026-08-23 15:07:19,279.00,169.00,194.00,169.00,220.00,306.00,169.00,169.00,169.00,210.00,264.00,169.00
2026-08-23 15:17:19,279.00,169.00,194.00,169.00,220.00,306.00,169.00,169.00,169.00,210.00,264.00,169.00
2026-08-23 15:27:25,279.00,169.00,194.00,169.00,220.00,306.00,169.00,169.00,169.00,210.00,264.00,169.00
2026-08-23 15:36:47,,169.00,,,,,,169.00,169.00,210.00,250.00,
2026-08-23 15:47:23,279.00,169.00,194.00,169.00,220.00,306.00,169.00,169.00,169.00,210.00,250.00,169.00
2026-08-23 15:57:04,279.00,169.00,194.00,169.00,220.00,306.00,169.00,169.00,169.00,210.00,250.00,169.00
2026-08-23 16:07:44,279.00,169.00,194.00,169.00,220.00,306.00,169.00,169.00,169.00,210.00,250.00,169.00
2026-08-23 16:17:30,279.00,169.00,194.00,169.00,220.00,306.00,169.00,169.00,201.00,210.00,250.00,169.00
2026-08-23 16:28:17,279.00,169.00,194.00,169.00,220.00,306.00,169.00,169.00,201.00,210.00,250.00,169.00
2026-08-23 16:36:39,279.00,169.00,194.00,169.00,220.00,306.00,169.00,169.00,201.00,210.00,250.00,169.00
2026-08-23 16:48:39,279.00,,194.00,169.00,220.00,306.00,169.00,,,,,169.00
2026-08-23 16:58:25,279.00,169.00,194.00,169.00,220.00,306.00,169.00,169.00,201.00,210.00,250.00,169.00
2026-08-23 17:07:57,279.00,169.00,194.00,169.00,220.00,306.00,169.00,169.00,201.00,210.00,250.00,169.00
2026-08-23 17:18:47,279.00,169.00,194.00,169.00,220.00,306.00,169.00,169.00,201.00,210.00,250.00,169.00
2026-08-23 17:28:01,279.00,169.00,194.00,169.00,220.00,306.00,169.00,169.00,201.00,210.00,250.00,169.00
2026-08-23 17:38:25,279.00,169.00,194.00,169.00,220.00,306.00,169.00,169.00,201.00,210.00,250.00,169.00
2026-08-23 17:47:39,279.00,169.00,194.00,169.00,220.00,306.00,169.00,169.00,201.00,210.00,250.00,169.00
2026-08-23 17:58:26,279.00,169.00,194.00,169.00,220.00,306.00,169.00,169.00,201.00,210.00,250.00,169.00
2026-08-23 18:08:24,279.00,169.00,194.00,169.00,220.00,306.00,169.00,169.00,201.00,210.00,250.00,169.00
2026-08-23 18:17:51,279.00,169.00,194.00,169.00,220.00,306.00,169.00,169.00,201.00,210.00,250.00,169.00
2026-08-23 18:27:50,279.00,169.00,194.00,169.00,220.00,306.00,169.00,169.00,201.00,210.00,250.00,169.00
2026-08-23 18:38:20,279.00,169.00,194.00,169.00,220.00,306.00,169.00,169.00,201.00,210.00,250.00,169.00
2026-08-23 18:48:12,279.00,169.00,194.00,169.00,220.00,306.00,169.00,169.00,201.00,210.00,250.00,169.00
2026-08-23 18:58:26,279.00,169.00,194.00,169.00,220.00,306.00,169.00,169.00,201.00,210.00,264.00,169.00
2026-08-23 19:08:41,279.00,169.00,194.00,169.00,220.00,306.00,169.00,169.00,201.00,210.00,264.00,169.00
2026-08-23 19:17:43,279.00,169.00,194.00,169.00,220.00,306.00,169.00,169.00,201.00,210.00,264.00,169.00
2026-08-23 19:27:54,279.00,169.00,194.00,169.00,220.00,306.00,169.00,169.00,201.00,210.00,264.00,169.00
2026-08-23 19:38:12,279.00,169.00,194.00,169.00,220.00,306.00,169.00,169.00,201.00,210.00,264.00,169.00
2026-08-23 19:46:55,279.00,169.00,194.00,169.00,220.00,306.00,169.00,169.00,201.00,210.00,264.00,169.00
2026-08-23 19:57:42,279.00,169.00,194.00,169.00,220.00,306.00,169.00,169.00,201.00,210.00,264.00,169.00
2026-08-23 20:08:27,279.00,169.00,194.00,169.00,220.00,306.00,169.00,169.00,201.00,210.00,264.00,169.00
2026-08-23 20:18:11,279.00,169.00,194.00,169.00,220.00,306.00,169.00,169.00,201.00,210.00,264.00,169.00
2026-08-23 20:28:05,279.00,169.00,194.00,169.00,220.00,306.00,169.00,169.00,201.00,210.00,264.00,169.00
2026-08-23 20:38:16,279.00,169.00,194.00,169.00,220.00,306.00,169.00,169.00,201.00,210.00,264.00,169.00
2026-08-23 20:47:55,279.00,169.00,194.00,169.00,220.00,306.00,169.00,169.00,201.00,210.00,264.00,169.00
2026-08-23 20:58:14,279.00,169.00,194.00,169.00,220.00,306.00,169.00,169.00,201.00,210.00,264.00,169.00
2026-08-23 21:08:05,279.00,169.00,194.00,169.00,220.00,306.00,169.00,169.00,201.00,210.00,264.00,169.00
2026-08-23 21:18:26,279.00,169.00,194.00,169.00,220.00,306.00,169.00,169.00,201.00,210.00,264.00,169.00
2026-08-23 21:28:15,279.00,169.00,194.00,169.00,220.00,306.00,169.00,169.00,201.00,210.00,264.00,169.00
2026-08-23 21:38:11,279.00,169.00,194.00,169.00,220.00,306.00,169.00,169.00,201.00,210.00,264.00,169.00
2026-08-23 21:48:20,279.00,169.00,194.00,169.00,220.00,306.00,169.00,169.00,201.00,210.00,264.00,169.00
2026-08-23 21:57:57,279.00,169.00,194.00,169.00,220.00,306.00,169.00,169.00,201.00,210.00,264.00,169.00
2026-08-23 22:08:09,279.00,169.00,194.00,169.00,220.00,306.00,201.00,169.00,201.00,210.00,264.00,169.00
2026-08-23 22:18:07,279.00,169.00,194.00,169.00,220.00,306.00,201.00,169.00,201.00,210.00,264.00,169.00
2026-08-23 22:28:00,279.00,169.00,194.00,169.00,220.00,306.00,201.00,169.00,201.00,210.00,264.00,169.00
2026-08-23 22:38:06,279.00,169.00,194.00,169.00,220.00,306.00,201.00,169.00,201.00,210.00,264.00,169.00
2026-08-23 22:47:58,279.00,169.00,194.00,169.00,220.00,306.00,201.00,169.00,201.00,210.00,264.00,169.00
2026-08-23 22:58:14,279.00,169.00,194.00,169.00,220.00,306.00,201.00,169.00,201.00,210.00,264.00,169.00
2026-08-23 23:08:32,279.00,169.00,194.00,169.00,220.00,306.00,201.00,169.00,201.00,210.00,264.00,169.00
2026-08-23 23:18:22,279.00,169.00,194.00,169.00,220.00,306.00,201.00,169.00,201.00,210.00,264.00,169.00
2026-08-23 23:27:46,279.00,169.00,194.00,169.00,220.00,347.00,201.00,169.00,201.00,210.00,264.00,169.00
2026-08-23 23:38:15,279.00,169.00,194.00,169.00,220.00,347.00,201.00,169.00,201.00,210.00,264.00,169.00
2026-08-23 23:48:19,279.00,169.00,194.00,169.00,220.00,347.00,201.00,169.00,201.00,210.00,264.00,169.00
2026-08-23 23:58:16,279.00,169.00,194.00,169.00,220.00,347.00,201.00,169.00,201.00,210.00,264.00,169.00
2026-08-24 00:08:19,279.00,169.00,194.00,169.00,229.00,347.00,201.00,169.00,201.00,210.00,264.00,169.00
2026-08-24 00:18:22,279.00,169.00,194.00,169.00,229.00,347.00,201.00,169.00,201.00,210.00,264.00,169.00
2026-08-24 00:28:27,279.00,169.00,194.00,169.00,229.00,347.00,201.00,169.00,201.00,210.00,264.00,169.00
2026-08-24 00:37:07,279.00,169.00,194.00,169.00,229.00,347.00,201.00,169.00,201.00,210.00,264.00,169.00
2026-08-24 00:48:16,279.00,169.00,194.00,169.00,229.00,347.00,201.00,169.00,201.00,210.00,264.00,169.00
2026-08-24 00:57:54,279.00,169.00,194.00,169.00,229.00,347.00,201.00,169.00,201.00,210.00,264.00,169.00
2026-08-24 01:08:33,279.00,169.00,194.00,169.00,229.00,347.00,201.00,169.00,201.00,210.00,264.00,169.00
2026-08-24 01:18:14,279.00,169.00,194.00,169.00,229.00,347.00,201.00,169.00,201.00,210.00,264.00,169.00
2026-08-24 01:28:02,279.00,169.00,194.00,169.00,229.00,347.00,201.00,169.00,201.00,210.00,264.00,169.00
2026-08-24 01:38:09,279.00,169.00,194.00,169.00,229.00,347.00,201.00,169.00,201.00,210.00,264.00,169.00
2026-08-24 01:47:38,279.00,169.00,194.00,169.00,229.00,347.00,201.00,169.00,201.00,210.00,264.00,169.00
2026-08-24 01:58:05,279.00,169.00,194.00,169.00,229.00,347.00,201.00,169.00,201.00,210.00,264.00,169.00
2026-08-24 02:07:42,279.00,169.00,194.00,169.00,229.00,347.00,201.00,169.00,201.00,210.00,264.00,169.00
2026-08-24 02:18:11,279.00,169.00,194.00,169.00,229.00,347.00,201.00,169.00,201.00,210.00,264.00,169.00
2026-08-24 02:28:14,279.00,169.00,194.00,169.00,229.00,347.00,201.00,169.00,201.00,210.00,264.00,169.00
2026-08-24 02:38:17,279.00,169.00,194.00,169.00,229.00,347.00,201.00,169.00,201.00,210.00,264.00,169.00
2026-08-24 02:47:11,279.00,169.00,194.00,169.00,229.00,347.00,201.00,169.00,201.00,210.00,264.00,169.00
2026-08-24 02:57:56,279.00,169.00,194.00,169.00,255.00,347.00,196.00,169.00,196.00,209.00,264.00,169.00
2026-08-24 03:08:29,279.00,169.00,194.00,169.00,255.00,347.00,196.00,169.00,196.00,209.00,264.00,169.00
2026-08-24 03:18:27,279.00,169.00,194.00,169.00,255.00,347.00,196.00,169.00,196.00,209.00,264.00,169.00
2026-08-24 03:28:04,279.00,169.00,194.00,169.00,255.00,347.00,196.00,169.00,196.00,209.00,264.00,169.00
2026-08-24 03:37:56,279.00,169.00,194.00,169.00,255.00,347.00,196.00,169.00,196.00,209.00,264.00,169.00
2026-08-24 03:48:02,279.00,169.00,194.00,169.00,255.00,347.00,196.00,169.00,196.00,209.00,264.00,209.00
2026-08-24 03:57:14,279.00,169.00,194.00,169.00,255.00,347.00,196.00,169.00,196.00,209.00,264.00,209.00
2026-08-24 04:08:11,279.00,169.00,194.00,169.00,255.00,347.00,196.00,169.00,196.00,209.00,264.00,209.00
2026-08-24 04:18:14,279.00,169.00,194.00,169.00,255.00,347.00,196.00,169.00,196.00,209.00,264.00,209.00
2026-08-24 04:28:30,279.00,169.00,194.00,169.00,255.00,347.00,196.00,169.00,196.00,209.00,264.00,209.00
2026-08-24 04:38:30,279.00,169.00,194.00,169.00,255.00,347.00,196.00,169.00,196.00,209.00,264.00,209.00
2026-08-24 04:48:14,279.00,169.00,194.00,169.00,255.00,347.00,198.00,169.00,196.00,209.00,264.00,209.00
2026-08-24 04:57:46,279.00,169.00,194.00,169.00,255.00,347.00,196.00,169.00,196.00,209.00,264.00,209.00
2026-08-24 05:08:21,279.00,169.00,194.00,169.00,255.00,347.00,198.00,169.00,196.00,209.00,264.00,209.00
2026-08-24 05:17:38,279.00,169.00,194.00,169.00,255.00,347.00,198.00,169.00,196.00,209.00,264.00,209.00
2026-08-24 05:28:22,279.00,169.00,194.00,169.00,255.00,347.00,198.00,169.00,196.00,209.00,264.00,209.00
2026-08-24 05:38:24,279.00,169.00,194.00,169.00,255.00,347.00,198.00,169.00,196.00,209.00,264.00,209.00
2026-08-24 05:47:57,279.00,169.00,194.00,169.00,255.00,347.00,198.00,169.00,196.00,209.00,264.00,209.00
2026-08-24 05:58:29,279.00,169.00,194.00,169.00,255.00,347.00,198.00,169.00,196.00,209.00,264.00,209.00
2026-08-24 06:08:31,279.00,169.00,194.00,169.00,255.00,347.00,198.00,169.00,196.00,209.00,264.00,209.00
2026-08-24 06:18:15,279.00,169.00,194.00,169.00,255.00,347.00,198.00,169.00,196.00,209.00,264.00,209.00
2026-08-24 06:28:22,279.00,169.00,264.00,169.00,255.00,347.00,198.00,169.00,196.00,209.00,264.00,209.00
2026-08-24 06:37:21,279.00,169.00,264.00,169.00,255.00,347.00,198.00,169.00,196.00,209.00,264.00,209.00
2026-08-24 06:48:24,279.00,169.00,264.00,169.00,255.00,347.00,198.00,169.00,196.00,209.00,264.00,209.00
2026-08-24 06:58:09,279.00,169.00,264.00,169.00,255.00,347.00,198.00,169.00,196.00,209.00,264.00,209.00
2026-08-24 07:07:44,279.00,169.00,264.00,169.00,255.00,347.00,255.00,169.00,196.00,209.00,264.00,209.00
2026-08-24 07:18:08,274.00,169.00,264.00,169.00,255.00,347.00,255.00,169.00,196.00,209.00,264.00,209.00
2026-08-24 07:27:57,274.00,169.00,264.00,169.00,255.00,347.00,255.00,169.00,196.00,209.00,264.00,209.00
2026-08-24 07:38:24,274.00,169.00,264.00,169.00,255.00,347.00,209.00,169.00,169.00,209.00,264.00,209.00
2026-08-24 07:47:40,274.00,169.00,264.00,169.00,255.00,347.00,209.00,169.00,169.00,209.00,264.00,209.00
2026-08-24 07:58:02,274.00,169.00,264.00,169.00,169.00,306.00,209.00,169.00,169.00,169.00,219.00,255.00
2026-08-24 08:08:26,274.00,169.00,264.00,169.00,169.00,306.00,209.00,169.00,169.00,169.00,219.00,255.00
2026-08-24 08:18:20,274.00,169.00,264.00,169.00,169.00,306.00,209.00,169.00,169.00,169.00,219.00,255.00
2026-08-24 08:28:17,274.00,169.00,264.00,169.00,169.00,306.00,209.00,169.00,169.00,169.00,219.00,209.00
2026-08-24 08:38:14,274.00,169.00,264.00,169.00,169.00,306.00,209.00,169.00,169.00,169.00,219.00,209.00
2026-08-24 08:47:01,274.00,169.00,264.00,169.00,169.00,306.00,209.00,169.00,169.00,169.00,219.00,209.00
2026-08-24 08:58:51,274.00,169.00,264.00,169.00,169.00,306.00,209.00,169.00,169.00,169.00,219.00,209.00
2026-08-24 09:08:38,274.00,169.00,264.00,169.00,169.00,306.00,209.00,169.00,169.00,169.00,219.00,209.00
2026-08-24 09:17:38,274.00,169.00,264.00,169.00,169.00,306.00,209.00,169.00,169.00,169.00,219.00,209.00
2026-08-24 09:28:17,274.00,169.00,264.00,169.00,169.00,306.00,209.00,169.00,169.00,169.00,219.00,209.00
2026-08-24 09:38:16,274.00,169.00,264.00,169.00,169.00,306.00,209.00,169.00,169.00,169.00,219.00,209.00
2026-08-24 09:48:13,274.00,169.00,264.00,169.00,169.00,306.00,209.00,169.00,169.00,169.00,219.00,209.00
2026-08-24 09:57:33,274.00,169.00,264.00,169.00,169.00,306.00,209.00,169.00,169.00,169.00,219.00,209.00
2026-08-24 10:08:02,274.00,169.00,264.00,169.00,169.00,306.00,209.00,169.00,169.00,169.00,219.00,209.00
2026-08-24 10:18:22,274.00,169.00,264.00,169.00,169.00,306.00,209.00,169.00,169.00,169.00,219.00,209.00
2026-08-24 10:27:47,274.00,169.00,264.00,169.00,169.00,306.00,209.00,169.00,169.00,169.00,219.00,209.00
2026-08-24 10:37:15,274.00,169.00,264.00,169.00,169.00,306.00,209.00,169.00,169.00,169.00,219.00,209.00
2026-08-24 10:48:31,274.00,169.00,264.00,169.00,169.00,306.00,209.00,169.00,169.00,169.00,219.00,209.00
2026-08-24 10:57:48,274.00,169.00,264.00,169.00,169.00,306.00,209.00,169.00,169.00,169.00,219.00,209.00
2026-08-24 11:08:32,274.00,169.00,264.00,169.00,169.00,306.00,209.00,169.00,169.00,169.00,219.00,209.00
2026-08-24 11:17:48,274.00,169.00,264.00,169.00,169.00,306.00,209.00,169.00,169.00,169.00,219.00,209.00
2026-08-24 11:28:38,274.00,169.00,264.00,169.00,169.00,306.00,209.00,169.00,169.00,169.00,219.00,209.00
2026-08-24 11:38:47,274.00,169.00,264.00,169.00,169.00,306.00,209.00,169.00,169.00,169.00,219.00,209.00
2026-08-24 11:48:36,274.00,169.00,264.00,169.00,169.00,306.00,209.00,169.00,169.00,169.00,219.00,209.00
2026-08-24 11:58:37,274.00,169.00,264.00,169.00,169.00,306.00,209.00,169.00,169.00,169.00,219.00,209.00
2026-08-24 12:08:48,274.00,169.00,264.00,169.00,169.00,306.00,209.00,169.00,169.00,169.00,219.00,209.00
2026-08-24 12:18:02,274.00,169.00,264.00,169.00,169.00,306.00,209.00,169.00,169.00,169.00,219.00,209.00
2026-08-24 12:28:32,274.00,169.00,264.00,169.00,169.00,306.00,209.00,169.00,169.00,169.00,219.00,209.00
2026-08-24 12:38:55,274.00,169.00,264.00,169.00,169.00,306.00,209.00,169.00,169.00,169.00,219.00,209.00
2026-08-24 12:47:30,274.00,169.00,264.00,169.00,169.00,306.00,209.00,169.00,169.00,169.00,219.00,209.00
2026-08-24 12:58:21,270.00,169.00,239.00,169.00,169.00,306.00,209.00,169.00,169.00,169.00,219.00,209.00
2026-08-24 13:08:44,270.00,169.00,239.00,169.00,169.00,306.00,209.00,169.00,169.00,169.00,219.00,209.00
2026-08-24 13:18:38,270.00,169.00,239.00,169.00,169.00,306.00,209.00,169.00,169.00,169.00,219.00,209.00
2026-08-24 13:28:46,270.00,169.00,239.00,169.00,169.00,306.00,209.00,169.00,169.00,169.00,219.00,209.00
2026-08-24 13:38:38,270.00,169.00,239.00,169.00,169.00,306.00,209.00,169.00,169.00,169.00,219.00,209.00
2026-08-24 13:48:39,270.00,169.00,239.00,169.00,169.00,306.00,209.00,169.00,169.00,169.00,219.00,209.00
2026-08-24 13:58:50,270.00,169.00,239.00,169.00,169.00,306.00,209.00,169.00,169.00,169.00,219.00,209.00
2026-08-24 14:08:58,270.00,169.00,239.00,169.00,169.00,306.00,209.00,169.00,169.00,169.00,219.00,209.00
2026-08-24 14:18:57,270.00,169.00,239.00,169.00,169.00,306.00,209.00,169.00,169.00,169.00,219.00,209.00
2026-08-24 14:28:06,270.00,169.00,239.00,169.00,196.00,306.00,209.00,169.00,169.00,169.00,219.00,219.00
2026-08-24 14:38:44,270.00,169.00,239.00,169.00,196.00,306.00,209.00,169.00,169.00,169.00,219.00,219.00
2026-08-24 14:48:48,270.00,169.00,239.00,169.00,196.00,306.00,209.00,169.00,169.00,169.00,219.00,219.00
2026-08-24 14:58:52,270.00,169.00,239.00,169.00,196.00,306.00,209.00,169.00,169.00,169.00,219.00,219.00
2026-08-24 15:09:19,270.00,169.00,239.00,169.00,196.00,306.00,209.00,169.00,169.00,169.00,219.00,219.00
2026-08-24 15:19:05,270.00,169.00,239.00,169.00,196.00,306.00,209.00,169.00,169.00,169.00,219.00,219.00
2026-08-24 15:29:04,270.00,169.00,239.00,169.00,196.00,306.00,209.00,169.00,169.00,169.00,219.00,219.00
2026-08-24 15:38:57,270.00,169.00,239.00,169.00,196.00,306.00,209.00,169.00,169.00,169.00,219.00,219.00
2026-08-24 15:48:49,270.00,169.00,239.00,169.00,196.00,306.00,209.00,169.00,169.00,169.00,219.00,219.00
2026-08-24 15:58:50,270.00,169.00,239.00,169.00,196.00,306.00,209.00,169.00,169.00,169.00,219.00,219.00
2026-08-24 16:09:08,270.00,169.00,239.00,169.00,196.00,306.00,209.00,169.00,169.00,169.00,219.00,219.00
2026-08-24 16:18:56,270.00,169.00,239.00,169.00,196.00,306.00,209.00,169.00,169.00,169.00,219.00,219.00
2026-08-24 16:28:55,270.00,169.00,239.00,169.00,196.00,306.00,209.00,169.00,169.00,169.00,219.00,219.00
2026-08-24 16:38:41,270.00,169.00,239.00,169.00,196.00,306.00,209.00,169.00,169.00,169.00,219.00,219.00
2026-08-24 16:48:58,270.00,169.00,239.00,169.00,196.00,306.00,209.00,169.00,169.00,169.00,219.00,219.00
2026-08-24 16:59:00,270.00,169.00,239.00,169.00,196.00,306.00,209.00,169.00,169.00,169.00,219.00,219.00
2026-08-24 17:08:09,270.00,169.00,239.00,169.00,196.00,306.00,209.00,169.00,169.00,169.00,219.00,219.00
2026-08-24 17:19:04,270.00,169.00,239.00,169.00,196.00,306.00,209.00,169.00,169.00,169.00,219.00,219.00
2026-08-24 17:28:52,270.00,169.00,239.00,169.00,196.00,306.00,209.00,169.00,196.00,169.00,219.00,219.00
2026-08-24 17:38:38,270.00,169.00,239.00,169.00,196.00,306.00,209.00,169.00,196.00,169.00,219.00,219.00
2026-08-24 17:47:39,270.00,169.00,239.00,169.00,196.00,306.00,209.00,169.00,196.00,169.00,219.00,219.00
2026-08-24 17:59:13,,169.00,,,,,,169.00,196.00,169.00,219.00,
2026-08-24 18:09:07,270.00,169.00,239.00,169.00,196.00,306.00,209.00,169.00,196.00,169.00,219.00,219.00
2026-08-24 18:18:57,270.00,169.00,239.00,169.00,196.00,306.00,209.00,169.00,196.00,169.00,219.00,219.00
2026-08-24 18:27:47,270.00,169.00,239.00,169.00,196.00,306.00,209.00,169.00,196.00,169.00,219.00,219.00
2026-08-24 18:38:52,270.00,169.00,239.00,169.00,196.00,306.00,209.00,169.00,196.00,169.00,219.00,219.00
2026-08-24 18:49:04,270.00,169.00,239.00,169.00,196.00,306.00,219.00,169.00,196.00,169.00,264.00,219.00
2026-08-24 18:58:44,270.00,169.00,239.00,169.00,196.00,306.00,219.00,169.00,196.00,169.00,264.00,219.00
2026-08-24 19:09:03,270.00,169.00,239.00,169.00,196.00,306.00,219.00,169.00,196.00,169.00,264.00,219.00
2026-08-24 19:18:17,270.00,169.00,239.00,169.00,196.00,306.00,219.00,169.00,196.00,169.00,264.00,219.00
2026-08-24 19:28:16,270.00,169.00,239.00,169.00,196.00,306.00,219.00,169.00,196.00,169.00,264.00,219.00
2026-08-24 19:38:56,270.00,169.00,239.00,169.00,196.00,306.00,219.00,169.00,196.00,169.00,264.00,219.00
2026-08-24 19:49:02,270.00,169.00,239.00,169.00,196.00,306.00,219.00,169.00,196.00,169.00,264.00,255.00
2026-08-24 19:58:54,270.00,169.00,239.00,169.00,196.00,306.00,219.00,169.00,196.00,169.00,264.00,255.00
2026-08-24 20:08:58,270.00,169.00,239.00,169.00,196.00,306.00,219.00,169.00,196.00,169.00,264.00,258.00
2026-08-24 20:19:05,270.00,169.00,239.00,169.00,196.00,347.00,219.00,169.00,196.00,169.00,264.00,258.00
2026-08-24 20:28:50,270.00,169.00,239.00,169.00,196.00,347.00,219.00,169.00,196.00,169.00,264.00,258.00
2026-08-24 20:38:54,270.00,169.00,239.00,169.00,219.00,369.00,219.00,169.00,196.00,169.00,264.00,264.00
2026-08-24 20:48:16,270.00,169.00,239.00,169.00,219.00,369.00,219.00,169.00,196.00,169.00,264.00,258.00
2026-08-24 20:59:03,270.00,169.00,239.00,169.00,219.00,369.00,219.00,169.00,196.00,169.00,264.00,255.00
2026-08-24 21:08:50,270.00,169.00,239.00,169.00,196.00,369.00,219.00,169.00,196.00,169.00,264.00,255.00
2026-08-24 21:18:23,270.00,169.00,239.00,169.00,196.00,369.00,219.00,169.00,196.00,169.00,264.00,255.00
2026-08-24 21:29:01,270.00,169.00,239.00,169.00,196.00,369.00,219.00,169.00,196.00,169.00,264.00,255.00
2026-08-24 21:38:59,270.00,169.00,239.00,169.00,196.00,369.00,264.00,169.00,196.00,169.00,264.00,255.00
2026-08-24 21:48:01,270.00,169.00,239.00,169.00,196.00,369.00,264.00,169.00,196.00,169.00,264.00,255.00
2026-08-24 21:58:56,270.00,169.00,239.00,169.00,196.00,369.00,264.00,169.00,196.00,169.00,264.00,255.00
2026-08-24 22:09:07,270.00,169.00,239.00,169.00,196.00,369.00,264.00,169.00,196.00,169.00,264.00,255.00
2026-08-24 22:18:51,270.00,169.00,239.00,169.00,196.00,369.00,264.00,169.00,196.00,169.00,264.00,255.00
2026-08-24 22:28:55,270.00,169.00,239.00,169.00,196.00,369.00,264.00,169.00,196.00,169.00,264.00,255.00
2026-08-24 22:37:55,270.00,,239.00,169.00,196.00,369.00,264.00,,,,,255.00
2026-08-24 22:49:01,272.00,169.00,239.00,169.00,196.00,369.00,264.00,169.00,196.00,169.00,264.00,255.00
2026-08-24 22:59:05,272.00,169.00,239.00,169.00,196.00,369.00,264.00,169.00,196.00,169.00,264.00,255.00
2026-08-24 23:09:15,272.00,169.00,239.00,169.00,196.00,369.00,264.00,169.00,196.00,169.00,264.00,255.00
2026-08-24 23:19:05,272.00,169.00,239.00,169.00,196.00,369.00,264.00,169.00,196.00,169.00,264.00,255.00
2026-08-24 23:29:02,272.00,169.00,239.00,169.00,196.00,369.00,264.00,169.00,196.00,169.00,264.00,255.00
2026-08-24 23:49:04,272.00,169.00,239.00,169.00,196.00,369.00,264.00,169.00,196.00,169.00,264.00,255.00
2026-08-24 23:59:11,272.00,169.00,239.00,169.00,196.00,369.00,264.00,169.00,196.00,169.00,264.00,255.00
2026-08-25 00:09:20,272.00,169.00,239.00,169.00,196.00,369.00,219.00,169.00,196.00,169.00,264.00,255.00
2026-08-25 00:17:53,272.00,169.00,239.00,169.00,196.00,369.00,264.00,169.00,196.00,169.00,264.00,255.00
2026-08-25 00:29:00,272.00,169.00,239.00,169.00,196.00,369.00,219.00,169.00,196.00,169.00,264.00,255.00
2026-08-25 00:39:06,272.00,179.00,249.00,179.00,206.00,369.00,229.00,179.00,206.00,179.00,264.00,264.00
2026-08-25 00:49:20,272.00,179.00,249.00,179.00,206.00,369.00,229.00,179.00,206.00,179.00,264.00,264.00
2026-08-25 00:59:07,272.00,179.00,249.00,179.00,206.00,369.00,229.00,179.00,206.00,179.00,264.00,264.00
2026-08-25 01:08:29,272.00,179.00,249.00,179.00,206.00,369.00,229.00,179.00,206.00,179.00,264.00,264.00
2026-08-25 01:19:10,272.00,179.00,249.00,179.00,206.00,369.00,229.00,179.00,206.00,179.00,264.00,264.00
2026-08-25 01:28:53,272.00,179.00,249.00,179.00,206.00,369.00,229.00,179.00,206.00,179.00,264.00,264.00
2026-08-25 01:39:25,272.00,179.00,249.00,179.00,206.00,369.00,229.00,179.00,206.00,179.00,264.00,264.00
2026-08-25 01:49:15,272.00,179.00,249.00,179.00,206.00,369.00,229.00,179.00,206.00,179.00,264.00,264.00
2026-08-25 01:59:05,272.00,179.00,249.00,179.00,206.00,369.00,229.00,179.00,206.00,179.00,264.00,264.00
2026-08-25 02:09:14,268.00,179.00,249.00,179.00,206.00,369.00,229.00,179.00,206.00,179.00,264.00,264.00
2026-08-25 02:19:14,268.00,179.00,249.00,179.00,206.00,369.00,229.00,179.00,206.00,179.00,264.00,264.00
2026-08-25 02:27:33,268.00,179.00,249.00,179.00,206.00,369.00,229.00,179.00,206.00,179.00,264.00,264.00
2026-08-25 02:39:05,266.00,179.00,249.00,179.00,206.00,369.00,229.00,179.00,206.00,179.00,264.00,264.00
2026-08-25 02:48:58,266.00,179.00,249.00,179.00,206.00,369.00,229.00,179.00,206.00,179.00,264.00,264.00
2026-08-25 02:57:35,266.00,179.00,249.00,179.00,206.00,369.00,229.00,179.00,206.00,179.00,264.00,264.00
2026-08-25 03:09:19,266.00,179.00,249.00,179.00,205.00,369.00,239.00,179.00,205.00,179.00,264.00,264.00
2026-08-25 03:19:18,266.00,179.00,249.00,179.00,205.00,369.00,239.00,179.00,205.00,179.00,264.00,264.00
2026-08-25 03:29:06,266.00,179.00,249.00,179.00,205.00,369.00,239.00,179.00,205.00,179.00,264.00,264.00
2026-08-25 03:39:04,266.00,179.00,249.00,179.00,205.00,369.00,239.00,179.00,205.00,179.00,264.00,264.00
2026-08-25 03:48:47,266.00,179.00,249.00,179.00,205.00,369.00,239.00,179.00,205.00,179.00,264.00,264.00
2026-08-25 03:59:10,266.00,179.00,249.00,179.00,239.00,369.00,239.00,179.00,205.00,179.00,264.00,264.00
2026-08-25 04:09:59,266.00,179.00,249.00,179.00,239.00,369.00,239.00,179.00,219.00,179.00,264.00,264.00
2026-08-25 04:19:50,266.00,179.00,249.00,179.00,239.00,369.00,239.00,179.00,219.00,179.00,264.00,264.00
2026-08-25 04:29:33,266.00,179.00,249.00,179.00,239.00,369.00,239.00,179.00,219.00,205.00,264.00,264.00
2026-08-25 04:39:10,266.00,179.00,249.00,179.00,239.00,369.00,239.00,179.00,219.00,205.00,264.00,264.00
2026-08-25 04:48:07,266.00,179.00,249.00,179.00,239.00,369.00,239.00,179.00,219.00,205.00,264.00,264.00
2026-08-25 04:59:05,266.00,179.00,249.00,179.00,239.00,369.00,239.00,179.00,219.00,205.00,264.00,264.00
2026-08-25 05:07:41,266.00,179.00,249.00,179.00,239.00,369.00,239.00,179.00,219.00,205.00,264.00,264.00
2026-08-25 05:18:43,266.00,179.00,249.00,179.00,239.00,369.00,239.00,179.00,219.00,205.00,264.00,264.00
2026-08-25 05:28:48,266.00,179.00,249.00,179.00,239.00,369.00,239.00,179.00,219.00,205.00,264.00,264.00
2026-08-25 05:39:00,266.00,179.00,249.00,179.00,239.00,369.00,239.00,179.00,219.00,205.00,264.00,264.00
2026-08-25 05:48:53,266.00,179.00,249.00,179.00,239.00,369.00,239.00,179.00,219.00,205.00,264.00,264.00
2026-08-25 05:58:58,266.00,179.00,249.00,179.00,239.00,369.00,239.00,179.00,219.00,205.00,264.00,264.00
2026-08-25 06:08:12,266.00,179.00,249.00,179.00,239.00,369.00,239.00,179.00,219.00,205.00,264.00,264.00
2026-08-25 06:18:54,268.00,179.00,249.00,179.00,239.00,369.00,239.00,179.00,219.00,205.00,264.00,264.00
2026-08-25 06:28:57,268.00,179.00,274.00,179.00,239.00,369.00,239.00,179.00,219.00,205.00,264.00,264.00
2026-08-25 06:38:49,268.00,179.00,274.00,179.00,239.00,369.00,239.00,179.00,219.00,205.00,264.00,264.00
2026-08-25 06:48:08,268.00,179.00,274.00,179.00,239.00,369.00,239.00,179.00,219.00,205.00,264.00,264.00
2026-08-25 06:57:39,268.00,179.00,274.00,179.00,239.00,369.00,239.00,179.00,219.00,205.00,264.00,264.00
2026-08-25 07:08:57,279.00,179.00,274.00,179.00,239.00,369.00,239.00,179.00,219.00,205.00,264.00,264.00
2026-08-25 07:18:43,279.00,179.00,274.00,179.00,239.00,369.00,239.00,179.00,219.00,205.00,264.00,264.00
2026-08-25 07:28:59,279.00,179.00,274.00,179.00,239.00,369.00,239.00,179.00,219.00,205.00,264.00,264.00
2026-08-25 07:39:00,279.00,179.00,274.00,179.00,239.00,369.00,239.00,179.00,219.00,205.00,264.00,264.00
2026-08-25 07:48:38,279.00,179.00,274.00,179.00,239.00,369.00,239.00,179.00,219.00,205.00,264.00,264.00
2026-08-25 07:58:58,279.00,179.00,274.00,179.00,239.00,369.00,239.00,179.00,219.00,205.00,264.00,264.00
2026-08-25 08:09:01,279.00,179.00,274.00,179.00,239.00,369.00,239.00,179.00,219.00,205.00,264.00,264.00
2026-08-25 08:18:50,279.00,179.00,274.00,179.00,239.00,369.00,239.00,179.00,219.00,205.00,264.00,264.00
2026-08-25 08:28:52,279.00,179.00,274.00,179.00,239.00,369.00,239.00,179.00,219.00,205.00,264.00,264.00
2026-08-25 08:39:02,279.00,179.00,274.00,179.00,239.00,369.00,239.00,179.00,219.00,205.00,264.00,264.00
2026-08-25 08:48:52,279.00,179.00,274.00,179.00,239.00,369.00,239.00,179.00,219.00,205.00,264.00,264.00
2026-08-25 08:58:47,279.00,179.00,274.00,179.00,239.00,369.00,179.00,179.00,219.00,205.00,264.00,264.00
2026-08-25 09:08:16,279.00,179.00,274.00,179.00,239.00,369.00,179.00,179.00,219.00,205.00,264.00,264.00
2026-08-25 09:18:56,279.00,179.00,274.00,179.00,239.00,369.00,179.00,179.00,179.00,205.00,264.00,264.00
2026-08-25 09:28:54,279.00,179.00,274.00,179.00,239.00,369.00,179.00,179.00,179.00,205.00,264.00,264.00
2026-08-25 09:38:57,279.00,179.00,274.00,179.00,239.00,369.00,179.00,179.00,179.00,179.00,264.00,264.00
2026-08-25 09:48:13,279.00,179.00,274.00,179.00,239.00,369.00,179.00,179.00,179.00,179.00,264.00,264.00
2026-08-25 09:59:01,279.00,179.00,274.00,179.00,179.00,306.00,179.00,179.00,179.00,179.00,264.00,264.00
2026-08-25 10:08:14,279.00,179.00,274.00,179.00,179.00,306.00,179.00,179.00,179.00,179.00,264.00,264.00
2026-08-25 10:18:52,279.00,179.00,274.00,179.00,179.00,306.00,179.00,179.00,179.00,179.00,264.00,205.00
2026-08-25 10:28:47,279.00,179.00,274.00,179.00,179.00,306.00,179.00,179.00,179.00,179.00,264.00,205.00
2026-08-25 10:38:18,279.00,179.00,274.00,179.00,179.00,306.00,179.00,179.00,179.00,179.00,264.00,205.00
2026-08-25 10:47:21,279.00,179.00,274.00,179.00,179.00,306.00,179.00,179.00,179.00,179.00,264.00,205.00
2026-08-25 10:58:14,279.00,179.00,274.00,179.00,179.00,306.00,179.00,179.00,179.00,179.00,264.00,205.00
2026-08-25 11:09:07,279.00,179.00,274.00,179.00,179.00,306.00,179.00,179.00,179.00,179.00,264.00,205.00
2026-08-25 11:18:59,279.00,179.00,274.00,179.00,179.00,306.00,179.00,179.00,179.00,179.00,264.00,205.00
2026-08-25 11:29:17,279.00,179.00,274.00,179.00,179.00,306.00,179.00,179.00,179.00,179.00,264.00,205.00
2026-08-25 11:39:09,279.00,179.00,274.00,179.00,179.00,306.00,179.00,179.00,179.00,179.00,264.00,205.00
2026-08-25 11:49:13,279.00,179.00,274.00,179.00,179.00,306.00,179.00,179.00,179.00,179.00,264.00,205.00
2026-08-25 11:58:51,279.00,179.00,274.00,179.00,179.00,306.00,179.00,179.00,179.00,179.00,264.00,205.00
2026-08-25 12:09:16,279.00,179.00,274.00,179.00,179.00,306.00,179.00,179.00,179.00,179.00,264.00,205.00
2026-08-25 12:19:08,279.00,179.00,274.00,179.00,179.00,306.00,179.00,179.00,179.00,179.00,264.00,205.00
2026-08-25 12:28:49,279.00,179.00,274.00,179.00,179.00,306.00,179.00,179.00,179.00,179.00,264.00,205.00
2026-08-25 12:39:07,279.00,179.00,274.00,179.00,179.00,306.00,179.00,179.00,179.00,179.00,264.00,205.00
2026-08-25 12:48:49,279.00,179.00,274.00,179.00,179.00,306.00,179.00,179.00,179.00,179.00,264.00,205.00
2026-08-25 12:59:13,279.00,179.00,274.00,179.00,179.00,306.00,179.00,179.00,179.00,179.00,264.00,205.00
2026-08-25 13:09:20,279.00,179.00,274.00,179.00,179.00,306.00,179.00,179.00,179.00,179.00,264.00,205.00
2026-08-25 13:19:23,279.00,179.00,274.00,179.00,179.00,306.00,179.00,179.00,179.00,179.00,264.00,205.00
2026-08-25 13:28:53,279.00,179.00,274.00,179.00,179.00,306.00,179.00,179.00,179.00,179.00,264.00,205.00
2026-08-25 13:39:19,279.00,179.00,274.00,179.00,179.00,306.00,179.00,179.00,179.00,179.00,264.00,205.00
2026-08-25 13:47:38,279.00,179.00,249.00,179.00,179.00,306.00,179.00,179.00,179.00,179.00,264.00,205.00
2026-08-25 13:59:24,279.00,179.00,249.00,179.00,179.00,306.00,179.00,179.00,179.00,179.00,264.00,205.00
2026-08-25 14:09:36,279.00,179.00,249.00,179.00,179.00,306.00,179.00,179.00,179.00,179.00,264.00,205.00
2026-08-25 14:19:31,279.00,179.00,249.00,179.00,179.00,306.00,179.00,179.00,179.00,179.00,264.00,205.00
2026-08-25 14:29:21,279.00,179.00,249.00,179.00,179.00,306.00,179.00,179.00,179.00,179.00,264.00,205.00
2026-08-25 14:39:22,279.00,179.00,249.00,179.00,179.00,306.00,179.00,179.00,179.00,179.00,264.00,205.00
2026-08-25 14:47:56,279.00,179.00,249.00,179.00,179.00,306.00,179.00,179.00,179.00,179.00,264.00,205.00
2026-08-25 14:58:28,279.00,179.00,249.00,179.00,179.00,306.00,179.00,179.00,179.00,179.00,264.00,205.00
2026-08-25 15:09:22,279.00,179.00,249.00,179.00,179.00,306.00,179.00,179.00,179.00,179.00,264.00,205.00
2026-08-25 15:19:26,279.00,179.00,249.00,179.00,179.00,306.00,179.00,179.00,179.00,179.00,264.00,205.00
2026-08-25 15:29:29,279.00,179.00,249.00,179.00,179.00,306.00,179.00,179.00,179.00,179.00,264.00,205.00
2026-08-25 15:39:15,279.00,179.00,249.00,179.00,179.00,306.00,179.00,179.00,179.00,179.00,264.00,205.00
2026-08-25 15:49:12,279.00,179.00,249.00,179.00,179.00,306.00,179.00,179.00,179.00,179.00,264.00,205.00
2026-08-25 15:59:09,279.00,179.00,249.00,179.00,179.00,306.00,179.00,179.00,179.00,179.00,264.00,205.00
2026-08-25 16:09:11,279.00,179.00,249.00,179.00,179.00,306.00,179.00,179.00,179.00,179.00,264.00,205.00
2026-08-25 16:19:35,279.00,179.00,249.00,179.00,179.00,306.00,179.00,179.00,179.00,179.00,264.00,205.00
2026-08-25 16:29:37,279.00,179.00,249.00,179.00,179.00,306.00,179.00,179.00,179.00,179.00,264.00,205.00
2026-08-25 16:40:07,279.00,179.00,249.00,179.00,179.00,306.00,179.00,179.00,179.00,179.00,264.00,205.00
2026-08-25 16:50:56,279.00,179.00,249.00,179.00,179.00,306.00,179.00,179.00,179.00,179.00,264.00,205.00
2026-08-25 17:01:19,279.00,179.00,249.00,179.00,179.00,306.00,179.00,179.00,179.00,179.00,264.00,205.00
2026-08-25 17:10:46,279.00,179.00,249.00,179.00,179.00,306.00,179.00,179.00,179.00,179.00,264.00,205.00
2026-08-25 17:20:48,279.00,179.00,249.00,179.00,179.00,306.00,205.00,179.00,179.00,179.00,264.00,205.00
2026-08-25 17:31:10,279.00,179.00,249.00,179.00,179.00,306.00,205.00,179.00,189.00,179.00,264.00,205.00
2026-08-25 17:41:09,279.00,179.00,249.00,179.00,179.00,306.00,205.00,179.00,189.00,179.00,264.00,205.00
2026-08-25 17:50:57,279.00,179.00,249.00,189.00,189.00,316.00,215.00,189.00,189.00,189.00,274.00,215.00
2026-08-25 18:01:18,279.00,179.00,249.00,189.00,189.00,316.00,215.00,189.00,189.00,189.00,274.00,215.00
2026-08-25 18:10:55,279.00,179.00,249.00,189.00,189.00,316.00,215.00,189.00,189.00,189.00,274.00,215.00
2026-08-25 18:20:59,279.00,179.00,249.00,189.00,189.00,316.00,215.00,189.00,189.00,189.00,274.00,215.00
2026-08-25 18:31:10,279.00,179.00,249.00,189.00,189.00,316.00,215.00,189.00,189.00,189.00,274.00,215.00
2026-08-25 18:41:20,279.00,179.00,249.00,189.00,189.00,316.00,215.00,189.00,189.00,189.00,274.00,215.00
2026-08-25 18:51:41,279.00,179.00,249.00,189.00,189.00,316.00,215.00,189.00,189.00,189.00,274.00,215.00
2026-08-25 19:02:01,279.00,179.00,249.00,189.00,189.00,316.00,215.00,189.00,189.00,189.00,274.00,215.00
2026-08-25 19:12:13,279.00,179.00,249.00,189.00,189.00,316.00,215.00,189.00,189.00,189.00,274.00,215.00
2026-08-25 19:22:31,279.00,179.00,249.00,189.00,189.00,316.00,215.00,189.00,189.00,189.00,274.00,215.00
2026-08-25 19:32:32,279.00,179.00,249.00,189.00,189.00,316.00,215.00,189.00,189.00,189.00,274.00,215.00
2026-08-25 19:42:31,279.00,179.00,249.00,189.00,189.00,316.00,215.00,189.00,189.00,189.00,274.00,215.00
2026-08-25 19:52:16,279.00,179.00,249.00,189.00,189.00,316.00,215.00,189.00,189.00,189.00,274.00,215.00
2026-08-25 20:02:24,279.00,179.00,249.00,189.00,189.00,316.00,215.00,189.00,189.00,189.00,274.00,215.00
2026-08-25 20:12:38,279.00,179.00,249.00,189.00,189.00,316.00,215.00,189.00,189.00,189.00,274.00,215.00
2026-08-25 20:22:51,279.00,179.00,249.00,189.00,189.00,316.00,215.00,189.00,189.00,189.00,274.00,215.00
2026-08-25 20:33:09,279.00,179.00,249.00,189.00,189.00,316.00,215.00,189.00,189.00,189.00,274.00,215.00
2026-08-25 20:43:17,279.00,179.00,249.00,189.00,189.00,316.00,215.00,189.00,189.00,189.00,274.00,215.00
2026-08-25 20:52:56,279.00,179.00,249.00,189.00,189.00,316.00,215.00,189.00,189.00,189.00,274.00,215.00
2026-08-25 21:02:59,279.00,179.00,249.00,189.00,189.00,316.00,215.00,189.00,189.00,189.00,274.00,215.00
2026-08-25 21:13:12,279.00,179.00,249.00,189.00,189.00,316.00,215.00,189.00,189.00,189.00,274.00,215.00
2026-08-25 21:23:18,279.00,179.00,249.00,189.00,189.00,316.00,215.00,189.00,189.00,189.00,274.00,215.00
2026-08-25 21:33:38,279.00,179.00,249.00,189.00,189.00,316.00,215.00,189.00,189.00,189.00,274.00,215.00
2026-08-25 21:43:49,279.00,179.00,249.00,189.00,189.00,316.00,215.00,189.00,189.00,189.00,274.00,215.00
2026-08-25 21:52:28,279.00,179.00,249.00,189.00,189.00,316.00,215.00,189.00,189.00,189.00,274.00,215.00
2026-08-25 22:02:42,279.00,179.00,249.00,189.00,189.00,316.00,215.00,189.00,189.00,189.00,274.00,215.00
2026-08-25 22:13:08,279.00,179.00,249.00,189.00,189.00,316.00,215.00,189.00,189.00,189.00,274.00,215.00
2026-08-25 22:23:28,279.00,179.00,249.00,189.00,189.00,316.00,215.00,189.00,189.00,189.00,274.00,215.00
2026-08-25 22:33:38,279.00,179.00,249.00,189.00,189.00,316.00,215.00,189.00,189.00,189.00,274.00,215.00
2026-08-25 22:44:02,279.00,179.00,249.00,189.00,189.00,316.00,215.00,189.00,189.00,189.00,274.00,215.00
2026-08-25 22:54:21,279.00,179.00,249.00,189.00,189.00,316.00,215.00,189.00,189.00,189.00,274.00,215.00
2026-08-25 23:03:44,279.00,179.00,249.00,189.00,189.00,316.00,215.00,189.00,189.00,189.00,274.00,215.00
2026-08-25 23:12:58,279.00,179.00,249.00,189.00,189.00,316.00,215.00,189.00,189.00,189.00,274.00,215.00
2026-08-25 23:22:56,279.00,179.00,249.00,189.00,189.00,316.00,215.00,189.00,189.00,189.00,274.00,215.00
2026-08-25 23:33:04,,179.00,,,,,,189.00,189.00,189.00,274.00,
2026-08-25 23:42:58,279.00,179.00,249.00,189.00,189.00,316.00,215.00,189.00,189.00,189.00,274.00,215.00
2026-08-25 23:53:19,279.00,179.00,249.00,189.00,189.00,316.00,215.00,189.00,189.00,189.00,274.00,215.00
2026-08-26 00:03:32,279.00,179.00,249.00,189.00,189.00,316.00,215.00,189.00,189.00,189.00,274.00,215.00
2026-08-26 00:13:52,279.00,179.00,249.00,189.00,189.00,316.00,215.00,189.00,189.00,189.00,274.00,215.00
2026-08-26 00:24:08,279.00,179.00,249.00,189.00,189.00,316.00,215.00,189.00,189.00,189.00,274.00,215.00
2026-08-26 00:34:07,279.00,179.00,249.00,189.00,189.00,316.00,215.00,189.00,189.00,189.00,274.00,215.00
2026-08-26 00:44:27,279.00,179.00,249.00,189.00,189.00,316.00,215.00,189.00,189.00,189.00,274.00,215.00
2026-08-26 00:54:46,279.00,179.00,249.00,189.00,189.00,316.00,215.00,189.00,189.00,189.00,274.00,215.00
2026-08-26 01:04:47,279.00,179.00,249.00,189.00,189.00,316.00,215.00,189.00,189.00,189.00,274.00,215.00
2026-08-26 01:15:09,279.00,179.00,249.00,189.00,189.00,316.00,215.00,189.00,189.00,189.00,274.00,215.00
2026-08-26 01:25:01,279.00,179.00,249.00,189.00,189.00,316.00,215.00,189.00,189.00,189.00,274.00,215.00
2026-08-26 01:35:12,279.00,179.00,249.00,189.00,189.00,316.00,215.00,189.00,189.00,189.00,274.00,215.00
2026-08-26 01:44:39,279.00,179.00,249.00,189.00,189.00,316.00,215.00,189.00,189.00,189.00,274.00,215.00
2026-08-26 01:54:07,279.00,179.00,249.00,189.00,189.00,316.00,215.00,189.00,189.00,189.00,274.00,249.00
2026-08-26 02:04:17,279.00,179.00,249.00,189.00,189.00,316.00,215.00,189.00,189.00,189.00,274.00,249.00
2026-08-26 02:14:23,279.00,179.00,249.00,189.00,189.00,316.00,215.00,189.00,189.00,189.00,274.00,249.00
2026-08-26 02:24:44,279.00,179.00,249.00,189.00,189.00,316.00,215.00,189.00,189.00,189.00,274.00,249.00
2026-08-26 02:34:47,279.00,179.00,249.00,189.00,189.00,316.00,216.00,189.00,189.00,189.00,274.00,249.00
2026-08-26 02:43:42,279.00,179.00,249.00,189.00,189.00,316.00,216.00,189.00,189.00,189.00,274.00,249.00
2026-08-26 02:53:48,279.00,179.00,249.00,189.00,189.00,316.00,216.00,189.00,189.00,189.00,274.00,235.00
2026-08-26 03:04:19,279.00,179.00,249.00,189.00,189.00,316.00,216.00,189.00,189.00,189.00,274.00,235.00
2026-08-26 03:14:40,279.00,179.00,249.00,189.00,189.00,316.00,216.00,189.00,189.00,189.00,274.00,235.00
2026-08-26 03:25:12,279.00,179.00,249.00,189.00,189.00,316.00,216.00,189.00,189.00,189.00,274.00,235.00
2026-08-26 03:35:28,279.00,179.00,249.00,189.00,189.00,316.00,216.00,189.00,189.00,189.00,274.00,235.00
2026-08-26 03:45:52,279.00,179.00,249.00,189.00,189.00,316.00,216.00,189.00,189.00,235.00,274.00,235.00
2026-08-26 03:56:05,279.00,179.00,249.00,189.00,189.00,316.00,216.00,189.00,189.00,235.00,274.00,235.00
2026-08-26 04:05:31,279.00,179.00,249.00,189.00,189.00,316.00,216.00,189.00,189.00,235.00,274.00,235.00
2026-08-26 04:14:58,279.00,179.00,249.00,189.00,189.00,316.00,216.00,189.00,189.00,235.00,274.00,235.00
2026-08-26 04:25:14,279.00,179.00,249.00,189.00,235.00,316.00,216.00,189.00,189.00,235.00,274.00,235.00
2026-08-26 04:35:40,279.00,179.00,249.00,189.00,235.00,316.00,216.00,189.00,189.00,235.00,274.00,274.00
2026-08-26 04:46:11,279.00,179.00,249.00,189.00,235.00,316.00,216.00,189.00,189.00,235.00,274.00,274.00
2026-08-26 04:56:38,279.00,179.00,249.00,189.00,235.00,316.00,216.00,189.00,189.00,235.00,274.00,274.00
2026-08-26 05:06:51,279.00,179.00,249.00,189.00,235.00,316.00,216.00,189.00,189.00,235.00,274.00,274.00
2026-08-26 05:17:21,279.00,179.00,249.00,189.00,235.00,316.00,216.00,189.00,189.00,235.00,274.00,274.00
2026-08-26 05:27:55,279.00,179.00,249.00,189.00,189.00,316.00,216.00,189.00,189.00,235.00,274.00,274.00
2026-08-26 05:36:48,279.00,179.00,249.00,189.00,189.00,316.00,216.00,189.00,189.00,235.00,274.00,274.00
2026-08-26 05:46:55,279.00,179.00,249.00,189.00,189.00,316.00,216.00,189.00,189.00,235.00,274.00,274.00
2026-08-26 05:57:07,279.00,179.00,249.00,189.00,189.00,316.00,216.00,189.00,189.00,235.00,274.00,274.00
2026-08-26 06:07:28,279.00,179.00,249.00,189.00,189.00,316.00,216.00,189.00,189.00,235.00,274.00,274.00
2026-08-26 06:17:57,279.00,179.00,249.00,189.00,189.00,316.00,216.00,189.00,189.00,235.00,274.00,274.00
2026-08-26 06:27:19,279.00,179.00,249.00,189.00,189.00,316.00,216.00,189.00,189.00,235.00,274.00,274.00
2026-08-26 06:37:27,279.00,179.00,249.00,189.00,189.00,316.00,216.00,189.00,189.00,235.00,274.00,274.00
2026-08-26 06:47:45,279.00,179.00,274.00,189.00,189.00,316.00,216.00,189.00,189.00,235.00,274.00,274.00
2026-08-26 06:56:39,279.00,179.00,274.00,189.00,189.00,316.00,216.00,189.00,189.00,235.00,274.00,274.00
2026-08-26 07:06:45,279.00,179.00,274.00,189.00,189.00,316.00,216.00,189.00,189.00,235.00,274.00,274.00
2026-08-26 07:17:12,279.00,179.00,274.00,189.00,189.00,316.00,216.00,189.00,189.00,235.00,274.00,274.00
2026-08-26 07:27:42,279.00,179.00,274.00,189.00,189.00,316.00,216.00,189.00,189.00,235.00,274.00,274.00
2026-08-26 07:37:30,279.00,179.00,274.00,189.00,189.00,316.00,216.00,189.00,189.00,235.00,274.00,274.00
2026-08-26 07:48:06,260.00,179.00,274.00,189.00,189.00,316.00,216.00,189.00,189.00,235.00,274.00,274.00
2026-08-26 07:58:28,260.00,179.00,274.00,189.00,189.00,316.00,216.00,189.00,189.00,235.00,274.00,274.00
2026-08-26 08:08:42,260.00,179.00,274.00,189.00,189.00,316.00,216.00,189.00,189.00,235.00,274.00,274.00
2026-08-26 08:19:04,260.00,179.00,274.00,189.00,189.00,316.00,216.00,189.00,189.00,235.00,274.00,274.00
2026-08-26 08:29:22,260.00,179.00,274.00,189.00,189.00,316.00,216.00,189.00,189.00,235.00,274.00,274.00
2026-08-26 08:39:36,260.00,179.00,274.00,189.00,189.00,316.00,216.00,189.00,189.00,235.00,274.00,274.00
2026-08-26 08:49:03,260.00,179.00,274.00,189.00,189.00,316.00,216.00,189.00,189.00,235.00,274.00,274.00
2026-08-26 08:59:22,260.00,179.00,274.00,189.00,189.00,316.00,216.00,189.00,189.00,235.00,274.00,274.00
2026-08-26 09:09:40,260.00,179.00,274.00,189.00,189.00,316.00,216.00,189.00,189.00,235.00,274.00,274.00
2026-08-26 09:19:32,260.00,179.00,274.00,189.00,189.00,316.00,216.00,189.00,189.00,235.00,274.00,274.00
2026-08-26 09:28:48,260.00,179.00,274.00,189.00,189.00,316.00,189.00,189.00,189.00,235.00,274.00,274.00
2026-08-26 09:39:37,260.00,179.00,274.00,189.00,189.00,316.00,189.00,189.00,189.00,235.00,274.00,274.00
2026-08-26 09:49:57,260.00,179.00,274.00,189.00,189.00,316.00,189.00,189.00,189.00,189.00,274.00,274.00
2026-08-26 10:00:15,273.00,179.00,274.00,189.00,189.00,316.00,189.00,189.00,189.00,189.00,274.00,274.00
2026-08-26 10:10:43,273.00,179.00,274.00,189.00,189.00,316.00,189.00,189.00,189.00,189.00,274.00,274.00
2026-08-26 10:21:14,273.00,179.00,274.00,189.00,189.00,316.00,189.00,189.00,189.00,189.00,274.00,274.00
2026-08-26 10:30:33,273.00,179.00,274.00,189.00,189.00,316.00,189.00,189.00,189.00,189.00,274.00,274.00
2026-08-26 10:40:56,273.00,179.00,274.00,189.00,189.00,316.00,189.00,189.00,189.00,189.00,274.00,235.00
2026-08-26 10:51:29,273.00,179.00,274.00,189.00,189.00,316.00,189.00,189.00,189.00,189.00,274.00,235.00
2026-08-26 11:01:29,273.00,179.00,274.00,189.00,189.00,316.00,189.00,189.00,189.00,189.00,274.00,235.00
2026-08-26 11:11:37,273.00,179.00,274.00,189.00,189.00,316.00,189.00,189.00,189.00,189.00,274.00,235.00
2026-08-26 11:21:56,273.00,179.00,274.00,189.00,189.00,316.00,189.00,189.00,189.00,189.00,274.00,235.00
2026-08-26 11:31:54,273.00,179.00,274.00,189.00,189.00,316.00,189.00,189.00,189.00,189.00,274.00,235.00
2026-08-26 11:42:15,273.00,179.00,274.00,189.00,189.00,316.00,189.00,189.00,189.00,189.00,274.00,235.00
2026-08-26 11:52:37,273.00,179.00,274.00,189.00,189.00,316.00,189.00,189.00,189.00,189.00,274.00,235.00
2026-08-26 12:03:11,273.00,179.00,274.00,189.00,189.00,316.00,189.00,189.00,189.00,189.00,274.00,235.00
2026-08-26 12:13:52,273.00,179.00,274.00,189.00,189.00,316.00,189.00,189.00,189.00,189.00,274.00,235.00
2026-08-26 12:24:21,273.00,179.00,274.00,189.00,189.00,316.00,189.00,189.00,189.00,189.00,274.00,235.00
2026-08-26 12:34:50,273.00,179.00,274.00,189.00,189.00,316.00,189.00,189.00,189.00,189.00,274.00,235.00
2026-08-26 12:45:32,273.00,179.00,274.00,189.00,189.00,316.00,189.00,189.00,189.00,189.00,274.00,235.00
2026-08-26 12:56:03,273.00,179.00,274.00,189.00,189.00,316.00,189.00,189.00,189.00,189.00,274.00,235.00
2026-08-26 13:05:09,273.00,179.00,274.00,189.00,189.00,316.00,189.00,189.00,189.00,189.00,274.00,235.00
2026-08-26 13:15:18,273.00,179.00,249.00,189.00,189.00,316.00,189.00,189.00,189.00,189.00,274.00,235.00
2026-08-26 13:25:47,273.00,179.00,249.00,189.00,189.00,316.00,189.00,189.00,189.00,189.00,274.00,235.00
2026-08-26 13:35:30,273.00,179.00,249.00,189.00,189.00,316.00,189.00,189.00,189.00,189.00,274.00,235.00
2026-08-26 13:46:16,273.00,179.00,249.00,189.00,189.00,316.00,189.00,189.00,189.00,189.00,274.00,235.00
2026-08-26 13:57:10,273.00,179.00,249.00,189.00,189.00,316.00,189.00,189.00,189.00,189.00,274.00,235.00
2026-08-26 14:07:41,273.00,179.00,249.00,189.00,189.00,316.00,189.00,189.00,189.00,189.00,274.00,235.00
2026-08-26 14:18:01,273.00,179.00,249.00,189.00,189.00,316.00,189.00,189.00,189.00,189.00,274.00,235.00
2026-08-26 14:28:40,269.00,179.00,249.00,189.00,189.00,316.00,189.00,189.00,189.00,235.00,274.00,235.00
2026-08-26 14:37:50,269.00,179.00,249.00,189.00,189.00,316.00,189.00,189.00,189.00,235.00,274.00,235.00
2026-08-26 14:48:22,269.00,179.00,249.00,189.00,189.00,316.00,189.00,189.00,189.00,235.00,235.00,235.00
2026-08-26 14:59:15,269.00,179.00,249.00,189.00,189.00,316.00,274.00,189.00,189.00,235.00,235.00,235.00
2026-08-26 15:10:06,269.00,179.00,249.00,189.00,189.00,316.00,274.00,189.00,189.00,235.00,235.00,235.00
2026-08-26 16:01:10,269.00,179.00,249.00,189.00,189.00,316.00,274.00,189.00,189.00,235.00,235.00,235.00
2026-08-26 16:11:25,269.00,179.00,249.00,189.00,189.00,316.00,274.00,189.00,189.00,235.00,235.00,235.00
2026-08-26 16:22:00,269.00,179.00,249.00,189.00,189.00,316.00,274.00,189.00,189.00,235.00,235.00,235.00
2026-08-26 16:31:40,269.00,179.00,249.00,189.00,189.00,316.00,274.00,189.00,189.00,235.00,235.00,235.00
2026-08-26 16:42:16,269.00,179.00,249.00,189.00,189.00,316.00,274.00,189.00,189.00,235.00,235.00,235.00
2026-08-26 16:52:56,269.00,179.00,249.00,189.00,189.00,316.00,274.00,189.00,189.00,235.00,274.00,235.00
2026-08-26 17:03:06,269.00,179.00,249.00,189.00,189.00,316.00,274.00,189.00,189.00,235.00,274.00,235.00
2026-08-26 17:14:00,269.00,179.00,249.00,189.00,189.00,316.00,274.00,189.00,189.00,235.00,274.00,235.00
2026-08-26 17:25:02,269.00,179.00,249.00,189.00,189.00,316.00,274.00,189.00,189.00,235.00,274.00,235.00
2026-08-26 17:35:59,269.00,179.00,249.00,189.00,189.00,316.00,274.00,189.00,189.00,235.00,274.00,235.00
2026-08-26 17:45:51,269.00,179.00,249.00,189.00,189.00,316.00,274.00,189.00,189.00,235.00,274.00,235.00
2026-08-26 18:17:29,269.00,179.00,249.00,189.00,189.00,316.00,274.00,189.00,189.00,235.00,235.00,235.00
2026-08-26 18:28:26,269.00,179.00,249.00,189.00,189.00,216.00,274.00,189.00,189.00,235.00,235.00,235.00
2026-08-26 18:38:23,269.00,179.00,249.00,189.00,189.00,216.00,274.00,189.00,189.00,235.00,235.00,235.00
2026-08-26 18:49:15,269.00,179.00,249.00,189.00,189.00,216.00,274.00,189.00,189.00,235.00,235.00,235.00
2026-08-26 19:00:07,269.00,179.00,249.00,189.00,189.00,216.00,274.00,189.00,189.00,235.00,235.00,274.00
2026-08-26 19:11:03,269.00,179.00,249.00,189.00,189.00,216.00,274.00,189.00,189.00,235.00,235.00,274.00
2026-08-26 19:23:05,269.00,179.00,249.00,189.00,189.00,216.00,274.00,189.00,189.00,235.00,235.00,274.00
2026-08-26 19:26:58,269.00,179.00,249.00,189.00,189.00,216.00,274.00,189.00,189.00,235.00,235.00,274.00
2026-08-26 19:37:38,269.00,179.00,249.00,189.00,189.00,216.00,274.00,189.00,189.00,235.00,235.00,274.00
2026-08-26 19:47:30,269.00,179.00,249.00,189.00,189.00,216.00,274.00,189.00,189.00,235.00,235.00,274.00
2026-08-26 19:57:17,269.00,179.00,249.00,189.00,235.00,216.00,274.00,189.00,189.00,235.00,235.00,274.00
2026-08-26 20:07:48,269.00,179.00,249.00,189.00,235.00,216.00,274.00,189.00,189.00,235.00,235.00,274.00
2026-08-26 20:17:28,269.00,179.00,249.00,189.00,235.00,216.00,274.00,189.00,189.00,235.00,235.00,274.00
2026-08-26 20:27:23,269.00,179.00,249.00,189.00,235.00,216.00,274.00,189.00,189.00,235.00,235.00,274.00
2026-08-26 20:37:23,269.00,179.00,249.00,189.00,235.00,216.00,274.00,189.00,189.00,235.00,274.00,274.00
2026-08-26 20:47:25,269.00,179.00,249.00,189.00,274.00,235.00,274.00,189.00,189.00,235.00,274.00,274.00
2026-08-26 20:57:25,269.00,179.00,249.00,179.00,264.00,225.00,274.00,179.00,179.00,225.00,264.00,274.00
2026-08-26 21:07:23,269.00,179.00,249.00,179.00,264.00,225.00,274.00,179.00,179.00,225.00,264.00,274.00
2026-08-26 21:17:00,269.00,179.00,249.00,179.00,264.00,265.00,274.00,179.00,179.00,225.00,264.00,274.00
2026-08-26 21:27:30,269.00,179.00,249.00,179.00,264.00,265.00,274.00,179.00,179.00,225.00,264.00,274.00
2026-08-26 21:37:21,269.00,179.00,249.00,179.00,264.00,265.00,274.00,179.00,179.00,225.00,264.00,274.00
2026-08-26 21:47:31,269.00,179.00,249.00,179.00,264.00,265.00,274.00,179.00,179.00,225.00,264.00,274.00
2026-08-26 21:57:09,269.00,179.00,249.00,179.00,264.00,265.00,274.00,179.00,179.00,225.00,264.00,274.00
2026-08-26 22:07:15,269.00,179.00,249.00,179.00,264.00,265.00,274.00,179.00,179.00,225.00,264.00,274.00
2026-08-26 22:17:30,269.00,179.00,249.00,179.00,264.00,265.00,274.00,179.00,179.00,225.00,264.00,274.00
2026-08-26 22:27:27,269.00,179.00,249.00,179.00,264.00,265.00,274.00,179.00,179.00,225.00,264.00,274.00
2026-08-26 22:37:00,269.00,179.00,249.00,179.00,264.00,265.00,274.00,179.00,179.00,225.00,264.00,274.00
2026-08-26 22:47:28,269.00,179.00,249.00,179.00,264.00,265.00,274.00,179.00,179.00,225.00,264.00,274.00
2026-08-26 22:57:22,269.00,179.00,249.00,179.00,264.00,265.00,274.00,179.00,179.00,225.00,264.00,274.00
2026-08-26 23:07:26,,179.00,,,,,,179.00,179.00,225.00,264.00,
2026-08-26 23:17:29,264.00,179.00,249.00,179.00,264.00,265.00,274.00,179.00,179.00,225.00,264.00,274.00
2026-08-26 23:27:29,264.00,179.00,249.00,179.00,264.00,265.00,274.00,179.00,179.00,225.00,264.00,274.00
2026-08-26 23:37:18,264.00,179.00,249.00,179.00,264.00,265.00,274.00,179.00,179.00,225.00,264.00,274.00
2026-08-26 23:47:24,274.00,179.00,249.00,179.00,264.00,265.00,274.00,179.00,179.00,225.00,264.00,274.00
2026-08-26 23:57:21,274.00,179.00,249.00,179.00,264.00,265.00,274.00,179.00,179.00,225.00,264.00,274.00
2026-08-27 00:07:24,274.00,179.00,249.00,179.00,264.00,265.00,274.00,179.00,179.00,225.00,264.00,274.00
2026-08-27 00:17:27,274.00,179.00,249.00,179.00,264.00,265.00,274.00,179.00,179.00,225.00,264.00,274.00
2026-08-27 00:27:01,274.00,179.00,249.00,179.00,264.00,265.00,274.00,179.00,179.00,225.00,264.00,274.00
2026-08-27 00:37:22,274.00,179.00,249.00,179.00,264.00,265.00,274.00,179.00,179.00,225.00,264.00,274.00
2026-08-27 00:46:55,274.00,179.00,249.00,179.00,264.00,265.00,274.00,179.00,179.00,225.00,264.00,274.00
2026-08-27 00:57:27,279.00,179.00,249.00,179.00,264.00,265.00,274.00,179.00,179.00,225.00,264.00,274.00
2026-08-27 01:07:30,279.00,179.00,249.00,179.00,264.00,274.00,274.00,179.00,179.00,225.00,264.00,274.00
2026-08-27 01:17:14,279.00,179.00,249.00,179.00,264.00,274.00,274.00,179.00,179.00,225.00,264.00,274.00
2026-08-27 01:27:24,279.00,179.00,249.00,179.00,264.00,274.00,274.00,179.00,179.00,225.00,264.00,274.00
2026-08-27 01:37:34,279.00,179.00,249.00,179.00,264.00,274.00,265.00,179.00,179.00,225.00,264.00,274.00
2026-08-27 01:47:27,279.00,179.00,249.00,179.00,264.00,274.00,265.00,179.00,179.00,225.00,264.00,274.00
2026-08-27 01:57:24,279.00,179.00,249.00,179.00,264.00,274.00,265.00,179.00,179.00,225.00,264.00,274.00
2026-08-27 02:07:15,279.00,179.00,249.00,179.00,264.00,274.00,265.00,179.00,179.00,225.00,264.00,274.00
2026-08-27 02:17:26,279.00,179.00,249.00,179.00,264.00,274.00,265.00,179.00,179.00,264.00,264.00,274.00
2026-08-27 02:27:23,279.00,179.00,249.00,179.00,264.00,274.00,265.00,179.00,179.00,264.00,264.00,274.00
2026-08-27 02:37:10,279.00,179.00,249.00,179.00,264.00,274.00,265.00,179.00,179.00,274.00,264.00,274.00
2026-08-27 02:47:32,279.00,179.00,249.00,179.00,239.00,250.00,239.00,179.00,239.00,274.00,239.00,250.00
2026-08-27 02:57:23,279.00,179.00,249.00,179.00,239.00,250.00,239.00,179.00,239.00,274.00,239.00,250.00
2026-08-27 03:07:29,279.00,179.00,249.00,179.00,239.00,250.00,239.00,179.00,239.00,239.00,239.00,250.00
2026-08-27 03:17:22,279.00,179.00,249.00,179.00,239.00,250.00,239.00,179.00,239.00,239.00,239.00,250.00
2026-08-27 03:26:59,279.00,179.00,249.00,179.00,239.00,250.00,239.00,179.00,239.00,239.00,239.00,250.00
2026-08-27 03:37:23,279.00,179.00,249.00,179.00,239.00,250.00,239.00,179.00,239.00,239.00,239.00,250.00
2026-08-27 03:47:24,279.00,179.00,249.00,179.00,239.00,250.00,239.00,179.00,239.00,239.00,239.00,250.00
2026-08-27 03:57:25,279.00,179.00,249.00,179.00,239.00,250.00,239.00,179.00,239.00,239.00,239.00,250.00
2026-08-27 04:07:27,279.00,254.00,254.00,179.00,239.00,250.00,239.00,179.00,239.00,239.00,239.00,250.00
2026-08-27 04:17:21,279.00,254.00,254.00,179.00,239.00,250.00,239.00,179.00,239.00,239.00,239.00,250.00
2026-08-27 04:27:32,274.00,254.00,254.00,179.00,239.00,250.00,239.00,179.00,239.00,239.00,239.00,250.00
2026-08-27 04:37:26,274.00,254.00,254.00,179.00,239.00,250.00,239.00,179.00,239.00,239.00,239.00,250.00
2026-08-27 04:47:22,274.00,254.00,254.00,179.00,239.00,250.00,239.00,179.00,239.00,239.00,239.00,250.00
2026-08-27 04:57:24,274.00,254.00,254.00,179.00,239.00,250.00,239.00,179.00,239.00,239.00,239.00,250.00
2026-08-27 05:06:27,274.00,254.00,254.00,,,,,,,,,
2026-08-27 05:17:28,274.00,254.00,254.00,274.00,274.00,274.00,274.00,274.00,274.00,274.00,274.00,274.00
2026-08-27 05:27:31,274.00,254.00,254.00,274.00,274.00,274.00,274.00,274.00,274.00,274.00,274.00,274.00
2026-08-27 05:37:22,274.00,254.00,254.00,274.00,274.00,274.00,274.00,274.00,274.00,274.00,274.00,274.00
2026-08-27 05:47:30,274.00,254.00,254.00,274.00,274.00,274.00,274.00,274.00,274.00,274.00,274.00,274.00
2026-08-27 05:57:24,274.00,254.00,254.00,274.00,274.00,274.00,274.00,274.00,274.00,274.00,274.00,274.00
2026-08-27 06:07:26,274.00,254.00,254.00,274.00,274.00,274.00,274.00,274.00,274.00,274.00,274.00,274.00
2026-08-27 06:17:24,274.00,254.00,254.00,274.00,274.00,274.00,274.00,274.00,274.00,274.00,274.00,274.00
2026-08-27 06:27:09,274.00,254.00,254.00,274.00,274.00,274.00,274.00,274.00,274.00,274.00,274.00,274.00
2026-08-27 06:37:29,274.00,254.00,254.00,274.00,274.00,274.00,274.00,274.00,274.00,274.00,274.00,274.00
2026-08-27 06:47:30,274.00,254.00,254.00,274.00,274.00,274.00,274.00,274.00,274.00,274.00,274.00,274.00
2026-08-27 06:57:17,274.00,254.00,254.00,274.00,274.00,274.00,274.00,274.00,274.00,274.00,274.00,274.00
2026-08-27 07:07:38,274.00,254.00,254.00,274.00,274.00,274.00,274.00,274.00,274.00,274.00,274.00,274.00
2026-08-27 07:17:23,274.00,254.00,274.00,274.00,274.00,274.00,274.00,274.00,274.00,274.00,274.00,274.00
2026-08-27 07:27:24,274.00,254.00,274.00,274.00,274.00,274.00,274.00,274.00,274.00,274.00,274.00,274.00
2026-08-27 07:37:31,274.00,254.00,274.00,274.00,274.00,274.00,274.00,274.00,274.00,274.00,274.00,274.00
2026-08-27 07:47:23,274.00,254.00,274.00,274.00,274.00,274.00,274.00,274.00,274.00,274.00,274.00,274.00
2026-08-27 07:57:27,274.00,254.00,274.00,274.00,274.00,274.00,274.00,274.00,274.00,274.00,274.00,274.00
2026-08-27 08:07:35,274.00,254.00,274.00,274.00,274.00,274.00,274.00,274.00,274.00,274.00,274.00,274.00
2026-08-27 08:17:32,254.00,254.00,274.00,274.00,274.00,274.00,274.00,274.00,274.00,274.00,274.00,274.00
2026-08-27 08:27:24,254.00,254.00,274.00,274.00,274.00,274.00,274.00,274.00,274.00,274.00,274.00,274.00
2026-08-27 08:37:30,254.00,254.00,274.00,274.00,274.00,274.00,274.00,274.00,274.00,274.00,274.00,274.00
2026-08-27 08:47:19,254.00,254.00,274.00,274.00,274.00,274.00,274.00,274.00,274.00,274.00,274.00,274.00
2026-08-27 08:57:24,254.00,254.00,274.00,274.00,274.00,274.00,274.00,274.00,274.00,274.00,274.00,274.00
2026-08-27 09:07:29,254.00,254.00,274.00,274.00,274.00,274.00,274.00,274.00,274.00,274.00,274.00,274.00
2026-08-27 09:17:25,254.00,254.00,274.00,274.00,274.00,274.00,274.00,274.00,274.00,274.00,274.00,274.00
2026-08-27 09:27:28,254.00,254.00,274.00,274.00,274.00,274.00,274.00,274.00,274.00,274.00,274.00,274.00
2026-08-27 09:37:28,254.00,254.00,274.00,274.00,274.00,274.00,274.00,274.00,274.00,274.00,274.00,274.00
2026-08-27 09:47:30,254.00,254.00,274.00,274.00,274.00,274.00,274.00,274.00,274.00,274.00,274.00,274.00
2026-08-27 09:57:29,254.00,254.00,274.00,274.00,274.00,274.00,274.00,274.00,274.00,274.00,274.00,274.00
2026-08-27 10:07:25,254.00,254.00,274.00,274.00,274.00,274.00,274.00,274.00,274.00,274.00,274.00,274.00
2026-08-27 10:17:33,254.00,254.00,274.00,274.00,274.00,274.00,274.00,274.00,274.00,274.00,274.00,274.00
2026-08-27 10:27:39,254.00,254.00,274.00,274.00,274.00,274.00,274.00,274.00,274.00,274.00,274.00,274.00
2026-08-27 10:37:28,254.00,254.00,274.00,274.00,274.00,274.00,274.00,274.00,274.00,274.00,274.00,274.00
2026-08-27 10:47:32,254.00,254.00,274.00,274.00,274.00,274.00,274.00,274.00,274.00,274.00,274.00,274.00
2026-08-27 11:07:22,254.00,254.00,274.00,274.00,274.00,274.00,274.00,274.00,274.00,274.00,274.00,274.00
2026-08-27 11:17:29,254.00,254.00,274.00,274.00,274.00,274.00,274.00,274.00,274.00,274.00,274.00,274.00
2026-08-27 11:27:33,254.00,254.00,274.00,274.00,274.00,274.00,274.00,274.00,274.00,274.00,274.00,274.00
2026-08-27 11:37:28,254.00,254.00,274.00,274.00,274.00,274.00,274.00,274.00,274.00,274.00,274.00,274.00
2026-08-27 11:47:09,254.00,254.00,274.00,274.00,274.00,274.00,274.00,274.00,274.00,274.00,274.00,274.00
2026-08-27 11:57:30,254.00,254.00,274.00,274.00,274.00,274.00,274.00,274.00,274.00,274.00,274.00,274.00
2026-08-27 12:07:32,254.00,254.00,274.00,274.00,274.00,274.00,274.00,274.00,274.00,274.00,274.00,274.00
2026-08-27 12:17:10,254.00,254.00,274.00,274.00,274.00,274.00,274.00,274.00,274.00,274.00,274.00,274.00
2026-08-27 12:27:34,254.00,254.00,274.00,274.00,274.00,274.00,274.00,274.00,274.00,274.00,274.00,274.00
2026-08-27 12:37:31,254.00,254.00,274.00,274.00,274.00,274.00,274.00,274.00,274.00,274.00,274.00,274.00
2026-08-27 12:47:28,254.00,254.00,274.00,274.00,274.00,274.00,274.00,274.00,274.00,274.00,274.00,274.00
2026-08-27 12:57:15,254.00,254.00,274.00,274.00,274.00,274.00,274.00,274.00,274.00,274.00,274.00,274.00
2026-08-27 13:07:28,254.00,254.00,274.00,274.00,274.00,274.00,274.00,274.00,274.00,274.00,274.00,274.00
2026-08-27 13:17:37,254.00,254.00,254.00,274.00,274.00,274.00,274.00,274.00,274.00,274.00,274.00,274.00
2026-08-27 13:27:36,254.00,254.00,254.00,274.00,274.00,274.00,274.00,274.00,274.00,274.00,274.00,274.00
2026-08-27 13:37:34,254.00,254.00,254.00,274.00,274.00,274.00,274.00,274.00,274.00,274.00,274.00,274.00
2026-08-27 13:47:28,254.00,254.00,254.00,274.00,274.00,274.00,274.00,274.00,274.00,274.00,274.00,274.00
2026-08-27 13:57:32,254.00,254.00,254.00,274.00,274.00,274.00,274.00,274.00,274.00,274.00,274.00,274.00
2026-08-27 14:07:36,254.00,254.00,254.00,274.00,274.00,274.00,274.00,274.00,274.00,274.00,274.00,274.00
2026-08-27 14:17:14,254.00,254.00,254.00,274.00,274.00,274.00,274.00,274.00,274.00,274.00,274.00,274.00
2026-08-27 14:27:35,254.00,254.00,254.00,274.00,274.00,274.00,274.00,274.00,274.00,274.00,274.00,274.00
2026-08-27 14:37:43,254.00,254.00,254.00,274.00,274.00,274.00,274.00,274.00,274.00,274.00,274.00,274.00
2026-08-27 14:47:34,254.00,254.00,254.00,274.00,274.00,274.00,274.00,274.00,274.00,274.00,274.00,274.00
2026-08-27 14:57:31,254.00,254.00,254.00,274.00,274.00,274.00,274.00,274.00,274.00,274.00,274.00,274.00
2026-08-27 15:07:35,254.00,254.00,254.00,274.00,274.00,274.00,274.00,274.00,274.00,274.00,274.00,274.00
2026-08-27 15:17:42,254.00,254.00,254.00,274.00,274.00,274.00,274.00,274.00,274.00,274.00,274.00,274.00
2026-08-27 15:27:33,254.00,254.00,254.00,274.00,274.00,274.00,274.00,274.00,274.00,274.00,274.00,274.00
2026-08-27 15:37:37,254.00,254.00,254.00,274.00,274.00,274.00,274.00,274.00,274.00,274.00,274.00,274.00
2026-08-27 15:47:33,254.00,254.00,254.00,274.00,274.00,274.00,274.00,274.00,274.00,274.00,274.00,274.00
2026-08-27 15:57:13,254.00,254.00,254.00,274.00,274.00,274.00,274.00,274.00,274.00,274.00,274.00,274.00
2026-08-27 16:07:42,254.00,254.00,254.00,274.00,274.00,274.00,274.00,274.00,274.00,274.00,274.00,274.00
2026-08-27 16:17:27,254.00,254.00,254.00,274.00,274.00,274.00,274.00,274.00,274.00,274.00,274.00,274.00
2026-08-27 16:27:39,254.00,254.00,254.00,274.00,274.00,274.00,274.00,274.00,274.00,274.00,274.00,274.00
2026-08-27 16:37:44,254.00,254.00,254.00,274.00,274.00,274.00,274.00,274.00,274.00,274.00,274.00,274.00
2026-08-27 16:47:48,254.00,254.00,254.00,274.00,274.00,274.00,274.00,274.00,274.00,274.00,274.00,274.00
2026-08-27 16:57:42,254.00,,254.00,274.00,274.00,274.00,274.00,,,,,274.00
2026-08-27 17:07:19,254.00,254.00,254.00,274.00,274.00,274.00,274.00,274.00,274.00,274.00,274.00,274.00
2026-08-27 17:17:30,254.00,254.00,254.00,274.00,274.00,274.00,274.00,274.00,274.00,274.00,274.00,274.00
2026-08-27 17:27:17,254.00,254.00,254.00,274.00,274.00,274.00,274.00,274.00,274.00,274.00,274.00,274.00
2026-08-27 17:37:41,254.00,254.00,254.00,274.00,274.00,274.00,274.00,274.00,274.00,274.00,274.00,274.00
2026-08-27 17:47:35,254.00,254.00,254.00,274.00,274.00,274.00,274.00,274.00,274.00,274.00,274.00,274.00
2026-08-27 17:57:32,254.00,254.00,254.00,274.00,274.00,274.00,274.00,274.00,274.00,274.00,274.00,274.00
2026-08-27 18:07:39,254.00,254.00,254.00,274.00,274.00,274.00,274.00,274.00,274.00,274.00,274.00,274.00
2026-08-27 18:17:22,254.00,254.00,254.00,274.00,274.00,274.00,274.00,274.00,274.00,274.00,274.00,274.00
2026-08-27 18:27:38,254.00,254.00,254.00,274.00,274.00,274.00,274.00,274.00,274.00,274.00,274.00,274.00
2026-08-27 18:37:44,254.00,254.00,254.00,274.00,274.00,274.00,274.00,274.00,274.00,274.00,274.00,274.00
2026-08-27 18:47:25,254.00,254.00,254.00,274.00,274.00,274.00,274.00,274.00,274.00,274.00,274.00,274.00
2026-08-27 18:57:41,254.00,254.00,254.00,274.00,274.00,274.00,274.00,274.00,274.00,274.00,274.00,274.00
2026-08-27 19:07:23,254.00,254.00,254.00,274.00,274.00,274.00,274.00,274.00,274.00,274.00,274.00,274.00
2026-08-27 19:17:37,254.00,254.00,254.00,274.00,274.00,274.00,274.00,274.00,274.00,274.00,274.00,274.00
2026-08-27 19:27:24,254.00,254.00,254.00,274.00,274.00,274.00,274.00,274.00,274.00,274.00,274.00,274.00
2026-08-27 19:37:36,254.00,254.00,254.00,274.00,274.00,274.00,274.00,274.00,274.00,274.00,274.00,274.00
2026-08-27 19:47:35,254.00,254.00,254.00,274.00,274.00,274.00,274.00,274.00,274.00,274.00,274.00,274.00
2026-08-27 19:57:38,254.00,254.00,254.00,274.00,274.00,274.00,274.00,274.00,274.00,274.00,274.00,274.00
2026-08-27 20:07:51,254.00,254.00,254.00,274.00,274.00,274.00,274.00,274.00,274.00,274.00,274.00,274.00
2026-08-27 20:17:42,254.00,254.00,254.00,274.00,274.00,274.00,274.00,274.00,274.00,274.00,274.00,274.00
2026-08-27 20:27:34,254.00,254.00,254.00,274.00,274.00,274.00,274.00,274.00,274.00,274.00,274.00,274.00
2026-08-27 20:37:38,254.00,254.00,254.00,274.00,274.00,274.00,274.00,274.00,274.00,274.00,274.00,274.00
2026-08-27 20:47:30,254.00,254.00,254.00,274.00,274.00,274.00,274.00,274.00,274.00,274.00,274.00,274.00
2026-08-27 20:57:24,254.00,254.00,254.00,274.00,274.00,274.00,274.00,274.00,274.00,274.00,274.00,274.00
2026-08-27 21:07:35,254.00,254.00,254.00,274.00,274.00,274.00,274.00,274.00,274.00,274.00,274.00,274.00
2026-08-27 21:17:23,254.00,254.00,254.00,274.00,274.00,274.00,274.00,274.00,274.00,274.00,274.00,274.00
2026-08-27 21:27:34,254.00,254.00,254.00,274.00,274.00,274.00,274.00,274.00,274.00,274.00,274.00,274.00
2026-08-27 21:37:33,254.00,254.00,254.00,274.00,274.00,274.00,274.00,274.00,274.00,274.00,274.00,274.00
2026-08-27 21:47:39,254.00,254.00,254.00,274.00,274.00,274.00,274.00,274.00,274.00,274.00,274.00,274.00
2026-08-27 21:57:19,254.00,254.00,254.00,274.00,274.00,274.00,274.00,274.00,274.00,274.00,274.00,274.00
2026-08-27 22:07:21,254.00,254.00,254.00,274.00,274.00,274.00,274.00,274.00,274.00,274.00,274.00,274.00
2026-08-27 22:17:23,254.00,254.00,254.00,274.00,274.00,274.00,274.00,274.00,274.00,274.00,274.00,274.00
2026-08-27 22:27:43,254.00,254.00,254.00,274.00,274.00,274.00,274.00,274.00,274.00,274.00,274.00,274.00
2026-08-27 22:37:40,254.00,254.00,254.00,274.00,274.00,274.00,274.00,274.00,274.00,274.00,274.00,274.00
2026-08-27 22:47:35,254.00,254.00,254.00,274.00,274.00,274.00,274.00,274.00,274.00,274.00,274.00,274.00
2026-08-27 22:57:18,254.00,254.00,254.00,274.00,274.00,274.00,274.00,274.00,274.00,274.00,274.00,274.00
2026-08-27 23:07:18,254.00,254.00,254.00,274.00,274.00,274.00,274.00,274.00,274.00,274.00,274.00,274.00
2026-08-27 23:17:08,254.00,254.00,254.00,274.00,274.00,274.00,274.00,274.00,274.00,274.00,274.00,274.00
2026-08-27 23:27:40,254.00,254.00,254.00,274.00,274.00,274.00,274.00,274.00,274.00,274.00,274.00,274.00
2026-08-27 23:37:36,254.00,254.00,254.00,274.00,274.00,274.00,274.00,274.00,274.00,274.00,274.00,274.00
2026-08-27 23:47:31,254.00,254.00,254.00,274.00,274.00,274.00,274.00,274.00,274.00,274.00,274.00,274.00
2026-08-27 23:57:36,254.00,254.00,254.00,274.00,274.00,274.00,274.00,274.00,274.00,274.00,274.00,274.00
2026-08-28 00:07:36,254.00,254.00,254.00,274.00,274.00,274.00,274.00,274.00,274.00,274.00,274.00,274.00
2026-08-28 00:17:35,254.00,254.00,254.00,274.00,274.00,274.00,274.00,274.00,274.00,274.00,274.00,274.00
2026-08-28 00:27:35,254.00,254.00,254.00,274.00,274.00,274.00,274.00,274.00,274.00,274.00,274.00,274.00
2026-08-28 00:37:44,254.00,254.00,254.00,274.00,274.00,274.00,274.00,274.00,274.00,274.00,274.00,274.00
2026-08-28 00:47:24,254.00,254.00,254.00,274.00,274.00,274.00,274.00,274.00,274.00,274.00,274.00,274.00
2026-08-28 00:57:23,254.00,254.00,254.00,274.00,274.00,274.00,274.00,274.00,274.00,274.00,274.00,274.00
2026-08-28 01:07:35,254.00,254.00,254.00,274.00,274.00,274.00,274.00,274.00,274.00,274.00,274.00,274.00
2026-08-28 01:17:39,254.00,254.00,254.00,274.00,274.00,274.00,274.00,274.00,274.00,274.00,274.00,274.00
2026-08-28 01:27:39,254.00,254.00,254.00,274.00,274.00,274.00,274.00,274.00,274.00,274.00,274.00,274.00
2026-08-28 01:37:36,254.00,254.00,254.00,274.00,274.00,274.00,274.00,274.00,274.00,274.00,274.00,274.00
2026-08-28 01:47:23,254.00,254.00,254.00,274.00,274.00,274.00,274.00,274.00,274.00,274.00,274.00,274.00
2026-08-28 01:57:24,254.00,254.00,254.00,274.00,274.00,274.00,274.00,274.00,274.00,274.00,274.00,274.00
2026-08-28 02:07:12,254.00,254.00,254.00,274.00,274.00,274.00,274.00,274.00,274.00,274.00,274.00,274.00
2026-08-28 02:17:45,254.00,254.00,254.00,274.00,274.00,308.00,274.00,274.00,274.00,274.00,274.00,274.00
2026-08-28 02:27:12,254.00,254.00,254.00,274.00,274.00,308.00,274.00,274.00,274.00,274.00,274.00,274.00
2026-08-28 02:37:32,254.00,254.00,254.00,274.00,274.00,305.00,274.00,274.00,274.00,274.00,274.00,274.00
2026-08-28 02:47:36,254.00,254.00,254.00,274.00,274.00,305.00,274.00,274.00,274.00,274.00,274.00,274.00
2026-08-28 02:57:43,254.00,254.00,254.00,274.00,274.00,305.00,274.00,274.00,274.00,274.00,274.00,274.00
2026-08-28 03:07:28,254.00,254.00,254.00,274.00,274.00,305.00,274.00,274.00,274.00,274.00,274.00,274.00
2026-08-28 03:17:35,254.00,254.00,254.00,274.00,274.00,305.00,274.00,274.00,274.00,274.00,274.00,274.00
2026-08-28 03:27:59,254.00,,254.00,274.00,274.00,305.00,274.00,,,,,274.00
2026-08-28 03:37:41,254.00,254.00,254.00,274.00,274.00,305.00,274.00,274.00,274.00,274.00,274.00,274.00
2026-08-28 03:47:45,254.00,254.00,254.00,274.00,274.00,305.00,274.00,274.00,274.00,274.00,274.00,274.00
2026-08-28 03:57:17,254.00,254.00,254.00,274.00,274.00,305.00,274.00,274.00,274.00,274.00,274.00,274.00
2026-08-28 04:07:37,254.00,254.00,254.00,274.00,274.00,305.00,274.00,274.00,274.00,274.00,274.00,274.00
2026-08-28 04:17:36,254.00,254.00,254.00,274.00,274.00,305.00,274.00,274.00,274.00,274.00,274.00,274.00
2026-08-28 04:27:38,254.00,254.00,254.00,274.00,274.00,305.00,274.00,274.00,274.00,274.00,274.00,274.00
2026-08-28 04:37:19,254.00,254.00,254.00,274.00,274.00,305.00,274.00,274.00,274.00,274.00,274.00,274.00
2026-08-28 04:47:37,254.00,254.00,254.00,274.00,274.00,305.00,274.00,274.00,274.00,274.00,274.00,274.00
2026-08-28 04:57:35,254.00,254.00,254.00,274.00,274.00,305.00,274.00,274.00,274.00,274.00,274.00,274.00
2026-08-28 05:07:43,254.00,254.00,254.00,274.00,274.00,305.00,274.00,274.00,274.00,274.00,274.00,274.00
2026-08-28 05:17:45,254.00,254.00,254.00,274.00,274.00,305.00,274.00,274.00,274.00,274.00,274.00,274.00
2026-08-28 05:27:36,254.00,254.00,254.00,274.00,274.00,305.00,274.00,274.00,274.00,274.00,274.00,274.00
2026-08-28 05:37:31,254.00,254.00,254.00,274.00,274.00,305.00,274.00,274.00,274.00,274.00,274.00,274.00
2026-08-28 05:47:35,254.00,254.00,254.00,274.00,274.00,305.00,274.00,274.00,274.00,274.00,274.00,274.00
2026-08-28 05:57:32,254.00,254.00,254.00,274.00,274.00,305.00,274.00,274.00,274.00,274.00,274.00,274.00
2026-08-28 06:07:21,,254.00,,,,,,274.00,274.00,274.00,274.00,
2026-08-28 06:17:39,254.00,254.00,254.00,274.00,274.00,305.00,274.00,274.00,274.00,274.00,274.00,274.00
2026-08-28 06:27:39,254.00,254.00,254.00,274.00,274.00,305.00,274.00,274.00,274.00,274.00,274.00,274.00
2026-08-28 06:37:30,254.00,254.00,254.00,274.00,274.00,305.00,274.00,274.00,274.00,274.00,274.00,274.00
2026-08-28 06:47:35,254.00,254.00,254.00,274.00,274.00,305.00,274.00,274.00,274.00,274.00,274.00,274.00
2026-08-28 06:57:34,254.00,254.00,274.00,274.00,274.00,305.00,274.00,274.00,274.00,274.00,274.00,274.00
2026-08-28 07:07:38,254.00,254.00,274.00,274.00,274.00,305.00,274.00,274.00,274.00,274.00,274.00,274.00
2026-08-28 07:17:37,254.00,254.00,274.00,274.00,274.00,305.00,274.00,274.00,274.00,274.00,274.00,274.00
2026-08-28 07:27:36,254.00,254.00,274.00,274.00,274.00,305.00,274.00,274.00,274.00,274.00,274.00,274.00
2026-08-28 07:37:35,254.00,254.00,274.00,274.00,274.00,305.00,274.00,274.00,274.00,274.00,274.00,274.00
2026-08-28 07:47:43,254.00,254.00,274.00,274.00,274.00,305.00,274.00,274.00,274.00,274.00,274.00,274.00
2026-08-28 07:57:34,254.00,254.00,274.00,274.00,274.00,274.00,274.00,274.00,274.00,274.00,274.00,274.00
2026-08-28 08:07:17,254.00,254.00,274.00,274.00,274.00,274.00,274.00,274.00,274.00,274.00,274.00,274.00
2026-08-28 08:17:32,254.00,254.00,274.00,274.00,274.00,274.00,274.00,274.00,274.00,274.00,274.00,274.00
2026-08-28 08:27:29,254.00,254.00,274.00,274.00,274.00,274.00,274.00,274.00,274.00,274.00,274.00,274.00
2026-08-28 08:37:32,254.00,254.00,274.00,274.00,274.00,274.00,274.00,274.00,274.00,274.00,274.00,274.00
2026-08-28 08:47:34,254.00,254.00,274.00,274.00,274.00,274.00,274.00,274.00,274.00,274.00,274.00,274.00
2026-08-28 08:57:36,254.00,254.00,274.00,274.00,274.00,274.00,274.00,274.00,274.00,274.00,274.00,274.00
2026-08-28 09:07:35,254.00,254.00,274.00,274.00,274.00,274.00,274.00,274.00,274.00,274.00,274.00,274.00
2026-08-28 09:17:38,254.00,254.00,274.00,274.00,274.00,274.00,274.00,274.00,274.00,274.00,274.00,274.00
2026-08-28 09:27:38,254.00,254.00,274.00,274.00,274.00,274.00,274.00,274.00,274.00,274.00,274.00,274.00
2026-08-28 09:37:41,254.00,254.00,274.00,274.00,274.00,274.00,274.00,274.00,274.00,274.00,274.00,274.00
2026-08-28 09:47:32,254.00,254.00,274.00,274.00,274.00,274.00,274.00,274.00,274.00,274.00,274.00,274.00
2026-08-28 09:57:44,254.00,254.00,274.00,274.00,274.00,274.00,274.00,274.00,274.00,274.00,274.00,274.00
2026-08-28 10:07:38,254.00,254.00,274.00,274.00,274.00,274.00,274.00,274.00,274.00,274.00,274.00,274.00
2026-08-28 10:17:37,254.00,254.00,274.00,274.00,274.00,274.00,274.00,274.00,274.00,274.00,274.00,274.00
2026-08-28 10:27:36,254.00,254.00,274.00,274.00,274.00,274.00,274.00,274.00,274.00,274.00,274.00,274.00
2026-08-28 10:37:40,254.00,254.00,274.00,274.00,274.00,274.00,274.00,274.00,274.00,274.00,274.00,274.00
2026-08-28 10:47:19,254.00,254.00,274.00,274.00,274.00,274.00,274.00,274.00,274.00,274.00,274.00,274.00
2026-08-28 10:57:42,254.00,254.00,274.00,274.00,274.00,274.00,274.00,274.00,274.00,274.00,274.00,274.00
2026-08-28 11:07:21,254.00,254.00,274.00,274.00,274.00,274.00,274.00,274.00,274.00,274.00,274.00,274.00
2026-08-28 11:17:42,254.00,254.00,274.00,274.00,274.00,274.00,274.00,274.00,274.00,274.00,274.00,274.00
2026-08-28 11:27:42,254.00,254.00,274.00,274.00,274.00,274.00,274.00,274.00,274.00,274.00,274.00,274.00
2026-08-28 11:37:40,254.00,254.00,274.00,274.00,274.00,274.00,274.00,274.00,274.00,274.00,274.00,274.00
2026-08-28 11:47:39,254.00,254.00,274.00,274.00,274.00,274.00,274.00,274.00,274.00,274.00,274.00,274.00
2026-08-28 11:57:39,254.00,254.00,274.00,274.00,274.00,274.00,274.00,274.00,274.00,274.00,274.00,274.00
2026-08-28 12:07:18,254.00,254.00,274.00,274.00,274.00,274.00,274.00,274.00,274.00,274.00,274.00,274.00
2026-08-28 12:17:41,254.00,254.00,274.00,274.00,274.00,274.00,274.00,274.00,274.00,274.00,274.00,274.00
2026-08-28 12:27:38,254.00,254.00,274.00,274.00,274.00,274.00,274.00,274.00,274.00,274.00,274.00,274.00
2026-08-28 12:37:31,254.00,254.00,274.00,274.00,274.00,274.00,274.00,274.00,274.00,274.00,274.00,274.00
2026-08-28 12:47:39,254.00,254.00,274.00,274.00,274.00,274.00,274.00,274.00,274.00,274.00,274.00,274.00
2026-08-28 12:57:22,254.00,254.00,274.00,274.00,274.00,274.00,274.00,274.00,274.00,274.00,274.00,274.00
2026-08-28 13:07:42,254.00,254.00,274.00,274.00,274.00,274.00,274.00,274.00,274.00,274.00,274.00,274.00
2026-08-28 13:17:35,254.00,254.00,254.00,274.00,274.00,274.00,274.00,274.00,274.00,274.00,274.00,274.00
2026-08-28 13:27:20,254.00,254.00,254.00,274.00,274.00,274.00,274.00,274.00,274.00,274.00,274.00,274.00
2026-08-28 13:37:42,254.00,254.00,254.00,274.00,274.00,274.00,274.00,274.00,274.00,274.00,274.00,274.00
2026-08-28 13:47:42,254.00,254.00,254.00,274.00,274.00,274.00,274.00,274.00,274.00,274.00,274.00,274.00
2026-08-28 13:57:18,254.00,254.00,254.00,274.00,274.00,274.00,274.00,274.00,274.00,274.00,274.00,274.00
2026-08-28 14:07:28,254.00,254.00,254.00,274.00,274.00,274.00,274.00,274.00,274.00,274.00,274.00,274.00
2026-08-28 14:17:20,254.00,254.00,254.00,274.00,274.00,274.00,274.00,274.00,274.00,274.00,274.00,274.00
2026-08-28 14:27:25,254.00,254.00,254.00,274.00,274.00,274.00,274.00,274.00,274.00,274.00,274.00,274.00
2026-08-28 14:37:37,254.00,254.00,254.00,274.00,274.00,274.00,274.00,274.00,274.00,274.00,274.00,274.00
2026-08-28 14:47:42,254.00,254.00,254.00,274.00,274.00,274.00,274.00,274.00,274.00,274.00,274.00,274.00
2026-08-28 14:57:44,254.00,254.00,254.00,274.00,274.00,274.00,274.00,274.00,274.00,274.00,274.00,274.00
2026-08-28 15:07:45,254.00,254.00,254.00,274.00,274.00,274.00,274.00,274.00,274.00,274.00,274.00,274.00
2026-08-28 15:17:44,254.00,254.00,254.00,274.00,274.00,274.00,274.00,274.00,274.00,274.00,274.00,274.00
2026-08-28 15:27:46,254.00,254.00,254.00,274.00,274.00,274.00,274.00,274.00,274.00,274.00,274.00,274.00
2026-08-28 15:37:43,,254.00,,,,,,274.00,274.00,274.00,274.00,
2026-08-28 15:47:34,254.00,254.00,254.00,274.00,274.00,274.00,274.00,274.00,274.00,274.00,274.00,274.00
2026-08-28 15:57:45,254.00,254.00,254.00,274.00,274.00,274.00,274.00,274.00,274.00,274.00,274.00,274.00
2026-08-28 16:07:48,254.00,254.00,254.00,274.00,274.00,274.00,274.00,274.00,274.00,274.00,274.00,274.00
2026-08-28 16:17:38,254.00,254.00,254.00,274.00,274.00,274.00,274.00,274.00,274.00,274.00,274.00,274.00
2026-08-28 16:27:46,254.00,254.00,254.00,274.00,274.00,274.00,274.00,274.00,274.00,274.00,274.00,274.00
2026-08-28 16:37:23,254.00,254.00,254.00,274.00,274.00,274.00,274.00,274.00,274.00,274.00,274.00,274.00
2026-08-28 16:47:46,254.00,254.00,254.00,274.00,274.00,318.00,274.00,274.00,274.00,274.00,274.00,274.00
2026-08-28 16:57:38,254.00,254.00,254.00,274.00,274.00,318.00,274.00,274.00,274.00,274.00,274.00,274.00
2026-08-28 17:07:44,254.00,254.00,254.00,274.00,274.00,318.00,274.00,274.00,274.00,274.00,274.00,274.00
2026-08-28 17:17:37,254.00,254.00,254.00,274.00,274.00,318.00,274.00,274.00,274.00,274.00,274.00,274.00
2026-08-28 17:27:25,254.00,254.00,254.00,274.00,274.00,318.00,274.00,274.00,274.00,274.00,274.00,274.00
2026-08-28 17:37:41,254.00,254.00,254.00,274.00,274.00,318.00,274.00,274.00,274.00,274.00,274.00,274.00
2026-08-28 17:47:40,254.00,254.00,254.00,274.00,274.00,318.00,274.00,274.00,274.00,274.00,274.00,274.00
2026-08-28 17:57:20,254.00,254.00,254.00,274.00,274.00,318.00,274.00,274.00,274.00,274.00,274.00,274.00
2026-08-28 18:07:43,254.00,254.00,254.00,274.00,274.00,318.00,274.00,274.00,274.00,274.00,274.00,274.00
2026-08-28 18:17:54,254.00,254.00,254.00,274.00,274.00,318.00,274.00,274.00,274.00,274.00,274.00,274.00
2026-08-28 18:27:40,254.00,254.00,254.00,274.00,274.00,318.00,274.00,274.00,274.00,274.00,274.00,274.00
2026-08-28 18:37:48,254.00,254.00,254.00,274.00,274.00,318.00,274.00,274.00,274.00,274.00,274.00,274.00
2026-08-28 18:47:45,254.00,254.00,254.00,274.00,274.00,318.00,274.00,274.00,274.00,274.00,274.00,274.00
2026-08-28 18:57:45,254.00,254.00,254.00,274.00,274.00,318.00,274.00,274.00,274.00,274.00,274.00,274.00
2026-08-28 19:07:49,254.00,254.00,254.00,274.00,274.00,318.00,274.00,274.00,274.00,274.00,274.00,274.00
2026-08-28 19:17:41,254.00,254.00,254.00,274.00,274.00,318.00,274.00,274.00,274.00,274.00,274.00,274.00
2026-08-28 19:27:16,254.00,254.00,254.00,274.00,274.00,318.00,274.00,274.00,274.00,274.00,274.00,274.00
2026-08-28 19:37:24,254.00,254.00,254.00,274.00,274.00,318.00,274.00,274.00,274.00,274.00,274.00,274.00
2026-08-28 19:47:35,254.00,254.00,254.00,274.00,274.00,318.00,274.00,274.00,274.00,274.00,274.00,274.00
2026-08-28 19:57:44,254.00,254.00,254.00,274.00,274.00,318.00,274.00,274.00,274.00,274.00,274.00,274.00
2026-08-28 20:07:59,254.00,254.00,254.00,274.00,274.00,318.00,274.00,274.00,274.00,274.00,274.00,274.00
2026-08-28 20:17:40,254.00,254.00,254.00,274.00,274.00,318.00,274.00,274.00,274.00,274.00,274.00,274.00
2026-08-28 20:27:51,254.00,254.00,254.00,274.00,274.00,318.00,274.00,274.00,274.00,274.00,274.00,274.00
2026-08-28 20:37:48,254.00,254.00,254.00,274.00,274.00,318.00,274.00,274.00,274.00,274.00,274.00,274.00
2026-08-28 20:47:50,254.00,254.00,254.00,274.00,274.00,318.00,274.00,274.00,274.00,274.00,274.00,274.00
2026-08-28 20:57:58,254.00,254.00,254.00,274.00,274.00,318.00,274.00,274.00,274.00,274.00,274.00,274.00
2026-08-28 21:07:48,254.00,254.00,254.00,274.00,274.00,318.00,274.00,274.00,274.00,274.00,274.00,274.00
2026-08-28 21:17:40,254.00,254.00,254.00,274.00,274.00,318.00,274.00,274.00,274.00,274.00,274.00,274.00
2026-08-28 21:27:16,254.00,254.00,254.00,274.00,274.00,318.00,274.00,274.00,274.00,274.00,274.00,274.00
2026-08-28 21:37:41,254.00,254.00,254.00,274.00,274.00,329.00,274.00,274.00,274.00,274.00,274.00,274.00
2026-08-28 21:47:47,254.00,254.00,254.00,274.00,274.00,329.00,274.00,274.00,274.00,274.00,274.00,274.00
2026-08-28 21:57:38,254.00,254.00,254.00,274.00,274.00,329.00,274.00,274.00,274.00,274.00,274.00,274.00
2026-08-28 22:07:43,254.00,254.00,254.00,274.00,274.00,329.00,274.00,274.00,274.00,274.00,274.00,274.00
2026-08-28 22:17:53,254.00,254.00,254.00,274.00,274.00,329.00,274.00,274.00,274.00,274.00,274.00,274.00
2026-08-28 22:27:40,254.00,254.00,254.00,274.00,274.00,329.00,274.00,274.00,274.00,274.00,274.00,274.00
2026-08-28 22:37:31,254.00,254.00,254.00,274.00,274.00,329.00,274.00,274.00,274.00,274.00,274.00,274.00
2026-08-28 22:47:27,254.00,254.00,254.00,274.00,274.00,329.00,274.00,274.00,274.00,274.00,274.00,274.00
2026-08-28 22:57:36,254.00,254.00,254.00,274.00,274.00,329.00,274.00,274.00,274.00,274.00,274.00,274.00
2026-08-28 23:07:33,254.00,254.00,254.00,274.00,274.00,329.00,274.00,274.00,274.00,274.00,274.00,274.00
2026-08-28 23:17:48,254.00,254.00,254.00,274.00,274.00,329.00,274.00,274.00,274.00,274.00,274.00,274.00
2026-08-28 23:28:32,254.00,254.00,254.00,274.00,274.00,329.00,274.00,274.00,274.00,274.00,274.00,274.00
2026-08-28 23:37:46,254.00,254.00,254.00,274.00,274.00,329.00,274.00,274.00,274.00,274.00,274.00,274.00
2026-08-28 23:47:50,254.00,254.00,254.00,274.00,274.00,329.00,274.00,274.00,274.00,274.00,274.00,274.00
2026-08-28 23:57:38,254.00,254.00,254.00,274.00,274.00,329.00,274.00,274.00,274.00,274.00,274.00,274.00
2026-08-29 00:07:53,254.00,254.00,254.00,274.00,274.00,329.00,274.00,274.00,274.00,274.00,274.00,274.00
2026-08-29 00:17:30,254.00,254.00,254.00,274.00,274.00,329.00,274.00,274.00,274.00,274.00,274.00,274.00
2026-08-29 00:27:45,254.00,254.00,254.00,274.00,274.00,329.00,274.00,274.00,274.00,274.00,274.00,274.00
2026-08-29 00:37:45,254.00,254.00,254.00,274.00,274.00,329.00,274.00,274.00,274.00,274.00,274.00,274.00
2026-08-29 00:47:53,254.00,254.00,254.00,274.00,274.00,329.00,274.00,274.00,274.00,274.00,274.00,274.00
2026-08-29 00:57:40,254.00,254.00,254.00,274.00,274.00,329.00,274.00,274.00,274.00,274.00,274.00,274.00
2026-08-29 01:07:41,254.00,254.00,254.00,274.00,274.00,329.00,274.00,274.00,274.00,274.00,274.00,274.00
2026-08-29 01:17:32,254.00,254.00,254.00,274.00,274.00,329.00,274.00,274.00,274.00,274.00,274.00,274.00
2026-08-29 01:27:51,254.00,254.00,254.00,274.00,274.00,329.00,274.00,274.00,274.00,274.00,274.00,274.00
2026-08-29 01:37:43,254.00,254.00,254.00,274.00,274.00,329.00,274.00,274.00,274.00,274.00,274.00,274.00
2026-08-29 01:47:29,254.00,254.00,254.00,274.00,274.00,329.00,274.00,274.00,274.00,274.00,274.00,274.00
2026-08-29 01:57:33,254.00,254.00,254.00,274.00,274.00,329.00,274.00,274.00,274.00,274.00,274.00,274.00
2026-08-29 02:07:17,254.00,254.00,254.00,274.00,274.00,329.00,274.00,274.00,274.00,274.00,274.00,274.00
2026-08-29 02:17:45,254.00,254.00,254.00,274.00,274.00,329.00,274.00,274.00,274.00,274.00,274.00,274.00
2026-08-29 02:27:45,254.00,254.00,254.00,274.00,274.00,329.00,274.00,274.00,274.00,274.00,274.00,274.00
2026-08-29 02:37:21,254.00,254.00,254.00,274.00,274.00,330.00,274.00,274.00,274.00,274.00,274.00,274.00
2026-08-29 02:47:40,254.00,254.00,254.00,274.00,274.00,330.00,274.00,274.00,274.00,274.00,274.00,274.00
2026-08-29 02:57:44,254.00,254.00,254.00,274.00,274.00,330.00,274.00,274.00,274.00,274.00,274.00,274.00
2026-08-29 03:07:25,254.00,254.00,254.00,274.00,274.00,330.00,274.00,274.00,274.00,274.00,274.00,274.00
2026-08-29 03:17:44,254.00,254.00,254.00,274.00,274.00,330.00,274.00,274.00,274.00,274.00,274.00,274.00
2026-08-29 03:27:43,254.00,254.00,254.00,274.00,274.00,330.00,274.00,274.00,274.00,274.00,274.00,274.00
2026-08-29 03:37:37,254.00,254.00,254.00,274.00,274.00,330.00,274.00,274.00,274.00,274.00,274.00,274.00
2026-08-29 03:47:43,254.00,254.00,254.00,274.00,274.00,330.00,274.00,274.00,274.00,274.00,274.00,274.00
2026-08-29 03:57:43,254.00,254.00,254.00,274.00,274.00,330.00,274.00,274.00,274.00,274.00,274.00,274.00
2026-08-29 04:07:45,254.00,254.00,254.00,274.00,274.00,330.00,274.00,274.00,274.00,274.00,274.00,274.00
2026-08-29 04:17:41,254.00,254.00,254.00,274.00,274.00,330.00,274.00,274.00,274.00,274.00,274.00,274.00
2026-08-29 04:27:45,254.00,254.00,254.00,274.00,274.00,330.00,274.00,274.00,274.00,274.00,274.00,274.00
2026-08-29 04:37:58,254.00,254.00,254.00,274.00,274.00,330.00,274.00,274.00,274.00,274.00,274.00,274.00
2026-08-29 04:47:43,254.00,254.00,254.00,274.00,274.00,330.00,274.00,274.00,274.00,274.00,274.00,274.00
2026-08-29 04:57:41,254.00,254.00,254.00,274.00,274.00,330.00,274.00,274.00,274.00,274.00,274.00,274.00
2026-08-29 05:07:44,254.00,254.00,254.00,274.00,274.00,330.00,274.00,274.00,274.00,274.00,274.00,274.00
2026-08-29 05:17:48,254.00,254.00,254.00,274.00,274.00,330.00,274.00,274.00,274.00,274.00,274.00,274.00
2026-08-29 05:27:21,254.00,254.00,254.00,274.00,274.00,330.00,274.00,274.00,274.00,274.00,274.00,274.00
2026-08-29 05:37:43,254.00,254.00,254.00,274.00,274.00,330.00,274.00,274.00,274.00,274.00,274.00,274.00
2026-08-29 05:47:45,254.00,254.00,254.00,274.00,274.00,330.00,274.00,274.00,274.00,274.00,274.00,274.00
2026-08-29 05:57:40,254.00,254.00,254.00,274.00,274.00,330.00,274.00,274.00,274.00,274.00,274.00,274.00
2026-08-29 06:07:42,254.00,254.00,254.00,274.00,274.00,330.00,274.00,274.00,274.00,274.00,274.00,274.00
2026-08-29 06:17:39,254.00,254.00,309.00,274.00,274.00,330.00,274.00,274.00,274.00,274.00,274.00,274.00
2026-08-29 06:27:14,254.00,254.00,309.00,274.00,274.00,330.00,274.00,274.00,274.00,274.00,274.00,274.00
2026-08-29 06:37:35,254.00,254.00,309.00,274.00,274.00,330.00,274.00,274.00,274.00,274.00,274.00,274.00
2026-08-29 06:47:40,254.00,254.00,309.00,274.00,274.00,330.00,274.00,274.00,274.00,274.00,274.00,274.00
2026-08-29 06:57:33,254.00,254.00,309.00,274.00,274.00,330.00,274.00,274.00,274.00,274.00,274.00,274.00
2026-08-29 07:07:43,254.00,254.00,309.00,274.00,274.00,330.00,274.00,274.00,274.00,274.00,274.00,274.00
2026-08-29 07:17:51,254.00,254.00,309.00,274.00,274.00,330.00,274.00,274.00,274.00,274.00,274.00,274.00
2026-08-29 07:27:46,254.00,254.00,309.00,274.00,274.00,330.00,274.00,274.00,274.00,274.00,274.00,274.00
2026-08-29 07:37:40,254.00,254.00,309.00,274.00,274.00,330.00,274.00,274.00,274.00,274.00,274.00,274.00
2026-08-29 07:47:24,254.00,254.00,309.00,274.00,274.00,330.00,274.00,274.00,274.00,274.00,274.00,274.00
2026-08-29 07:57:39,254.00,254.00,309.00,274.00,274.00,330.00,274.00,274.00,274.00,274.00,274.00,274.00
2026-08-29 08:07:45,254.00,254.00,309.00,274.00,274.00,330.00,274.00,274.00,274.00,274.00,274.00,274.00
2026-08-29 08:17:20,254.00,254.00,309.00,274.00,274.00,330.00,274.00,274.00,274.00,274.00,274.00,274.00
2026-08-29 08:27:43,254.00,254.00,309.00,274.00,274.00,330.00,274.00,274.00,274.00,274.00,274.00,274.00
2026-08-29 08:37:42,254.00,254.00,309.00,274.00,274.00,330.00,274.00,274.00,274.00,274.00,274.00,274.00
2026-08-29 08:47:41,254.00,254.00,309.00,274.00,274.00,330.00,274.00,274.00,274.00,274.00,274.00,274.00
2026-08-29 08:57:34,254.00,254.00,309.00,274.00,274.00,330.00,274.00,274.00,274.00,274.00,274.00,274.00
2026-08-29 09:07:42,254.00,254.00,309.00,274.00,274.00,330.00,274.00,274.00,274.00,274.00,274.00,274.00
2026-08-29 09:17:35,254.00,254.00,309.00,274.00,274.00,330.00,274.00,274.00,274.00,274.00,274.00,274.00
2026-08-29 09:27:42,254.00,254.00,309.00,274.00,274.00,330.00,274.00,274.00,274.00,274.00,274.00,274.00
2026-08-29 09:37:37,254.00,254.00,309.00,274.00,274.00,330.00,274.00,274.00,274.00,274.00,274.00,274.00
2026-08-29 09:47:44,254.00,254.00,309.00,274.00,274.00,330.00,274.00,274.00,274.00,274.00,274.00,274.00
2026-08-29 09:57:45,254.00,254.00,309.00,274.00,274.00,330.00,274.00,274.00,274.00,274.00,274.00,274.00
2026-08-29 10:07:40,254.00,254.00,309.00,274.00,274.00,330.00,274.00,274.00,274.00,274.00,274.00,274.00
2026-08-29 10:17:31,254.00,254.00,309.00,274.00,274.00,330.00,274.00,274.00,274.00,274.00,274.00,274.00
2026-08-29 10:27:37,254.00,254.00,309.00,274.00,274.00,330.00,274.00,274.00,274.00,274.00,274.00,274.00
2026-08-29 10:37:45,254.00,254.00,309.00,274.00,274.00,330.00,274.00,274.00,274.00,274.00,274.00,274.00
2026-08-29 10:47:39,254.00,254.00,309.00,274.00,274.00,330.00,274.00,274.00,274.00,274.00,274.00,274.00
2026-08-29 10:57:45,254.00,254.00,309.00,274.00,274.00,330.00,274.00,274.00,274.00,274.00,274.00,274.00
2026-08-29 11:07:45,254.00,254.00,309.00,274.00,274.00,330.00,274.00,274.00,274.00,274.00,274.00,274.00
2026-08-29 11:17:44,254.00,254.00,309.00,274.00,274.00,330.00,274.00,274.00,274.00,274.00,274.00,274.00
2026-08-29 11:27:39,254.00,254.00,309.00,274.00,274.00,330.00,274.00,274.00,274.00,274.00,274.00,274.00
2026-08-29 11:37:48,254.00,254.00,309.00,274.00,274.00,330.00,274.00,274.00,274.00,274.00,274.00,274.00
2026-08-29 11:47:55,254.00,254.00,309.00,274.00,274.00,330.00,274.00,274.00,274.00,274.00,274.00,274.00
2026-08-29 11:57:45,254.00,254.00,309.00,274.00,274.00,330.00,274.00,274.00,274.00,274.00,274.00,274.00
2026-08-29 12:07:27,254.00,254.00,309.00,274.00,274.00,330.00,274.00,274.00,274.00,274.00,274.00,274.00
2026-08-29 12:17:46,254.00,254.00,309.00,274.00,274.00,330.00,274.00,274.00,274.00,274.00,274.00,274.00
2026-08-29 12:27:25,254.00,254.00,309.00,274.00,274.00,330.00,274.00,274.00,274.00,274.00,274.00,274.00
2026-08-29 12:37:54,254.00,254.00,309.00,274.00,274.00,330.00,274.00,274.00,274.00,274.00,274.00,274.00
2026-08-29 12:47:47,254.00,254.00,309.00,274.00,274.00,330.00,274.00,274.00,274.00,274.00,274.00,274.00
2026-08-29 12:57:43,254.00,254.00,309.00,274.00,274.00,330.00,274.00,274.00,274.00,274.00,274.00,274.00
2026-08-29 13:07:35,254.00,254.00,309.00,274.00,274.00,330.00,274.00,274.00,274.00,274.00,274.00,274.00
2026-08-29 13:17:35,254.00,254.00,309.00,274.00,274.00,330.00,274.00,274.00,274.00,274.00,274.00,274.00
2026-08-29 13:27:35,254.00,254.00,274.00,274.00,274.00,330.00,274.00,274.00,274.00,274.00,274.00,274.00
2026-08-29 13:37:28,254.00,254.00,274.00,274.00,274.00,330.00,274.00,274.00,274.00,274.00,274.00,274.00
2026-08-29 13:47:46,254.00,254.00,274.00,274.00,274.00,330.00,274.00,274.00,274.00,274.00,274.00,274.00
2026-08-29 13:57:46,254.00,254.00,274.00,274.00,274.00,330.00,274.00,274.00,274.00,274.00,274.00,274.00
2026-08-29 14:07:49,254.00,254.00,274.00,274.00,274.00,330.00,274.00,274.00,274.00,274.00,274.00,274.00
2026-08-29 14:17:45,254.00,254.00,274.00,274.00,274.00,330.00,274.00,274.00,274.00,274.00,274.00,274.00
2026-08-29 14:27:53,254.00,254.00,274.00,274.00,274.00,330.00,274.00,274.00,274.00,274.00,274.00,274.00
2026-08-29 14:37:48,254.00,254.00,274.00,274.00,274.00,330.00,274.00,274.00,274.00,274.00,274.00,274.00
2026-08-29 14:47:17,254.00,254.00,274.00,274.00,274.00,330.00,274.00,274.00,274.00,274.00,274.00,274.00
2026-08-29 14:57:56,254.00,254.00,274.00,274.00,274.00,330.00,274.00,274.00,274.00,274.00,274.00,274.00
2026-08-29 15:07:24,254.00,254.00,274.00,274.00,274.00,330.00,274.00,274.00,274.00,274.00,274.00,274.00
2026-08-29 15:17:50,254.00,254.00,274.00,274.00,274.00,330.00,274.00,274.00,274.00,274.00,274.00,274.00
2026-08-29 15:27:48,254.00,254.00,274.00,274.00,274.00,330.00,274.00,274.00,274.00,274.00,274.00,274.00
2026-08-29 15:37:30,254.00,254.00,274.00,274.00,274.00,330.00,274.00,274.00,274.00,274.00,274.00,274.00
2026-08-29 15:47:50,254.00,254.00,274.00,274.00,274.00,330.00,274.00,274.00,274.00,274.00,274.00,274.00
2026-08-29 15:57:50,254.00,254.00,274.00,274.00,274.00,330.00,274.00,274.00,274.00,274.00,274.00,274.00
2026-08-29 16:07:47,254.00,254.00,274.00,274.00,274.00,330.00,274.00,274.00,274.00,274.00,274.00,274.00
2026-08-29 16:18:01,254.00,,274.00,274.00,274.00,330.00,274.00,,,,,274.00
2026-08-29 16:27:53,,254.00,,,,,,274.00,274.00,274.00,274.00,
2026-08-29 16:37:48,254.00,254.00,274.00,274.00,274.00,330.00,274.00,274.00,274.00,274.00,274.00,274.00
2026-08-29 16:47:43,254.00,254.00,274.00,274.00,274.00,330.00,274.00,274.00,274.00,274.00,274.00,274.00
2026-08-29 16:58:00,254.00,254.00,274.00,274.00,274.00,330.00,274.00,274.00,274.00,274.00,274.00,274.00
2026-08-29 17:07:53,254.00,254.00,274.00,274.00,274.00,330.00,274.00,274.00,274.00,274.00,274.00,274.00
2026-08-29 17:18:08,254.00,254.00,274.00,274.00,274.00,330.00,274.00,274.00,274.00,274.00,274.00,274.00
2026-08-29 17:27:47,254.00,254.00,274.00,274.00,274.00,330.00,274.00,274.00,274.00,274.00,274.00,274.00
2026-08-29 17:37:53,254.00,254.00,274.00,274.00,274.00,330.00,274.00,274.00,274.00,274.00,274.00,274.00
2026-08-29 17:47:16,254.00,254.00,274.00,274.00,274.00,330.00,274.00,274.00,274.00,274.00,274.00,274.00
2026-08-29 17:57:13,254.00,254.00,274.00,274.00,274.00,330.00,274.00,274.00,274.00,274.00,274.00,274.00
2026-08-29 18:07:54,254.00,254.00,274.00,274.00,274.00,330.00,274.00,274.00,274.00,274.00,274.00,274.00
2026-08-29 18:17:46,254.00,254.00,274.00,274.00,274.00,330.00,274.00,274.00,274.00,274.00,274.00,274.00
2026-08-29 18:27:44,254.00,254.00,274.00,274.00,274.00,330.00,274.00,274.00,274.00,274.00,274.00,274.00
2026-08-29 18:37:29,254.00,254.00,274.00,274.00,274.00,330.00,274.00,274.00,274.00,274.00,274.00,274.00
2026-08-29 18:47:45,254.00,254.00,274.00,274.00,274.00,330.00,274.00,274.00,274.00,274.00,274.00,274.00
2026-08-29 18:57:48,254.00,254.00,274.00,274.00,274.00,330.00,274.00,274.00,274.00,274.00,274.00,274.00
2026-08-29 19:07:53,254.00,254.00,274.00,274.00,274.00,330.00,274.00,274.00,274.00,274.00,274.00,274.00
2026-08-29 19:17:47,254.00,254.00,274.00,274.00,274.00,330.00,274.00,274.00,274.00,274.00,274.00,274.00
2026-08-29 19:27:46,254.00,254.00,274.00,274.00,274.00,330.00,274.00,274.00,274.00,274.00,274.00,274.00
2026-08-29 19:38:03,254.00,254.00,274.00,274.00,274.00,330.00,274.00,274.00,274.00,274.00,274.00,274.00
2026-08-29 19:47:52,254.00,254.00,274.00,274.00,274.00,330.00,274.00,274.00,274.00,274.00,274.00,274.00
2026-08-29 19:57:46,254.00,254.00,274.00,274.00,274.00,330.00,274.00,274.00,274.00,274.00,274.00,274.00
2026-08-29 20:07:34,254.00,254.00,274.00,274.00,274.00,330.00,274.00,274.00,274.00,274.00,274.00,274.00
2026-08-29 20:17:40,254.00,254.00,274.00,274.00,274.00,330.00,274.00,274.00,274.00,274.00,274.00,274.00
2026-08-29 20:27:55,254.00,254.00,274.00,274.00,274.00,330.00,274.00,274.00,274.00,274.00,274.00,274.00
2026-08-29 20:37:50,254.00,254.00,274.00,274.00,274.00,330.00,274.00,274.00,274.00,274.00,274.00,274.00
2026-08-29 20:47:40,254.00,254.00,274.00,274.00,274.00,330.00,274.00,274.00,274.00,274.00,274.00,274.00
2026-08-29 20:58:02,254.00,254.00,274.00,274.00,274.00,330.00,274.00,274.00,274.00,274.00,274.00,274.00
2026-08-29 21:07:57,254.00,254.00,274.00,274.00,274.00,330.00,274.00,274.00,274.00,274.00,274.00,274.00
2026-08-29 21:17:55,254.00,254.00,274.00,274.00,274.00,330.00,274.00,274.00,274.00,274.00,274.00,274.00
2026-08-29 21:27:43,254.00,254.00,274.00,274.00,274.00,330.00,274.00,274.00,274.00,274.00,274.00,274.00
2026-08-29 21:37:58,254.00,254.00,274.00,274.00,274.00,330.00,274.00,274.00,274.00,274.00,274.00,274.00
2026-08-29 21:47:54,254.00,254.00,274.00,274.00,274.00,330.00,274.00,274.00,274.00,274.00,274.00,274.00
2026-08-29 21:57:56,254.00,254.00,274.00,274.00,274.00,330.00,274.00,274.00,274.00,274.00,274.00,274.00
2026-08-29 22:07:50,254.00,254.00,274.00,274.00,274.00,330.00,274.00,274.00,274.00,274.00,274.00,274.00
2026-08-29 22:17:52,254.00,254.00,274.00,274.00,274.00,330.00,274.00,274.00,274.00,274.00,274.00,274.00
2026-08-29 22:27:54,254.00,254.00,274.00,274.00,274.00,330.00,274.00,274.00,274.00,274.00,274.00,274.00
2026-08-29 22:37:51,254.00,254.00,274.00,274.00,274.00,330.00,274.00,274.00,274.00,274.00,274.00,274.00
2026-08-29 22:48:03,254.00,254.00,274.00,274.00,274.00,330.00,274.00,274.00,274.00,274.00,274.00,274.00
2026-08-29 22:57:48,254.00,254.00,274.00,274.00,274.00,330.00,274.00,274.00,274.00,274.00,274.00,274.00
2026-08-29 23:07:57,254.00,254.00,274.00,274.00,274.00,330.00,274.00,274.00,274.00,274.00,274.00,274.00
2026-08-29 23:17:50,254.00,254.00,274.00,274.00,274.00,330.00,274.00,274.00,274.00,274.00,274.00,274.00
2026-08-29 23:27:37,254.00,254.00,274.00,274.00,274.00,330.00,274.00,274.00,274.00,274.00,274.00,274.00
2026-08-29 23:37:45,254.00,254.00,274.00,274.00,274.00,330.00,274.00,274.00,274.00,274.00,274.00,274.00
2026-08-29 23:47:41,254.00,254.00,274.00,274.00,274.00,330.00,274.00,274.00,274.00,274.00,274.00,274.00
2026-08-29 23:57:51,254.00,254.00,274.00,274.00,274.00,330.00,274.00,274.00,274.00,274.00,274.00,274.00
2026-08-30 00:07:56,254.00,254.00,274.00,274.00,274.00,330.00,274.00,274.00,274.00,274.00,274.00,274.00
2026-08-30 00:17:55,254.00,254.00,274.00,274.00,274.00,330.00,274.00,274.00,274.00,274.00,274.00,274.00
2026-08-30 00:27:37,254.00,254.00,274.00,274.00,274.00,330.00,274.00,274.00,274.00,274.00,274.00,274.00
2026-08-30 00:37:52,254.00,254.00,274.00,274.00,274.00,330.00,274.00,274.00,274.00,274.00,274.00,274.00
2026-08-30 00:47:39,254.00,254.00,274.00,274.00,274.00,330.00,274.00,274.00,274.00,274.00,274.00,274.00
2026-08-30 00:57:33,254.00,254.00,274.00,274.00,274.00,330.00,274.00,274.00,274.00,274.00,274.00,274.00
2026-08-30 01:07:51,254.00,254.00,274.00,274.00,274.00,330.00,274.00,274.00,274.00,274.00,274.00,274.00
2026-08-30 01:17:34,254.00,254.00,274.00,274.00,274.00,330.00,274.00,274.00,274.00,274.00,274.00,274.00
2026-08-30 01:27:49,254.00,254.00,274.00,274.00,274.00,330.00,274.00,274.00,274.00,274.00,274.00,274.00
2026-08-30 01:37:51,254.00,254.00,274.00,274.00,274.00,330.00,274.00,274.00,274.00,274.00,274.00,274.00
2026-08-30 01:47:46,254.00,254.00,274.00,274.00,274.00,330.00,274.00,274.00,274.00,274.00,274.00,274.00
2026-08-30 01:57:35,254.00,254.00,274.00,274.00,274.00,330.00,274.00,274.00,274.00,274.00,274.00,274.00
2026-08-30 02:07:34,254.00,254.00,274.00,274.00,274.00,330.00,274.00,274.00,274.00,274.00,274.00,274.00
2026-08-30 02:17:55,254.00,254.00,274.00,274.00,274.00,330.00,274.00,274.00,274.00,274.00,274.00,274.00
2026-08-30 02:27:48,254.00,254.00,274.00,274.00,274.00,330.00,274.00,274.00,274.00,274.00,274.00,274.00
2026-08-30 02:37:56,254.00,254.00,274.00,274.00,274.00,331.00,274.00,274.00,274.00,274.00,274.00,274.00
2026-08-30 02:47:53,254.00,254.00,274.00,274.00,274.00,331.00,274.00,274.00,274.00,274.00,274.00,274.00
2026-08-30 02:57:50,254.00,254.00,274.00,274.00,274.00,331.00,274.00,274.00,274.00,274.00,274.00,274.00
2026-08-30 03:07:31,254.00,254.00,274.00,274.00,274.00,331.00,274.00,274.00,274.00,274.00,274.00,274.00
2026-08-30 03:17:53,254.00,254.00,274.00,274.00,274.00,331.00,274.00,274.00,274.00,274.00,274.00,274.00
2026-08-30 03:27:55,254.00,254.00,274.00,274.00,274.00,331.00,274.00,274.00,274.00,274.00,274.00,274.00
2026-08-30 03:37:56,254.00,254.00,274.00,274.00,274.00,331.00,274.00,274.00,274.00,274.00,274.00,274.00
2026-08-30 03:47:57,254.00,254.00,274.00,274.00,274.00,331.00,274.00,274.00,274.00,274.00,274.00,274.00
2026-08-30 03:57:55,254.00,254.00,274.00,274.00,274.00,331.00,274.00,274.00,274.00,274.00,274.00,274.00
2026-08-30 04:07:54,254.00,254.00,274.00,274.00,274.00,331.00,274.00,274.00,274.00,274.00,274.00,274.00
2026-08-30 04:17:52,254.00,254.00,274.00,274.00,274.00,331.00,274.00,274.00,274.00,274.00,274.00,274.00
2026-08-30 04:27:55,254.00,254.00,274.00,274.00,274.00,331.00,274.00,274.00,274.00,274.00,274.00,274.00
2026-08-30 04:37:28,254.00,254.00,274.00,274.00,274.00,331.00,274.00,274.00,274.00,274.00,274.00,274.00
2026-08-30 04:47:19,254.00,254.00,274.00,274.00,274.00,331.00,274.00,274.00,274.00,274.00,274.00,274.00
2026-08-30 04:57:56,254.00,254.00,274.00,274.00,274.00,331.00,274.00,274.00,274.00,274.00,274.00,274.00
2026-08-30 05:07:52,254.00,254.00,274.00,274.00,274.00,331.00,274.00,274.00,274.00,274.00,274.00,274.00
2026-08-30 05:17:32,254.00,254.00,274.00,274.00,274.00,331.00,274.00,274.00,274.00,274.00,274.00,274.00
2026-08-30 05:27:47,254.00,254.00,274.00,274.00,274.00,331.00,274.00,274.00,274.00,274.00,274.00,274.00
2026-08-30 05:37:38,254.00,254.00,274.00,274.00,274.00,331.00,274.00,274.00,274.00,274.00,274.00,274.00
2026-08-30 05:47:23,254.00,254.00,274.00,274.00,274.00,331.00,274.00,274.00,274.00,274.00,274.00,274.00
2026-08-30 05:57:55,254.00,254.00,274.00,274.00,274.00,331.00,274.00,274.00,274.00,274.00,274.00,274.00
2026-08-30 06:07:47,254.00,254.00,274.00,274.00,274.00,331.00,274.00,274.00,274.00,274.00,274.00,274.00
2026-08-30 06:17:29,254.00,254.00,274.00,274.00,274.00,331.00,274.00,274.00,274.00,274.00,274.00,274.00
2026-08-30 06:27:49,254.00,254.00,274.00,274.00,274.00,331.00,274.00,274.00,274.00,274.00,274.00,274.00
2026-08-30 06:37:48,254.00,254.00,274.00,274.00,274.00,331.00,274.00,274.00,274.00,274.00,274.00,274.00
2026-08-30 06:47:48,254.00,254.00,309.00,274.00,274.00,331.00,274.00,274.00,274.00,274.00,274.00,274.00
2026-08-30 06:57:53,254.00,254.00,309.00,274.00,274.00,331.00,274.00,274.00,274.00,274.00,274.00,274.00
2026-08-30 07:07:44,254.00,254.00,309.00,274.00,274.00,331.00,274.00,274.00,274.00,274.00,274.00,274.00
2026-08-30 07:17:43,254.00,254.00,309.00,274.00,274.00,331.00,274.00,274.00,274.00,274.00,274.00,274.00
2026-08-30 07:27:56,254.00,254.00,309.00,274.00,274.00,331.00,274.00,274.00,274.00,274.00,274.00,274.00
2026-08-30 07:37:49,254.00,254.00,309.00,274.00,274.00,331.00,274.00,274.00,274.00,274.00,274.00,274.00
2026-08-30 07:47:13,254.00,254.00,309.00,274.00,331.00,331.00,274.00,274.00,274.00,274.00,274.00,274.00
2026-08-30 07:57:47,254.00,254.00,309.00,274.00,331.00,331.00,274.00,274.00,274.00,274.00,274.00,274.00
2026-08-30 08:07:45,254.00,254.00,309.00,274.00,331.00,331.00,274.00,274.00,274.00,274.00,274.00,274.00
2026-08-30 08:17:48,254.00,254.00,309.00,274.00,331.00,331.00,274.00,274.00,274.00,274.00,274.00,274.00
2026-08-30 08:27:49,254.00,254.00,309.00,274.00,331.00,331.00,274.00,274.00,274.00,274.00,274.00,274.00
2026-08-30 08:37:35,254.00,254.00,309.00,274.00,331.00,331.00,274.00,274.00,274.00,274.00,274.00,274.00
2026-08-30 08:47:48,254.00,254.00,309.00,274.00,331.00,331.00,274.00,274.00,274.00,274.00,274.00,274.00
2026-08-30 08:57:51,254.00,254.00,309.00,274.00,331.00,331.00,274.00,274.00,274.00,274.00,274.00,274.00
2026-08-30 09:07:45,254.00,254.00,309.00,274.00,331.00,331.00,274.00,274.00,274.00,274.00,274.00,274.00
2026-08-30 09:17:42,254.00,254.00,309.00,274.00,331.00,331.00,274.00,274.00,274.00,274.00,274.00,274.00
2026-08-30 09:27:49,254.00,254.00,309.00,274.00,331.00,331.00,274.00,274.00,274.00,274.00,274.00,274.00
2026-08-30 09:37:50,254.00,254.00,309.00,274.00,331.00,331.00,274.00,274.00,274.00,274.00,274.00,274.00
2026-08-30 09:47:48,254.00,254.00,309.00,274.00,331.00,331.00,274.00,274.00,274.00,274.00,274.00,274.00
2026-08-30 09:57:34,254.00,254.00,309.00,274.00,331.00,331.00,274.00,274.00,274.00,274.00,274.00,274.00
2026-08-30 10:07:49,254.00,254.00,309.00,274.00,331.00,331.00,274.00,274.00,274.00,274.00,274.00,274.00
2026-08-30 10:17:39,254.00,254.00,309.00,274.00,331.00,331.00,274.00,274.00,274.00,274.00,274.00,274.00
2026-08-30 10:27:18,254.00,254.00,309.00,274.00,331.00,331.00,274.00,274.00,274.00,274.00,274.00,274.00
2026-08-30 10:37:54,254.00,254.00,309.00,274.00,331.00,331.00,274.00,274.00,274.00,274.00,274.00,274.00
2026-08-30 10:47:57,254.00,254.00,309.00,274.00,331.00,331.00,274.00,274.00,274.00,274.00,274.00,274.00
2026-08-30 10:57:54,254.00,254.00,309.00,274.00,331.00,331.00,274.00,274.00,274.00,274.00,274.00,274.00
2026-08-30 11:07:49,254.00,254.00,309.00,274.00,331.00,331.00,274.00,274.00,274.00,274.00,274.00,274.00
2026-08-30 11:17:52,254.00,254.00,309.00,274.00,331.00,331.00,274.00,274.00,274.00,274.00,274.00,274.00
2026-08-30 11:27:52,254.00,254.00,309.00,274.00,331.00,331.00,274.00,274.00,274.00,274.00,274.00,274.00
2026-08-30 11:37:36,254.00,254.00,309.00,274.00,331.00,331.00,274.00,274.00,274.00,274.00,274.00,274.00
2026-08-30 11:47:56,254.00,254.00,309.00,274.00,331.00,331.00,274.00,274.00,274.00,274.00,274.00,274.00
2026-08-30 11:57:57,254.00,254.00,309.00,274.00,331.00,331.00,274.00,274.00,274.00,274.00,274.00,274.00
2026-08-30 12:07:25,254.00,254.00,309.00,274.00,331.00,331.00,274.00,274.00,274.00,274.00,274.00,274.00
2026-08-30 12:17:53,254.00,254.00,309.00,274.00,331.00,331.00,274.00,274.00,274.00,274.00,274.00,274.00
2026-08-30 12:27:52,254.00,254.00,309.00,274.00,331.00,331.00,274.00,274.00,274.00,274.00,274.00,274.00
2026-08-30 12:37:55,254.00,254.00,309.00,274.00,331.00,331.00,274.00,274.00,274.00,274.00,274.00,274.00
2026-08-30 12:47:51,254.00,254.00,309.00,274.00,331.00,331.00,274.00,274.00,274.00,274.00,274.00,274.00
2026-08-30 12:57:53,254.00,254.00,309.00,274.00,331.00,331.00,274.00,274.00,274.00,274.00,274.00,274.00
2026-08-30 13:07:44,254.00,254.00,309.00,274.00,331.00,331.00,274.00,274.00,274.00,274.00,274.00,274.00
2026-08-30 13:17:54,254.00,254.00,274.00,274.00,331.00,331.00,274.00,274.00,274.00,274.00,274.00,274.00
2026-08-30 13:27:59,254.00,254.00,274.00,274.00,331.00,331.00,274.00,274.00,274.00,274.00,274.00,274.00
2026-08-30 13:37:55,254.00,254.00,274.00,274.00,331.00,331.00,274.00,274.00,274.00,274.00,274.00,274.00
2026-08-30 13:47:51,254.00,254.00,274.00,274.00,331.00,331.00,274.00,274.00,274.00,274.00,274.00,274.00
2026-08-30 13:57:51,254.00,254.00,274.00,274.00,331.00,331.00,274.00,274.00,274.00,274.00,274.00,274.00
2026-08-30 14:07:35,254.00,254.00,274.00,274.00,331.00,331.00,274.00,274.00,274.00,274.00,274.00,274.00
2026-08-30 14:17:22,254.00,254.00,274.00,274.00,331.00,331.00,274.00,274.00,274.00,274.00,274.00,274.00
2026-08-30 14:28:01,254.00,254.00,274.00,274.00,331.00,331.00,274.00,274.00,274.00,274.00,274.00,274.00
2026-08-30 14:38:10,254.00,254.00,274.00,274.00,331.00,331.00,274.00,274.00,274.00,274.00,274.00,274.00
2026-08-30 14:47:34,254.00,254.00,274.00,274.00,331.00,331.00,274.00,274.00,274.00,274.00,274.00,274.00
2026-08-30 14:57:51,254.00,254.00,274.00,274.00,331.00,331.00,274.00,274.00,274.00,274.00,274.00,274.00
2026-08-30 15:08:00,254.00,254.00,274.00,274.00,331.00,331.00,274.00,274.00,274.00,274.00,274.00,274.00
2026-08-30 15:17:40,254.00,254.00,274.00,274.00,331.00,331.00,274.00,274.00,274.00,274.00,274.00,274.00
2026-08-30 15:27:21,254.00,254.00,274.00,274.00,331.00,331.00,274.00,274.00,274.00,274.00,274.00,274.00
2026-08-30 15:37:40,254.00,254.00,274.00,274.00,331.00,331.00,274.00,274.00,274.00,274.00,274.00,274.00
2026-08-30 15:48:02,254.00,254.00,274.00,274.00,331.00,331.00,274.00,274.00,274.00,274.00,274.00,274.00
2026-08-30 15:58:01,254.00,254.00,274.00,274.00,331.00,331.00,274.00,274.00,274.00,274.00,274.00,274.00
2026-08-30 16:07:56,254.00,254.00,274.00,274.00,331.00,331.00,274.00,274.00,274.00,274.00,274.00,274.00
2026-08-30 16:18:07,254.00,254.00,274.00,274.00,331.00,331.00,274.00,274.00,274.00,274.00,274.00,274.00
2026-08-30 16:28:02,254.00,254.00,274.00,274.00,331.00,331.00,274.00,274.00,274.00,274.00,274.00,274.00
2026-08-30 16:38:00,254.00,254.00,274.00,274.00,331.00,331.00,274.00,274.00,274.00,274.00,274.00,274.00
2026-08-30 16:47:59,254.00,254.00,274.00,274.00,331.00,331.00,274.00,274.00,274.00,274.00,274.00,274.00
2026-08-30 16:57:39,254.00,254.00,274.00,274.00,331.00,331.00,274.00,274.00,274.00,274.00,274.00,274.00
2026-08-30 17:08:04,254.00,254.00,274.00,274.00,331.00,331.00,274.00,274.00,274.00,274.00,274.00,274.00
2026-08-30 17:17:45,254.00,254.00,274.00,274.00,331.00,331.00,274.00,274.00,274.00,274.00,274.00,274.00
2026-08-30 17:28:03,254.00,254.00,274.00,274.00,331.00,331.00,274.00,274.00,274.00,274.00,274.00,274.00
2026-08-30 17:37:41,254.00,254.00,274.00,274.00,331.00,331.00,274.00,274.00,274.00,274.00,274.00,274.00
2026-08-30 17:47:54,254.00,254.00,274.00,274.00,331.00,331.00,274.00,274.00,274.00,274.00,274.00,274.00
2026-08-30 17:57:39,254.00,254.00,274.00,274.00,331.00,331.00,274.00,274.00,274.00,274.00,274.00,274.00
2026-08-30 18:07:59,254.00,254.00,274.00,274.00,331.00,331.00,274.00,274.00,274.00,274.00,274.00,274.00
2026-08-30 18:17:58,254.00,254.00,274.00,274.00,331.00,331.00,274.00,274.00,274.00,274.00,274.00,274.00
2026-08-30 18:28:12,254.00,254.00,274.00,274.00,331.00,331.00,274.00,274.00,274.00,274.00,274.00,274.00
2026-08-30 18:38:05,254.00,254.00,274.00,274.00,331.00,331.00,274.00,274.00,274.00,274.00,274.00,274.00
2026-08-30 18:47:51,254.00,254.00,274.00,274.00,331.00,331.00,274.00,274.00,274.00,274.00,274.00,274.00
2026-08-30 18:57:52,254.00,254.00,274.00,274.00,331.00,331.00,274.00,274.00,274.00,274.00,274.00,274.00
2026-08-30 19:07:57,254.00,254.00,274.00,274.00,331.00,331.00,274.00,274.00,274.00,274.00,274.00,274.00
2026-08-30 19:17:41,254.00,254.00,274.00,274.00,331.00,331.00,274.00,274.00,274.00,274.00,274.00,274.00
2026-08-30 19:28:00,254.00,254.00,274.00,274.00,331.00,331.00,274.00,274.00,274.00,274.00,274.00,274.00
2026-08-30 19:37:55,254.00,254.00,274.00,274.00,331.00,331.00,274.00,274.00,274.00,274.00,274.00,274.00
2026-08-30 19:47:42,254.00,254.00,274.00,274.00,331.00,331.00,274.00,274.00,274.00,274.00,274.00,274.00
2026-08-30 19:58:02,254.00,254.00,274.00,274.00,331.00,331.00,274.00,274.00,274.00,274.00,274.00,274.00
2026-08-30 20:07:44,254.00,254.00,274.00,274.00,331.00,331.00,274.00,274.00,274.00,274.00,274.00,274.00
2026-08-30 20:18:00,254.00,254.00,274.00,274.00,331.00,331.00,274.00,274.00,274.00,274.00,274.00,274.00
2026-08-30 20:28:03,254.00,254.00,274.00,274.00,331.00,331.00,274.00,274.00,274.00,274.00,274.00,274.00
2026-08-30 20:37:38,254.00,254.00,274.00,274.00,331.00,331.00,274.00,274.00,274.00,274.00,274.00,274.00
2026-08-30 20:47:57,254.00,254.00,274.00,274.00,331.00,331.00,274.00,274.00,274.00,274.00,274.00,274.00
2026-08-30 20:57:48,254.00,254.00,274.00,274.00,331.00,331.00,274.00,274.00,274.00,274.00,274.00,274.00
2026-08-30 21:08:08,254.00,254.00,274.00,274.00,331.00,331.00,274.00,274.00,274.00,274.00,274.00,274.00
2026-08-30 21:18:02,254.00,254.00,274.00,274.00,331.00,331.00,274.00,274.00,274.00,274.00,274.00,274.00
2026-08-30 21:28:01,254.00,254.00,274.00,274.00,331.00,331.00,274.00,274.00,274.00,274.00,274.00,274.00
2026-08-30 21:38:02,254.00,254.00,274.00,274.00,331.00,331.00,274.00,274.00,274.00,274.00,274.00,274.00
2026-08-30 21:48:10,254.00,254.00,274.00,274.00,331.00,331.00,274.00,274.00,274.00,274.00,274.00,274.00
2026-08-30 21:58:00,254.00,254.00,274.00,274.00,331.00,331.00,274.00,274.00,274.00,274.00,274.00,274.00
2026-08-30 22:07:40,254.00,254.00,274.00,274.00,331.00,331.00,274.00,274.00,274.00,274.00,274.00,274.00
2026-08-30 22:18:00,254.00,254.00,274.00,274.00,331.00,331.00,274.00,274.00,274.00,274.00,274.00,274.00
2026-08-30 22:27:16,254.00,254.00,274.00,274.00,331.00,331.00,274.00,274.00,274.00,274.00,274.00,274.00
2026-08-30 22:38:00,254.00,254.00,274.00,274.00,331.00,331.00,274.00,274.00,274.00,274.00,274.00,274.00
2026-08-30 22:47:50,254.00,254.00,274.00,274.00,331.00,331.00,274.00,274.00,274.00,274.00,274.00,274.00
2026-08-30 22:58:01,254.00,254.00,274.00,274.00,331.00,331.00,274.00,274.00,274.00,274.00,274.00,274.00
2026-08-30 23:08:04,254.00,254.00,274.00,274.00,331.00,331.00,274.00,274.00,274.00,274.00,274.00,274.00
2026-08-30 23:18:00,254.00,254.00,274.00,274.00,331.00,331.00,274.00,274.00,274.00,274.00,274.00,274.00
2026-08-30 23:27:35,254.00,254.00,274.00,274.00,331.00,331.00,274.00,274.00,274.00,274.00,274.00,274.00
2026-08-30 23:38:02,254.00,254.00,274.00,274.00,331.00,331.00,274.00,274.00,274.00,274.00,274.00,274.00
2026-08-30 23:47:55,254.00,254.00,274.00,274.00,331.00,331.00,274.00,274.00,274.00,274.00,274.00,274.00
2026-08-30 23:57:29,254.00,254.00,274.00,274.00,331.00,331.00,274.00,274.00,274.00,274.00,274.00,274.00
2026-08-31 00:07:53,254.00,254.00,274.00,274.00,331.00,331.00,274.00,274.00,274.00,274.00,274.00,274.00
2026-08-31 00:18:00,254.00,254.00,274.00,274.00,331.00,331.00,274.00,274.00,274.00,274.00,274.00,274.00
2026-08-31 00:28:02,254.00,254.00,274.00,274.00,331.00,331.00,274.00,274.00,274.00,274.00,274.00,274.00
2026-08-31 00:37:52,254.00,254.00,274.00,274.00,331.00,331.00,274.00,274.00,274.00,274.00,274.00,274.00
2026-08-31 00:48:05,254.00,254.00,274.00,274.00,331.00,331.00,274.00,274.00,274.00,274.00,274.00,274.00
2026-08-31 00:57:51,254.00,254.00,274.00,274.00,331.00,331.00,274.00,274.00,274.00,274.00,274.00,274.00
2026-08-31 01:07:51,254.00,254.00,274.00,274.00,331.00,331.00,274.00,274.00,274.00,274.00,274.00,274.00
2026-08-31 01:17:58,254.00,254.00,274.00,274.00,331.00,331.00,274.00,274.00,274.00,274.00,274.00,274.00
2026-08-31 01:28:07,254.00,254.00,274.00,274.00,331.00,331.00,274.00,274.00,274.00,274.00,274.00,274.00
2026-08-31 01:37:32,254.00,254.00,274.00,274.00,331.00,331.00,274.00,274.00,274.00,274.00,274.00,274.00
2026-08-31 01:48:05,254.00,254.00,274.00,274.00,331.00,331.00,274.00,274.00,274.00,274.00,274.00,274.00
2026-08-31 01:57:44,254.00,254.00,274.00,274.00,331.00,331.00,274.00,274.00,274.00,274.00,274.00,274.00
2026-08-31 02:08:03,254.00,254.00,274.00,274.00,331.00,331.00,274.00,274.00,274.00,274.00,274.00,274.00
2026-08-31 02:17:56,254.00,254.00,274.00,274.00,331.00,331.00,274.00,274.00,274.00,274.00,274.00,274.00
2026-08-31 02:27:43,254.00,254.00,274.00,274.00,331.00,331.00,274.00,274.00,274.00,274.00,274.00,274.00
2026-08-31 02:38:05,254.00,254.00,274.00,274.00,331.00,331.00,274.00,274.00,274.00,274.00,274.00,274.00
2026-08-31 02:48:00,254.00,254.00,274.00,274.00,331.00,331.00,274.00,274.00,274.00,274.00,274.00,274.00
2026-08-31 02:57:57,254.00,254.00,274.00,274.00,331.00,331.00,274.00,274.00,274.00,274.00,274.00,274.00
2026-08-31 03:07:59,254.00,254.00,274.00,274.00,331.00,331.00,274.00,274.00,274.00,274.00,274.00,274.00
2026-08-31 03:17:28,254.00,254.00,274.00,274.00,331.00,331.00,274.00,274.00,274.00,274.00,274.00,274.00
2026-08-31 03:27:58,254.00,254.00,274.00,274.00,331.00,331.00,274.00,274.00,274.00,274.00,274.00,274.00
2026-08-31 03:37:31,254.00,254.00,274.00,274.00,331.00,331.00,274.00,274.00,274.00,274.00,274.00,274.00
2026-08-31 03:47:59,254.00,254.00,274.00,274.00,331.00,331.00,274.00,274.00,274.00,274.00,274.00,274.00
2026-08-31 03:58:04,254.00,254.00,274.00,274.00,331.00,331.00,274.00,274.00,274.00,274.00,274.00,274.00
2026-08-31 04:07:42,254.00,254.00,274.00,274.00,331.00,331.00,274.00,274.00,274.00,274.00,274.00,274.00
2026-08-31 04:17:59,254.00,254.00,274.00,274.00,331.00,331.00,274.00,274.00,274.00,274.00,274.00,274.00
2026-08-31 04:27:57,254.00,254.00,274.00,274.00,331.00,331.00,274.00,274.00,274.00,274.00,274.00,274.00
2026-08-31 04:37:58,254.00,254.00,274.00,274.00,331.00,331.00,274.00,274.00,274.00,274.00,274.00,274.00
2026-08-31 04:48:04,254.00,254.00,274.00,274.00,331.00,331.00,274.00,274.00,274.00,274.00,274.00,274.00
2026-08-31 04:57:22,254.00,254.00,274.00,274.00,331.00,331.00,274.00,274.00,274.00,274.00,274.00,274.00
2026-08-31 05:08:09,254.00,254.00,274.00,274.00,331.00,331.00,274.00,274.00,274.00,274.00,274.00,274.00
2026-08-31 05:17:53,254.00,254.00,274.00,274.00,331.00,331.00,274.00,274.00,274.00,274.00,274.00,274.00
2026-08-31 05:28:00,254.00,254.00,274.00,274.00,331.00,331.00,274.00,274.00,274.00,274.00,274.00,274.00
2026-08-31 05:37:59,254.00,254.00,274.00,274.00,331.00,331.00,274.00,274.00,274.00,274.00,274.00,274.00
2026-08-31 05:47:56,254.00,254.00,274.00,274.00,331.00,331.00,274.00,274.00,274.00,274.00,274.00,274.00
2026-08-31 05:57:59,254.00,254.00,274.00,274.00,331.00,331.00,274.00,274.00,274.00,274.00,274.00,274.00
2026-08-31 06:08:00,254.00,254.00,274.00,274.00,331.00,331.00,274.00,274.00,274.00,274.00,274.00,274.00
2026-08-31 06:17:38,254.00,254.00,274.00,274.00,331.00,331.00,274.00,274.00,274.00,274.00,274.00,274.00
2026-08-31 06:27:34,254.00,254.00,274.00,274.00,274.00,331.00,274.00,274.00,274.00,274.00,274.00,274.00
2026-08-31 06:37:56,254.00,254.00,274.00,274.00,274.00,331.00,274.00,274.00,274.00,274.00,274.00,274.00
2026-08-31 06:47:53,254.00,254.00,309.00,274.00,274.00,331.00,274.00,274.00,274.00,274.00,274.00,274.00
2026-08-31 06:58:00,254.00,254.00,309.00,274.00,274.00,331.00,274.00,274.00,274.00,274.00,274.00,274.00
2026-08-31 07:08:06,254.00,254.00,309.00,274.00,274.00,331.00,274.00,274.00,274.00,274.00,274.00,274.00
2026-08-31 07:17:33,254.00,254.00,309.00,274.00,274.00,331.00,274.00,274.00,274.00,274.00,274.00,274.00
2026-08-31 07:28:02,254.00,254.00,309.00,274.00,274.00,331.00,274.00,274.00,274.00,274.00,274.00,274.00
2026-08-31 07:37:57,254.00,254.00,309.00,274.00,274.00,331.00,274.00,274.00,274.00,274.00,274.00,274.00
2026-08-31 07:47:20,254.00,254.00,309.00,274.00,274.00,320.00,274.00,274.00,274.00,274.00,274.00,274.00
2026-08-31 07:57:53,254.00,254.00,309.00,274.00,274.00,320.00,274.00,274.00,274.00,274.00,274.00,274.00
2026-08-31 08:07:55,254.00,254.00,309.00,274.00,274.00,320.00,274.00,274.00,274.00,274.00,274.00,274.00
2026-08-31 08:17:13,254.00,254.00,309.00,274.00,274.00,320.00,274.00,274.00,274.00,274.00,274.00,274.00
2026-08-31 08:27:56,254.00,254.00,309.00,274.00,274.00,320.00,274.00,274.00,274.00,274.00,274.00,274.00
2026-08-31 08:37:59,254.00,254.00,309.00,274.00,274.00,320.00,274.00,274.00,274.00,274.00,274.00,274.00
2026-08-31 08:47:57,254.00,254.00,309.00,274.00,274.00,320.00,274.00,274.00,274.00,274.00,274.00,274.00
2026-08-31 08:58:02,254.00,254.00,309.00,274.00,274.00,320.00,274.00,274.00,274.00,274.00,274.00,274.00
2026-08-31 09:07:55,254.00,254.00,309.00,274.00,274.00,320.00,274.00,274.00,274.00,274.00,274.00,274.00
2026-08-31 09:17:49,254.00,254.00,309.00,274.00,274.00,320.00,274.00,274.00,274.00,274.00,274.00,274.00
2026-08-31 09:28:08,254.00,254.00,309.00,274.00,274.00,320.00,274.00,274.00,274.00,274.00,274.00,274.00
2026-08-31 09:37:36,254.00,254.00,309.00,274.00,274.00,320.00,274.00,274.00,274.00,274.00,274.00,274.00
2026-08-31 09:47:59,254.00,254.00,309.00,274.00,274.00,320.00,274.00,274.00,274.00,274.00,274.00,274.00
2026-08-31 09:57:28,254.00,254.00,309.00,274.00,274.00,320.00,274.00,274.00,274.00,274.00,274.00,274.00
2026-08-31 10:08:04,254.00,254.00,309.00,274.00,274.00,320.00,274.00,274.00,274.00,274.00,274.00,274.00
2026-08-31 10:19:19,254.00,,309.00,274.00,274.00,320.00,274.00,,,,,274.00
2026-08-31 10:28:14,254.00,254.00,309.00,274.00,274.00,320.00,274.00,274.00,274.00,274.00,274.00,274.00
2026-08-31 10:38:01,254.00,254.00,309.00,274.00,274.00,320.00,274.00,274.00,274.00,274.00,274.00,274.00
2026-08-31 10:47:38,254.00,254.00,309.00,274.00,274.00,320.00,274.00,274.00,274.00,274.00,274.00,274.00
2026-08-31 10:57:59,254.00,254.00,309.00,274.00,274.00,320.00,274.00,274.00,274.00,274.00,274.00,274.00
2026-08-31 11:08:09,254.00,254.00,309.00,274.00,274.00,320.00,274.00,274.00,274.00,274.00,274.00,274.00
2026-08-31 11:18:00,254.00,254.00,309.00,274.00,274.00,320.00,274.00,274.00,274.00,274.00,274.00,274.00
2026-08-31 11:27:22,254.00,254.00,309.00,274.00,274.00,320.00,274.00,274.00,274.00,274.00,274.00,274.00
2026-08-31 11:37:27,254.00,254.00,309.00,274.00,274.00,320.00,274.00,274.00,274.00,274.00,274.00,274.00
2026-08-31 11:48:49,254.00,254.00,309.00,274.00,274.00,320.00,274.00,274.00,274.00,274.00,274.00,274.00
2026-08-31 11:58:02,254.00,254.00,309.00,274.00,274.00,320.00,274.00,274.00,274.00,274.00,274.00,274.00
2026-08-31 12:08:04,254.00,254.00,309.00,274.00,274.00,320.00,274.00,274.00,274.00,274.00,274.00,274.00
2026-08-31 12:18:10,254.00,254.00,309.00,274.00,274.00,320.00,274.00,274.00,274.00,274.00,274.00,274.00
2026-08-31 12:28:00,254.00,254.00,309.00,274.00,274.00,320.00,274.00,274.00,274.00,274.00,274.00,274.00
2026-08-31 12:38:05,254.00,254.00,309.00,274.00,274.00,320.00,274.00,274.00,274.00,274.00,274.00,274.00
2026-08-31 12:47:59,254.00,254.00,309.00,274.00,274.00,320.00,274.00,274.00,274.00,274.00,274.00,274.00
2026-08-31 12:58:03,254.00,254.00,309.00,274.00,274.00,320.00,274.00,274.00,274.00,274.00,274.00,274.00
2026-08-31 13:08:06,254.00,254.00,309.00,274.00,274.00,320.00,274.00,274.00,274.00,274.00,274.00,274.00
2026-08-31 13:18:05,254.00,254.00,274.00,274.00,274.00,320.00,274.00,274.00,274.00,274.00,274.00,274.00
2026-08-31 13:28:09,254.00,254.00,274.00,274.00,274.00,320.00,274.00,274.00,274.00,274.00,274.00,274.00
2026-08-31 13:37:48,254.00,254.00,274.00,274.00,274.00,320.00,274.00,274.00,274.00,274.00,274.00,274.00
2026-08-31 13:47:53,254.00,254.00,274.00,274.00,274.00,320.00,274.00,274.00,274.00,274.00,274.00,274.00
2026-08-31 13:58:17,254.00,254.00,274.00,274.00,274.00,320.00,274.00,274.00,274.00,274.00,274.00,274.00
2026-08-31 14:07:38,254.00,254.00,274.00,274.00,274.00,320.00,274.00,274.00,274.00,274.00,274.00,274.00
2026-08-31 14:18:03,254.00,254.00,274.00,274.00,274.00,320.00,274.00,274.00,274.00,274.00,274.00,274.00
2026-08-31 14:27:45,254.00,254.00,274.00,274.00,274.00,320.00,274.00,274.00,274.00,274.00,274.00,274.00
2026-08-31 14:38:05,254.00,254.00,274.00,274.00,274.00,320.00,274.00,274.00,274.00,274.00,274.00,274.00
2026-08-31 14:48:08,254.00,254.00,274.00,274.00,274.00,320.00,274.00,274.00,274.00,274.00,274.00,274.00
2026-08-31 14:57:47,254.00,254.00,274.00,274.00,274.00,320.00,274.00,274.00,274.00,274.00,274.00,274.00
2026-08-31 15:08:09,254.00,254.00,274.00,274.00,274.00,320.00,274.00,274.00,274.00,274.00,274.00,274.00
2026-08-31 15:28:43,254.00,254.00,274.00,274.00,274.00,320.00,274.00,274.00,274.00,274.00,274.00,274.00
2026-08-31 15:38:23,254.00,254.00,274.00,274.00,274.00,320.00,274.00,274.00,274.00,274.00,274.00,274.00
2026-08-31 15:48:08,254.00,254.00,274.00,274.00,274.00,320.00,274.00,274.00,274.00,274.00,274.00,274.00
2026-08-31 15:58:20,254.00,254.00,274.00,274.00,274.00,320.00,274.00,274.00,274.00,274.00,274.00,274.00
2026-08-31 16:08:08,254.00,254.00,274.00,274.00,274.00,320.00,274.00,274.00,274.00,274.00,274.00,274.00
2026-08-31 16:18:01,254.00,254.00,274.00,274.00,274.00,320.00,274.00,274.00,274.00,274.00,274.00,274.00
2026-08-31 16:28:10,254.00,254.00,274.00,274.00,274.00,320.00,274.00,274.00,274.00,274.00,274.00,274.00
2026-08-31 16:37:59,254.00,254.00,274.00,274.00,274.00,320.00,274.00,274.00,274.00,274.00,274.00,274.00
2026-08-31 16:48:11,254.00,254.00,274.00,274.00,274.00,320.00,274.00,274.00,274.00,274.00,274.00,274.00
2026-08-31 16:58:07,254.00,254.00,274.00,274.00,274.00,320.00,274.00,274.00,274.00,274.00,274.00,274.00
2026-08-31 17:08:08,254.00,254.00,274.00,274.00,274.00,320.00,274.00,274.00,274.00,274.00,274.00,274.00
2026-08-31 17:18:10,254.00,254.00,274.00,274.00,274.00,320.00,274.00,274.00,274.00,274.00,274.00,274.00
2026-08-31 17:28:06,254.00,254.00,274.00,274.00,274.00,320.00,274.00,274.00,274.00,274.00,274.00,274.00
2026-08-31 17:37:45,254.00,254.00,274.00,274.00,274.00,320.00,274.00,274.00,274.00,274.00,274.00,274.00
2026-08-31 17:48:12,254.00,254.00,274.00,274.00,274.00,320.00,274.00,274.00,274.00,274.00,274.00,274.00
2026-08-31 17:58:02,254.00,254.00,274.00,274.00,274.00,320.00,274.00,274.00,274.00,274.00,274.00,274.00
2026-08-31 18:08:10,254.00,254.00,274.00,274.00,274.00,320.00,274.00,274.00,274.00,274.00,274.00,274.00
2026-08-31 18:18:23,254.00,254.00,274.00,274.00,274.00,320.00,274.00,274.00,274.00,274.00,274.00,274.00
2026-08-31 18:28:17,254.00,254.00,274.00,274.00,274.00,320.00,274.00,274.00,274.00,274.00,274.00,274.00
2026-08-31 18:37:47,254.00,254.00,274.00,274.00,274.00,320.00,274.00,274.00,274.00,274.00,274.00,274.00
2026-08-31 18:48:09,254.00,254.00,274.00,274.00,274.00,320.00,274.00,274.00,274.00,274.00,274.00,274.00
2026-08-31 18:57:58,254.00,254.00,274.00,274.00,274.00,320.00,274.00,274.00,274.00,274.00,274.00,274.00
2026-08-31 19:07:52,254.00,254.00,274.00,274.00,274.00,320.00,274.00,274.00,274.00,274.00,274.00,274.00
2026-08-31 19:18:11,254.00,254.00,274.00,274.00,274.00,320.00,274.00,274.00,274.00,274.00,274.00,274.00
2026-08-31 19:27:41,254.00,254.00,274.00,274.00,274.00,320.00,274.00,274.00,274.00,274.00,274.00,274.00
2026-08-31 19:38:22,254.00,254.00,274.00,274.00,306.00,331.00,274.00,274.00,274.00,274.00,274.00,274.00
2026-08-31 19:48:07,254.00,254.00,274.00,274.00,306.00,331.00,274.00,274.00,274.00,274.00,274.00,274.00
2026-08-31 19:58:09,254.00,254.00,274.00,274.00,306.00,331.00,274.00,274.00,274.00,274.00,274.00,274.00
2026-08-31 20:08:13,254.00,254.00,274.00,274.00,306.00,331.00,274.00,274.00,274.00,274.00,274.00,274.00
2026-08-31 20:18:12,254.00,254.00,274.00,274.00,306.00,331.00,274.00,274.00,274.00,274.00,274.00,274.00
2026-08-31 20:28:06,254.00,254.00,274.00,274.00,306.00,331.00,274.00,274.00,274.00,274.00,274.00,274.00
2026-08-31 20:38:02,254.00,254.00,274.00,274.00,306.00,331.00,274.00,274.00,274.00,274.00,274.00,274.00
2026-08-31 20:48:12,254.00,254.00,274.00,325.00,325.00,325.00,325.00,325.00,325.00,325.00,325.00,325.00
2026-08-31 20:58:14,254.00,254.00,274.00,325.00,325.00,325.00,325.00,325.00,325.00,325.00,325.00,325.00
2026-08-31 21:08:03,254.00,254.00,274.00,325.00,325.00,325.00,325.00,325.00,325.00,325.00,325.00,325.00
2026-08-31 21:17:46,254.00,254.00,274.00,325.00,325.00,325.00,325.00,325.00,325.00,325.00,325.00,325.00
2026-08-31 21:28:07,254.00,254.00,274.00,325.00,325.00,325.00,325.00,325.00,325.00,325.00,325.00,325.00
2026-08-31 21:38:06,254.00,254.00,274.00,325.00,325.00,325.00,325.00,325.00,325.00,325.00,325.00,325.00
2026-08-31 21:48:19,254.00,254.00,274.00,325.00,325.00,325.00,325.00,325.00,325.00,325.00,325.00,325.00
2026-08-31 21:57:41,254.00,254.00,274.00,325.00,325.00,325.00,325.00,325.00,325.00,325.00,325.00,325.00
2026-08-31 22:08:14,254.00,254.00,274.00,325.00,325.00,325.00,325.00,325.00,325.00,325.00,325.00,325.00
2026-08-31 22:21:05,254.00,254.00,274.00,325.00,325.00,325.00,325.00,325.00,325.00,325.00,325.00,325.00
2026-08-31 22:28:09,254.00,254.00,274.00,325.00,325.00,325.00,325.00,325.00,325.00,325.00,325.00,325.00
2026-08-31 22:38:08,254.00,254.00,274.00,325.00,325.00,325.00,325.00,325.00,325.00,325.00,325.00,325.00
2026-08-31 22:48:13,254.00,254.00,274.00,325.00,325.00,325.00,325.00,325.00,325.00,325.00,325.00,325.00
2026-08-31 22:57:57,254.00,254.00,274.00,325.00,325.00,325.00,325.00,325.00,325.00,325.00,325.00,325.00
2026-08-31 23:08:14,254.00,254.00,274.00,325.00,325.00,325.00,325.00,325.00,325.00,325.00,325.00,325.00
2026-08-31 23:18:12,254.00,254.00,274.00,325.00,325.00,325.00,325.00,325.00,325.00,325.00,325.00,325.00
2026-08-31 23:29:58,254.00,254.00,274.00,325.00,325.00,325.00,325.00,325.00,325.00,325.00,325.00,325.00
2026-08-31 23:38:14,254.00,254.00,274.00,325.00,325.00,325.00,325.00,325.00,325.00,325.00,325.00,325.00
2026-08-31 23:48:06,254.00,254.00,274.00,325.00,325.00,325.00,325.00,325.00,325.00,325.00,325.00,325.00
2026-08-31 23:58:12,254.00,254.00,274.00,325.00,325.00,325.00,325.00,325.00,325.00,325.00,325.00,325.00
2026-09-01 00:08:14,254.00,254.00,274.00,325.00,325.00,325.00,325.00,325.00,325.00,325.00,325.00,325.00
2026-09-01 00:18:12,254.00,254.00,274.00,325.00,325.00,325.00,325.00,325.00,325.00,325.00,325.00,325.00
2026-09-01 00:27:46,254.00,254.00,274.00,325.00,325.00,325.00,325.00,325.00,325.00,325.00,325.00,325.00
2026-09-01 00:38:12,254.00,254.00,274.00,325.00,325.00,325.00,325.00,325.00,325.00,325.00,325.00,325.00
2026-09-01 00:48:12,254.00,254.00,274.00,325.00,325.00,325.00,325.00,325.00,325.00,325.00,325.00,325.00
2026-09-01 00:57:53,254.00,254.00,274.00,325.00,325.00,325.00,325.00,325.00,325.00,325.00,325.00,325.00
2026-09-01 01:07:45,,254.00,,,,,,325.00,325.00,325.00,325.00,
2026-09-01 01:18:08,254.00,254.00,274.00,325.00,325.00,325.00,325.00,325.00,325.00,325.00,325.00,325.00
2026-09-01 01:28:08,254.00,254.00,274.00,325.00,325.00,325.00,325.00,325.00,325.00,325.00,325.00,325.00
2026-09-01 01:38:14,254.00,254.00,274.00,325.00,325.00,325.00,325.00,325.00,325.00,325.00,325.00,325.00
2026-09-01 01:48:11,254.00,254.00,274.00,325.00,325.00,325.00,325.00,325.00,325.00,325.00,325.00,325.00
2026-09-01 01:58:19,254.00,254.00,274.00,325.00,325.00,325.00,325.00,325.00,325.00,325.00,325.00,325.00
2026-09-01 02:08:18,254.00,254.00,274.00,325.00,325.00,325.00,325.00,325.00,325.00,325.00,325.00,325.00
2026-09-01 02:18:14,254.00,254.00,274.00,325.00,325.00,325.00,325.00,325.00,325.00,325.00,325.00,325.00
2026-09-01 02:27:59,254.00,254.00,274.00,325.00,325.00,325.00,325.00,325.00,325.00,325.00,325.00,325.00
2026-09-01 02:38:09,254.00,254.00,274.00,325.00,325.00,325.00,325.00,325.00,325.00,325.00,325.00,325.00
2026-09-01 02:47:58,254.00,254.00,274.00,325.00,325.00,325.00,325.00,325.00,325.00,325.00,325.00,325.00
2026-09-01 02:58:16,254.00,254.00,274.00,325.00,325.00,325.00,325.00,325.00,325.00,325.00,325.00,325.00
2026-09-01 03:07:58,254.00,254.00,274.00,325.00,325.00,325.00,325.00,325.00,325.00,325.00,325.00,325.00
2026-09-01 03:18:10,254.00,254.00,274.00,325.00,325.00,354.00,325.00,325.00,325.00,325.00,325.00,325.00
2026-09-01 03:31:51,254.00,254.00,274.00,325.00,325.00,354.00,325.00,325.00,325.00,325.00,325.00,325.00
2026-09-01 03:38:08,254.00,254.00,274.00,325.00,325.00,354.00,325.00,325.00,325.00,325.00,325.00,325.00
2026-09-01 03:48:13,254.00,254.00,274.00,325.00,325.00,354.00,325.00,325.00,325.00,325.00,325.00,325.00
2026-09-01 03:58:09,254.00,254.00,274.00,325.00,325.00,354.00,325.00,325.00,325.00,325.00,325.00,325.00
2026-09-01 04:07:59,254.00,254.00,274.00,325.00,325.00,354.00,325.00,325.00,325.00,325.00,325.00,325.00
2026-09-01 04:17:54,254.00,254.00,274.00,325.00,325.00,354.00,325.00,325.00,325.00,325.00,325.00,325.00
2026-09-01 04:28:19,254.00,254.00,274.00,325.00,325.00,354.00,325.00,325.00,325.00,325.00,325.00,325.00
2026-09-01 04:37:53,254.00,254.00,274.00,325.00,325.00,354.00,325.00,325.00,325.00,325.00,325.00,325.00
2026-09-01 04:47:42,254.00,254.00,274.00,325.00,325.00,354.00,325.00,325.00,325.00,325.00,325.00,325.00
2026-09-01 04:58:17,254.00,254.00,274.00,325.00,325.00,354.00,325.00,325.00,325.00,325.00,325.00,325.00
2026-09-01 05:10:23,254.00,254.00,274.00,325.00,325.00,354.00,325.00,325.00,325.00,325.00,325.00,325.00
2026-09-01 05:39:54,254.00,254.00,274.00,325.00,325.00,354.00,325.00,325.00,325.00,325.00,325.00,325.00
2026-09-01 05:48:08,254.00,254.00,274.00,325.00,325.00,354.00,325.00,325.00,325.00,325.00,325.00,325.00
2026-09-01 05:57:45,254.00,254.00,274.00,325.00,325.00,354.00,325.00,325.00,325.00,325.00,325.00,325.00
2026-09-01 06:08:14,254.00,254.00,274.00,325.00,325.00,354.00,325.00,325.00,325.00,325.00,325.00,325.00
2026-09-01 06:18:10,254.00,254.00,274.00,325.00,325.00,354.00,325.00,325.00,325.00,325.00,325.00,325.00
2026-09-01 06:28:02,254.00,254.00,274.00,325.00,325.00,354.00,325.00,325.00,325.00,325.00,325.00,325.00
2026-09-01 06:38:07,254.00,254.00,309.00,325.00,325.00,354.00,325.00,325.00,325.00,325.00,325.00,325.00
2026-09-01 06:48:13,254.00,254.00,309.00,325.00,325.00,354.00,325.00,325.00,325.00,325.00,325.00,325.00
2026-09-01 06:58:09,254.00,254.00,309.00,325.00,325.00,354.00,325.00,325.00,325.00,325.00,325.00,325.00
2026-09-01 07:08:12,254.00,254.00,309.00,325.00,325.00,354.00,325.00,325.00,325.00,325.00,325.00,325.00
2026-09-01 07:18:09,254.00,254.00,309.00,325.00,325.00,354.00,325.00,325.00,325.00,325.00,325.00,325.00
2026-09-01 07:28:06,254.00,254.00,309.00,325.00,325.00,354.00,325.00,325.00,325.00,325.00,325.00,325.00
2026-09-01 07:38:06,254.00,254.00,309.00,325.00,325.00,354.00,325.00,325.00,325.00,325.00,325.00,325.00
2026-09-01 07:48:42,254.00,254.00,309.00,325.00,325.00,354.00,325.00,325.00,325.00,325.00,325.00,325.00
2026-09-01 07:58:08,254.00,254.00,309.00,325.00,325.00,354.00,325.00,325.00,325.00,325.00,325.00,325.00
2026-09-01 08:08:12,254.00,254.00,309.00,325.00,325.00,325.00,325.00,325.00,325.00,325.00,325.00,325.00
2026-09-01 08:18:08,254.00,254.00,309.00,325.00,325.00,325.00,325.00,325.00,325.00,325.00,325.00,325.00
2026-09-01 08:28:13,254.00,254.00,309.00,325.00,325.00,325.00,325.00,325.00,325.00,325.00,325.00,325.00
2026-09-01 08:38:10,254.00,254.00,309.00,325.00,325.00,325.00,325.00,325.00,325.00,325.00,325.00,325.00
2026-09-01 08:48:12,254.00,254.00,309.00,325.00,325.00,325.00,325.00,325.00,325.00,325.00,325.00,325.00
2026-09-01 08:58:12,254.00,254.00,309.00,325.00,325.00,325.00,325.00,325.00,325.00,325.00,325.00,325.00
2026-09-01 09:08:15,254.00,254.00,309.00,325.00,325.00,325.00,325.00,325.00,325.00,325.00,325.00,325.00
2026-09-01 09:18:17,254.00,254.00,309.00,325.00,325.00,325.00,325.00,325.00,325.00,325.00,325.00,325.00
2026-09-01 09:27:19,254.00,254.00,309.00,325.00,325.00,325.00,325.00,325.00,325.00,325.00,325.00,325.00
2026-09-01 09:38:01,254.00,254.00,309.00,325.00,325.00,325.00,325.00,325.00,325.00,325.00,325.00,325.00
2026-09-01 09:48:13,254.00,254.00,309.00,325.00,325.00,325.00,325.00,325.00,325.00,325.00,325.00,325.00
2026-09-01 09:58:09,254.00,254.00,309.00,325.00,325.00,325.00,325.00,325.00,325.00,325.00,325.00,325.00
2026-09-01 10:08:09,254.00,254.00,309.00,325.00,325.00,325.00,325.00,325.00,325.00,325.00,325.00,325.00
2026-09-01 10:18:10,254.00,254.00,309.00,325.00,325.00,325.00,325.00,325.00,325.00,325.00,325.00,325.00
2026-09-01 10:28:28,254.00,254.00,309.00,325.00,325.00,325.00,325.00,325.00,325.00,325.00,325.00,325.00
2026-09-01 10:38:12,254.00,254.00,309.00,325.00,325.00,325.00,325.00,325.00,325.00,325.00,325.00,325.00
2026-09-01 10:48:17,254.00,254.00,309.00,325.00,325.00,325.00,325.00,325.00,325.00,325.00,325.00,325.00
2026-09-01 10:57:32,254.00,254.00,309.00,325.00,325.00,325.00,325.00,325.00,325.00,325.00,325.00,325.00
2026-09-01 11:08:21,254.00,254.00,309.00,325.00,325.00,325.00,325.00,325.00,325.00,325.00,325.00,325.00
2026-09-01 11:18:15,254.00,254.00,309.00,325.00,325.00,325.00,325.00,325.00,325.00,325.00,325.00,325.00
2026-09-01 11:28:05,254.00,254.00,309.00,325.00,325.00,325.00,325.00,325.00,325.00,325.00,325.00,325.00
2026-09-01 11:38:14,254.00,254.00,309.00,325.00,325.00,325.00,325.00,325.00,325.00,325.00,325.00,325.00
2026-09-01 11:48:13,254.00,254.00,309.00,325.00,325.00,325.00,325.00,325.00,325.00,325.00,325.00,325.00
2026-09-01 11:58:11,254.00,254.00,309.00,325.00,325.00,325.00,325.00,325.00,325.00,325.00,325.00,325.00
2026-09-01 12:08:09,254.00,254.00,309.00,325.00,325.00,325.00,325.00,325.00,325.00,325.00,325.00,325.00
2026-09-01 12:18:10,254.00,254.00,309.00,325.00,325.00,325.00,325.00,325.00,325.00,325.00,325.00,325.00
2026-09-01 12:28:15,254.00,254.00,309.00,325.00,325.00,325.00,325.00,325.00,325.00,325.00,325.00,325.00
2026-09-01 12:38:14,254.00,254.00,309.00,325.00,325.00,325.00,325.00,325.00,325.00,325.00,325.00,325.00
2026-09-01 12:48:09,254.00,254.00,309.00,325.00,325.00,325.00,325.00,325.00,325.00,325.00,325.00,325.00
2026-09-01 12:58:23,254.00,254.00,309.00,325.00,325.00,325.00,325.00,325.00,325.00,325.00,325.00,325.00
2026-09-01 13:08:13,254.00,254.00,309.00,325.00,325.00,325.00,325.00,325.00,325.00,325.00,325.00,325.00
2026-09-01 13:18:11,254.00,254.00,309.00,325.00,325.00,325.00,325.00,325.00,325.00,325.00,325.00,325.00
2026-09-01 13:28:18,254.00,254.00,309.00,325.00,325.00,325.00,325.00,325.00,325.00,325.00,325.00,325.00
2026-09-01 13:38:18,254.00,254.00,309.00,325.00,325.00,325.00,325.00,325.00,325.00,325.00,325.00,325.00
2026-09-01 13:48:21,254.00,254.00,309.00,325.00,325.00,325.00,325.00,325.00,325.00,325.00,325.00,325.00
2026-09-01 13:58:25,254.00,254.00,309.00,325.00,325.00,325.00,325.00,325.00,325.00,325.00,325.00,325.00
2026-09-01 14:09:36,254.00,254.00,309.00,325.00,325.00,325.00,325.00,325.00,325.00,325.00,325.00,325.00
2026-09-01 14:18:25,254.00,254.00,309.00,325.00,325.00,325.00,325.00,325.00,325.00,325.00,325.00,325.00
2026-09-01 14:28:10,254.00,254.00,309.00,325.00,325.00,325.00,325.00,325.00,325.00,325.00,325.00,325.00
2026-09-01 14:37:53,254.00,254.00,309.00,325.00,325.00,325.00,325.00,325.00,325.00,325.00,325.00,325.00
2026-09-01 14:48:11,254.00,254.00,309.00,325.00,325.00,325.00,325.00,325.00,325.00,325.00,325.00,325.00
2026-09-01 14:58:04,254.00,254.00,309.00,325.00,325.00,325.00,325.00,325.00,325.00,325.00,325.00,325.00
2026-09-01 15:08:28,254.00,254.00,309.00,325.00,325.00,325.00,325.00,325.00,325.00,325.00,325.00,325.00
2026-09-01 15:17:48,254.00,254.00,309.00,325.00,325.00,325.00,325.00,325.00,325.00,325.00,325.00,325.00
2026-09-01 15:29:25,254.00,254.00,309.00,325.00,325.00,325.00,325.00,325.00,325.00,325.00,325.00,325.00
2026-09-01 15:38:22,254.00,254.00,309.00,325.00,325.00,325.00,325.00,325.00,325.00,325.00,325.00,325.00
2026-09-01 15:48:17,254.00,254.00,309.00,325.00,325.00,325.00,325.00,325.00,325.00,325.00,325.00,325.00
2026-09-01 15:58:21,254.00,254.00,309.00,325.00,325.00,325.00,325.00,325.00,325.00,325.00,325.00,325.00
2026-09-01 16:08:23,254.00,254.00,309.00,325.00,325.00,325.00,325.00,325.00,325.00,325.00,325.00,325.00
2026-09-01 16:18:22,254.00,254.00,309.00,325.00,325.00,325.00,325.00,325.00,325.00,325.00,325.00,325.00
2026-09-01 16:27:56,254.00,254.00,309.00,325.00,325.00,325.00,325.00,325.00,325.00,325.00,325.00,325.00
2026-09-01 16:38:22,254.00,254.00,309.00,325.00,325.00,325.00,325.00,325.00,325.00,325.00,325.00,325.00
2026-09-01 16:48:23,254.00,254.00,309.00,325.00,325.00,325.00,325.00,325.00,325.00,325.00,325.00,325.00
2026-09-01 16:58:22,254.00,254.00,309.00,325.00,325.00,325.00,325.00,325.00,325.00,325.00,325.00,325.00
2026-09-01 17:08:15,254.00,254.00,309.00,325.00,325.00,325.00,325.00,325.00,325.00,325.00,325.00,325.00
2026-09-01 17:18:32,254.00,254.00,309.00,325.00,325.00,325.00,325.00,325.00,325.00,325.00,325.00,325.00
2026-09-01 17:29:15,254.00,254.00,309.00,325.00,325.00,325.00,325.00,325.00,325.00,325.00,325.00,325.00
2026-09-01 17:38:26,254.00,254.00,309.00,325.00,325.00,325.00,325.00,325.00,325.00,325.00,325.00,325.00
2026-09-01 17:48:25,254.00,254.00,309.00,325.00,325.00,325.00,325.00,325.00,325.00,325.00,325.00,325.00
2026-09-01 17:58:29,254.00,254.00,309.00,325.00,325.00,325.00,325.00,325.00,325.00,325.00,325.00,325.00
2026-09-01 18:07:57,,254.00,,,,,,325.00,325.00,325.00,325.00,
2026-09-01 18:18:23,254.00,254.00,309.00,325.00,325.00,325.00,325.00,325.00,325.00,325.00,325.00,325.00
2026-09-01 18:27:51,254.00,254.00,309.00,325.00,325.00,325.00,325.00,325.00,325.00,325.00,325.00,325.00
2026-09-01 18:38:24,254.00,254.00,309.00,325.00,325.00,325.00,325.00,325.00,325.00,325.00,325.00,325.00
2026-09-01 18:48:20,254.00,254.00,309.00,325.00,325.00,325.00,325.00,325.00,325.00,325.00,325.00,325.00
2026-09-01 18:58:26,254.00,254.00,309.00,325.00,325.00,325.00,325.00,325.00,325.00,325.00,325.00,325.00
2026-09-01 19:08:20,254.00,254.00,309.00,325.00,325.00,325.00,325.00,325.00,325.00,325.00,325.00,325.00
2026-09-01 19:18:27,254.00,254.00,309.00,325.00,325.00,325.00,325.00,325.00,325.00,325.00,325.00,325.00
2026-09-01 19:37:54,254.00,254.00,309.00,325.00,325.00,325.00,325.00,325.00,325.00,325.00,325.00,325.00
2026-09-01 19:48:39,254.00,,309.00,325.00,325.00,325.00,325.00,,,,,325.00
2026-09-01 19:58:23,254.00,254.00,309.00,325.00,325.00,325.00,325.00,325.00,325.00,325.00,325.00,325.00
2026-09-01 20:08:24,254.00,254.00,309.00,325.00,325.00,325.00,325.00,325.00,325.00,325.00,325.00,325.00
2026-09-01 20:18:11,254.00,254.00,309.00,325.00,325.00,325.00,325.00,325.00,325.00,325.00,325.00,325.00
2026-09-01 20:28:23,254.00,254.00,309.00,325.00,325.00,325.00,325.00,325.00,325.00,325.00,325.00,325.00
2026-09-01 20:38:27,254.00,254.00,309.00,325.00,325.00,325.00,325.00,325.00,325.00,325.00,325.00,325.00
2026-09-01 20:48:16,,254.00,,,,,,325.00,325.00,325.00,325.00,
2026-09-01 20:58:32,254.00,254.00,309.00,325.00,325.00,325.00,325.00,325.00,325.00,325.00,325.00,325.00
2026-09-01 21:08:28,254.00,254.00,309.00,325.00,325.00,325.00,325.00,325.00,325.00,325.00,325.00,325.00
2026-09-01 21:18:24,254.00,254.00,309.00,325.00,325.00,325.00,325.00,325.00,325.00,325.00,325.00,325.00
2026-09-01 21:31:24,254.00,254.00,309.00,325.00,325.00,325.00,325.00,325.00,325.00,325.00,325.00,325.00
2026-09-01 21:38:37,254.00,254.00,309.00,325.00,325.00,325.00,325.00,325.00,325.00,325.00,325.00,325.00
2026-09-01 21:48:23,254.00,254.00,309.00,325.00,325.00,325.00,325.00,325.00,325.00,325.00,325.00,325.00
2026-09-01 21:58:32,254.00,254.00,309.00,325.00,325.00,325.00,325.00,325.00,325.00,325.00,325.00,325.00
2026-09-01 22:08:03,254.00,254.00,309.00,325.00,325.00,325.00,325.00,325.00,325.00,325.00,325.00,325.00
2026-09-01 22:18:09,,254.00,,,,,,325.00,325.00,325.00,325.00,
2026-09-01 22:28:42,254.00,254.00,274.00,325.00,325.00,325.00,325.00,325.00,325.00,325.00,325.00,325.00
2026-09-01 22:37:55,254.00,254.00,274.00,325.00,325.00,325.00,325.00,325.00,325.00,325.00,325.00,325.00
2026-09-01 22:48:26,254.00,254.00,274.00,325.00,325.00,325.00,325.00,325.00,325.00,325.00,325.00,325.00
2026-09-01 22:58:22,254.00,254.00,274.00,325.00,325.00,325.00,325.00,325.00,325.00,325.00,325.00,325.00
2026-09-01 23:08:30,254.00,254.00,274.00,325.00,325.00,354.00,325.00,325.00,325.00,325.00,325.00,325.00
2026-09-01 23:18:41,254.00,254.00,274.00,325.00,325.00,354.00,325.00,325.00,325.00,325.00,325.00,325.00
2026-09-01 23:28:29,254.00,254.00,274.00,325.00,325.00,354.00,325.00,325.00,325.00,325.00,325.00,325.00
2026-09-01 23:38:26,254.00,254.00,274.00,325.00,325.00,354.00,325.00,325.00,325.00,325.00,325.00,325.00
2026-09-01 23:48:28,254.00,254.00,274.00,325.00,325.00,388.00,325.00,325.00,325.00,325.00,325.00,325.00
2026-09-01 23:58:45,254.00,254.00,274.00,325.00,325.00,388.00,325.00,325.00,325.00,325.00,325.00,325.00
2026-09-02 00:08:33,254.00,254.00,274.00,325.00,325.00,388.00,325.00,325.00,325.00,325.00,325.00,325.00
2026-09-02 00:17:59,254.00,254.00,274.00,325.00,325.00,388.00,325.00,325.00,325.00,325.00,325.00,325.00
2026-09-02 00:28:36,254.00,254.00,274.00,325.00,325.00,388.00,325.00,325.00,325.00,325.00,325.00,325.00
2026-09-02 00:38:32,254.00,254.00,274.00,325.00,325.00,388.00,325.00,325.00,325.00,325.00,325.00,325.00
2026-09-02 00:48:32,254.00,254.00,274.00,325.00,325.00,388.00,325.00,325.00,325.00,325.00,325.00,325.00
2026-09-02 00:58:19,254.00,254.00,274.00,325.00,325.00,388.00,325.00,325.00,325.00,325.00,325.00,325.00
2026-09-02 01:08:04,254.00,254.00,274.00,325.00,325.00,388.00,325.00,325.00,325.00,325.00,325.00,325.00
2026-09-02 01:18:33,254.00,254.00,274.00,325.00,325.00,388.00,325.00,325.00,325.00,325.00,325.00,325.00
2026-09-02 01:28:26,254.00,254.00,274.00,325.00,325.00,388.00,325.00,325.00,325.00,325.00,325.00,325.00
2026-09-02 01:38:31,254.00,254.00,274.00,325.00,325.00,388.00,325.00,325.00,325.00,325.00,325.00,325.00
2026-09-02 01:48:38,254.00,254.00,274.00,325.00,325.00,388.00,325.00,325.00,325.00,325.00,325.00,325.00
2026-09-02 01:58:18,254.00,254.00,274.00,325.00,325.00,388.00,325.00,325.00,325.00,325.00,325.00,325.00
2026-09-02 02:08:37,254.00,254.00,274.00,325.00,325.00,388.00,325.00,325.00,325.00,325.00,325.00,325.00
2026-09-02 02:18:39,254.00,254.00,274.00,325.00,325.00,388.00,325.00,325.00,325.00,325.00,325.00,325.00
2026-09-02 02:28:30,254.00,254.00,274.00,325.00,325.00,388.00,325.00,325.00,325.00,325.00,325.00,325.00
2026-09-02 02:38:32,254.00,254.00,274.00,325.00,325.00,388.00,325.00,325.00,325.00,325.00,325.00,325.00
2026-09-02 02:48:38,254.00,254.00,274.00,325.00,325.00,388.00,325.00,325.00,325.00,325.00,325.00,325.00
2026-09-02 02:58:15,254.00,254.00,274.00,325.00,325.00,388.00,325.00,325.00,325.00,325.00,325.00,325.00
